# git_sha=3ae1502e587ecae9843cee53e9c656e0868cbe33-dirty; Adapt the Physics stage 2; paired differences (seed-pooled)
world,Re,w,eps,a,b,mean_a,mean_b,ratio,diff,ci90_lo,ci90_hi,ci95_lo,ci95_hi,reading,cond_ci95_lo,cond_ci95_hi,reading_cond,nested_ci95_lo,nested_ci95_hi,reading_nested,per_seed_diff,label
D,36,3,0.1,H,O,2.381564455313527,2.570065691721563,0.9266550901732911,-0.1885012364080363,-0.26817473609182335,-0.12239511213878292,-0.28458587832163873,-0.1146450034209291,no reading,-0.2658424446539122,-0.12017428543689898,no reading,-0.26970266265185705,-0.11613997179534148,no reading,-0.148 -0.195 -0.223,estimate
D,36,3,0.1,H,L_range,2.381564455313527,0.9649088963985807,2.4681754559445577,1.4166555589149463,1.3001468989420002,1.535592989904784,1.2795965247409162,1.5606777651539048,b well below a,1.2848543281739349,1.5489400417587433,b well below a,1.2828644865342456,1.5522672317584985,b well below a,1.467 1.412 1.371,estimate
D,36,3,0.1,H,L_range_wide,2.381564455313527,0.9066010597273029,2.626915587358655,1.474963395586224,1.3552979385903727,1.6018123540722153,1.3301783139841457,1.6218610344405013,b well below a,1.3355646342275005,1.6165882505421452,b well below a,1.332352913914377,1.6198136331306179,b well below a,1.515 1.469 1.441,estimate
D,36,3,0.1,H,P1,2.381564455313527,0.207345149941257,11.48599065851431,2.17421930537227,2.032820606816169,2.3150649675705277,2.0095854754974707,2.340130599224223,b well below a,2.012477430548676,2.3325770843565454,b well below a,2.0113150108997933,2.336550139207547,b well below a,2.214 2.168 2.140,estimate
D,36,3,0.1,H,L0,2.381564455313527,0.4294771964710347,5.545264044011117,1.9520872588424922,1.8180556377985677,2.0849796802492766,1.7965652473286375,2.1087519593807964,b well below a,1.8015887637872021,2.1023236502402645,b well below a,1.8007364473837828,2.1046736956178993,b well below a,1.994 1.945 1.917,estimate
D,36,3,0.1,H,L0big,2.381564455313527,0.41249964853606647,5.773494507851193,1.9690648067774603,1.8346904734757679,2.1013890016280126,1.8126535168968885,2.1261322808751464,b well below a,1.8179751580822348,2.1197710364147078,b well below a,1.8181292324916123,2.1212799576742722,b well below a,2.009 1.963 1.935,estimate
D,36,3,0.1,H,P1x,2.381564455313527,2.5480496456897654,0.9346617164002822,-0.16648519037623855,-0.241111811803599,-0.10106509993714746,-0.25863160336501695,-0.0903524481134118,no reading,-0.24119924451777003,-0.09862353956438907,no reading,-0.24615229479562914,-0.09235648867681716,no reading,-0.126 -0.173 -0.201,estimate
D,36,3,0.3,H,O,3.3129509961692456,3.4758226898122895,0.9531415413909275,-0.16287169364304388,-0.23924196620145538,-0.09215216028718257,-0.2539366365736349,-0.07685950163242006,no reading,-0.23773381243600122,-0.0930352578142633,no reading,-0.24642157760501895,-0.08741265282667236,no reading,-0.125 -0.161 -0.202,estimate
D,36,3,0.3,H,L_range,3.3129509961692456,1.7387199736753902,1.9053965252185894,1.5742310224938554,1.447576007430554,1.7105756039052156,1.424446803282531,1.7378280448259493,b well below a,1.4322127900166786,1.722057532193487,b well below a,1.430538399366899,1.724928216995566,b well below a,1.629 1.584 1.510,estimate
D,36,3,0.3,H,L_range_wide,3.3129509961692456,1.5740925249898596,2.1046736094440113,1.738858471179386,1.5917546889490315,1.8960481195495051,1.5621742157900445,1.927721919651496,b well below a,1.571542466667526,1.918107193547829,b well below a,1.5663049738503807,1.9220309188916231,b well below a,1.776 1.741 1.699,estimate
D,36,3,0.3,H,P1,3.3129509961692456,0.45236950304141116,7.323550712183993,2.8605814931278344,2.6895219705803326,3.0413384559755006,2.653868578576823,3.074077606772531,b well below a,2.654606503282054,3.0653229866840923,b well below a,2.647572751372937,3.0662568080657917,b well below a,2.898 2.863 2.821,estimate
D,36,3,0.3,H,L0,3.3129509961692456,1.0049978160385702,3.2964758164629684,2.307953180130675,2.152334846044397,2.4691121724745417,2.1245598042349476,2.499450481428296,b well below a,2.123298033117273,2.491374555492806,b well below a,2.1190025965365242,2.5004970060598053,b well below a,2.348 2.305 2.270,estimate
D,36,3,0.3,H,L0big,3.3129509961692456,0.9848073127954791,3.3640601091446873,2.3281436833737663,2.1739937324826735,2.489545918179036,2.1453040374908054,2.5214336676898967,b well below a,2.1441141503597962,2.5126285955898027,b well below a,2.1394753031746463,2.5194513977184716,b well below a,2.366 2.330 2.289,estimate
D,36,3,0.3,H,P1x,3.3129509961692456,3.426935731919179,0.9667385837766795,-0.11398473574993329,-0.17991474552071704,-0.04509857931059005,-0.19446932246369142,-0.030764315399460975,no reading,-0.18178555075611294,-0.052547226256816335,no reading,-0.1865023022146055,-0.04205397818469426,no reading,-0.076 -0.112 -0.154,estimate
D,36,6,0.1,H,O,2.4808847159864813,2.6705811556561727,0.9289681052126341,-0.1896964396696914,-0.2686169603713416,-0.11833849594858545,-0.2877824588170134,-0.10480916048579335,no reading,-0.2629469896866685,-0.12068284558138324,no reading,-0.2700218713808805,-0.11361055337767055,no reading,-0.134 -0.193 -0.242,estimate
D,36,6,0.1,H,L_range,2.4808847159864813,1.2400547055123883,2.0006252183538824,1.240830010474093,1.117869193322645,1.3650324756023906,1.100028124969634,1.3924391198164205,b well below a,1.1125054240399659,1.3780796474795662,b well below a,1.105172485808989,1.383441488112322,b well below a,1.314 1.217 1.191,estimate
D,36,6,0.1,H,L_range_wide,2.4808847159864813,1.1429723400089893,2.170555339919223,1.337912375977492,1.2048517398287448,1.4724605670394886,1.1859043960645599,1.5103595102487342,b well below a,1.194088986339598,1.49042927690988,b well below a,1.1914243570545178,1.4984407265104671,b well below a,1.394 1.334 1.286,estimate
D,36,6,0.1,H,P1,2.4808847159864813,0.21698401586562605,11.433490647176724,2.263900700120855,2.1090042053363156,2.420801324528425,2.0858358164741047,2.4499921556196496,b well below a,2.09335235298512,2.4342480828891304,b well below a,2.0908357028106233,2.4464298279839607,b well below a,2.320 2.260 2.212,estimate
D,36,6,0.1,H,L0,2.4808847159864813,0.4344426728563157,5.710499614771936,2.0464420431301655,1.8983679251435548,2.194448501197186,1.8777303010116406,2.2260985141981924,b well below a,1.8849884657998497,2.210208317195444,b well below a,1.882798488196179,2.217090786908788,b well below a,2.103 2.041 1.995,estimate
D,36,6,0.1,H,L0big,2.4808847159864813,0.4188525374407643,5.92305046340405,2.062032178545717,1.9144077416704808,2.21056799012204,1.8922470172674326,2.2415178230956627,b well below a,1.9004982773326977,2.224513914934957,b well below a,1.8985862696735645,2.23285731101163,b well below a,2.118 2.058 2.010,estimate
D,36,6,0.1,H,P1x,2.4808847159864813,2.644074274364158,0.9382810233585741,-0.16318955837767657,-0.24027890734740728,-0.08945143964004984,-0.2609779390659424,-0.0758152442954227,no reading,-0.23323174506614044,-0.09542136059429344,no reading,-0.24189810169107617,-0.08693293931890818,no reading,-0.108 -0.167 -0.215,estimate
D,36,6,0.3,H,O,3.4081809630070548,3.5921108434413207,0.9487961567861706,-0.18392988043426595,-0.2604470822650757,-0.11346811183243821,-0.27728386302806163,-0.09635382513464057,no reading,-0.2493501243611314,-0.1236032980959921,no reading,-0.2595814164264935,-0.11542459807840459,no reading,-0.151 -0.151 -0.250,estimate
D,36,6,0.3,H,L_range,3.4081809630070548,2.100250467550778,1.6227497699269788,1.3079304954562767,1.1847383592897562,1.4380869719087221,1.1566459566073113,1.4605646002126051,b well below a,1.1797059436171387,1.4419329066426543,b well below a,1.1711655037280753,1.4533687792409602,b well below a,1.401 1.317 1.206,estimate
D,36,6,0.3,H,L_range_wide,3.4081809630070548,1.9082763878904276,1.7859996511169696,1.4999045751166271,1.3434705561837497,1.6535513839280898,1.3159310914161038,1.686095960902729,b well below a,1.328459616974527,1.677490994298124,b well below a,1.325237054722298,1.6847325054206737,b well below a,1.533 1.532 1.434,estimate
D,36,6,0.3,H,P1,3.4081809630070548,0.47712386325626815,7.143178586262589,2.9310570997507868,2.7446600603474987,3.121295610792315,2.707965591072898,3.152200312549021,b well below a,2.7132570721232465,3.145826516588405,b well below a,2.7133694285455943,3.149562082168663,b well below a,2.964 2.964 2.865,estimate
D,36,6,0.3,H,L0,3.4081809630070548,0.9958701020950389,3.4223147736207484,2.412310860912016,2.240633062869368,2.582631197982503,2.2101983306095274,2.612149226563647,b well below a,2.2188316657659994,2.6052603990643437,b well below a,2.2157170226172105,2.605366912091099,b well below a,2.447 2.444 2.345,estimate
D,36,6,0.3,H,L0big,3.4081809630070548,0.9731968606593072,3.5020468116780914,2.4349841023477476,2.2647039905014528,2.6055096946267744,2.2336218982540563,2.635836906191821,b well below a,2.2433763006390617,2.6278166194594754,b well below a,2.2395302581062846,2.6262725406943273,b well below a,2.468 2.468 2.369,estimate
D,36,6,0.3,H,P1x,3.4081809630070548,3.5738930043984753,0.9536326238117719,-0.1657120413914206,-0.24043934655268864,-0.0947417103268735,-0.2587779549642097,-0.07972120167960241,no reading,-0.23071239291059098,-0.10563815846204516,no reading,-0.23730609528391383,-0.10026869108867408,no reading,-0.133 -0.133 -0.231,estimate
D,36,11,0.1,H,O,2.450216675124659,2.6657584887286596,0.9191442831316667,-0.2155418136040006,-0.2992954084581104,-0.13822309538181365,-0.3142252855584652,-0.12466936936804704,no reading,-0.30584484666936135,-0.13335252965525302,no reading,-0.3109445227076136,-0.12917032009809867,no reading,-0.196 -0.203 -0.247,estimate
D,36,11,0.1,H,L_range,2.450216675124659,1.449079354819255,1.6908781889520996,1.001137320305404,0.8996425171204222,1.1127328611237164,0.8831857081982508,1.137279914405592,b well below a,0.889984048282612,1.124361764345699,b well below a,0.8887897929525543,1.1296810375028719,b well below a,1.054 1.010 0.940,estimate
D,36,11,0.1,H,L_range_wide,2.450216675124659,1.3783578271847745,1.7776346800519147,1.0718588479398845,0.9591708849795799,1.19347500637724,0.9386252398525161,1.2186649436487795,b well below a,0.9467267304246118,1.2145298396750144,b well below a,0.9457677767746093,1.218226777073978,b well below a,1.091 1.084 1.040,estimate
D,36,11,0.1,H,P1,2.450216675124659,0.21917466721207357,11.179287763005146,2.2310420079125857,2.0913202801409625,2.3778510833377546,2.0676736494487504,2.408422107972229,b well below a,2.072317939274991,2.4035699652088405,b well below a,2.0679072439412085,2.4081574147965945,b well below a,2.250 2.244 2.199,estimate
D,36,11,0.1,H,L0,2.450216675124659,0.4356110202410878,5.624781195316393,2.0146056548835714,1.8829566999588605,2.1555488277873955,1.8599436872750315,2.1842222838879977,b well below a,1.862424193333362,2.178480916657313,b well below a,1.8599625519899263,2.1807501776613023,b well below a,2.034 2.025 1.985,estimate
D,36,11,0.1,H,L0big,2.450216675124659,0.4179762769021853,5.862095076984616,2.0322403982224735,1.9010018670286895,2.17328392442611,1.877738784278373,2.2006528439020583,b well below a,1.8786878532766664,2.1962713935584066,b well below a,1.876762190352129,2.199471790356407,b well below a,2.051 2.045 2.001,estimate
D,36,11,0.1,H,P1x,2.450216675124659,2.6202316075552115,0.9351145402794436,-0.17001493243055243,-0.24313634813969334,-0.10177377610584751,-0.25631010231264506,-0.08992424701183323,no reading,-0.2451676909957967,-0.10136284971383042,no reading,-0.2520815839617778,-0.09421483733629761,no reading,-0.151 -0.158 -0.202,estimate
D,36,11,0.3,H,O,3.4222000536358763,3.5381080537860603,0.9672401186204155,-0.11590800015018399,-0.1854521651765037,-0.04659207248845681,-0.20244621446228445,-0.036047811180077154,no reading,-0.18470775849310425,-0.049605076989412855,no reading,-0.19591164888990714,-0.04234078174220811,no reading,-0.102 -0.096 -0.150,estimate
D,36,11,0.3,H,L_range,3.4222000536358763,2.2890846136145533,1.4950081064203606,1.133115440021323,1.009219942616203,1.2663381487237622,0.9893211020614915,1.2948007804366715,b well below a,1.004172620289816,1.2796299374976061,b well below a,0.9959616709619674,1.2835158185752014,b well below a,1.201 1.128 1.070,estimate
D,36,11,0.3,H,L_range_wide,3.4222000536358763,2.1771788406668597,1.5718506857193562,1.2450212129690166,1.1103442238979182,1.3939515081776765,1.0860154647377944,1.4259595302607562,b well below a,1.092438712024354,1.411037293920907,b well below a,1.0904078132382098,1.417174286027594,b well below a,1.259 1.265 1.211,estimate
D,36,11,0.3,H,P1,3.4222000536358763,0.4947586065951705,6.916908585353918,2.9274414470407057,2.7438127928958504,3.12007909391084,2.7136646040522145,3.1537641043446913,b well below a,2.718554567650873,3.149148043657671,b well below a,2.7163101448142193,3.149996827303085,b well below a,2.941 2.947 2.894,estimate
D,36,11,0.3,H,L0,3.4222000536358763,0.9962717215085544,3.435006715290465,2.425928332127322,2.260657556555095,2.605193036792122,2.2277352714877523,2.6398575798160318,b well below a,2.235010797671673,2.631560934284796,b well below a,2.2344576078260547,2.63404266475416,b well below a,2.439 2.446 2.393,estimate
D,36,11,0.3,H,L0big,3.4222000536358763,0.9711157418801819,3.523987827661138,2.4510843117556944,2.286191477440152,2.630120851666925,2.2540261001205075,2.6666084241740853,b well below a,2.2593522864236055,2.6583336124900523,b well below a,2.257281209302746,2.6577665728664157,b well below a,2.465 2.471 2.417,estimate
D,36,11,0.3,H,P1x,3.4222000536358763,3.5289073181309814,0.9697619532406364,-0.10670726449510504,-0.17309251634592618,-0.045668261151220454,-0.1867810946979855,-0.03262200905538528,no reading,-0.17138261549846487,-0.049608821798707174,no reading,-0.17998820311935182,-0.03707921825183995,no reading,-0.093 -0.087 -0.141,estimate
D,40,3,0.1,H,O,3.222592723852052,3.452361231082729,0.9334459832412679,-0.229768507230677,-0.312659774484462,-0.1472331729557488,-0.3298209371180256,-0.12654739619824046,no reading,-0.3056058074979765,-0.15986876286546478,no reading,-0.31044585013885323,-0.15329377477476047,no reading,-0.175 -0.214 -0.301,estimate
D,40,3,0.1,H,L_range,3.222592723852052,2.303254367425471,1.3991475580937238,0.9193383564265813,0.8155307624775628,1.0312795179227432,0.7978812487559971,1.0508614378178975,b well below a,0.8294005444695669,1.0157594121563331,b well below a,0.8208433892668305,1.02255799994322,b well below a,1.021 0.936 0.800,estimate
D,40,3,0.1,H,L_range_wide,3.222592723852052,2.257408712272565,1.427562809664105,0.9651840115794874,0.8625098278975345,1.0724226102519896,0.8423224833531417,1.0907264574188513,b well below a,0.8624354686034498,1.070483524286056,b well below a,0.8577401030195553,1.0798596899473405,b well below a,1.020 0.981 0.894,estimate
D,40,3,0.1,H,P1,3.222592723852052,0.3753857917648181,8.584748795902827,2.847206932087234,2.7037158617529413,2.996075606083411,2.6792609503421705,3.0251214851158417,b well below a,2.692819577427211,3.010826240156498,b well below a,2.6881080706657774,3.018193501948146,b well below a,2.902 2.863 2.776,estimate
D,40,3,0.1,H,L0,3.222592723852052,2.9119916755511697,1.1066627528192001,0.31060104830088253,0.21271217817277221,0.40778795957694675,0.19256759904177814,0.4284308993163096,b well below a,0.23660331361886253,0.38426870243527733,b well below a,0.22672509810121497,0.39881487876331984,b well below a,0.349 0.298 0.285,estimate
D,40,3,0.1,H,L0big,3.222592723852052,3.0597076774484155,1.053235492921164,0.16288504640363666,0.06627508068770611,0.2585969240868385,0.048447403128497844,0.27814336936784256,no reading,0.06647478946490606,0.257457757774563,no reading,0.06590199795770482,0.2572913179713092,no reading,0.218 0.179 0.092,estimate
D,40,3,0.1,H,P1x,3.222592723852052,3.3606432599905665,0.9589213952632087,-0.13805053613851426,-0.21204641596728874,-0.06543128475455358,-0.22686012964650923,-0.054591922056543146,no reading,-0.19551992738045795,-0.08502834311638843,no reading,-0.2034482581411527,-0.07738228037760381,no reading,-0.083 -0.122 -0.209,estimate
D,40,3,0.3,H,O,4.543006164151714,4.723936461438538,0.961699252569598,-0.18093029728682453,-0.25064771640248323,-0.1076712691088559,-0.2635004937949659,-0.09128480516312107,no reading,-0.24211162536457556,-0.11915536065747385,no reading,-0.2510716754257359,-0.11446212910903607,no reading,-0.186 -0.126 -0.231,estimate
D,40,3,0.3,H,L_range,4.543006164151714,3.47722550083379,1.3065031770480127,1.0657806633179239,0.9398230271218063,1.2012755188047903,0.9229861304854308,1.224666001801806,b well below a,0.9565365021070927,1.1815568411248325,b well below a,0.948582643380881,1.1837839102408876,b well below a,1.179 1.074 0.944,estimate
D,40,3,0.3,H,L_range_wide,4.543006164151714,3.3925784813150264,1.339101273315499,1.1504276828366873,1.0273167886834287,1.279679137717036,1.0117196765065606,1.3057342158933074,b well below a,1.0168863648042747,1.2920921876504181,b well below a,1.0153820774474098,1.288351625645743,b well below a,1.145 1.206 1.101,estimate
D,40,3,0.3,H,P1,4.543006164151714,0.7752617839318295,5.859964025456452,3.767744380219884,3.5956302803843476,3.9519776490802117,3.5676988479315916,3.996143590721992,b well below a,3.5683661507538567,3.988913262108627,b well below a,3.5651168529140445,3.990441865768651,b well below a,3.762 3.823 3.718,estimate
D,40,3,0.3,H,L0,4.543006164151714,4.16748975798475,1.0901061377409478,0.37551640616696336,0.28061571173337585,0.4703454615238216,0.26286428337575296,0.48543267904716275,b well below a,0.29155967410834066,0.467220500227015,b well below a,0.2815933201904878,0.47337200881736274,b well below a,0.351 0.415 0.360,estimate
D,40,3,0.3,H,L0big,4.543006164151714,4.40584905627106,1.0311306869865258,0.13715710788065394,0.03469093372278391,0.23879423137185865,0.01625053048583887,0.2557163590721179,no reading,0.029546670324493474,0.2420621565856558,no reading,0.02007421596238761,0.24193525189000561,no reading,0.132 0.192 0.087,estimate
D,40,3,0.3,H,P1x,4.543006164151714,4.655702421946131,0.9757939301998366,-0.1126962577944175,-0.17957605282443723,-0.04084583054638446,-0.19366740863240622,-0.025853855103531328,no reading,-0.17120679903427627,-0.05749284367723186,no reading,-0.17654738309871984,-0.04883463633227823,no reading,-0.118 -0.057 -0.162,estimate
D,40,6,0.1,H,O,3.26934379289119,3.3575351751254363,0.9737332961132861,-0.08819138223424616,-0.15224414714024784,-0.025333397053927502,-0.166736181937189,-0.012009994277235727,no reading,-0.15122136154830645,-0.028202914783166375,no reading,-0.1606837084640555,-0.022043479561659862,no reading,-0.112 -0.055 -0.098,estimate
D,40,6,0.1,H,L_range,3.26934379289119,2.286731645554124,1.4297015564757964,0.9826121473370661,0.877859396816751,1.0930498897107428,0.8623048542013051,1.1191172590188374,b well below a,0.8798839200499993,1.0974940447437278,b well below a,0.8733417711825598,1.1035708798035246,b well below a,1.021 1.002 0.925,estimate
D,40,6,0.1,H,L_range_wide,3.26934379289119,2.2568209474629124,1.4486500564285094,1.0125228454282778,0.9111007621626612,1.1198976800716531,0.8892865243244147,1.1494149022764035,b well below a,0.8981683036702756,1.1398147437187442,b well below a,0.8930563825063257,1.14323847373497,b well below a,0.989 1.046 1.003,estimate
D,40,6,0.1,H,P1,3.26934379289119,0.3889043823868288,8.40654911838791,2.880439410504361,2.74229508807567,3.030371682726642,2.7233413056443987,3.0614285221966764,b well below a,2.7190963375746855,3.0540324816752142,b well below a,2.7180122380368816,3.054693717086073,b well below a,2.857 2.914 2.871,estimate
D,40,6,0.1,H,L0,3.26934379289119,2.8548478746127177,1.145190194533466,0.41449591827847243,0.32808471563787134,0.4992674862842106,0.31480776165982943,0.519471214637862,b well below a,0.3508790423891369,0.48528025948551323,b well below a,0.3326697620500929,0.49687351255996487,b well below a,0.322 0.501 0.420,estimate
D,40,6,0.1,H,L0big,3.26934379289119,3.0491545716610187,1.0722132040391197,0.22018922123017148,0.13472708071933717,0.3049658319817208,0.11544489133746452,0.31827683397511397,no reading,0.12307661810194502,0.31090322271958054,no reading,0.12202203541836118,0.3142716126418671,no reading,0.197 0.253 0.210,estimate
D,40,6,0.1,H,P1x,3.26934379289119,3.35893328713431,0.9733279923759505,-0.0895894942431199,-0.15052437820382966,-0.026200453936897464,-0.1647292747562577,-0.014751930561913082,no reading,-0.15484732907361923,-0.029872051676490752,no reading,-0.16128548191202946,-0.022660632611795177,no reading,-0.113 -0.056 -0.099,estimate
D,40,6,0.3,H,O,4.56201634789301,4.627685632686024,0.9858094758362189,-0.06566928479301382,-0.12478627235523132,-0.0058121537764900585,-0.13809453816147937,0.007998538994321359,no reading,-0.11785948051359467,-0.01222074447717492,no reading,-0.12846829614415062,-0.003963144394242317,no reading,-0.102 -0.043 -0.051,estimate
D,40,6,0.3,H,L_range,4.56201634789301,3.4485467526341727,1.322880817668577,1.1134695952588376,0.9656607162227915,1.2749867773954515,0.9334722628337102,1.314721757050672,b well below a,0.9941681805955948,1.2417935359414523,b well below a,0.9831372725205175,1.2487789786427894,b well below a,1.235 1.043 1.062,estimate
D,40,6,0.3,H,L_range_wide,4.56201634789301,3.354373768687605,1.3600202787412967,1.2076425792054053,1.0823889656660795,1.3397327077841994,1.061380443069664,1.3719217166674313,b well below a,1.0675965908451888,1.363458050984432,b well below a,1.0643512366105738,1.3685812283853631,b well below a,1.171 1.230 1.222,estimate
D,40,6,0.3,H,P1,4.56201634789301,0.8024948867790684,5.684791795002377,3.759521461113942,3.58131669883651,3.9552033512752436,3.54696455121171,3.991722196779632,b well below a,3.5503029960253296,3.990720733954028,b well below a,3.5495568451610837,3.9919915963430346,b well below a,3.723 3.782 3.774,estimate
D,40,6,0.3,H,L0,4.56201634789301,4.133405187254093,1.1036944459160687,0.42861116063891735,0.3396282399578628,0.5290890052176288,0.3192650336457826,0.5460854090039446,b well below a,0.35468235516772373,0.5130804417042159,b well below a,0.3406589828687108,0.5290280743649108,b well below a,0.341 0.510 0.435,estimate
D,40,6,0.3,H,L0big,4.56201634789301,4.354259056953381,1.0477135807084925,0.2077572909396297,0.11213323293145776,0.3046831196133716,0.092757231060371,0.3240138494161155,no reading,0.10294997936677996,0.3118500324294017,no reading,0.09945070172288047,0.3198044071068003,no reading,0.171 0.230 0.222,estimate
D,40,6,0.3,H,P1x,4.56201634789301,4.627347111052289,0.985881594444636,-0.06533076315927833,-0.12326836818620679,-0.00437395128806864,-0.13389284708984472,0.005829891083564545,no reading,-0.11644937115086404,-0.013308739344199476,no reading,-0.12689875871740977,-0.004905684659118713,no reading,-0.102 -0.043 -0.051,estimate
D,40,11,0.1,H,O,3.2499919888165705,3.4163383168770505,0.9513085904757405,-0.16634632806048,-0.2718290429839961,-0.06895831795890804,-0.2995659087053845,-0.04874943284146471,no reading,-0.23155543971764972,-0.10831195642827529,no reading,-0.23790053565727431,-0.0985182178803183,no reading,-0.057 -0.165 -0.277,estimate
D,40,11,0.1,H,L_range,3.2499919888165705,2.324152671768675,1.3983556365698357,0.9258393170478953,0.7980133248111967,1.0636723574521223,0.7778107701953771,1.08860072561217,b well below a,0.8316674278754331,1.0277287545971274,b well below a,0.8234866266254943,1.0376104956947765,b well below a,1.114 0.903 0.761,estimate
D,40,11,0.1,H,L_range_wide,3.2499919888165705,2.2209672940741014,1.463322759181584,1.029024694742469,0.9106109581546172,1.1595328075215279,0.8831949951443757,1.189742316745395,b well below a,0.9236835494433344,1.1390176465749389,b well below a,0.9151866382373616,1.146826698134195,b well below a,1.138 1.031 0.918,estimate
D,40,11,0.1,H,P1,3.2499919888165705,0.387532931164306,8.386363396401636,2.8624590576522646,2.7070335815854056,3.0303480827153555,2.677927237879229,3.062884609690376,b well below a,2.704753632372819,3.0323487457173677,b well below a,2.706703087379089,3.03072812441991,b well below a,2.972 2.864 2.751,estimate
D,40,11,0.1,H,L0,3.2499919888165705,2.936947913289654,1.1065882285860078,0.3130440755269164,0.19513782324519346,0.4291863609972799,0.17378183208479658,0.45567365066771004,b well below a,0.24353936226070388,0.3834847733906885,b well below a,0.23063766596511712,0.39334376948970706,b well below a,0.381 0.359 0.200,estimate
D,40,11,0.1,H,L0big,3.2499919888165705,3.144541731641613,1.033534379942831,0.1054502571749576,-0.025410587590876665,0.23320970273074748,-0.04976169445808868,0.25920018114260224,no reading,-0.012562898349912154,0.2094485034416569,no reading,-0.013816776152005671,0.2162030497848188,no reading,0.215 0.107 -0.006,estimate
D,40,11,0.1,H,P1x,3.2499919888165705,3.406738158319391,0.9539893698257847,-0.15674616950282072,-0.26560295143010726,-0.05744677784952409,-0.2874567141467048,-0.034922468905344,no reading,-0.22472304505089358,-0.09532088661915339,no reading,-0.23413661328055768,-0.08615268669468594,no reading,-0.047 -0.155 -0.268,estimate
D,40,11,0.3,H,O,4.530238401757046,4.663565946861184,0.9714108159671518,-0.13332754510413825,-0.22824100283346688,-0.044028688364290525,-0.2479949797340978,-0.027478544131214862,no reading,-0.20255558709216465,-0.06855697831302206,no reading,-0.21445311942925885,-0.06007645964931987,no reading,-0.041 -0.143 -0.215,estimate
D,40,11,0.3,H,L_range,4.530238401757046,3.520794290877941,1.2867091989709492,1.0094441108791052,0.8580200513832815,1.1782280199903676,0.8337326921380983,1.2095611668521118,b well below a,0.8973307433052308,1.122329307851214,b well below a,0.8902950017595295,1.131549059321608,b well below a,1.247 0.928 0.853,estimate
D,40,11,0.3,H,L_range_wide,4.530238401757046,3.3459491397492505,1.353947179871523,1.1842892620077956,1.0527279463642116,1.3220692819762687,1.02944080160958,1.3497474166223997,b well below a,1.0575940139595288,1.3225343429229424,b well below a,1.051946372032062,1.3256848628730127,b well below a,1.276 1.174 1.102,estimate
D,40,11,0.3,H,P1,4.530238401757046,0.8271810087844792,5.4767195494660985,3.7030573929725668,3.517629610347043,3.8981908663128517,3.485395573523422,3.9459146268067578,b well below a,3.497692222277969,3.922743063272559,b well below a,3.496267801765938,3.919529506129588,b well below a,3.795 3.693 3.621,estimate
D,40,11,0.3,H,L0,4.530238401757046,4.215252884055522,1.0747251769622121,0.3149855177015244,0.2101155941977478,0.42556550357822176,0.19137234852620927,0.4495731834126394,b well below a,0.2351716871340524,0.3940185837882035,b well below a,0.21695340285577117,0.4081295931319918,b well below a,0.359 0.333 0.253,estimate
D,40,11,0.3,H,L0big,4.530238401757046,4.385161348689051,1.033083629433924,0.145077053067995,0.02306905248699183,0.2669381329050823,-0.0006750321052094268,0.29281557928688856,no reading,0.029890370676754176,0.2581888695943544,no reading,0.019176812037547997,0.26123445941680756,no reading,0.237 0.135 0.063,estimate
D,40,11,0.3,H,P1x,4.530238401757046,4.645478541693706,0.9751930530079159,-0.1152401399366596,-0.21190072022965759,-0.024591067043885945,-0.2327750503236456,-0.0077945635202420075,no reading,-0.18341594671676437,-0.051344337356721094,no reading,-0.1904989716152757,-0.04347853370048178,no reading,-0.023 -0.125 -0.197,estimate
D,44,3,0.1,H,O,3.723326145020417,3.8095204656084443,0.9773739709850173,-0.08619432058802712,-0.13428711563229062,-0.04148728301923265,-0.144806842080743,-0.03403319395573244,no reading,-0.1397636947608235,-0.03767061466877621,no reading,-0.14213132231562506,-0.031177633737372958,no reading,-0.085 -0.079 -0.094,estimate
D,44,3,0.1,H,L_range,3.723326145020417,2.0206895311499045,1.8426017889554767,1.7026366138705127,1.5959073250339744,1.8115557257699575,1.580125496542328,1.8360516160043787,b well below a,1.5859874344906486,1.8278072369204854,b well below a,1.5826549061645017,1.8307940281731938,b well below a,1.662 1.748 1.698,estimate
D,44,3,0.1,H,L_range_wide,3.723326145020417,2.090315454622072,1.7812269132811789,1.6330106903983452,1.5333849543675862,1.735476479686812,1.5127136252120263,1.7629540114895592,b well below a,1.5167239837080095,1.7627945648194805,b well below a,1.515374859051607,1.7604125800960713,b well below a,1.634 1.640 1.625,estimate
D,44,3,0.1,H,P1,3.723326145020417,0.4925927297429649,7.558629919209832,3.2307334152774523,3.097191738610558,3.3715886506736497,3.0727731351645224,3.4021895914155533,b well below a,3.076936276257617,3.4000580984209137,b well below a,3.072410591231927,3.403836465496083,b well below a,3.232 3.238 3.223,estimate
D,44,3,0.1,H,L0,3.723326145020417,1.194917535711906,3.1159691223395933,2.528408609308511,2.413922737280738,2.6460696987568744,2.3916269778591848,2.6709038185054284,b well below a,2.3958929636718818,2.668788139921351,b well below a,2.3968495069214604,2.6704860727176816,b well below a,2.523 2.539 2.523,estimate
D,44,3,0.1,H,L0big,3.723326145020417,1.1630519290185093,3.201341274729241,2.5602742160019076,2.4458792606431277,2.677420036067195,2.4233321229562717,2.7023472794923324,b well below a,2.428246796382307,2.7002089003143226,b well below a,2.429038500594466,2.7031412478587127,b well below a,2.561 2.568 2.552,estimate
D,44,3,0.1,H,P1x,3.723326145020417,3.7972338687158422,0.980536430925594,-0.07390772369542509,-0.11443562022423606,-0.033574218312346124,-0.1230577709443454,-0.026325376372324842,no reading,-0.11854044344041992,-0.03355553246806208,no reading,-0.1243484859082136,-0.02523219295866373,no reading,-0.073 -0.067 -0.082,estimate
D,44,3,0.3,H,O,5.080483363953553,5.161326371469552,0.9843367766931234,-0.08084300751599915,-0.12789006885440185,-0.03701583559297479,-0.13797215673214908,-0.02929453137597542,no reading,-0.12959998875305384,-0.037740522287552966,no reading,-0.13685553705535797,-0.02971825242784301,no reading,-0.075 -0.072 -0.096,estimate
D,44,3,0.3,H,L_range,5.080483363953553,3.3300840453313856,1.5256321746822399,1.7503993186221671,1.6305753397547214,1.8718179104866994,1.6137530781089315,1.8923374559698616,b well below a,1.624337727455554,1.8863627564363137,b well below a,1.6191670331625114,1.8893848998114031,b well below a,1.700 1.784 1.768,estimate
D,44,3,0.3,H,L_range_wide,5.080483363953553,3.4050920954032424,1.492025243843487,1.6753912685503103,1.5692929964090558,1.7918083365008552,1.5412470148393453,1.811280877716734,b well below a,1.5478676120818569,1.8082146086695665,b well below a,1.5462417817205365,1.8150100940149803,b well below a,1.682 1.684 1.660,estimate
D,44,3,0.3,H,P1,5.080483363953553,0.9882609604000377,5.140831791935832,4.092222403553515,3.9276196351823645,4.268448491638643,3.9031242360291003,4.29920890533842,b well below a,3.900587161504167,4.300310803250068,b well below a,3.9013770804519026,4.30387222297679,b well below a,4.098 4.101 4.077,estimate
D,44,3,0.3,H,L0,5.080483363953553,2.4375053355924865,2.0842963048196306,2.642978028361066,2.5197968356763503,2.7665543946292934,2.4965302996552743,2.8010537110013414,b well below a,2.498564666415037,2.7988561125525755,b well below a,2.495795417598915,2.799931978214243,b well below a,2.654 2.651 2.624,estimate
D,44,3,0.3,H,L0big,5.080483363953553,2.398378129518557,2.1182995714580644,2.682105234434996,2.5601639791604605,2.8088218717430857,2.5376546002363463,2.8410962838056792,b well below a,2.5402483479548246,2.837701842691061,b well below a,2.538304604510583,2.8395266515582644,b well below a,2.688 2.691 2.667,estimate
D,44,3,0.3,H,P1x,5.080483363953553,5.128008444900049,0.9907322537672961,-0.04752508094649599,-0.08675970690882431,-0.012018937518295397,-0.09467377435058366,-0.003986492108485474,approximately equal,-0.08387615773617316,-0.013074742767275062,approximately equal,-0.0931131537647871,-0.0036087204722705488,approximately equal,-0.041 -0.039 -0.063,estimate
D,44,6,0.1,H,O,3.7974850248707415,3.8966750649386683,0.974544954758888,-0.09919004006792687,-0.158679531389975,-0.03929655094215819,-0.17353811642432732,-0.026407048983019057,no reading,-0.16079601688631706,-0.042029710061619395,no reading,-0.17057036151600483,-0.03757664102973382,no reading,-0.115 -0.068 -0.115,estimate
D,44,6,0.1,H,L_range,3.7974850248707415,2.313545562637744,1.641413545597569,1.4839394622329976,1.3844090774589717,1.5899869857743156,1.3680014924395218,1.6140399658400684,b well below a,1.3773106827187713,1.603475659212454,b well below a,1.3695185496774689,1.6062246102648403,b well below a,1.453 1.516 1.483,estimate
D,44,6,0.1,H,L_range_wide,3.7974850248707415,2.4491238946013385,1.550548354553082,1.348361130269403,1.243884759079327,1.4582359438371673,1.2251580252355452,1.4812253131701238,b well below a,1.2309768402466605,1.4729229667094212,b well below a,1.2309859905842528,1.4780708602117083,b well below a,1.333 1.380 1.332,estimate
D,44,6,0.1,H,P1,3.7974850248707415,0.5005377737710772,7.586810074812726,3.296947251099664,3.1559642203321467,3.4499623844727223,3.13166245608286,3.4790031328481157,b well below a,3.139416131266298,3.4700630446623686,b well below a,3.1386507347509918,3.469804431618674,b well below a,3.282 3.328 3.281,estimate
D,44,6,0.1,H,L0,3.7974850248707415,1.1944049522262215,3.1793949094004543,2.60308007264452,2.4809895012947356,2.7345655787805287,2.460136153264862,2.760014392970252,b well below a,2.4678285126530497,2.7532739201334984,b well below a,2.4663033200037403,2.7557386495404637,b well below a,2.584 2.635 2.590,estimate
D,44,6,0.1,H,L0big,3.7974850248707415,1.1648459712184058,3.2600748242264572,2.6326390536523356,2.5100433698021005,2.7640020874463773,2.491917672326007,2.7900201339326145,b well below a,2.497391765189913,2.7815563783822794,b well below a,2.4954213757400767,2.7825841375303364,b well below a,2.617 2.664 2.617,estimate
D,44,6,0.1,H,P1x,3.7974850248707415,3.883860477796551,0.9777604130169956,-0.08637545292580961,-0.1470318420159829,-0.027946421645803812,-0.16044503831287155,-0.015702898924973757,no reading,-0.14759390049089394,-0.03237599726792727,no reading,-0.15872823223084903,-0.025548750901530283,no reading,-0.102 -0.055 -0.102,estimate
D,44,6,0.3,H,O,5.167446559770108,5.275227752638358,0.979568428526267,-0.10778119286825039,-0.1626380600710887,-0.047165794760918985,-0.17438465827842198,-0.03456683640126734,no reading,-0.16227653106472292,-0.05310284334886845,no reading,-0.16948173384278728,-0.04667353037240249,no reading,-0.145 -0.073 -0.105,estimate
D,44,6,0.3,H,L_range,5.167446559770108,3.635418077225496,1.4214174133484632,1.5320284825446118,1.4171865329295246,1.6540489531189695,1.398566365201524,1.6772101593000202,b well below a,1.4058518797349877,1.6673220335878387,b well below a,1.4017294324611034,1.6712070959293626,b well below a,1.470 1.584 1.542,estimate
D,44,6,0.3,H,L_range_wide,5.167446559770108,3.7646694106110363,1.3726162900798742,1.4027771491590713,1.2900347825553868,1.5191655103927284,1.2684179966195976,1.5399556682132627,b well below a,1.2777423368832808,1.5332403250884379,b well below a,1.2692494220140516,1.5361794715716117,b well below a,1.365 1.438 1.406,estimate
D,44,6,0.3,H,P1,5.167446559770108,0.9992815053422581,5.171162012050083,4.168165054427849,3.9941854195489817,4.353667338544771,3.9600167005522176,4.387071259924528,b well below a,3.966599463217882,4.382992693734683,b well below a,3.9686742849240555,4.386963357336169,b well below a,4.131 4.203 4.171,estimate
D,44,6,0.3,H,L0,5.167446559770108,2.4250324707741595,2.130877265375531,2.742414088995948,2.6030500370753713,2.887951409404144,2.5764284698619027,2.915307870865332,b well below a,2.5832413815373303,2.9093368927279615,b well below a,2.580659105457298,2.914020730240468,b well below a,2.710 2.776 2.740,estimate
D,44,6,0.3,H,L0big,5.167446559770108,2.381719166233805,2.1696288265343027,2.7857273935363027,2.6470728840411124,2.9290107729906083,2.624242166657328,2.9610921452373673,b well below a,2.628285661886903,2.9564208571514086,b well below a,2.6248903978585,2.9578590073003177,b well below a,2.748 2.821 2.789,estimate
D,44,6,0.3,H,P1x,5.167446559770108,5.269799405747179,0.9805774683063939,-0.10235284597707128,-0.15591191430498422,-0.04204384511982169,-0.16718759929292082,-0.03220940877928343,no reading,-0.15389492053876505,-0.052916300737148474,no reading,-0.16134055264455377,-0.04549230172346896,no reading,-0.140 -0.068 -0.100,estimate
D,44,11,0.1,H,O,3.699913030252874,3.806972954943852,0.9718779392556632,-0.10705992469097803,-0.17744785968593785,-0.04690475145502669,-0.1919696930206703,-0.03434743631298854,no reading,-0.16713547955141247,-0.051696251538891215,no reading,-0.169785264230184,-0.046209401234472085,no reading,-0.083 -0.071 -0.167,estimate
D,44,11,0.1,H,L_range,3.699913030252874,2.419052330107838,1.5294886283373361,1.2808607001450358,1.1804754960027406,1.384492266363333,1.160655601222933,1.406650823296576,b well below a,1.179952233694437,1.3834649636274394,b well below a,1.174497491100943,1.3841783089783517,b well below a,1.260 1.346 1.236,estimate
D,44,11,0.1,H,L_range_wide,3.699913030252874,2.5926472705930452,1.4270792144457627,1.1072657596598288,0.9992772338132103,1.2197863778257072,0.9850957573759351,1.2453472076451826,b well below a,0.9939826735589927,1.2249997790280245,b well below a,0.9866356435975125,1.226546072543173,b well below a,1.131 1.143 1.047,estimate
D,44,11,0.1,H,P1,3.699913030252874,0.4972059811141269,7.441408934707906,3.202707049138747,3.0683845467150794,3.348652382100313,3.0469649643070316,3.3739142048864728,b well below a,3.0496966071328258,3.368884479433191,b well below a,3.0481524493822003,3.370409415303104,b well below a,3.227 3.239 3.143,estimate
D,44,11,0.1,H,L0,3.699913030252874,1.173218168151255,3.153644505934611,2.526694862101619,2.4131490769643698,2.655951331075102,2.3903348403223545,2.6801367285413233,b well below a,2.3969215381134026,2.672362545675106,b well below a,2.3915287326910954,2.672462926607719,b well below a,2.548 2.559 2.473,estimate
D,44,11,0.1,H,L0big,3.699913030252874,1.1399856721626993,3.2455785371702643,2.5599273580901745,2.444143291732102,2.687227466759961,2.4216942708236378,2.7115709108009356,b well below a,2.429466317925332,2.703286280213557,b well below a,2.4246031821048986,2.7068060201485924,b well below a,2.584 2.596 2.500,estimate
D,44,11,0.1,H,P1x,3.699913030252874,3.792605210580851,0.9755597603279723,-0.09269218032797699,-0.15634223466287006,-0.03553057861604264,-0.1745346768756293,-0.028260436177415076,no reading,-0.14456135755021915,-0.044165474585305474,no reading,-0.14737629519243625,-0.037239190234990484,no reading,-0.069 -0.057 -0.152,estimate
D,44,11,0.3,H,O,5.016993035545772,5.092911882894478,0.985093233675671,-0.07591884734870646,-0.12755005788600818,-0.027120524628707888,-0.1382948895719066,-0.018547769273561297,no reading,-0.126548514619179,-0.028484087983062064,no reading,-0.1334768775873872,-0.0223810616128029,no reading,-0.078 -0.052 -0.098,estimate
D,44,11,0.3,H,L_range,5.016993035545772,3.7277685352296834,1.3458434954134442,1.2892245003160885,1.1801166464176494,1.400950992772133,1.1612337103152468,1.4282713054849507,b well below a,1.1742160304061406,1.4099023735361151,b well below a,1.172160153228728,1.4125722525356927,b well below a,1.226 1.332 1.310,estimate
D,44,11,0.3,H,L_range_wide,5.016993035545772,3.8956498979672984,1.2878449467863056,1.1213431375784735,1.0104386904485612,1.2384268490326824,0.9896111544633438,1.262213198746798,b well below a,0.9942621344992916,1.2549599652692285,b well below a,0.9910537167223583,1.257454045246657,b well below a,1.119 1.145 1.099,estimate
D,44,11,0.3,H,P1,5.016993035545772,1.021578886969541,4.911018717730564,3.9954141485762307,3.8242643651171715,4.177999051501945,3.7918534824253043,4.210821978259228,b well below a,3.793083825277083,4.205681215528351,b well below a,3.7906021015695543,4.2107843208375115,b well below a,3.993 4.020 3.973,estimate
D,44,11,0.3,H,L0,5.016993035545772,2.39760925429003,2.0924981944280088,2.619383781255742,2.4871631240926177,2.7626682815483417,2.462093868708612,2.789287539652316,b well below a,2.4670683717341855,2.788122099126149,b well below a,2.464873305266194,2.790620908949867,b well below a,2.627 2.633 2.598,estimate
D,44,11,0.3,H,L0big,5.016993035545772,2.3507078653498823,2.1342477768070243,2.6662851701958896,2.5346740821722693,2.8086900578119547,2.506492540892533,2.836106178193668,b well below a,2.5122161330366146,2.830844010622648,b well below a,2.507539487252309,2.8335446383829352,b well below a,2.664 2.690 2.644,estimate
D,44,11,0.3,H,P1x,5.016993035545772,5.1000572381664036,0.9837130842377575,-0.08306420262063163,-0.13220938325236348,-0.03675784011505567,-0.1459532950279608,-0.025897838298492497,no reading,-0.12995060463504002,-0.0386623534581599,no reading,-0.13584078641196962,-0.032819092972925484,no reading,-0.085 -0.059 -0.105,estimate
D,50,3,0.1,H,O,3.363027014810709,3.472840551905923,0.9683793322918476,-0.10981353709521402,-0.15332200208980054,-0.07062527529833576,-0.1617564453095106,-0.06359489811788001,no reading,-0.15753671195360974,-0.06681244480175506,no reading,-0.16436866119649543,-0.06259019969980817,no reading,-0.108 -0.104 -0.118,estimate
D,50,3,0.1,H,L_range,3.363027014810709,1.263207321041288,2.6622922134733167,2.0998196937694207,2.009698245668408,2.194472331735936,1.9950020195580667,2.2107434226166034,b well below a,1.9933141262157068,2.211150325475922,b well below a,1.9905085058832421,2.2116602099230933,b well below a,2.104 2.102 2.094,estimate
D,50,3,0.1,H,L_range_wide,3.363027014810709,1.286717264024161,2.6136487858202546,2.076309750786548,1.9857160944290402,2.1705755798621054,1.9687994848147619,2.19207361426279,b well below a,1.9690079597365118,2.190764994573252,b well below a,1.9702889502195529,2.191470795211947,b well below a,2.078 2.082 2.069,estimate
D,50,3,0.1,H,P1,3.363027014810709,0.5603203077584716,6.001972386587772,2.8027067070522373,2.697811168713483,2.90660257046501,2.6784003952763413,2.9317175191707525,b well below a,2.679209177502889,2.93091627218234,b well below a,2.6789203267076935,2.92830154454931,b well below a,2.805 2.809 2.795,estimate
D,50,3,0.1,H,L0,3.363027014810709,0.5651428601652148,5.950755555555557,2.797884154645494,2.6963091445784664,2.898253526610836,2.680434909572937,2.922278377532971,b well below a,2.680728783860222,2.92248182896263,b well below a,2.6777950644794535,2.9190834365635037,b well below a,2.799 2.800 2.794,estimate
D,50,3,0.1,H,L0big,3.363027014810709,0.5509766124704067,6.103756382202772,2.812050402340302,2.709666610046727,2.911651180015819,2.694573528061247,2.9368364576108266,b well below a,2.694902566793166,2.935359550936261,b well below a,2.6910822010584488,2.9340308372783617,b well below a,2.814 2.818 2.804,estimate
D,50,3,0.1,H,P1x,3.363027014810709,3.435767180279085,0.9788285522121825,-0.07274016546837592,-0.10519694786417595,-0.041594514508159944,-0.11313406536694041,-0.03596569162091456,no reading,-0.10689991168280646,-0.03988401545139308,no reading,-0.11193093901129933,-0.036766938609326325,no reading,-0.071 -0.067 -0.080,estimate
D,50,3,0.3,H,O,4.559134601743865,4.6609841002258765,0.9781484990525765,-0.10184949848201175,-0.15216162593426738,-0.06132537941717935,-0.16438537666211725,-0.05527722123373943,no reading,-0.15116742081601248,-0.05922093202961551,no reading,-0.15415497677824358,-0.055413584704694846,no reading,-0.088 -0.090 -0.127,estimate
D,50,3,0.3,H,L_range,4.559134601743865,2.4558848131339577,1.85641222966233,2.103249788609907,1.999183634577867,2.210624402761104,1.9799720765046727,2.2302642145775557,b well below a,1.9837287467632656,2.2275565523408525,b well below a,1.9795704939861651,2.228870088848386,b well below a,2.125 2.102 2.083,estimate
D,50,3,0.3,H,L_range_wide,4.559134601743865,2.4974793276421177,1.825494430037251,2.061655274101747,1.9577399413161407,2.1694490220956837,1.9366325308151613,2.191403340883831,b well below a,1.9392166655406007,2.188774116852717,b well below a,1.93551817877349,2.1883022734964324,b well below a,2.075 2.073 2.037,estimate
D,50,3,0.3,H,P1,4.559134601743865,1.0609615294834966,4.297172399797916,3.498173072260368,3.3682393475340255,3.630550200242717,3.34805827302154,3.6478230918067434,b well below a,3.348260075907542,3.6491606944828217,b well below a,3.3486038882670095,3.6509673964175975,b well below a,3.512 3.510 3.473,estimate
D,50,3,0.3,H,L0,4.559134601743865,1.6039005546093312,2.8425294751857932,2.9552340471345335,2.8418767641163787,3.072291033127663,2.8230944430268576,3.0929153118216455,b well below a,2.8240400097813247,3.088858314227622,b well below a,2.82200463436745,3.087704635366508,b well below a,2.969 2.962 2.934,estimate
D,50,3,0.3,H,L0big,4.559134601743865,1.565822484564422,2.9116548310469037,2.9933121171794426,2.8806076088184627,3.1085711197006054,2.8620501967166336,3.129771245817651,b well below a,2.8595783031368502,3.1261389038606335,b well below a,2.859746818919109,3.128366995243185,b well below a,3.007 3.005 2.968,estimate
D,50,3,0.3,H,P1x,4.559134601743865,4.6311445572091525,0.9844509376514295,-0.07200995546528777,-0.10888335728499468,-0.04150200868597485,-0.11683765912667425,-0.035439202552430604,no reading,-0.10457281716790585,-0.042242851646164,approximately equal,-0.1067481113661686,-0.037989584855140646,no reading,-0.059 -0.060 -0.097,estimate
D,50,6,0.1,H,O,3.27732623974921,3.3188202844155628,0.9874973511337146,-0.04149404466635298,-0.0727401654683755,-0.004516119389232358,-0.07866788613499723,0.0034285333516688925,approximately equal,-0.07103217815765375,-0.012257320700472352,approximately equal,-0.07525191151355504,-0.008338996869993398,approximately equal,-0.069 -0.035 -0.021,estimate
D,50,6,0.1,H,L_range,3.27732623974921,1.6375579516147263,2.001349776059881,1.6397682881344835,1.5508524781351567,1.7278853628914441,1.5310373135847417,1.7502022265028572,b well below a,1.5455200412812418,1.7310978860832273,b well below a,1.5462208184278465,1.7325069756145728,b well below a,1.665 1.612 1.642,estimate
D,50,6,0.1,H,L_range_wide,3.27732623974921,1.8497502575114262,1.7717668784965503,1.4275759822377836,1.337625332867844,1.5169991649382377,1.3193649391193947,1.5326724602601536,b well below a,1.3242754026377188,1.5305600818361573,b well below a,1.3246823054970374,1.5299622862774056,b well below a,1.400 1.434 1.448,estimate
D,50,6,0.1,H,P1,3.27732623974921,0.5621287649110004,5.830205540661304,2.7151974748382095,2.6124118031774057,2.8182845560244347,2.5927197141832043,2.838581975815525,b well below a,2.5946261294314947,2.8341613027760104,b well below a,2.5949300507029616,2.8333625675336434,b well below a,2.688 2.722 2.736,estimate
D,50,6,0.1,H,L0,3.27732623974921,0.5579090315551001,5.87430217900234,2.71941720819411,2.62145911243214,2.815375954104118,2.6016339008975438,2.835587974529672,b well below a,2.6053738907588153,2.830536853232817,b well below a,2.6038668431317076,2.8316596037150124,b well below a,2.691 2.725 2.742,estimate
D,50,6,0.1,H,L0big,3.27732623974921,0.5446470124365563,6.017339974174506,2.7326792273126532,2.6356203366348576,2.8290498995740716,2.6148959200160875,2.8483225269787282,b well below a,2.617631211459287,2.843301546634415,b well below a,2.6186208394010877,2.844507184736101,b well below a,2.705 2.740 2.753,estimate
D,50,6,0.1,H,P1x,3.27732623974921,3.308270951025812,0.9906462585034013,-0.030944711276602366,-0.06039242191027727,0.0037274311310452023,-0.06611166765514986,0.013568452136055105,approximately equal,-0.057267809830074526,-0.005422859711540653,approximately equal,-0.061703553345860904,0.0013086196895384236,approximately equal,-0.058 -0.024 -0.010,estimate
D,50,6,0.3,H,O,4.481535109503062,4.525239490689172,0.9903420843745323,-0.0437043811861102,-0.09524816811060374,0.010009127625039225,-0.1074680919349709,0.019193630569923802,approximately equal,-0.08008040677153087,-0.006827385430366875,approximately equal,-0.08522035081458705,-0.0017060419183434145,approximately equal,-0.100 -0.025 -0.006,estimate
D,50,6,0.3,H,L_range,4.481535109503062,2.7838183767924924,1.6098518304440081,1.6977167327105693,1.5822843558310138,1.8158598442871228,1.5693368769611973,1.8399922967663844,b well below a,1.586878517627538,1.8140627549156267,b well below a,1.5855818825900385,1.8153913541749098,b well below a,1.710 1.667 1.716,estimate
D,50,6,0.3,H,L_range_wide,4.481535109503062,3.0023402827230425,1.4926806049574197,1.4791948267800192,1.3717322180167093,1.589101412877521,1.3505818383280173,1.615168266987258,b well below a,1.362069538705427,1.5983724984126142,b well below a,1.359043451074654,1.5995752794872995,b well below a,1.423 1.498 1.517,estimate
D,50,6,0.3,H,P1,4.481535109503062,1.071209453347826,4.1836216955489185,3.4103256561552358,3.284809536178323,3.5355705075592687,3.263662341263438,3.5601042168953367,b well below a,3.263615710088199,3.5506525165273293,b well below a,3.2659706358789573,3.5537460198636133,b well below a,3.354 3.429 3.448,estimate
D,50,6,0.3,H,L0,4.481535109503062,1.603699614925717,2.7944978397407954,2.8778354945773446,2.768559405169415,2.9899105070233185,2.7512498887066195,3.011338966977924,b well below a,2.7579978660549154,3.0015181641495206,b well below a,2.755940573403437,3.0027285288945746,b well below a,2.820 2.895 2.918,estimate
D,50,6,0.3,H,L0big,4.481535109503062,1.5600957035814145,2.8726026866269043,2.9214394059216473,2.810716616758078,3.0319044530339383,2.7968615483434065,3.0574460630960325,b well below a,2.802754602867573,3.04302739369076,b well below a,2.7999421455834033,3.0448818496984784,b well below a,2.865 2.940 2.960,estimate
D,50,6,0.3,H,P1x,4.481535109503062,4.52325274799967,0.9907770710988775,-0.04171763849660781,-0.09059204643645433,0.010512182845026526,-0.10194160078138051,0.01987437199002742,approximately equal,-0.07258647947042055,-0.009186118505353212,approximately equal,-0.0783582992417653,-0.004720759682978279,approximately equal,-0.098 -0.023 -0.004,estimate
D,50,11,0.1,H,O,3.300132893839433,3.3866374276353888,0.9744571021715913,-0.08650453379595557,-0.13543334675603672,-0.04368931070983874,-0.14528190299918214,-0.03596569162091412,no reading,-0.11936068381293842,-0.05485402188065813,no reading,-0.12278419367251703,-0.05103365614594142,no reading,-0.055 -0.068 -0.137,estimate
D,50,11,0.1,H,L_range,3.300132893839433,1.7945923143593008,1.8389318105475312,1.5055405794801324,1.41752899805707,1.593974134238785,1.4005244773312098,1.6133698371996554,b well below a,1.4152156799494597,1.5932808923303154,b well below a,1.41380910216416,1.5975734663215273,b well below a,1.581 1.496 1.439,estimate
D,50,11,0.1,H,L_range_wide,3.300132893839433,2.1837120116783897,1.5112491373360941,1.1164208821610435,1.0271936156521138,1.2056481486699717,1.01343678256267,1.2183274427060342,b well below a,1.0183572930651752,1.2099683518676807,b well below a,1.0166543292465442,1.212892024264268,b well below a,1.148 1.135 1.066,estimate
D,50,11,0.1,H,P1,3.300132893839433,0.538317412402706,6.130459126539753,2.7618154814367273,2.6606222567685665,2.8661031772325485,2.642856676991017,2.8893217576741805,b well below a,2.651798492911853,2.877056901735573,b well below a,2.6503743329042373,2.880269424927356,b well below a,2.793 2.781 2.711,estimate
D,50,11,0.1,H,L0,3.300132893839433,0.5420347965495705,6.088415199258573,2.7580980972898628,2.6598235215262,2.858085683856337,2.64577281414947,2.878473526505053,b well below a,2.6528684967271,2.86923281280484,b well below a,2.650668207191523,2.8710287112271438,b well below a,2.788 2.775 2.711,estimate
D,50,11,0.1,H,L0big,3.300132893839433,0.5229455266062122,6.310662824207492,2.7771873672332212,2.680434909572936,2.876773074432467,2.665452344413445,2.8975527494642317,b well below a,2.6715659342874103,2.8877142402052662,b well below a,2.6681625183961932,2.889821595137171,b well below a,2.809 2.796 2.727,estimate
D,50,11,0.1,H,P1x,3.300132893839433,3.3580035227203506,0.9827663584956469,-0.05787062888091743,-0.10258975546928058,-0.01778316199986558,-0.11274725647598302,-0.011852929587199149,no reading,-0.08590673823720257,-0.0314445487395931,approximately equal,-0.09042285762643366,-0.025619809660823112,approximately equal,-0.027 -0.039 -0.108,estimate
D,50,11,0.3,H,O,4.486960480960648,4.584315757671775,0.9787634007216442,-0.0973552767111272,-0.15139652663090647,-0.05077123588352915,-0.16366891008312773,-0.03867791767013661,no reading,-0.14029694049226293,-0.05911628227884869,no reading,-0.143591276838068,-0.05453155059550024,no reading,-0.061 -0.083 -0.148,estimate
D,50,11,0.3,H,L_range,4.486960480960648,2.9280930696275593,1.5323831498058802,1.5588674113330887,1.4580142401724023,1.6570715922411035,1.4409359594520905,1.6745589422858254,b well below a,1.4561576584073053,1.6627737814096133,b well below a,1.4552120432206042,1.667021786101686,b well below a,1.633 1.548 1.496,estimate
D,50,11,0.3,H,L_range_wide,4.486960480960648,3.3390147226188,1.3437977528417455,1.147945758341848,1.046214725256404,1.248487701790163,1.0258704434077381,1.2675017358358898,b well below a,1.037564287325851,1.255753896059772,b well below a,1.0351249804782727,1.2608099264501014,b well below a,1.185 1.162 1.097,estimate
D,50,11,0.3,H,P1,4.486960480960648,1.0784432819579406,4.160590135824723,3.4085171990027074,3.2849702879252156,3.527625969216984,3.2632783893994803,3.5661249788397247,b well below a,3.2713438929896426,3.550790088481627,b well below a,3.2723357456383955,3.5554439601901553,b well below a,3.445 3.423 3.358,estimate
D,50,11,0.3,H,L0,4.486960480960648,1.6004845799878884,2.8035012252318,2.8864759009727594,2.781157124658318,2.9928287601295227,2.757224182306618,3.0179877896418517,b well below a,2.768205314943428,3.0078479270142195,b well below a,2.768528812261824,3.014328625523969,b well below a,2.921 2.896 2.842,estimate
D,50,11,0.3,H,L0big,4.486960480960648,1.5552731511746711,2.8849983538722594,2.931687329785977,2.8287242919473403,3.038529519741978,2.8056182803981704,3.061138550855157,b well below a,2.8172226053687566,3.0508279575479427,b well below a,2.81493571779393,3.0587652378815586,b well below a,2.968 2.946 2.881,estimate
D,50,11,0.3,H,P1x,4.486960480960648,4.549955071773731,0.986154898274957,-0.06299459081308267,-0.11364235742720963,-0.0198614602543255,-0.12186660140550094,-0.01239650257582148,no reading,-0.09659496437810208,-0.030597236929608078,approximately equal,-0.10122216694698867,-0.024341158283350293,approximately equal,-0.026 -0.049 -0.114,estimate
D,56,3,0.1,H,O,3.3788204812136224,3.438632676580061,0.9826058201058202,-0.05981219536643856,-0.09312963499070961,-0.028882695100904222,-0.0992728932695538,-0.023990262200445436,approximately equal,-0.08881144465032906,-0.03183634866486443,approximately equal,-0.09142680680513439,-0.028996406498938743,approximately equal,-0.038 -0.060 -0.082,estimate
D,56,3,0.1,H,L_range,3.3788204812136224,1.0398907350305775,3.2492072170585016,2.338929746183045,2.2630615014140565,2.4199150038636112,2.2509114385340108,2.4312662441724604,b well below a,2.2577341224161143,2.4254698056576234,b well below a,2.2547804688521533,2.4268400280039466,b well below a,2.381 2.310 2.326,estimate
D,56,3,0.1,H,L_range_wide,3.3788204812136224,1.0503521836498024,3.216845296091805,2.32846829756382,2.2527365064724734,2.407059930315748,2.24192255251934,2.419670524357836,b well below a,2.245342422815244,2.415915205437728,b well below a,2.2440915974368587,2.4187636759585063,b well below a,2.351 2.328 2.306,estimate
D,56,3,0.1,H,P1,3.3788204812136224,0.6150649519716122,5.493436864485117,2.7637555292420104,2.6760726702171795,2.851660125493009,2.6618615882477483,2.865871207462441,b well below a,2.6660518532653397,2.861905522455968,b well below a,2.6655003529848704,2.865311178827118,b well below a,2.786 2.764 2.742,estimate
D,56,3,0.1,H,L0,3.3788204812136224,0.37502019071961123,9.009702850212248,3.003800290494011,2.9161231170390827,3.0910510462063083,2.9004309441102447,3.105810785671259,b well below a,2.9041862630303523,3.1027320495694597,b well below a,2.9055536425917237,3.106032522897427,b well below a,3.026 3.002 2.984,estimate
D,56,3,0.1,H,L0big,3.3788204812136224,0.38070576062136396,8.875149342891278,2.9981147205922585,2.911114129955638,3.0841999344746966,2.896337333780983,3.100341267425773,b well below a,2.8994075415279297,3.0964779226775323,b well below a,2.9008914752722865,3.1001166874146535,b well below a,3.020 2.998 2.976,estimate
D,56,3,0.1,H,P1x,3.3788204812136224,3.4266929797863805,0.9860295337647255,-0.047872498572758104,-0.07892139580622959,-0.020462366076407883,-0.08630695110860655,-0.015004218970725179,approximately equal,-0.07334669451756103,-0.023310836597186135,approximately equal,-0.07721288205075347,-0.020468051646310482,approximately equal,-0.026 -0.048 -0.070,estimate
D,56,3,0.3,H,O,4.581432226832363,4.634210209229691,0.9886112239163832,-0.05277798239732778,-0.08848415606578781,-0.019806199536419922,-0.09529299433832725,-0.014807788907326981,approximately equal,-0.08679887234604682,-0.02103092306658397,approximately equal,-0.09008100652272752,-0.016033307122942354,approximately equal,-0.037 -0.049 -0.072,estimate
D,56,3,0.3,H,L_range,4.581432226832363,2.2094124638211174,2.073597529593412,2.3720197630112456,2.284109481190345,2.4641430521293457,2.2676298568301143,2.482456272782892,b well below a,2.275697680520701,2.475045132415957,b well below a,2.2712714643521883,2.474931421017921,b well below a,2.404 2.344 2.368,estimate
D,56,3,0.3,H,L_range_wide,4.581432226832363,2.206455967472206,2.0763760049474334,2.374976259360157,2.2859402346987094,2.466229656283289,2.271132167889594,2.4865299836174968,b well below a,2.2734149242051473,2.48073070231771,b well below a,2.2701116080922294,2.479278039207811,b well below a,2.390 2.379 2.356,estimate
D,56,3,0.3,H,P1,4.581432226832363,1.1475754289697746,3.992271105826396,3.4338567978625885,3.328446331884093,3.5402906664233997,3.3099056884344775,3.5617991773617304,b well below a,3.3114948052220177,3.5566793216652024,b well below a,3.3105936423925897,3.556338187471098,b well below a,3.449 3.438 3.414,estimate
D,56,3,0.3,H,L0,4.581432226832363,1.3951251424920892,3.2838862172956227,3.1863070843402737,3.092796516166146,3.2859466968684914,3.072914078219717,3.306397691805096,b well below a,3.0777837688405687,3.3017326817007078,b well below a,3.0740710916947243,3.3018435503137917,b well below a,3.203 3.188 3.169,estimate
D,56,3,0.3,H,L0big,4.581432226832363,1.3669247157793953,3.351634639381083,3.2145075110529677,3.121252793524419,3.312435767040757,3.102464827784077,3.334927881572091,b well below a,3.105228014756329,3.3289153914009875,b well below a,3.1022715184074188,3.3310673796088017,b well below a,3.230 3.219 3.195,estimate
D,56,3,0.3,H,P1x,4.581432226832363,4.606676157196145,0.9945201421800948,-0.02524393036378214,-0.055951693403149164,0.0037581617050592214,-0.063792094297666,0.010691714200247221,approximately equal,-0.05310322288236959,0.0007988225711959962,approximately equal,-0.05822876414880094,0.006825526667055211,approximately equal,-0.010 -0.021 -0.045,estimate
D,56,6,0.1,H,O,3.335723861358337,3.4161178197691204,0.9764662805405766,-0.08039395841078356,-0.11735584834207928,-0.047525678808751054,-0.12760977365988982,-0.041618371680830255,no reading,-0.11758327113814837,-0.047187387399597075,no reading,-0.12053408191715766,-0.04423089105068559,no reading,-0.065 -0.073 -0.104,estimate
D,56,6,0.1,H,L_range,3.335723861358337,1.4378806281532697,2.319889284302096,1.8978432332050672,1.8133442933252177,1.9859752522521361,1.8025445532968385,2.0021251135580656,b well below a,1.8205194825412296,1.9832490214842458,b well below a,1.8200589513791876,1.9833627328822812,b well below a,1.981 1.866 1.846,estimate
D,56,6,0.1,H,L_range_wide,3.335723861358337,1.5968491626062764,2.0889411094495483,1.7388746987520605,1.6625629795307344,1.8146121754133084,1.6496027229396897,1.830304348342146,b well below a,1.6551774242283581,1.8267764522181078,b well below a,1.6531363046336294,1.829388971587964,b well below a,1.754 1.747 1.716,estimate
D,56,6,0.1,H,P1,3.335723861358337,0.6143826835834019,5.429391079030169,2.721341177774935,2.6351365669245594,2.812429693170915,2.617289563002958,2.8324713270745936,b well below a,2.6208060879871917,2.8281218660997527,b well below a,2.6187706539623643,2.828986072724819,b well below a,2.737 2.729 2.698,estimate
D,56,6,0.1,H,L0,3.335723861358337,0.37638472749603186,8.862537764350453,2.959339133862305,2.871099088987102,3.0514567374105033,2.856197210274609,3.0710236262273845,b well below a,2.8583520412673726,3.0681666273517547,b well below a,2.8569903472759024,3.0679591040503404,b well below a,2.975 2.965 2.938,estimate
D,56,6,0.1,H,L0big,3.335723861358337,0.37934122384494334,8.793465227817745,2.9563826375133937,2.8692797066185416,3.0464818637464695,2.8542470597983067,3.0672569361674733,b well below a,2.855503570746594,3.062705637461121,b well below a,2.855742364682468,3.0635243595269728,b well below a,2.972 2.964 2.933,estimate
D,56,6,0.1,H,P1x,3.335723861358337,3.409295135887017,0.9784203855646723,-0.07357127452868006,-0.10985089607176476,-0.04172639750896308,-0.11860383093551338,-0.03729733855549798,no reading,-0.10973149910382762,-0.04241150868212454,no reading,-0.11224167821545192,-0.038090475556792694,no reading,-0.058 -0.066 -0.097,estimate
D,56,6,0.3,H,O,4.565171496913351,4.643664148975663,0.9830968283785926,-0.07849265206231237,-0.11580704732751564,-0.04594961294532336,-0.12311724931873931,-0.03947209807045492,no reading,-0.11725274242593005,-0.04377684014399844,no reading,-0.11717081844601991,-0.039216615740067545,no reading,-0.067 -0.076 -0.093,estimate
D,56,6,0.3,H,L_range,4.565171496913351,2.565329139670839,1.7795656028368798,1.9998423572425117,1.9071675678439406,2.0919713319305133,1.8900966442139284,2.113326332481495,b well below a,1.909427581879889,2.094677663203747,b well below a,1.9056836340995844,2.0953656171618578,b well below a,2.086 1.961 1.953,estimate
D,56,6,0.3,H,L_range_wide,4.565171496913351,2.733167163170581,1.6702862373107004,1.8320043337427698,1.7481876622511305,1.9159517733421487,1.7288652529400248,1.9314079951200642,b well below a,1.7302212613615935,1.9290115274064756,b well below a,1.730897844179901,1.9303760641828953,b well below a,1.844 1.835 1.818,estimate
D,56,6,0.3,H,P1,4.565171496913351,1.1537158444636675,3.9569288389513106,3.4114556524496833,3.3062555525575514,3.5204082284769713,3.283749224101464,3.5415500201566386,b well below a,3.2907993307796377,3.5408649089834774,b well below a,3.2888747653678942,3.5415414918017865,b well below a,3.423 3.414 3.397,estimate
D,56,6,0.3,H,L0,4.565171496913351,1.3724965742831132,3.3261806130903064,3.1926749226302373,3.092836315155459,3.2953790573354986,3.07405972055492,3.311978078663667,b well below a,3.0804190304900314,3.313891272935605,b well below a,3.0781476453142815,3.311398150533687,b well below a,3.203 3.194 3.181,estimate
D,56,6,0.3,H,L0big,4.565171496913351,1.3392928460568772,3.4086432331465444,3.2258786508564734,3.127063445964011,3.3284861308734044,3.10750224271703,3.344141347597881,b well below a,3.1114508710137967,3.3459578871814912,b well below a,3.1128438356397274,3.344709904588057,b well below a,3.238 3.228 3.211,estimate
D,56,6,0.3,H,P1x,4.565171496913351,4.639327222141269,0.9840158450402015,-0.07415572522791791,-0.11121622753363906,-0.042637678064150204,-0.11830918584041586,-0.037312834921834064,no reading,-0.11013902189159726,-0.03900016674107364,no reading,-0.11193969679368013,-0.0366277237486726,no reading,-0.062 -0.072 -0.089,estimate
D,56,11,0.1,H,O,3.2752293976036877,3.338680357707248,0.9809951977112498,-0.06345096010356022,-0.10166367541324088,-0.025357641761817963,-0.10918852717821118,-0.016363070177243807,no reading,-0.10586815435558737,-0.021488611443674657,approximately equal,-0.10950976187765947,-0.016712732726202145,no reading,-0.077 -0.057 -0.056,estimate
D,56,11,0.1,H,L_range,3.2752293976036877,1.502582413635216,2.1797336158619647,1.7726469839684718,1.6882560699167555,1.8597556004332252,1.673715224893023,1.8755557991901957,b well below a,1.687462932915461,1.8577116380535454,b well below a,1.6865560845161314,1.8625216301904282,b well below a,1.823 1.749 1.746,estimate
D,56,11,0.1,H,L_range_wide,3.2752293976036877,1.9383244909055464,1.6897219288982754,1.3369049066981413,1.2595754704644015,1.4103908976782955,1.2440993491918306,1.4271064731894483,b well below a,1.2460494996681324,1.422876409182544,b well below a,1.2452506770969356,1.4231009891936635,b well below a,1.323 1.343 1.344,estimate
D,56,11,0.1,H,P1,3.2752293976036877,0.5823160693375165,5.624487404803749,2.6929133282661715,2.6034167724426815,2.785019560674565,2.5823631070964908,2.807534417485506,b well below a,2.5840687780670164,2.808111502830534,b well below a,2.5812203075462383,2.805945300697967,b well below a,2.679 2.699 2.700,estimate
D,56,11,0.1,H,L0,3.2752293976036877,0.3739967881372957,8.75737306172089,2.901232609466392,2.811724682503098,2.9950501984152136,2.79158923669604,3.0163142298477688,b well below a,2.7905772052535287,3.016098178191502,b well below a,2.7898864085104655,3.0151828014373208,b well below a,2.887 2.906 2.911,estimate
D,56,11,0.1,H,L0big,3.2752293976036877,0.3718362715746297,8.808256880733945,2.903393126029058,2.8138965702055683,2.9958461782014596,2.793755438828609,3.0182501663993158,b well below a,2.7938805213664475,3.0175593696562526,b well below a,2.7929566162574124,3.0171130524189653,b well below a,2.889 2.910 2.911,estimate
D,56,11,0.1,H,P1x,3.2752293976036877,3.3086605486259932,0.98989586555315,-0.03343115102230554,-0.05970985510820752,-0.006362152720060626,-0.06629374505443719,0.0010234025823154802,approximately equal,-0.05856705555795536,-0.007959797862453932,approximately equal,-0.06470462826689737,-0.0026153621548061666,approximately equal,-0.047 -0.027 -0.026,estimate
D,56,11,0.3,H,O,4.457421591181505,4.5392770855794815,0.9819672840289883,-0.08185549439797679,-0.1179227921686011,-0.04817856096635986,-0.12396091689375413,-0.040967058432172285,no reading,-0.12066611200452326,-0.044525532814991366,no reading,-0.12457221796796744,-0.04092556443138798,no reading,-0.085 -0.080 -0.080,estimate
D,56,11,0.3,H,L_range,4.457421591181505,2.634238246880083,1.6921102700033865,1.8231833443014218,1.7344285830888888,1.9077515512490058,1.7150108015310341,1.922036840660111,b well below a,1.7270401850015618,1.9111168885163878,b well below a,1.7200788970325436,1.9124516621814347,b well below a,1.874 1.797 1.798,estimate
D,56,11,0.3,H,L_range_wide,4.457421591181505,3.150374282561197,1.4148863567911372,1.3070473086203078,1.216024005016976,1.3946148259522875,1.197337511567174,1.4110932378223828,b well below a,1.2000519039010868,1.4110932378223833,b well below a,1.1960919044645169,1.4102479604145068,b well below a,1.304 1.309 1.309,estimate
D,56,11,0.3,H,P1,4.457421591181505,1.146893160581564,3.8865185916020684,3.3105284305999407,3.2007041274633186,3.4196986885783116,3.180059110312421,3.442946688873625,b well below a,3.1810303553569907,3.442988585451928,b well below a,3.1810678316758096,3.4469053530483325,b well below a,3.307 3.312 3.312,estimate
D,56,11,0.3,H,L0,4.457421591181505,1.3203030425850228,3.3760594707517404,3.137118548596482,3.0352543707135933,3.236689344219975,3.01880937988723,3.255111385387107,b well below a,3.0190832746511442,3.2568737773885474,b well below a,3.0176645526994355,3.2589690650274004,b well below a,3.133 3.138 3.141,estimate
D,56,11,0.3,H,L0big,4.457421591181505,1.279253227894368,3.484393467990974,3.1781683632871367,3.0766892966344814,3.2781048055820508,3.0582538362280483,3.2937732811809806,b well below a,3.0623437886249514,3.2969657986322614,b well below a,3.0592825065755846,3.298694211882394,b well below a,3.175 3.180 3.180,estimate
D,56,11,0.3,H,P1x,4.457421591181505,4.499560020247124,0.9906349890042572,-0.04213842906561904,-0.07186560355815357,-0.015219803332819293,-0.07778022655079446,-0.009160911145319946,approximately equal,-0.07221202597943492,-0.013428156438089757,approximately equal,-0.07595921388741547,-0.009323174969023493,approximately equal,-0.045 -0.041 -0.040,estimate
C,36,3,0.1,H,O,2.5207038986814063,2.886421479073572,0.873297235679681,-0.3657175803921655,-0.4217103732335843,-0.3119155833727097,-0.4325245143122071,-0.3005119290253487,a well below b,-0.42461543978348326,-0.3076313299661817,a well below b,-0.4291793692523897,-0.3041696532137057,a well below b,-0.370 -0.343 -0.384,estimate
C,36,3,0.1,H,L_range,2.5207038986814063,1.1328525679624175,2.2250943944234685,1.3878513307189888,1.330652092118291,1.4492210329557365,1.3186397310469307,1.4572795422432803,b well below a,1.3279033151326627,1.4491154689517995,b well below a,1.3228664040876756,1.4535518990393275,b well below a,1.395 1.409 1.360,estimate
C,36,3,0.1,H,L_range_wide,2.5207038986814063,1.1695394867332016,2.155296103530736,1.3511644119482047,1.2920979243428055,1.4127041133601235,1.2804708033377608,1.426576868630735,b well below a,1.2878232676639085,1.4172543332181289,b well below a,1.2844712677986403,1.4195534349662084,b well below a,1.347 1.374 1.333,estimate
C,36,3,0.1,H,P1,2.5207038986814063,0.04935459924320727,51.07333333333334,2.471349299438199,2.4153482808302393,2.531345298662677,2.4060312292619943,2.5408858168886073,b well below a,2.411571283027044,2.533375692037099,b well below a,2.409255729745883,2.5371636575290153,b well below a,2.467 2.494 2.453,estimate
C,36,3,0.1,H,L0,2.5207038986814063,0.5672488606352621,4.443735498839908,1.9534550380461442,1.8987098197967056,2.0126284606165683,1.8881931772746323,2.0217371260991213,b well below a,1.8943309700749615,2.0139445832630543,b well below a,1.8923088024670802,2.018444077560727,b well below a,1.949 1.975 1.936,estimate
C,36,3,0.1,H,P1x,2.5207038986814063,2.849899075633598,0.8844888298793515,-0.32919517695219147,-0.38250088605703664,-0.27655027109277164,-0.3968671873200803,-0.2674978150149127,a well below b,-0.3875473938296546,-0.2740811701695208,a well below b,-0.3910570542202828,-0.2679310387193812,a well below b,-0.334 -0.306 -0.347,estimate
C,36,3,0.3,H,O,3.673353144784709,4.034080426808952,0.9105800470345143,-0.36072728202424287,-0.4271393791503368,-0.2961275954592435,-0.44135487469347123,-0.2846540220962877,a well below b,-0.4291670306025789,-0.2922847915237236,a well below b,-0.43596562664833094,-0.2836559624227034,a well below b,-0.369 -0.331 -0.383,estimate
C,36,3,0.3,H,L_range,3.673353144784709,2.0175611786187093,1.8206898426245548,1.6557919661659999,1.5797310448878572,1.7297224139101448,1.5655210331890845,1.7464028974932586,b well below a,1.5745090540957078,1.7356394819749685,b well below a,1.572151001020755,1.7421419504252615,b well below a,1.663 1.679 1.625,estimate
C,36,3,0.3,H,L_range_wide,3.673353144784709,2.0641738556817386,1.7795754629260643,1.6091792891029706,1.533282883155639,1.686534397650158,1.516718931265183,1.699278851943626,b well below a,1.5277976678341925,1.6910407467532804,b well below a,1.5240138152255467,1.697093539966025,b well below a,1.601 1.639 1.587,estimate
C,36,3,0.3,H,P1,3.673353144784709,0.099531775140468,36.90633608815426,3.573821369644241,3.502306555340834,3.649279068042745,3.4896416167905917,3.662079731740907,b well below a,3.4973121440896393,3.6537771913793278,b well below a,3.492437006453283,3.6606882062344663,b well below a,3.566 3.604 3.552,estimate
C,36,3,0.3,H,L0,3.673353144784709,1.2740067217979902,2.8833075068870517,2.399346422986719,2.329202569773402,2.4687307637561284,2.3159892467871233,2.482543196738775,b well below a,2.3259712144840616,2.472180101858793,b well below a,2.3214360751980467,2.480836350181615,b well below a,2.388 2.428 2.382,estimate
C,36,3,0.3,H,P1x,3.673353144784709,4.006277335901945,0.9168993648707837,-0.33292419111723603,-0.4021467584780129,-0.2673895090887959,-0.41370533142855404,-0.25401029981061674,a well below b,-0.4049339223741636,-0.26075542837385546,a well below b,-0.4062500450206504,-0.25706343015824507,a well below b,-0.341 -0.303 -0.355,estimate
C,36,6,0.1,H,O,2.505184619141597,2.916034238619496,0.859106723084156,-0.410849619477899,-0.4667354773542906,-0.35533392109583095,-0.4761635767708335,-0.3444882479121362,a well below b,-0.46865756480259585,-0.3524453060790139,a well below b,-0.47347649303425865,-0.35013249472003294,a well below b,-0.433 -0.388 -0.412,estimate
C,36,6,0.1,H,L_range,2.505184619141597,1.5792374988954252,1.5863254392666157,0.9259471202461718,0.8649640290368288,0.9889619757910271,0.8517959477665229,1.0015378018704135,b well below a,0.8592553470576976,0.9901122121456115,b well below a,0.8572633405937984,0.9951025105135357,b well below a,0.898 0.943 0.937,estimate
C,36,6,0.1,H,L_range_wide,2.505184619141597,1.6364339955739422,1.5308803324285378,0.8687506235676548,0.7991551547903728,0.9364843271845964,0.7863695716642017,0.950191196163307,b well below a,0.7908005179073693,0.9429470377632765,b well below a,0.7891772999767035,0.945691701865635,b well below a,0.847 0.892 0.867,estimate
C,36,6,0.1,H,P1,2.505184619141597,0.04935459924320727,50.758888888888876,2.45583001989839,2.4011451239369164,2.5086476668551625,2.3911741239286983,2.5225231640479544,b well below a,2.3961520836468124,2.511936602510286,b well below a,2.39380499826058,2.5168802882011474,b well below a,2.434 2.479 2.455,estimate
C,36,6,0.1,H,L0,2.505184619141597,0.5708133594694937,4.388798155442406,1.9343712596721032,1.8809558736800522,1.9872464869946596,1.8695508483716012,1.996845956547463,b well below a,1.8767292006393073,1.9895387339372883,b well below a,1.874707033031426,1.9952419320720587,b well below a,1.913 1.955 1.935,estimate
C,36,6,0.1,H,P1x,2.505184619141597,2.913237477995714,0.8599314810631729,-0.40805285885411724,-0.4627267871268703,-0.3521121625341217,-0.4722179507535563,-0.34376163853438946,a well below b,-0.4656112892604172,-0.3510208775064112,a well below b,-0.4703493307877653,-0.3480568596296385,a well below b,-0.430 -0.385 -0.409,estimate
C,36,6,0.3,H,O,3.6547080739594984,4.114199392913758,0.8883157389635318,-0.4594913189542593,-0.5271674422054176,-0.3920290656331558,-0.5404931840010833,-0.38030049350744405,a well below b,-0.5357181265243033,-0.3846313595910345,a well below b,-0.5385697255916885,-0.38014009105990265,a well below b,-0.450 -0.456 -0.472,estimate
C,36,6,0.3,H,L_range,3.6547080739594984,2.582397147735415,1.4152385806205008,1.0723109262240835,0.9991783778343712,1.1487584585296309,0.981606769542699,1.161541299733622,b well below a,0.9892731839584767,1.1530413409750697,b well below a,0.9859815063811735,1.1566113236536615,b well below a,1.074 1.068 1.075,estimate
C,36,6,0.3,H,L_range_wide,3.6547080739594984,2.678967646921291,1.364222549742078,0.9757404270382075,0.8922735739514034,1.0571892254004005,0.8759221210299118,1.0714952043754797,b well below a,0.8783459802371895,1.0690809418958338,b well below a,0.8775631614547478,1.0731403576835876,b well below a,0.985 0.979 0.963,estimate
C,36,6,0.3,H,P1,3.6547080739594984,0.10035435179452146,36.41803278688524,3.554353722164977,3.4899048413198885,3.620162596411433,3.4772481285361856,3.6365620329710784,b well below a,3.4830596325970733,3.6304173853652992,b well below a,3.4787219117080315,3.6332689844326844,b well below a,3.563 3.558 3.542,estimate
C,36,6,0.3,H,L0,3.6547080739594984,1.277187351526997,2.8615285530270507,2.3775207224325015,2.3163155355265643,2.441029123969788,2.3023289904854756,2.4537489009636353,b well below a,2.310088630255379,2.4487613445178904,b well below a,2.3057838124325003,2.4531470490450857,b well below a,2.383 2.381 2.369,estimate
C,36,6,0.3,H,P1x,3.6547080739594984,4.082776964728915,0.895152516420196,-0.428068890769417,-0.49110293976953395,-0.3636282356908711,-0.5049016631412812,-0.35116757034305,a well below b,-0.5004652330537527,-0.35501585812292935,a well below b,-0.5034251380472534,-0.3533199792544892,a well below b,-0.419 -0.424 -0.441,estimate
C,36,11,0.1,H,O,2.511710393930421,2.9569985559913583,0.8494121137939986,-0.44528816206093724,-0.5015551471203732,-0.389673754480383,-0.5116550174710599,-0.38094347425869524,a well below b,-0.5085223713802058,-0.3834262847928464,a well below b,-0.5119209839225366,-0.38024565506384017,a well below b,-0.450 -0.446 -0.440,estimate
C,36,11,0.1,H,L_range,2.511710393930421,2.0091160583037606,1.250156945164724,0.5025943356266604,0.4415399544406332,0.56336355690595,0.42894219298380476,0.5760970435106967,b well below a,0.4341477322428727,0.5696631231149095,b well below a,0.43013630009327175,0.5735059270504288,b well below a,0.481 0.520 0.507,estimate
C,36,11,0.1,H,L_range_wide,2.511710393930421,1.994748386079627,1.2591615120274913,0.5169620078507942,0.45723745892215373,0.5770676839624798,0.44484259970665757,0.5866657825541938,b well below a,0.4445725203719102,0.5831040256421427,b well below a,0.4439706684533612,0.5859090120324647,b well below a,0.512 0.516 0.523,estimate
C,36,11,0.1,H,P1,2.511710393930421,0.04935459924320727,50.8911111111111,2.462355794687214,2.41304232427671,2.5122587783664567,2.4031247917510052,2.5236171909978453,b well below a,2.4057611499272467,2.51677061131394,b well below a,2.40027867652798,2.5214442176700538,b well below a,2.458 2.461 2.468,estimate
C,36,11,0.1,H,L0,2.511710393930421,0.5850165163628167,4.293400824896888,1.9266938775676044,1.8789268512667203,1.9752286420789387,1.8705872949557092,1.985986573752868,b well below a,1.8723448670732032,1.9801709568087096,b well below a,1.8663674767204144,1.9841193247481663,b well below a,1.923 1.923 1.934,estimate
C,36,11,0.1,H,P1x,2.511710393930421,2.9425212068800173,0.853591263185359,-0.4308108129495962,-0.48510087211712355,-0.37810832672439054,-0.4948086475960448,-0.36615354601881417,a well below b,-0.49190221008505575,-0.369874334417316,a well below b,-0.4934376865059559,-0.3667567688984532,a well below b,-0.435 -0.432 -0.425,estimate
C,36,11,0.3,H,O,3.6888724243245177,4.122096128792672,0.8949020859940398,-0.43322370446815395,-0.4993369320766086,-0.37141803660475575,-0.5127408186544101,-0.3577605222252887,a well below b,-0.5060011739355326,-0.3640134757571844,a well below b,-0.5092983353571966,-0.35792915043937057,a well below b,-0.432 -0.428 -0.439,estimate
C,36,11,0.3,H,L_range,3.6888724243245177,3.0960140105263916,1.1914908691570576,0.5928584137981261,0.5119059033505456,0.6717709341436541,0.49754371497077227,0.6886186749797591,b well below a,0.5034621539966861,0.6784104987029564,b well below a,0.49628243076788975,0.681338871591386,b well below a,0.566 0.610 0.602,estimate
C,36,11,0.3,H,L_range_wide,3.6888724243245177,3.0935462805642313,1.1924413245408778,0.5953261437602864,0.5168441051970464,0.6754149487211115,0.5012603904860047,0.6903090700038395,b well below a,0.5075654405393236,0.6835694252849606,b well below a,0.5016538563188598,0.690034877785821,b well below a,0.596 0.600 0.589,estimate
C,36,11,0.3,H,P1,3.6888724243245177,0.10035435179452146,36.75846994535518,3.5885180725299963,3.5253332178099703,3.6524076012503284,3.511897799127098,3.666401001096868,b well below a,3.5150098808015997,3.660031515872314,b well below a,3.5107516756557824,3.6658964874157154,b well below a,3.589 3.594 3.582,estimate
C,36,11,0.3,H,L0,3.6888724243245177,1.286455048495999,2.867470906688265,2.4024173758285188,2.3378944630845666,2.467362544588219,2.3257957314645297,2.479635388266697,b well below a,2.32826346142669,2.473382434734801,b well below a,2.326734839811241,2.4804031264771473,b well below a,2.399 2.406 2.402,estimate
C,36,11,0.3,H,P1x,3.6888724243245177,4.123247736108345,0.8946521432656372,-0.4343753117838274,-0.49946854434125765,-0.3688927262768123,-0.5119196129614465,-0.35830342281696403,a well below b,-0.5077244720257738,-0.3602323650707201,a well below b,-0.5132521871410131,-0.3526495792814372,a well below b,-0.433 -0.429 -0.440,estimate
C,40,3,0.1,H,O,2.7258578369587565,3.0867044427796175,0.8830964828314064,-0.36084660582086103,-0.4270649505233006,-0.3010678919172385,-0.4413192626973914,-0.29053530754305307,a well below b,-0.4194093659089404,-0.30402444005751983,a well below b,-0.4199491584906063,-0.3025035507835639,a well below b,-0.419 -0.343 -0.321,estimate
C,40,3,0.1,H,L_range,2.7258578369587565,2.3366010952607557,1.1665910122560141,0.38925674169800084,0.32152318974878025,0.4531303031860489,0.30741282226313343,0.4657065233343291,b well below a,0.3317489446554922,0.4441223961039359,b well below a,0.3263718529384789,0.45032338176138653,b well below a,0.316 0.392 0.460,estimate
C,40,3,0.1,H,L_range_wide,2.7258578369587565,2.3089485630070046,1.1805623913114807,0.4169092739517519,0.35137656052848065,0.480566918407133,0.3362244880606724,0.4912339774244696,b well below a,0.34925148236487,0.4795668816242577,b well below a,0.3488745745622337,0.48266926846204106,b well below a,0.359 0.435 0.457,estimate
C,40,3,0.1,H,P1,2.7258578369587565,0.06841160719215558,39.84496124031006,2.657446229766601,2.5930423457421807,2.722467560744085,2.581532452693822,2.7372995456810107,b well below a,2.598269810743575,2.7167722755052472,b well below a,2.595320838639528,2.719647381256014,b well below a,2.600 2.675 2.697,estimate
C,40,3,0.1,H,L0,2.7258578369587565,2.6112324087397853,1.0438970609568572,0.11462542821897115,0.05150189431808101,0.17343062146653618,0.04272316233204519,0.1840219201215345,no reading,0.06506678719488648,0.16538865900424682,no reading,0.0570437648231823,0.17070324842233067,no reading,0.058 0.135 0.151,estimate
C,40,3,0.1,H,P1x,2.7258578369587565,3.0719311721235036,0.887343395481898,-0.34607333516474714,-0.4126856337513507,-0.285987791793652,-0.42600619945961293,-0.2764438801479914,a well below b,-0.40131589737331774,-0.2915239802715775,a well below b,-0.4036531045514784,-0.28833825703522115,a well below b,-0.404 -0.328 -0.306,estimate
C,40,3,0.3,H,O,3.8480960842869965,4.219700661560001,0.9119357966174728,-0.37160457727300455,-0.4504749024860661,-0.2985677999600513,-0.46573872148832457,-0.2828759349105764,a well below b,-0.4410086452118023,-0.30492220035123657,a well below b,-0.44434778318189405,-0.30000914085355124,a well below b,-0.445 -0.344 -0.326,estimate
C,40,3,0.3,H,L_range,3.8480960842869965,3.4339141833794504,1.1206150995013897,0.41418190090754603,0.33190614740734636,0.49647659449833176,0.317352581802016,0.5146590814597015,b well below a,0.3458422660596132,0.48108398288009674,b well below a,0.3383306261336961,0.486550093022858,b well below a,0.320 0.433 0.489,estimate
C,40,3,0.3,H,L_range_wide,3.8480960842869965,3.409898148517973,1.128507631806972,0.43819793576902333,0.3547024404351635,0.5243412557666316,0.3393704371068003,0.5391296784952128,b well below a,0.3578124033091816,0.5154015330106247,b well below a,0.3568218365715979,0.516388311730091,b well below a,0.365 0.466 0.483,estimate
C,40,3,0.3,H,P1,3.8480960842869965,0.1393233063414996,27.619902120717775,3.708772777945497,3.6227696146182153,3.7883211584014913,3.608301279420517,3.803094429057605,b well below a,3.6298304803882147,3.779464772044058,b well below a,3.6320881391859183,3.7844611679403175,b well below a,3.636 3.737 3.754,estimate
C,40,3,0.3,H,L0,3.8480960842869965,3.7309705641108364,1.031392775194428,0.11712552017616007,0.03892946218791684,0.1922078272722683,0.02484750483814757,0.20554165104393896,no reading,0.05574636861812548,0.17781146441879114,no reading,0.04802070566860286,0.18608260197715765,no reading,0.064 0.138 0.149,estimate
C,40,3,0.3,H,P1x,3.8480960842869965,4.209700293731247,0.9141021487960264,-0.36160420944425065,-0.4395691983273591,-0.2868969161417212,-0.4545640680433137,-0.2727278343752611,a well below b,-0.4331219914923059,-0.29613210431084946,a well below b,-0.43517130929357867,-0.29227968988591035,a well below b,-0.435 -0.334 -0.316,estimate
C,40,6,0.1,H,O,2.673052864408444,3.0944319997382,0.8638266617701065,-0.4213791353297558,-0.47933960053724034,-0.3633277576874635,-0.49388559010633637,-0.3499371136440388,a well below b,-0.4812355036047751,-0.3631118406547978,a well below b,-0.48382650799677,-0.36220839833390484,a well below b,-0.456 -0.422 -0.387,estimate
C,40,6,0.1,H,L_range,2.673052864408444,2.332434275332108,1.146035664403807,0.34061858907633624,0.26485443871917624,0.40714376324624935,0.25500369760604213,0.42101737959958674,b well below a,0.28333428510272807,0.39668504522534453,b well below a,0.2791712531921968,0.39903172244879626,b well below a,0.246 0.364 0.412,estimate
C,40,6,0.1,H,L_range_wide,2.673052864408444,2.2894023895235316,1.1675766901618188,0.38365047488491255,0.32227700535405385,0.44509970477810956,0.30432369348875854,0.4566114918355279,b well below a,0.3187977107136333,0.44888014685882816,b well below a,0.31770676149595106,0.44797670453793437,b well below a,0.349 0.383 0.418,estimate
C,40,6,0.1,H,P1,2.673052864408444,0.06818432610513846,39.203333333333326,2.6048685383033057,2.5440102392363526,2.6608743861624427,2.5306158071748097,2.672382385201743,b well below a,2.541282866192147,2.662222920612078,b well below a,2.53849488485807,2.6660204087743224,b well below a,2.571 2.605 2.639,estimate
C,40,6,0.1,H,L0,2.673052864408444,2.6510065989677827,1.0083161865569272,0.02204626544066146,-0.037808208825298915,0.08056735732945512,-0.048337005181367396,0.09023248555485881,approximately equal,-0.02901621877585293,0.07296291095967339,approximately equal,-0.036376337977091375,0.07887032521306069,approximately equal,0.012 0.024 0.030,estimate
C,40,6,0.1,H,P1x,2.673052864408444,3.0942047186511825,0.8638901131188482,-0.4211518542427384,-0.47897216277989596,-0.3628125872235586,-0.4929764657582676,-0.34955641782328506,a well below b,-0.48396477065803856,-0.36189778084831487,a well below b,-0.4843378904425588,-0.35971020038577484,a well below b,-0.455 -0.421 -0.387,estimate
C,40,6,0.3,H,O,3.776654062601279,4.199018082641443,0.8994136220117275,-0.4223640200401637,-0.4910066963374522,-0.3631951770533708,-0.503738225228529,-0.35462668007282444,a well below b,-0.4911544290440135,-0.35932761055596224,a well below b,-0.4983554514843407,-0.3541020395636276,a well below b,-0.454 -0.419 -0.395,estimate
C,40,6,0.3,H,L_range,3.776654062601279,3.4298988841754805,1.1010977845514986,0.3467551784257985,0.2621876739648417,0.4265346279869271,0.24219451434356823,0.4402510415884113,b well below a,0.27704428101952777,0.41638842146067157,b well below a,0.27112929072990744,0.42175983115050864,b well below a,0.246 0.361 0.433,estimate
C,40,6,0.3,H,L_range_wide,3.776654062601279,3.384442666772055,1.1158865533991449,0.39221139582922415,0.32122393631754104,0.46669140804473747,0.30733327388267645,0.4797960567203327,b well below a,0.3149093101165819,0.47397197886551934,b well below a,0.31180881728785614,0.47835660983589084,b well below a,0.361 0.396 0.420,estimate
C,40,6,0.3,H,P1,3.776654062601279,0.13818690090641395,27.330043859649113,3.638467161694865,3.5643545872366973,3.708549284876597,3.54738616008181,3.7217296939145315,b well below a,3.55550198889738,3.71605145475722,b well below a,3.553536007494681,3.7184132840531405,b well below a,3.607 3.642 3.666,estimate
C,40,6,0.3,H,L0,3.776654062601279,3.7484712078111553,1.007518493067626,0.028182854790123724,-0.045531977765764786,0.09904152168583065,-0.059322257720528807,0.11676944647316641,approximately equal,-0.03250687747062515,0.08834794654167406,approximately equal,-0.04394290416570311,0.09970631886535485,approximately equal,0.046 0.008 0.031,estimate
C,40,6,0.3,H,P1x,3.776654062601279,4.219927942647018,0.8949570025672787,-0.4432738800457394,-0.5112422891182113,-0.38379441957335686,-0.5262314768069905,-0.37182996435096394,a well below b,-0.5141874732041414,-0.3807602170616776,a well below b,-0.5179963254207367,-0.37561230044073884,a well below b,-0.475 -0.440 -0.415,estimate
C,40,11,0.1,H,O,2.694493046950393,3.095113842999251,0.8705634699172663,-0.4006207960488579,-0.4555622108171317,-0.34630061625176456,-0.46615919149930507,-0.3377378012983936,a well below b,-0.4563160264224053,-0.3487874501455429,a well below b,-0.45815510921818475,-0.3466718420272255,a well below b,-0.437 -0.394 -0.371,estimate
C,40,11,0.1,H,L_range,2.694493046950393,2.3600110472235194,1.141728997463966,0.33448199972687354,0.2772071657985573,0.39283641881852155,0.26705527724512557,0.4046493533162362,b well below a,0.28076411481037544,0.3916053129305115,b well below a,0.2771295114271597,0.39259398565903675,b well below a,0.282 0.342 0.380,estimate
C,40,11,0.1,H,L_range_wide,2.694493046950393,2.3105395306161243,1.1661748311364681,0.38395351633426866,0.32501195443449316,0.44404663574159725,0.31189215368642964,0.4590377174394353,b well below a,0.3214493233954996,0.4460826954794594,b well below a,0.3203110239513558,0.44910742794584557,b well below a,0.347 0.391 0.414,estimate
C,40,11,0.1,H,P1,2.694493046950393,0.06818432610513846,39.517777777777766,2.6263087208452545,2.565537546194991,2.6829054995306367,2.557056173631136,2.6948794247983225,b well below a,2.5639446845768132,2.684271080061798,b well below a,2.5637817997977836,2.6881291765139137,b well below a,2.590 2.633 2.656,estimate
C,40,11,0.1,H,L0,2.694493046950393,2.634793881427227,1.0226580021852898,0.05969916552316601,0.0010568570546292124,0.11858011913306972,-0.010987146548219417,0.1300862241633118,no reading,0.008248409449663985,0.11061012901500256,no reading,0.0019678754117564813,0.11833957998264341,no reading,0.039 0.044 0.096,estimate
C,40,11,0.1,H,P1x,2.694493046950393,3.0853407562575144,0.8733210558624923,-0.3908477093071214,-0.4440314836691299,-0.3380351607205752,-0.4523026212274939,-0.32849693110208955,a well below b,-0.44244998610530173,-0.33894428506864355,a well below b,-0.4461679258870901,-0.3358456862489767,a well below b,-0.428 -0.384 -0.361,estimate
C,40,11,0.3,H,O,3.808170373334321,4.219927942647018,0.902425450171451,-0.4117575693126976,-0.4660815371279083,-0.357285868790925,-0.475850835851527,-0.3469786714946986,a well below b,-0.4688070161630544,-0.3545547077286027,a well below b,-0.47425986824240646,-0.3499352196349803,a well below b,-0.438 -0.385 -0.413,estimate
C,40,11,0.3,H,L_range,3.808170373334321,3.4124740008375007,1.1159558643962435,0.3956963724968201,0.3327319353568421,0.45980479110811817,0.320388678322753,0.47357802498135637,b well below a,0.33258420265027994,0.4656402330172832,b well below a,0.32591918477350346,0.4704017717902911,b well below a,0.350 0.430 0.407,estimate
C,40,11,0.3,H,L_range_wide,3.808170373334321,3.3812607315538155,1.1262575340010306,0.4269096417805054,0.3615928453898998,0.49276812476183574,0.3438005242945765,0.5082800589507546,b well below a,0.35622522371817933,0.498506972209018,b well below a,0.3494067911076661,0.5004918937023003,b well below a,0.401 0.454 0.426,estimate
C,40,11,0.3,H,P1,3.808170373334321,0.13955058742851673,27.288816503800206,3.668619785905804,3.59663986564748,3.7361412088404764,3.584271986495631,3.748700382907231,b well below a,3.592321524994154,3.7427891806357265,b well below a,3.588347893989472,3.7443252219821512,b well below a,3.643 3.695 3.668,estimate
C,40,11,0.3,H,L0,3.808170373334321,3.760592865785402,1.0126515975663806,0.047577507548918874,-0.01841734408462159,0.11265944681627356,-0.033186826722617614,0.12417123387369025,no reading,-0.017811261185909776,0.11235829937597637,no reading,-0.02599906234570114,0.12062375490716529,no reading,0.036 0.057 0.050,estimate
C,40,11,0.3,H,P1x,3.808170373334321,4.1953815852491685,0.907705365043249,-0.38721121191484764,-0.43836082054805203,-0.33379258042958865,-0.4493517551143884,-0.32425245680204506,a well below b,-0.44327766806385677,-0.32993258996841446,a well below b,-0.4454709305535709,-0.3259191847735039,a well below b,-0.413 -0.360 -0.388,estimate
C,44,3,0.1,H,O,2.8389252918505563,3.15782719819979,0.8990122364735369,-0.31890190634923377,-0.3676962257718085,-0.2673096300548956,-0.37998442404638905,-0.26042879768140414,a well below b,-0.3729103883281756,-0.26564063248662956,a well below b,-0.3747679337388812,-0.26415087175623947,a well below b,-0.340 -0.323 -0.294,estimate
C,44,3,0.1,H,L_range,2.8389252918505563,1.791064838112079,1.5850488667082556,1.0478604537384772,0.9880838044315545,1.1123903708758012,0.9751415080862866,1.1281213130882692,b well below a,0.9877067087466748,1.1096040527597426,b well below a,0.984727187285893,1.1136892560126104,b well below a,1.067 1.026 1.051,estimate
C,44,3,0.1,H,L_range_wide,2.8389252918505563,1.7667631161975828,1.6068511198945985,1.0721621756529736,1.0119758421451936,1.1358541023794526,1.001300775411488,1.1487940709735798,b well below a,1.0054883997145705,1.142937449102232,b well below a,1.0035330887559328,1.1436753462140035,b well below a,1.051 1.068 1.097,estimate
C,44,3,0.1,H,P1,2.8389252918505563,0.08379904108447032,33.87777777777779,2.755126250766086,2.7025144194718855,2.8098144360782675,2.6933896349982436,2.8208619429945703,b well below a,2.7006382520520495,2.8145374431438333,b well below a,2.694511611048319,2.81630187850889,b well below a,2.734 2.751 2.780,estimate
C,44,3,0.1,H,L0,2.8389252918505563,1.0682515537356978,2.6575437984833963,1.7706737381148585,1.7230805382811611,1.8208740192267385,1.7139673925632248,1.831663145766364,b well below a,1.7174124642522535,1.8258903229361,b well below a,1.7147099451772796,1.8268214233925943,b well below a,1.751 1.763 1.797,estimate
C,44,3,0.1,H,P1x,2.8389252918505563,3.1452573420371195,0.9026050917702785,-0.3063320501865632,-0.35438148924394286,-0.2570768360380251,-0.3643442641284299,-0.24858752762594005,a well below b,-0.35819900111556857,-0.2553985274651946,a well below b,-0.3594117594601524,-0.2543743169630516,a well below b,-0.328 -0.310 -0.281,estimate
C,44,3,0.3,H,O,3.9546629688674533,4.301125448728914,0.9194484132138371,-0.34646247986146106,-0.40578754544698314,-0.28640650041759036,-0.4200217436756369,-0.27606895759936373,a well below b,-0.40708875833493285,-0.28332688565773523,a well below b,-0.40876008365434013,-0.28043814649146337,a well below b,-0.383 -0.318 -0.339,estimate
C,44,3,0.3,H,L_range,3.9546629688674533,2.9347355288238,1.347536406611885,1.019927440043653,0.9469105422453845,1.1014080409914533,0.9307280163115177,1.1133284545857196,b well below a,0.9479347527475287,1.1050486437763452,b well below a,0.9446875399055046,1.1107167178052533,b well below a,1.015 1.031 1.014,estimate
C,44,3,0.3,H,L_range_wide,3.9546629688674533,2.9220725626154804,1.3533760316094698,1.0325904062519728,0.956961771673239,1.1156445669712478,0.9434817648143449,1.130763310633572,b well below a,0.9509305684662976,1.122935083545597,b well below a,0.9472806546768412,1.1279444040015358,b well below a,0.996 1.061 1.040,estimate
C,44,3,0.3,H,P1,3.9546629688674533,0.17234669449706064,22.94597514856834,3.782316274370393,3.712758414768,3.8574747032185974,3.7011103480572585,3.8687247244841876,b well below a,3.7098743311040105,3.859716327567607,b well below a,3.7054702259447927,3.8631451049986474,b well below a,3.746 3.811 3.790,estimate
C,44,3,0.3,H,L0,3.9546629688674533,2.1303578444585347,1.8563374125874124,1.8243051244089186,1.7572612360390596,1.8984253762481325,1.7446960353786722,1.9111954190089504,b well below a,1.7526988438022393,1.9052224095805395,b well below a,1.7523194203662176,1.9075478329706352,b well below a,1.787 1.847 1.838,estimate
C,44,3,0.3,H,P1x,3.9546629688674533,4.291069563798777,0.9216030898754503,-0.3364065949313235,-0.394041713188309,-0.2802565819024466,-0.4060645478327903,-0.26897862762315994,a well below b,-0.39423026103075026,-0.2761527566404484,a well below b,-0.39618789974052826,-0.2734595485700381,a well below b,-0.373 -0.308 -0.329,estimate
C,44,6,0.1,H,O,2.797584431582217,3.2111792543569027,0.8712015773602413,-0.4135948227746855,-0.46089938146686926,-0.36824557504113986,-0.4708668118536392,-0.35771715662933284,a well below b,-0.4612671661471839,-0.3684364506347215,a well below b,-0.4649915679731609,-0.36629259183364304,a well below b,-0.446 -0.388 -0.406,estimate
C,44,6,0.1,H,L_range,2.797584431582217,2.138644638521332,1.308110932125909,0.6589397930608851,0.5945914405125767,0.7219892604723842,0.5801640389392001,0.7380065160752242,b well below a,0.5971985217907603,0.7213305068994146,b well below a,0.5955202132179297,0.7259022101408007,b well below a,0.634 0.655 0.688,estimate
C,44,6,0.1,H,L_range_wide,2.797584431582217,2.158942628472904,1.29581230862121,0.6386418031093131,0.5769889863825549,0.7017936915710268,0.5630341182908496,0.7153668084755695,b well below a,0.5719633716686278,0.709505531101939,b well below a,0.5705690487350281,0.7102480837159934,b well below a,0.606 0.664 0.646,estimate
C,44,6,0.1,H,P1,2.797584431582217,0.08379904108447032,33.38444444444445,2.7137853904977467,2.656327181327495,2.7698562599878227,2.64665071983338,2.7815695037305184,b well below a,2.6531614397754146,2.7705871738461694,b well below a,2.650470559456147,2.7733804752156526,b well below a,2.681 2.739 2.721,estimate
C,44,6,0.1,H,L0,2.797584431582217,1.0631305012249803,2.631459099667192,1.7344539303572368,1.682861654062898,1.7867817760122064,1.6730897547719918,1.7957319791502555,b well below a,1.6790534531958377,1.7881807544480888,b well below a,1.6765394819633035,1.79097172806643,b well below a,1.705 1.758 1.740,estimate
C,44,6,0.1,H,P1x,2.797584431582217,3.1941401160030605,0.8758490016032648,-0.3965556844208433,-0.4461879942542627,-0.35092710655034975,-0.45587376675294217,-0.3379731714493751,a well below b,-0.4467489822793002,-0.3489764510939941,a well below b,-0.4492582980095517,-0.34906956113964327,a well below b,-0.429 -0.371 -0.389,estimate
C,44,6,0.3,H,O,3.9400446917004954,4.343583629545045,0.9070953912111467,-0.40353893784454975,-0.46610888852095345,-0.34412076221337723,-0.4775707351403969,-0.33481906865299965,a well below b,-0.46789194589513977,-0.3418046498278486,a well below b,-0.47076904630570715,-0.33928835084417214,a well below b,-0.429 -0.369 -0.413,estimate
C,44,6,0.3,H,L_range,3.9400446917004954,3.29711982649131,1.194995905227189,0.6429248652091855,0.5643306756765176,0.7243356336227498,0.5518562573106379,0.7420265422961367,b well below a,0.570012716212273,0.7218053681322262,b well below a,0.5657319818635423,0.7238421503808073,b well below a,0.654 0.629 0.646,estimate
C,44,6,0.3,H,L_range_wide,3.9400446917004954,3.313972744753853,1.1889188581703753,0.6260719469466425,0.5519516951074287,0.7039166006118337,0.5411416188075325,0.7184417677331411,b well below a,0.5460694679735271,0.7112769497204192,b well below a,0.5454386474142527,0.7109091650401046,b well below a,0.601 0.661 0.616,estimate
C,44,6,0.3,H,P1,3.9400446917004954,0.16927406299063003,23.27612761276128,3.7707706287098652,3.699355223696768,3.8419486031065584,3.6902281114719844,3.857828521392065,b well below a,3.6935824008665046,3.844329892524043,b well below a,3.690228111471985,3.8480519665988773,b well below a,3.746 3.806 3.761,estimate
C,44,6,0.3,H,L0,3.9400446917004954,2.1087563138678713,1.8684210526315785,1.831288377832624,1.7640629248737496,1.9018751034394439,1.7532458653204293,1.9161139571703796,b well below a,1.7604293053422815,1.9082973688381124,b well below a,1.7558692408566015,1.9119472826275687,b well below a,1.801 1.870 1.823,estimate
C,44,6,0.3,H,P1x,3.9400446917004954,4.334645065162702,0.9089659320359151,-0.39460037346220656,-0.4555967643671355,-0.3354754944748297,-0.46677229759620686,-0.32569195642821736,a well below b,-0.45838075473205286,-0.33406953278552387,a well below b,-0.46061772357878056,-0.33230276966932665,a well below b,-0.420 -0.360 -0.404,estimate
C,44,11,0.1,H,O,2.777751991858893,3.2215144694239872,0.8622503540564759,-0.4437624775650941,-0.5028314905250816,-0.3855640435319304,-0.5170540499980291,-0.3745700748918763,a well below b,-0.5024264618265067,-0.3853824789429141,a well below b,-0.5046611029220928,-0.38277306991358934,a well below b,-0.487 -0.414 -0.430,estimate
C,44,11,0.1,H,L_range,2.777751991858893,2.2357584161336685,1.2424204564384476,0.5419935757252246,0.47948414657849187,0.6038233015387166,0.468615876500065,0.6149057247221369,b well below a,0.4824962565552502,0.6031761867214527,b well below a,0.47811775665858697,0.6051245144266661,b well below a,0.510 0.555 0.561,estimate
C,44,11,0.1,H,L_range_wide,2.777751991858893,2.3405072174892565,1.186816246966623,0.4372447743696366,0.3721608524606981,0.5019795336073894,0.3596771230902525,0.5176103825207845,b well below a,0.37029632379656835,0.5062486292004149,b well below a,0.36768691476724313,0.5071774019057679,b well below a,0.394 0.467 0.451,estimate
C,44,11,0.1,H,P1,2.777751991858893,0.08379904108447032,33.14777777777778,2.6939529507744226,2.633245201011006,2.7555033464509653,2.620116684574439,2.7683525327505842,b well below a,2.6336083301890385,2.7570838894758647,b well below a,2.62923914129694,2.7577379875465513,b well below a,2.651 2.723 2.708,estimate
C,44,11,0.1,H,L0,2.777751991858893,1.0479535637841262,2.650644158151933,1.729798428074767,1.6722424533565825,1.7870704171537193,1.6601497861778653,1.798981519743421,b well below a,1.67346219495459,1.787359058295233,b well below a,1.669463118493948,1.789204964950232,b well below a,1.694 1.751 1.744,estimate
C,44,11,0.1,H,P1x,2.777751991858893,3.213972555726386,0.8642737122660641,-0.43622056386749275,-0.49571788303746583,-0.3765370246062205,-0.5094073874990711,-0.3667488310573261,a well below b,-0.4959134141333308,-0.37718879492576596,a well below b,-0.49684684234096627,-0.3747679337388816,a well below b,-0.479 -0.407 -0.423,estimate
C,44,11,0.3,H,O,3.933899428687635,4.35391884461213,0.9035307200444816,-0.42001941592449477,-0.49134636639422674,-0.3511878146781678,-0.5045679928764432,-0.34068965703119725,a well below b,-0.48789896695405816,-0.351581204621036,a well below b,-0.4906945960746808,-0.34879023100269535,a well below b,-0.475 -0.397 -0.388,estimate
C,44,11,0.3,H,L_range,3.933899428687635,3.3913471926885137,1.159981330477995,0.5425522359991213,0.4689021898904362,0.6162069376100875,0.45687237199253244,0.6311068726651349,b well below a,0.4769096538162856,0.6082949114810293,b well below a,0.47029418507289467,0.6134089807383218,b well below a,0.494 0.551 0.582,estimate
C,44,11,0.3,H,L_range_wide,3.933899428687635,3.4829674776075352,1.129467746678429,0.45093195108009976,0.3717465127575579,0.5323380639913806,0.3569815872687018,0.5501988984980788,b well below a,0.37047556063444337,0.5337277314226974,b well below a,0.3715090821411513,0.5364093007374011,b well below a,0.396 0.474 0.483,estimate
C,44,11,0.3,H,P1,3.933899428687635,0.1689947328536818,23.278236914600555,3.764904695833953,3.683521860434085,3.845449540822977,3.669834683723622,3.8593392318827275,b well below a,3.6845414154339453,3.844423002569692,b well below a,3.6851978412557753,3.845554289624331,b well below a,3.710 3.788 3.797,estimate
C,44,11,0.3,H,L0,3.933899428687635,2.12002262939145,1.8555931310114628,1.8138767992961848,1.7340535571609446,1.892093893143973,1.7215093062608275,1.9047801368637052,b well below a,1.7337951767842676,1.8889328070941758,b well below a,1.733124784455592,1.8905086946167922,b well below a,1.755 1.835 1.852,estimate
C,44,11,0.3,H,P1x,3.933899428687635,4.339114347353874,0.9066134500665207,-0.40521491866623904,-0.47561076867947544,-0.33639728392675816,-0.49246368694201975,-0.32439307129140804,a well below b,-0.46862518750462906,-0.3402194513006672,a well below b,-0.47085982860021464,-0.3346328485617026,a well below b,-0.461 -0.382 -0.373,estimate
C,50,3,0.1,H,O,2.8305397780626906,3.2174528431302756,0.8797455366304124,-0.38691306506758494,-0.4361355377651765,-0.33749801618573033,-0.44677949857822047,-0.3282543593411133,a well below b,-0.4407243531273255,-0.33475243001581134,a well below b,-0.44018513981139024,-0.33364924358881953,a well below b,-0.418 -0.380 -0.362,estimate
C,50,3,0.1,H,L_range,2.8305397780626906,1.2079478712306257,2.3432631866630227,1.622591906832065,1.5700901368253113,1.6738721936129217,1.5595369619277055,1.6831268548109262,b well below a,1.5674573452776028,1.6749726289515672,b well below a,1.566576997006687,1.675963020756347,b well below a,1.599 1.625 1.644,estimate
C,50,3,0.1,H,L_range_wide,2.8305397780626906,1.23666923356926,2.2888414308595846,1.5938705444934307,1.5400537542569956,1.6458165946541674,1.5282790961334947,1.6559405997697012,b well below a,1.537740088957495,1.646259519877972,b well below a,1.5365241079082919,1.6481302599536691,b well below a,1.563 1.601 1.618,estimate
C,50,3,0.1,H,P1,2.8305397780626906,0.09936931107964424,28.48504983388705,2.7311704669830466,2.6752573474264936,2.785977649024261,2.6643712908389476,2.7963217412075245,b well below a,2.671083946404682,2.7883050697654945,b well below a,2.6709573963407385,2.791146944027546,b well below a,2.700 2.738 2.756,estimate
C,50,3,0.1,H,L0,2.8305397780626906,0.5667241994021793,4.994563106796116,2.263815578660511,2.210218875491806,2.319387563262083,2.1991072296598384,2.3269915714521203,b well below a,2.2065901899626237,2.320058828818657,b well below a,2.2069175694758703,2.321816774272143,b well below a,2.234 2.268 2.289,estimate
C,50,3,0.1,H,P1x,2.8305397780626906,3.2016065742537867,0.8840998143947207,-0.37106679619109606,-0.4190512791327124,-0.3237425744526684,-0.4289799569756368,-0.31263367970904676,a well below b,-0.4211421062761381,-0.3212115731737845,a well below b,-0.42246813085920526,-0.3201083867467927,a well below b,-0.402 -0.364 -0.347,estimate
C,50,3,0.3,H,O,3.9316353779108857,4.340557149751371,0.905790487780144,-0.40892177184048517,-0.47286806936914705,-0.3477210604817435,-0.4882741641101772,-0.33649386893921734,a well below b,-0.4696713047103821,-0.35004573013463186,a well below b,-0.4737374132866763,-0.34849686739548813,a well below b,-0.466 -0.387 -0.374,estimate
C,50,3,0.3,H,L_range,3.9316353779108857,2.282302892349747,1.722661523625844,1.6493324855611387,1.5754932743380587,1.7208662847497573,1.5642495762654531,1.729667016370571,b well below a,1.5783544062185357,1.718219737760316,b well below a,1.574277293288856,1.720211525723263,b well below a,1.591 1.666 1.691,estimate
C,50,3,0.3,H,L_range_wide,3.9316353779108857,2.3082731663417695,1.7032799389778794,1.6233622115691162,1.550287802906394,1.6949070151111219,1.5354346769230334,1.7058068271404003,b well below a,1.5507279770418532,1.6924695508360226,b well below a,1.5480841811407577,1.6941202038439895,b well below a,1.566 1.645 1.659,estimate
C,50,3,0.3,H,P1,3.9316353779108857,0.20864254020709358,18.843881856540083,3.722992837703792,3.6512169427406715,3.7918800899029694,3.6378163914043227,3.805877627410534,b well below a,3.6512362003590972,3.7908016632710977,b well below a,3.647387427762187,3.7915554614780693,b well below a,3.666 3.745 3.758,estimate
C,50,3,0.3,H,L0,3.9316353779108857,1.5757133614057872,2.495146309099798,2.3559220165050982,2.287788562512892,2.4243911032755903,2.2718432544559257,2.4370268520515816,b well below a,2.2876840211557217,2.420302985992525,b well below a,2.28724659810861,2.4233869560290766,b well below a,2.302 2.371 2.394,estimate
C,50,3,0.3,H,P1x,3.9316353779108857,4.329662839898785,0.9080696403609099,-0.3980274619878994,-0.46350886681397113,-0.3356272761100346,-0.4758447469601812,-0.3263836192654159,a well below b,-0.458226777188475,-0.34080482437835924,a well below b,-0.46208105196207905,-0.3378336489640179,a well below b,-0.455 -0.376 -0.363,estimate
C,50,6,0.1,H,O,2.751748607815708,3.2052380108713154,0.8585161533971918,-0.45348940305560737,-0.5086267156984163,-0.3999972412440739,-0.5209488404028929,-0.3917522294692758,a well below b,-0.5045496027687366,-0.40429444124148234,a well below b,-0.5072044030232176,-0.401320514738794,a well below b,-0.506 -0.427 -0.428,estimate
C,50,6,0.1,H,L_range,2.751748607815708,1.5921098479515978,1.7283660492120545,1.1596387598641102,1.088957798062941,1.2265507306304195,1.0765531407080646,1.2399787928502353,b well below a,1.1084657655287702,1.212239569051341,b well below a,1.1043969058641305,1.215549128332316,b well below a,1.070 1.172 1.237,estimate
C,50,6,0.1,H,L_range_wide,2.751748607815708,1.763887804314084,1.5600474140620126,0.9878608035016241,0.9245747671761498,1.0475043988561836,0.9118042150711745,1.0597219822034893,b well below a,0.9273341087878019,1.0468496398296896,b well below a,0.9237026721702736,1.0493833921969198,b well below a,0.936 1.014 1.014,estimate
C,50,6,0.1,H,P1,2.751748607815708,0.09903918047805073,27.784444444444453,2.6527094273376575,2.5927246970281175,2.709711977879468,2.583156411758599,2.721046461867512,b well below a,2.5976794071403666,2.7069691427978957,b well below a,2.5954785364630766,2.7103832434360418,b well below a,2.600 2.679 2.678,estimate
C,50,6,0.1,H,L0,2.751748607815708,0.5644132851910247,4.87541431078183,2.1873353226246834,2.1287811582553826,2.2437931576738657,2.1193256676080745,2.253694324633323,b well below a,2.1341760425030896,2.2393914163192847,b well below a,2.132618926498907,2.2410393182389057,b well below a,2.137 2.213 2.213,estimate
C,50,6,0.1,H,P1x,2.751748607815708,3.18675069718208,0.863496667702614,-0.43500208936637197,-0.4882631597567899,-0.3832761262733634,-0.5004862452807894,-0.37391417262984095,a well below b,-0.4811130811439443,-0.38834363100782365,a well below b,-0.4846317231392612,-0.38625005277605134,a well below b,-0.487 -0.408 -0.409,estimate
C,50,6,0.3,H,O,3.8733123049627003,4.306223567185646,0.8994684657058163,-0.43291126222294585,-0.49651642479662783,-0.3678700315323333,-0.5073034422036949,-0.35476384664907024,a well below b,-0.49321786986904004,-0.37139692679269043,a well below b,-0.4942137638505124,-0.36842024920165545,a well below b,-0.485 -0.384 -0.430,estimate
C,50,6,0.3,H,L_range,3.8733123049627003,2.6539199062101666,1.4594684247626155,1.2193923987525337,1.139264199569097,1.2997351828270063,1.1244248290274692,1.3159088312167402,b well below a,1.159525965241898,1.2841007477532063,b well below a,1.155454354488912,1.286851836099819,b well below a,1.113 1.266 1.279,estimate
C,50,6,0.3,H,L_range_wide,3.8733123049627003,2.8335109534770315,1.366965707406113,1.0398013514856688,0.9666224014657754,1.1122154989452036,0.9542865213195649,1.1266394551464927,b well below a,0.9723419141383832,1.112108206499685,b well below a,0.9703611305288219,1.1149610851151213,b well below a,0.988 1.089 1.042,estimate
C,50,6,0.3,H,P1,3.8733123049627003,0.199729013964069,19.39283746556474,3.6735832909986312,3.6022750810544353,3.7450070466533854,3.5901702923293395,3.7581242358900333,b well below a,3.603810188351844,3.739403079691336,b well below a,3.600506131247563,3.742525564964741,b well below a,3.622 3.723 3.676,estimate
C,50,6,0.3,H,L0,3.8733123049627003,1.5598670925292992,2.48310405643739,2.3134452124334013,2.2456363868660953,2.384120672057876,2.2307997674128144,2.3988472479772933,b well below a,2.248959701588804,2.379581376285966,b well below a,2.244335122078148,2.3820050851193315,b well below a,2.263 2.359 2.318,estimate
C,50,6,0.3,H,P1x,3.8733123049627003,4.287406122894817,0.9034162367495701,-0.4140938179321165,-0.4759382839639659,-0.3498283941552476,-0.4869453884387626,-0.3367332136253731,a well below b,-0.4700041864003226,-0.3565382986326363,a well below b,-0.4720977646320949,-0.3532342415283544,a well below b,-0.466 -0.365 -0.412,estimate
C,50,11,0.1,H,O,2.655240428616541,3.093323736931118,0.8583778014941303,-0.4380833083145772,-0.49002935847531576,-0.389317516282524,-0.5011410043072836,-0.37965019183252746,a well below b,-0.4887088360689414,-0.39218139925134765,a well below b,-0.4893663461837817,-0.3891111846565284,a well below b,-0.479 -0.423 -0.412,estimate
C,50,11,0.1,H,L_range,2.655240428616541,1.7231716967842186,1.5409029950827002,0.9320687318323224,0.8603038412225883,1.0017317909452443,0.8499680023043643,1.0137265361364751,b well below a,0.8854075223854264,0.9785071031231414,b well below a,0.8814432040779584,0.9804933889093956,b well below a,0.837 0.933 1.027,estimate
C,50,11,0.1,H,L_range_wide,2.655240428616541,2.1052428463617656,1.2612513721185512,0.5499975822547754,0.4915479592426455,0.6074458091087379,0.4818723815276096,0.6150360618570417,b well below a,0.4915644657727256,0.6106343205024617,b well below a,0.4885767838283037,0.6133991642908069,b well below a,0.509 0.565 0.576,estimate
C,50,11,0.1,H,P1,2.655240428616541,0.09903918047805073,26.81000000000001,2.5562012481384904,2.5040406130867163,2.6085874724346856,2.4918202786510637,2.616953532096734,b well below a,2.5036994781317365,2.608694764880203,b well below a,2.4989786105289498,2.611019434533091,b well below a,2.515 2.571 2.582,estimate
C,50,11,0.1,H,L0,2.655240428616541,0.5534089318045747,4.797971763770134,2.1018314968119665,2.0503091142566063,2.152891696525094,2.040531746272745,2.1623581915257875,b well below a,2.04812199902105,2.153664752350492,b well below a,2.045486456384995,2.1548752312230013,b well below a,2.062 2.115 2.129,estimate
C,50,11,0.1,H,P1x,2.655240428616541,3.0890320391104025,0.859570375120231,-0.4337916104938615,-0.4879440335085833,-0.38272040642734756,-0.49785345373308143,-0.3740324694287455,a well below b,-0.48760289855360295,-0.3849185260162906,a well below b,-0.4884007141741213,-0.38152093190822445,a well below b,-0.475 -0.419 -0.408,estimate
C,50,11,0.3,H,O,3.802554312687826,4.227652484006392,0.8994481753344787,-0.4250981713185662,-0.49203215079164914,-0.3606071582972753,-0.510604748219629,-0.3509178251405073,a well below b,-0.48474726884982006,-0.36842300029000163,a well below b,-0.48475001993816536,-0.36534453243014253,a well below b,-0.492 -0.387 -0.396,estimate
C,50,11,0.3,H,L_range,3.802554312687826,2.8131528997120996,1.3517055233922701,0.9894014129757265,0.9083983676980684,1.0757855870593596,0.8896827136760627,1.095596174243317,b well below a,0.9245830204411892,1.052016183744628,b well below a,0.9217246396490593,1.0546599796457234,b well below a,0.867 1.022 1.080,estimate
C,50,11,0.3,H,L_range_wide,3.802554312687826,3.1847699135725187,1.1939808576068551,0.6177843991153074,0.5424045784181248,0.6939345245495421,0.5274359067242064,0.7074781324799155,b well below a,0.5449355796970083,0.6872328733371936,b well below a,0.5455738321934219,0.6919674963817146,b well below a,0.551 0.656 0.647,estimate
C,50,11,0.3,H,P1,3.802554312687826,0.200389275167256,18.97583745194948,3.60216503752057,3.526229496977371,3.6755695767848855,3.509833010431561,3.689115935803605,b well below a,3.5297398857076487,3.6706121155842895,b well below a,3.5284303676546607,3.671167835430306,b well below a,3.535 3.640 3.631,estimate
C,50,11,0.3,H,L0,3.802554312687826,1.5351072974097866,2.4770609318996417,2.2674470152780395,2.192606407896793,2.3392009015343875,2.17820170931393,2.3519687025510163,b well below a,2.1979820345260728,2.3343589860443488,b well below a,2.1960287617999787,2.337222869013173,b well below a,2.203 2.302 2.297,estimate
C,50,11,0.3,H,P1x,3.802554312687826,4.230953790022327,0.898746358718269,-0.428399477334501,-0.49806253644742327,-0.36401300567038264,-0.5166021208152447,-0.35136075036431086,a well below b,-0.49168276257163024,-0.36918780285036107,a well below b,-0.49244756513198745,-0.36598003383821015,a well below b,-0.495 -0.391 -0.399,estimate
C,56,3,0.1,H,O,2.7047557812738434,3.1248056325182625,0.8655756867329046,-0.42004985124441907,-0.4664501406094179,-0.37669948906019357,-0.47765146997593616,-0.36927860835487625,a well below b,-0.46802076179233154,-0.3752201830623332,a well below b,-0.46851995147062236,-0.37098011463636604,a well below b,-0.443 -0.405 -0.412,estimate
C,56,3,0.1,H,L_range,2.7047557812738434,0.948703895912032,2.851001026694045,1.7560518853618114,1.7114839873768783,1.7996396670271744,1.7029612367719196,1.809629548271987,b well below a,1.7100168567370246,1.8053803483275148,b well below a,1.7073474094939716,1.8069540133499309,b well below a,1.740 1.766 1.762,estimate
C,56,3,0.1,H,L_range_wide,2.7047557812738434,0.9898566059759779,2.732472324723247,1.7148991752978655,1.6699721042517237,1.7593574950607354,1.6620520338681144,1.7667814196055545,b well below a,1.6670469744905216,1.764215462905562,b well below a,1.6654611341100987,1.765801303285984,b well below a,1.692 1.730 1.723,estimate
C,56,3,0.1,H,P1,2.7047557812738434,0.10957822206376136,24.683333333333337,2.595177559210082,2.5461108664415315,2.6430267161779244,2.5367267092575703,2.649972757920966,b well below a,2.5446498234806807,2.647288091480404,b well below a,2.543423156161467,2.648146454219904,b well below a,2.573 2.610 2.603,estimate
C,56,3,0.1,H,L0,2.7047557812738434,0.3647737258922546,7.414886515353804,2.3399820553815887,2.2916458840934637,2.387118953906017,2.28141553952801,2.3962504724113307,b well below a,2.289076883553968,2.3922386919479957,b well below a,2.2876249721116233,2.393806269291408,b well below a,2.318 2.354 2.348,estimate
C,56,3,0.1,H,P1x,2.7047557812738434,3.1112909851303985,0.8693355247710729,-0.40653520385655506,-0.4531729127026924,-0.36413451959688253,-0.4631658377870073,-0.35600442428765167,a well below b,-0.45377559292404346,-0.36148333539083977,a well below b,-0.45718773700552884,-0.3585612494691395,a well below b,-0.429 -0.392 -0.398,estimate
C,56,3,0.3,H,O,3.834750757911365,4.255652884216279,0.9010957571596143,-0.4209021263049144,-0.4744737015360867,-0.3679332312950936,-0.48288078623997904,-0.35831774230899827,a well below b,-0.4742301943759446,-0.3658634204338887,a well below b,-0.47569732501579765,-0.3619703497111235,a well below b,-0.451 -0.406 -0.405,estimate
C,56,3,0.3,H,L_range,3.834750757911365,1.9682683754252963,1.9482865272794752,1.8664823824860686,1.8100982995552601,1.9162856844140492,1.7992713624474603,1.929316361321131,b well below a,1.8076723594723485,1.9216458857766672,b well below a,1.8040227959097253,1.9234661017987267,b well below a,1.839 1.877 1.883,estimate
C,56,3,0.3,H,L_range_wide,3.834750757911365,2.0085688104287467,1.9091956113232704,1.8261819474826182,1.769073430750388,1.8793943496525822,1.7562953925219542,1.8909609397593132,b well below a,1.7672471270493268,1.883162622955775,b well below a,1.7625048251055668,1.885606826075697,b well below a,1.796 1.841 1.842,estimate
C,56,3,0.3,H,P1,3.834750757911365,0.22609639819156097,16.960689283791062,3.6086543597198038,3.5509431627662233,3.665172371588691,3.5392517752399204,3.6761088869185543,b well below a,3.548864220386514,3.66941548385416,b well below a,3.545309015848445,3.6710043680740845,b well below a,3.578 3.624 3.624,estimate
C,56,3,0.3,H,L0,3.834750757911365,1.3490296671849733,2.8425992779783398,2.4857210907263916,2.4301953705350825,2.5373567840344373,2.4188631560699885,2.5496660709796,b well below a,2.4282503570934506,2.5434414191984778,b well below a,2.42690802387317,2.545629939800251,b well below a,2.457 2.499 2.501,estimate
C,56,3,0.3,H,P1x,3.834750757911365,4.246156104970754,0.903111111111111,-0.411405347059389,-0.4651108512286392,-0.35841818901255673,-0.47338400699445277,-0.3494236432848222,a well below b,-0.4640089813289978,-0.3561109586702142,a well below b,-0.465710487610488,-0.3529636286253828,a well below b,-0.442 -0.396 -0.396,estimate
C,56,6,0.1,H,O,2.606500642156671,3.103985770326148,0.8397269945869615,-0.497485128169477,-0.5474040959985236,-0.449270710461422,-0.5583740935629065,-0.44097320397959344,a well below b,-0.5534917750020654,-0.44652516723082386,a well below b,-0.5535009065205712,-0.4440353065183755,a well below b,-0.513 -0.472 -0.507,estimate
C,56,6,0.1,H,L_range,2.606500642156671,1.2860830662883462,2.0266969610905994,1.3204175758683248,1.2618480161752446,1.3780131069208383,1.2517394251898615,1.3910468276674228,b well below a,1.2753596197236063,1.3687659225144577,b well below a,1.273907708281262,1.3702208777963047,b well below a,1.266 1.331 1.365,estimate
C,56,6,0.1,H,L_range_wide,2.606500642156671,1.4756533904586533,1.7663366336633666,1.1308472516980177,1.0779940225892632,1.1804192218238625,1.0711819097842992,1.1917392609309487,b well below a,1.0744753441252157,1.1885614924911005,b well below a,1.0741070395455012,1.1894137675515963,b well below a,1.115 1.156 1.121,estimate
C,56,6,0.1,H,P1,2.606500642156671,0.10957822206376136,23.786666666666672,2.4969224200929094,2.448330566286635,2.5438036360991885,2.4392081792998264,2.5556167772055622,b well below a,2.444081366342162,2.550256575842943,b well below a,2.4437130617624474,2.551961125963935,b well below a,2.481 2.522 2.487,estimate
C,56,6,0.1,H,L0,2.606500642156671,0.370739651315726,7.030541871921183,2.235760990840945,2.188764108933599,2.281296829787441,2.179507793008712,2.292504246832963,b well below a,2.18352566115105,2.2881211179504124,b well below a,2.183282153990908,2.289947421651475,b well below a,2.222 2.259 2.227,estimate
C,56,6,0.1,H,P1x,2.606500642156671,3.0933932088599843,0.8426024324005195,-0.48689256670331327,-0.5362210296690164,-0.43903732205646717,-0.5472884300974563,-0.4313698903515056,a well below b,-0.5413438115504973,-0.43587172897462484,a well below b,-0.5421717358949794,-0.4342858885942023,a well below b,-0.503 -0.461 -0.497,estimate
C,56,6,0.3,H,O,3.7261465644881704,4.226432024999277,0.8816293607582172,-0.5002854605111069,-0.5594881388205546,-0.441356727756816,-0.5710303782112716,-0.43121769837641677,a well below b,-0.5565417021828405,-0.4413506400778125,a well below b,-0.5592141932653942,-0.4385533515756861,a well below b,-0.545 -0.474 -0.482,estimate
C,56,6,0.3,H,L_range,3.7261465644881704,2.2823926120080786,1.6325616131441374,1.4437539524800918,1.3727716152987886,1.5152233039816783,1.3596222286511375,1.5279069831855592,b well below a,1.3850687268859443,1.5052395104158691,b well below a,1.38030207422617,1.5090138713980652,b well below a,1.355 1.463 1.513,estimate
C,56,6,0.3,H,L_range_wide,3.7261465644881704,2.5118981104416234,1.4833987688430033,1.214248454046547,1.1450863328873035,1.2831609803666457,1.1321652342022848,1.2981366707153605,b well below a,1.1424138418047485,1.285252098104363,b well below a,1.1403288117460346,1.2874527940641436,b well below a,1.170 1.240 1.232,estimate
C,56,6,0.3,H,P1,3.7261465644881704,0.22025222634816036,16.917634051962413,3.50589433814001,3.444043519464021,3.5666554622743663,3.4321086247775763,3.579567429440879,b well below a,3.4446461996853714,3.567994751655146,b well below a,3.442214171923456,3.5700615186768485,b well below a,3.462 3.532 3.524,estimate
C,56,6,0.3,H,L0,3.7261465644881704,1.324922458330946,2.8123506708325676,2.4012241061572244,2.342879790587275,2.4602745924915848,2.33156279531969,2.4724499504986692,b well below a,2.3449556891274828,2.458950522308314,b well below a,2.3424140831435047,2.4617478108104427,b well below a,2.359 2.424 2.421,estimate
C,56,6,0.3,H,P1x,3.7261465644881704,4.220222592415664,0.8829265478045121,-0.4940760279274934,-0.552280326880361,-0.4370892647753344,-0.5637342949255263,-0.42491086292874775,a well below b,-0.548627719478235,-0.43757323525611425,a well below b,-0.5526425437810727,-0.4342919762732058,a well below b,-0.538 -0.468 -0.476,estimate
C,56,11,0.1,H,O,2.5249257435092036,3.0418914444900165,0.8300512327889847,-0.5169657009808128,-0.5677491192283624,-0.4637532988108482,-0.5782077517564472,-0.45486833130517873,a well below b,-0.5707868710511295,-0.46424640081013546,a well below b,-0.5718765655927633,-0.46266056042971254,a well below b,-0.543 -0.516 -0.492,estimate
C,56,11,0.1,H,L_range,2.5249257435092036,1.3377065842383848,1.8875034131246016,1.1872191592708188,1.1190371544311455,1.2533313532492885,1.1058816801044904,1.265893278873098,b well below a,1.1372971476022709,1.2332420125375994,b well below a,1.135458668543201,1.2381182434194364,b well below a,1.108 1.173 1.281,estimate
C,56,11,0.1,H,L_range_wide,2.5249257435092036,1.7379106019312558,1.4528513380972394,0.7870151415779478,0.7334435663467762,0.8404710509080536,0.7228479610411114,0.8493712376112326,b well below a,0.7267471194428796,0.8430217884105378,b well below a,0.7252799888030257,0.8465617737510979,b well below a,0.761 0.788 0.812,estimate
C,56,11,0.1,H,P1,2.5249257435092036,0.10957822206376136,23.042222222222225,2.415347521445442,2.3650450298391723,2.4658752571748432,2.357386729652716,2.4731987350161053,b well below a,2.361526351375125,2.467954199554553,b well below a,2.3610454247338453,2.471600719277675,b well below a,2.390 2.416 2.440,estimate
C,56,11,0.1,H,L0,2.5249257435092036,0.36818282613423825,6.857804232804232,2.1567429173749653,2.107548383347341,2.206053117303658,2.0991412986434486,2.213863609465203,b well below a,2.1046232535861384,2.208250769423937,b well below a,2.1047389194872053,2.21201904272713,b well below a,2.132 2.156 2.181,estimate
C,56,11,0.1,H,P1x,2.5249257435092036,3.028742057842365,0.8336549284450875,-0.5038163143331613,-0.5530108483607861,-0.4514500995446894,-0.5642334846038163,-0.44304910251980145,a well below b,-0.5569039190835512,-0.45181840412440405,a well below b,-0.5586267322415538,-0.45085046316284055,a well below b,-0.530 -0.503 -0.479,estimate
C,56,11,0.3,H,O,3.648467780402971,4.1566672236186815,0.8777387229056826,-0.5081994432157106,-0.5733497839116212,-0.44050445269632105,-0.5847915765987781,-0.4277111952703764,a well below b,-0.5739494202934708,-0.4435482921980918,a well below b,-0.5759005214141042,-0.44195636413866574,a well below b,-0.556 -0.511 -0.457,estimate
C,56,11,0.3,H,L_range,3.648467780402971,2.358245092392216,1.5471113635190252,1.290222688010755,1.2042585728017339,1.3777878627977072,1.1879496807512449,1.3939628259101196,b well below a,1.229455476197396,1.3473251170639817,b well below a,1.224962769092782,1.3476934216436964,b well below a,1.167 1.284 1.420,estimate
C,56,11,0.3,H,L_range_wide,3.648467780402971,2.826022347024406,1.291025806729568,0.8224454333785647,0.7517066033574036,0.8942983086573743,0.7407396496325216,0.9087717654882956,b well below a,0.747807444955634,0.8931842633997267,b well below a,0.7475608939559906,0.8947761914591531,b well below a,0.774 0.820 0.873,estimate
C,56,11,0.3,H,P1,3.648467780402971,0.2198869656079478,16.592469545957922,3.428580814795023,3.3612510850158452,3.491545678728661,3.348950929589188,3.504801599758874,b well below a,3.362934328260325,3.490319011409447,b well below a,3.359905707956063,3.491049532889873,b well below a,3.380 3.426 3.479,estimate
C,56,11,0.3,H,L0,3.648467780402971,1.2471219206656752,2.9255101044615843,2.4013458597372956,2.3365668674606015,2.4629592589321474,2.3241540899723794,2.473548776558809,b well below a,2.342526705205069,2.4577238549891014,b well below a,2.338633634482304,2.4578486524086736,b well below a,2.353 2.395 2.456,estimate
C,56,11,0.3,H,P1x,3.648467780402971,4.147535705113369,0.879671216791428,-0.4990679247103982,-0.5630007296055988,-0.4323408751525708,-0.5765092893144592,-0.4182174598643518,a well below b,-0.5639717144066644,-0.43403324991555453,a well below b,-0.5648270333066612,-0.4296622963910122,a well below b,-0.547 -0.502 -0.448,estimate
