# git_sha=3ae1502e587ecae9843cee53e9c656e0868cbe33-dirty; Adapt the Physics stage 2; part A horizons (seed-pooled)
world,Re,arm,w,eps,score,seeds,n,restricted_mean,ci95_lo,ci95_hi,cond_ci95_lo,cond_ci95_hi,nested_ci95_lo,nested_ci95_hi,seed_sd,phys_time,per_seed,S1,S3,retention,ratio_to_L_range,label
D,36,O,3,0.1,future,1,300,2.570065691721563,2.368906087717215,2.763002943206734,2.368906087717215,2.763002943206734,2.368906087717215,2.763002943206734,,27.374597774653218,2.570,0.9666666666666667,0.26666666666666666,1.0,2.6635319679547558,reference
D,36,O,3,0.1,from_t0,1,300,2.570065691721563,2.368906087717215,2.763002943206734,2.368906087717215,2.763002943206734,2.368906087717215,2.763002943206734,,27.374597774653218,2.570,0.9666666666666667,0.26666666666666666,1.0,2.6635319679547558,reference
D,36,O,3,0.3,future,1,300,3.4758226898122895,3.245931972794647,3.7075634034800715,3.245931972794647,3.7075634034800715,3.245931972794647,3.7075634034800715,,37.022107402199815,3.476,1.0,0.38666666666666666,1.0,1.999069857387632,reference
D,36,O,3,0.3,from_t0,1,300,3.4758226898122895,3.245931972794647,3.7075634034800715,3.245931972794647,3.7075634034800715,3.245931972794647,3.7075634034800715,,37.022107402199815,3.476,1.0,0.38666666666666666,1.0,1.999069857387632,reference
D,36,O,6,0.1,future,1,300,2.6705811556561727,2.4790418856136323,2.8721721408280048,2.4790418856136323,2.8721721408280048,2.4790418856136323,2.8721721408280048,,28.44522036776657,2.671,0.9866666666666667,0.2833333333333333,1.0,2.153599469269135,reference
D,36,O,6,0.1,from_t0,1,300,2.6705811556561727,2.4790418856136323,2.8721721408280048,2.4790418856136323,2.8721721408280048,2.4790418856136323,2.8721721408280048,,28.44522036776657,2.671,0.9866666666666667,0.2833333333333333,1.0,2.153599469269135,reference
D,36,O,6,0.3,future,1,300,3.5921108434413207,3.3550877881664083,3.837782074925396,3.3550877881664083,3.837782074925396,3.3550877881664083,3.837782074925396,,38.260729995313156,3.592,1.0,0.38,1.0,1.7103249821580977,reference
D,36,O,6,0.3,from_t0,1,300,3.5921108434413207,3.3550877881664083,3.837782074925396,3.3550877881664083,3.837782074925396,3.3550877881664083,3.837782074925396,,38.260729995313156,3.592,1.0,0.38,1.0,1.7103249821580977,reference
D,36,O,11,0.1,future,1,300,2.6657584887286596,2.4642558748467946,2.8834771460988557,2.4642558748467946,2.8834771460988557,2.4642558748467946,2.8834771460988557,,28.393852588426515,2.666,0.98,0.2633333333333333,1.0,1.839622157242839,reference
D,36,O,11,0.1,from_t0,1,300,2.6657584887286596,2.4642558748467946,2.8834771460988557,2.4642558748467946,2.8834771460988557,2.4642558748467946,2.8834771460988557,,28.393852588426515,2.666,0.98,0.2633333333333333,1.0,1.839622157242839,reference
D,36,O,11,0.3,future,1,300,3.5381080537860603,3.3069552797326502,3.7840476435788584,3.3069552797326502,3.7840476435788584,3.3069552797326502,3.7840476435788584,,37.685528882639765,3.538,1.0,0.39,1.0,1.545643194114721,reference
D,36,O,11,0.3,from_t0,1,300,3.5381080537860603,3.3069552797326502,3.7840476435788584,3.3069552797326502,3.7840476435788584,3.3069552797326502,3.7840476435788584,,37.685528882639765,3.538,1.0,0.39,1.0,1.545643194114721,reference
D,36,H,3,0.1,future,3,300,2.381564455313527,2.2162954103598267,2.5475294574004637,2.2184204523105797,2.5399509086799097,2.2172196517471314,2.544858926156277,0.03744056725186658,25.366810369328853,2.422 2.376 2.348,0.9688888888888889,0.22666666666666666,0.9266550901732911,2.4681754559445577,hybrid (learned correction)
D,36,H,3,0.1,from_t0,3,300,2.381564455313527,2.2162374171484007,2.546940444489358,2.2184204523105797,2.5399509086799097,2.2153026654290144,2.5463278998992513,0.03744056725186658,25.366810369328853,2.422 2.376 2.348,0.9688888888888889,0.22666666666666666,0.9266550901732911,2.4681754559445577,hybrid (learned correction)
D,36,H,3,0.3,future,3,300,3.3129509961692456,3.098051158447606,3.535438216224416,3.09888162340991,3.526476283365977,3.092245948800503,3.52450893993285,0.03860960687134128,35.287308514873196,3.351 3.315 3.273,1.0,0.36333333333333334,0.9531415413909275,1.9053965252185894,hybrid (learned correction)
D,36,H,3,0.3,from_t0,3,300,3.3129509961692456,3.0980370122503844,3.5328174819883253,3.09888162340991,3.526476283365977,3.0968574022874757,3.527632607688447,0.03860960687134128,35.287308514873196,3.351 3.315 3.273,1.0,0.36333333333333334,0.9531415413909275,1.9053965252185894,hybrid (learned correction)
D,36,H,6,0.1,future,3,300,2.4808847159864813,2.3020586079465515,2.669418747736565,2.309774037216056,2.6533872258283933,2.3060672514985137,2.664043727577404,0.05393926322700283,26.424702467399936,2.537 2.477 2.429,0.9844444444444445,0.2411111111111111,0.9289681052126341,2.0006252183538824,hybrid (learned correction)
D,36,H,6,0.1,from_t0,3,300,2.4808847159864813,2.3050965525214306,2.673634543505568,2.309774037216056,2.6533872258283933,2.3044280804642314,2.6594814313430257,0.05393926322700283,26.424702467399936,2.537 2.477 2.429,0.9844444444444445,0.2411111111111111,0.9289681052126341,2.0006252183538824,hybrid (learned correction)
D,36,H,6,0.3,future,3,300,3.4081809630070548,3.1792869735852087,3.6350028031842356,3.1827587060347318,3.632476601137983,3.1832070408334805,3.6369973738703267,0.05692474515275189,36.30163357538648,3.441 3.441 3.342,1.0,0.37555555555555553,0.9487961567861706,1.6227497699269788,hybrid (learned correction)
D,36,H,6,0.3,from_t0,3,300,3.4081809630070548,3.183553120632205,3.6345908210617766,3.1827587060347318,3.632476601137983,3.184034419481213,3.6348695115833305,0.05692474515275189,36.30163357538648,3.441 3.441 3.342,1.0,0.37555555555555553,0.9487961567861706,1.6227497699269788,hybrid (learned correction)
D,36,H,11,0.1,future,3,300,2.450216675124659,2.285084712270088,2.628253970588237,2.289127754071633,2.6253339527877873,2.286358433783804,2.6289786946543696,0.02756088069523117,26.09804728273551,2.469 2.463 2.419,0.9744444444444444,0.24,0.9191442831316667,1.6908781889520996,hybrid (learned correction)
D,36,H,11,0.1,from_t0,3,300,2.450216675124659,2.284367245831488,2.6330626283853205,2.289127754071633,2.6253339527877873,2.287641993059752,2.627841905270791,0.02756088069523117,26.09804728273551,2.469 2.463 2.419,0.9744444444444444,0.24,0.9191442831316667,1.6908781889520996,hybrid (learned correction)
D,36,H,11,0.3,future,3,300,3.4222000536358763,3.196871553176407,3.6568922715567296,3.20606531706681,3.6522064805416945,3.2041153327387772,3.653143122259638,0.02943967107147321,36.45095542671758,3.436 3.442 3.388,1.0,0.3788888888888889,0.9672401186204155,1.4950081064203606,hybrid (learned correction)
D,36,H,11,0.3,from_t0,3,300,3.4222000536358763,3.202467431198653,3.6561610503196103,3.20606531706681,3.6522064805416945,3.203664961491261,3.6496425619402335,0.02943967107147321,36.45095542671758,3.436 3.442 3.388,1.0,0.3788888888888889,0.9672401186204155,1.4950081064203606,hybrid (learned correction)
D,36,P1x,3,0.1,future,1,300,2.5480496456897654,2.348813055327778,2.747255865010775,2.348813055327778,2.747255865010775,2.348813055327778,2.747255865010775,,27.140097774653217,2.548,0.9666666666666667,0.26666666666666666,0.9914336640877649,2.6407152584042786,reference
D,36,P1x,3,0.1,from_t0,1,300,2.5480496456897654,2.348813055327778,2.747255865010775,2.348813055327778,2.747255865010775,2.348813055327778,2.747255865010775,,27.140097774653217,2.548,0.9666666666666667,0.26666666666666666,0.9914336640877649,2.6407152584042786,reference
D,36,P1x,3,0.3,future,1,300,3.426935731919179,3.2020661972915847,3.650709694807367,3.2020661972915847,3.650709694807367,3.2020661972915847,3.650709694807367,,36.50139666197983,3.427,1.0,0.38666666666666666,0.9859351404672053,1.9709532206472309,reference
D,36,P1x,3,0.3,from_t0,1,300,3.426935731919179,3.2020661972915847,3.650709694807367,3.2020661972915847,3.650709694807367,3.2020661972915847,3.650709694807367,,36.50139666197983,3.427,1.0,0.38666666666666666,0.9859351404672053,1.9709532206472309,reference
D,36,P1x,6,0.1,future,1,300,2.644074274364158,2.449711000945115,2.8442099140810897,2.449711000945115,2.8442099140810897,2.449711000945115,2.8442099140810897,,28.162887034433236,2.644,0.9833333333333333,0.28,0.990074489503577,2.132223895131813,reference
D,36,P1x,6,0.1,from_t0,1,300,2.644074274364158,2.449711000945115,2.8442099140810897,2.449711000945115,2.8442099140810897,2.449711000945115,2.8442099140810897,,28.162887034433236,2.644,0.9833333333333333,0.28,0.990074489503577,2.132223895131813,reference
D,36,P1x,6,0.3,future,1,300,3.5738930043984753,3.3364712625092263,3.8144143527258985,3.3364712625092263,3.8144143527258985,3.3364712625092263,3.8144143527258985,,38.06668592175985,3.574,1.0,0.38333333333333336,0.9949283750316034,1.701650855274512,reference
D,36,P1x,6,0.3,from_t0,1,300,3.5738930043984753,3.3364712625092263,3.8144143527258985,3.3364712625092263,3.8144143527258985,3.3364712625092263,3.8144143527258985,,38.06668592175985,3.574,1.0,0.38333333333333336,0.9949283750316034,1.701650855274512,reference
D,36,P1x,11,0.1,future,1,300,2.6202316075552115,2.424070063171666,2.8268452128075787,2.424070063171666,2.8268452128075787,2.424070063171666,2.8268452128075787,,27.908931107986554,2.620,0.9766666666666667,0.26666666666666666,0.9829216032262695,1.8082043601277,reference
D,36,P1x,11,0.1,from_t0,1,300,2.6202316075552115,2.424070063171666,2.8268452128075787,2.424070063171666,2.8268452128075787,2.424070063171666,2.8268452128075787,,27.908931107986554,2.620,0.9766666666666667,0.26666666666666666,0.9829216032262695,1.8082043601277,reference
D,36,P1x,11,0.3,future,1,300,3.5289073181309814,3.298006718567377,3.7727164713391006,3.298006718567377,3.7727164713391006,3.298006718567377,3.7727164713391006,,37.58752888263977,3.529,1.0,0.38,0.9973995323163651,1.5416237989379955,reference
D,36,P1x,11,0.3,from_t0,1,300,3.5289073181309814,3.298006718567377,3.7727164713391006,3.298006718567377,3.7727164713391006,3.298006718567377,3.7727164713391006,,37.58752888263977,3.529,1.0,0.38,0.9973995323163651,1.5416237989379955,reference
D,36,L_range,3,0.1,future,3,300,0.9649088963985807,0.8989337800147364,1.031887148544819,0.901191063672972,1.0295029896627688,0.8990752595808612,1.0302578516058987,0.010569940040358019,10.277555555555555,0.955 0.964 0.976,0.31444444444444447,0.021111111111111112,0.37544133580190114,1.0,learned
D,36,L_range,3,0.1,from_t0,3,300,0.9649088963985807,0.8980566067047632,1.0313969903060516,0.901191063672972,1.0295029896627688,0.901369966866265,1.0312865449673345,0.010569940040358019,10.277555555555555,0.955 0.964 0.976,0.31444444444444447,0.021111111111111112,0.37544133580190114,1.0,learned
D,36,L_range,3,0.3,future,3,300,1.7387199736753902,1.6257161367402897,1.850455971143734,1.6297487607605419,1.8470887574699653,1.6293316242333225,1.847493115197664,0.022134523758031707,18.519666666666666,1.722 1.731 1.764,0.8244444444444444,0.11888888888888889,0.5002326438490707,1.0,learned
D,36,L_range,3,0.3,from_t0,3,300,1.7387199736753902,1.6275699754422208,1.8544958973351413,1.6297487607605419,1.8470887574699653,1.6284434976666171,1.8448588569535607,0.022134523758031707,18.519666666666666,1.722 1.731 1.764,0.8244444444444444,0.11888888888888889,0.5002326438490707,1.0,learned
D,36,L_range,6,0.1,future,3,300,1.2400547055123883,1.1532574480805604,1.3246886947395993,1.1582667374927704,1.322328267913802,1.1564777055598383,1.3234847492704476,0.01940437777275397,13.208222222222222,1.222 1.261 1.237,0.4766666666666667,0.05444444444444444,0.4643388960062147,1.0,learned
D,36,L_range,6,0.1,from_t0,3,300,1.2400547055123883,1.1552737600906866,1.3261546055989304,1.1582667374927704,1.322328267913802,1.1590188611217174,1.3239320072536802,0.01940437777275397,13.208222222222222,1.222 1.261 1.237,0.4766666666666667,0.05444444444444444,0.4643388960062147,1.0,learned
D,36,L_range,6,0.3,future,3,300,2.100250467550778,1.9582944347581905,2.2483786605119818,1.965628552911818,2.2332978515344784,1.962892977042942,2.238811903527766,0.05214260257728352,22.370444444444445,2.040 2.124 2.136,0.9188888888888889,0.18444444444444444,0.584684203547208,1.0,learned
D,36,L_range,6,0.3,from_t0,3,300,2.100250467550778,1.960151011774305,2.2474312038046427,1.965628552911818,2.2332978515344784,1.9655235842014676,2.2364761215296167,0.05214260257728352,22.370444444444445,2.040 2.124 2.136,0.9188888888888889,0.18444444444444444,0.584684203547208,1.0,learned
D,36,L_range,11,0.1,future,3,300,1.449079354819255,1.3587040335215628,1.5428118493053782,1.36096588103677,1.531935265370266,1.3574334557406234,1.5374045915652301,0.031639621711278106,15.434611111111112,1.416 1.453 1.479,0.6455555555555555,0.07222222222222222,0.543589886685625,1.0,learned
D,36,L_range,11,0.1,from_t0,3,300,1.449079354819255,1.3543190797430902,1.5390457545322769,1.36096588103677,1.531935265370266,1.3594388144940173,1.5364242750876949,0.031639621711278106,15.434611111111112,1.416 1.453 1.479,0.6455555555555555,0.07222222222222222,0.543589886685625,1.0,learned
D,36,L_range,11,0.3,future,3,300,2.2890846136145533,2.1466822356101276,2.427525563767487,2.157734071652955,2.4171108421579177,2.1545822720282537,2.415485196304575,0.046974192210459266,24.381777777777774,2.235 2.314 2.318,0.9655555555555555,0.21222222222222223,0.6469798487824725,1.0,learned
D,36,L_range,11,0.3,from_t0,3,300,2.2890846136145533,2.149134852346754,2.4300238190738312,2.157734071652955,2.4171108421579177,2.1566113628379004,2.420306454809548,0.046974192210459266,24.381777777777774,2.235 2.314 2.318,0.9655555555555555,0.21222222222222223,0.6469798487824725,1.0,learned
D,36,L_range_wide,3,0.1,future,1,300,0.9066010597273029,0.8585080477302307,0.9552444728751699,0.8585080477302307,0.9552444728751699,0.8585080477302307,0.9552444728751699,,9.6565,0.907,0.29333333333333333,0.0033333333333333335,0.352754041520244,0.939571666414409,learned
D,36,L_range_wide,3,0.1,from_t0,1,300,0.9066010597273029,0.8585080477302307,0.9552444728751699,0.8585080477302307,0.9552444728751699,0.8585080477302307,0.9552444728751699,,9.6565,0.907,0.29333333333333333,0.0033333333333333335,0.352754041520244,0.939571666414409,learned
D,36,L_range_wide,3,0.3,future,1,300,1.5740925249898596,1.5005961723165457,1.6456200297655539,1.5005961723165457,1.6456200297655539,1.5005961723165457,1.6456200297655539,,16.766166666666663,1.574,0.8333333333333334,0.03666666666666667,0.4528690515783669,0.905316870354038,learned
D,36,L_range_wide,3,0.3,from_t0,1,300,1.5740925249898596,1.5005961723165457,1.6456200297655539,1.5005961723165457,1.6456200297655539,1.5005961723165457,1.6456200297655539,,16.766166666666663,1.574,0.8333333333333334,0.03666666666666667,0.4528690515783669,0.905316870354038,learned
D,36,L_range_wide,6,0.1,future,1,300,1.1429723400089893,1.0814122988596313,1.202344468126083,1.0814122988596313,1.202344468126083,1.0814122988596313,1.202344468126083,,12.174166666666665,1.143,0.49666666666666665,0.006666666666666667,0.4279863720255138,0.9217112236485691,learned
D,36,L_range_wide,6,0.1,from_t0,1,300,1.1429723400089893,1.0814122988596313,1.202344468126083,1.0814122988596313,1.202344468126083,1.0814122988596313,1.202344468126083,,12.174166666666665,1.143,0.49666666666666665,0.006666666666666667,0.4279863720255138,0.9217112236485691,learned
D,36,L_range_wide,6,0.3,future,1,300,1.9082763878904276,1.8149327340182988,2.0005274544035156,1.8149327340182988,2.0005274544035156,1.8149327340182988,2.0005274544035156,,20.325666666666667,1.908,0.9166666666666666,0.12333333333333334,0.5312409530387033,0.9085946735275711,learned
D,36,L_range_wide,6,0.3,from_t0,1,300,1.9082763878904276,1.8149327340182988,2.0005274544035156,1.8149327340182988,2.0005274544035156,1.8149327340182988,2.0005274544035156,,20.325666666666667,1.908,0.9166666666666666,0.12333333333333334,0.5312409530387033,0.9085946735275711,learned
D,36,L_range_wide,11,0.1,future,1,300,1.3783578271847745,1.303968784087783,1.4482423434506329,1.303968784087783,1.4482423434506329,1.303968784087783,1.4482423434506329,,14.681333333333333,1.378,0.69,0.03,0.5170602787209483,0.9511955453652144,learned
D,36,L_range_wide,11,0.1,from_t0,1,300,1.3783578271847745,1.303968784087783,1.4482423434506329,1.303968784087783,1.4482423434506329,1.303968784087783,1.4482423434506329,,14.681333333333333,1.378,0.69,0.03,0.5170602787209483,0.9511955453652144,learned
D,36,L_range_wide,11,0.3,future,1,300,2.1771788406668597,2.0682925154916862,2.2870454823195683,2.0682925154916862,2.2870454823195683,2.0682925154916862,2.2870454823195683,,23.189833333333333,2.177,0.9766666666666667,0.18333333333333332,0.615351144614451,0.9511133086640297,learned
D,36,L_range_wide,11,0.3,from_t0,1,300,2.1771788406668597,2.0682925154916862,2.2870454823195683,2.0682925154916862,2.2870454823195683,2.0682925154916862,2.2870454823195683,,23.189833333333333,2.177,0.9766666666666667,0.18333333333333332,0.615351144614451,0.9511133086640297,learned
D,36,L0,3,0.1,future,3,300,0.4294771964710347,0.41085574725483653,0.44941212372370704,0.4111843449568036,0.449412123723707,0.41103647599091836,0.449303503927779,0.0012343693449034785,4.5745,0.428 0.430 0.430,0.016666666666666666,0.0,0.16710747816852442,0.44509611018616624,learned
D,36,L0,3,0.1,from_t0,3,300,0.4294771964710347,0.4111469213296352,0.448905535599841,0.4111843449568036,0.449412123723707,0.4110027034493274,0.4493409275549475,0.0012343693449034785,4.5745,0.428 0.430 0.430,0.016666666666666666,0.0,0.16710747816852442,0.44509611018616624,learned
D,36,L0,3,0.3,future,3,300,1.0049978160385702,0.9585140200097426,1.0525897165401423,0.9583716276722236,1.0520237982756433,0.958514932781137,1.05253677579927,0.003863773279869184,10.704555555555554,1.003 1.009 1.003,0.3511111111111111,0.0011111111111111111,0.28913955219414395,0.5780101633698711,learned
D,36,L0,3,0.3,from_t0,3,300,1.0049978160385702,0.9584747708397854,1.052906448213983,0.9583716276722236,1.0520237982756433,0.9589558013646097,1.051805645912393,0.003863773279869184,10.704555555555554,1.003 1.009 1.003,0.3511111111111111,0.0011111111111111111,0.28913955219414395,0.5780101633698711,learned
D,36,L0,6,0.1,future,3,300,0.4344426728563157,0.4158942453516658,0.45456106715925304,0.41589424535166575,0.45448987099049354,0.4161096594007331,0.45419778414430056,0.0015847562078605251,4.6273888888888886,0.434 0.436 0.433,0.006666666666666667,0.0,0.16267720302608493,0.3503415380991638,learned
D,36,L0,6,0.1,from_t0,3,300,0.4344426728563157,0.4159636159776366,0.45456106715925304,0.41589424535166575,0.45448987099049354,0.41600286514759377,0.4542324694572859,0.0015847562078605251,4.6273888888888886,0.434 0.436 0.433,0.006666666666666667,0.0,0.16267720302608493,0.3503415380991638,learned
D,36,L0,6,0.3,future,3,300,0.9958701020950389,0.9514345650751399,1.0414511672148512,0.9519092062002035,1.04155157206823,0.951760424462924,1.0417669861172973,0.0016862324404133765,10.607333333333333,0.994 0.996 0.997,0.3477777777777778,0.0,0.2772381325351791,0.47416730408177454,learned
D,36,L0,6,0.3,from_t0,3,300,0.9958701020950389,0.9521218819350877,1.0417359518898894,0.9519092062002035,1.04155157206823,0.9519822279117516,1.0417332135757063,0.0016862324404133765,10.607333333333333,0.994 0.996 0.997,0.3477777777777778,0.0,0.2772381325351791,0.47416730408177454,learned
D,36,L0,11,0.1,future,3,300,0.4356110202410878,0.41749707192014984,0.4546705997265755,0.41786491879207416,0.45514524085163904,0.4177207009117664,0.45521917533458167,0.0018684856278631768,4.639833333333334,0.435 0.438 0.434,0.013333333333333334,0.0,0.16340978452584323,0.3006122603240193,learned
D,36,L0,11,0.1,from_t0,3,300,0.4356110202410878,0.41735376681123637,0.4552191753345817,0.41786491879207416,0.45514524085163904,0.4180456475281561,0.45478195783668657,0.0018684856278631768,4.639833333333334,0.435 0.438 0.434,0.013333333333333334,0.0,0.16340978452584323,0.3006122603240193,learned
D,36,L0,11,0.3,future,3,300,0.9962717215085544,0.9522387166735649,1.0403476265990783,0.9516162065826161,1.0415104973554843,0.9515431848710676,1.041256746907854,0.0009817279623735708,10.611611111111111,0.997 0.996 0.996,0.36666666666666664,0.0011111111111111111,0.28158318128313337,0.4352271277274468,learned
D,36,L0,11,0.3,from_t0,3,300,0.9962717215085544,0.951763162777107,1.0411453887977429,0.9516162065826161,1.0415104973554843,0.951654542981179,1.0419842257091532,0.0009817279623735708,10.611611111111111,0.997 0.996 0.996,0.36666666666666664,0.0011111111111111111,0.28158318128313337,0.4352271277274468,learned
D,36,L0big,3,0.1,future,1,300,0.41249964853606647,0.39453630749519686,0.43156105356434293,0.39453630749519686,0.43156105356434293,0.39453630749519686,0.43156105356434293,,4.393666666666666,0.412,0.013333333333333334,0.0,0.16050159724117902,0.42750113515967914,learned
D,36,L0big,3,0.1,from_t0,1,300,0.41249964853606647,0.39453630749519686,0.43156105356434293,0.39453630749519686,0.43156105356434293,0.39453630749519686,0.43156105356434293,,4.393666666666666,0.412,0.013333333333333334,0.0,0.16050159724117902,0.42750113515967914,learned
D,36,L0big,3,0.3,future,1,300,0.9848073127954791,0.9393430824141439,1.0303755991157701,0.9393430824141439,1.0303755991157701,0.9393430824141439,1.0303755991157701,,10.4895,0.985,0.3333333333333333,0.0,0.2833307106493005,0.5663978833312335,learned
D,36,L0big,3,0.3,from_t0,1,300,0.9848073127954791,0.9393430824141439,1.0303755991157701,0.9393430824141439,1.0303755991157701,0.9393430824141439,1.0303755991157701,,10.4895,0.985,0.3333333333333333,0.0,0.2833307106493005,0.5663978833312335,learned
D,36,L0big,6,0.1,future,1,300,0.4188525374407643,0.4008864580857116,0.4383548110525132,0.4008864580857116,0.4383548110525132,0.4008864580857116,0.4383548110525132,,4.461333333333333,0.419,0.006666666666666667,0.0,0.15683947164595735,0.33776940289718527,learned
D,36,L0big,6,0.1,from_t0,1,300,0.4188525374407643,0.4008864580857116,0.4383548110525132,0.4008864580857116,0.4383548110525132,0.4008864580857116,0.4383548110525132,,4.461333333333333,0.419,0.006666666666666667,0.0,0.15683947164595735,0.33776940289718527,learned
D,36,L0big,6,0.3,future,1,300,0.9731968606593072,0.9297096931181411,1.0190992213099317,0.9297096931181411,1.0190992213099317,0.9297096931181411,1.0190992213099317,,10.365833333333333,0.973,0.33666666666666667,0.0,0.2709261776919343,0.46337181002711914,learned
D,36,L0big,6,0.3,from_t0,1,300,0.9731968606593072,0.9297096931181411,1.0190992213099317,0.9297096931181411,1.0190992213099317,0.9297096931181411,1.0190992213099317,,10.365833333333333,0.973,0.33666666666666667,0.0,0.2709261776919343,0.46337181002711914,learned
D,36,L0big,11,0.1,future,1,300,0.4179762769021853,0.4006646546368837,0.4370349436162786,0.4006646546368837,0.4370349436162786,0.4006646546368837,0.4370349436162786,,4.452,0.418,0.013333333333333334,0.0,0.15679450282892074,0.2884426415379576,learned
D,36,L0big,11,0.1,from_t0,1,300,0.4179762769021853,0.4006646546368837,0.4370349436162786,0.4006646546368837,0.4370349436162786,0.4006646546368837,0.4370349436162786,,4.452,0.418,0.013333333333333334,0.0,0.15679450282892074,0.2884426415379576,learned
D,36,L0big,11,0.3,future,1,300,0.9711157418801819,0.9279571720409829,1.0141647791520587,0.9279571720409829,1.0141647791520587,0.9279571720409829,1.0141647791520587,,10.343666666666664,0.971,0.3466666666666667,0.0,0.27447317241795655,0.4242375909148909,learned
D,36,L0big,11,0.3,from_t0,1,300,0.9711157418801819,0.9279571720409829,1.0141647791520587,0.9279571720409829,1.0141647791520587,0.9279571720409829,1.0141647791520587,,10.343666666666664,0.971,0.3466666666666667,0.0,0.27447317241795655,0.4242375909148909,learned
D,36,P1,3,0.1,future,1,300,0.207345149941257,0.20482590089284233,0.2098643989896716,0.20482590089284233,0.2098643989896716,0.20482590089284233,0.2098643989896716,,2.2085,0.207,0.0,0.0,0.08067698448686986,0.21488572725896776,reference
D,36,P1,3,0.1,from_t0,1,300,0.207345149941257,0.20482590089284233,0.2098643989896716,0.20482590089284233,0.2098643989896716,0.20482590089284233,0.2098643989896716,,2.2085,0.207,0.0,0.0,0.08067698448686986,0.21488572725896776,reference
D,36,P1,3,0.3,future,1,300,0.45236950304141116,0.44042771488908916,0.4654038785527738,0.44042771488908916,0.4654038785527738,0.44042771488908916,0.4654038785527738,,4.8183333333333325,0.452,0.0,0.0,0.13014746246041717,0.2601738692201083,reference
D,36,P1,3,0.3,from_t0,1,300,0.45236950304141116,0.44042771488908916,0.4654038785527738,0.44042771488908916,0.4654038785527738,0.44042771488908916,0.4654038785527738,,4.8183333333333325,0.452,0.0,0.0,0.13014746246041717,0.2601738692201083,reference
D,36,P1,6,0.1,future,1,300,0.21698401586562605,0.214355234249889,0.2198318626160078,0.214355234249889,0.2198318626160078,0.214355234249889,0.2198318626160078,,2.3111666666666664,0.217,0.0,0.0,0.08124973674964474,0.1749793899422918,reference
D,36,P1,6,0.1,from_t0,1,300,0.21698401586562605,0.214355234249889,0.2198318626160078,0.214355234249889,0.2198318626160078,0.214355234249889,0.2198318626160078,,2.3111666666666664,0.217,0.0,0.0,0.08124973674964474,0.1749793899422918,reference
D,36,P1,6,0.3,future,1,300,0.47712386325626815,0.463979955177583,0.49158216214282163,0.463979955177583,0.49158216214282163,0.463979955177583,0.49158216214282163,,5.082000000000001,0.477,0.0033333333333333335,0.0,0.13282548452741316,0.22717474445448857,reference
D,36,P1,6,0.3,from_t0,1,300,0.47712386325626815,0.463979955177583,0.49158216214282163,0.463979955177583,0.49158216214282163,0.463979955177583,0.49158216214282163,,5.082000000000001,0.477,0.0033333333333333335,0.0,0.13282548452741316,0.22717474445448857,reference
D,36,P1,11,0.1,future,1,300,0.21917466721207357,0.21588869019240225,0.22224431741128312,0.21588869019240225,0.22224431741128312,0.21588869019240225,0.22224431741128312,,2.3345,0.219,0.0,0.0,0.08221850109032243,0.15125097634105167,reference
D,36,P1,11,0.1,from_t0,1,300,0.21917466721207357,0.21588869019240225,0.22224431741128312,0.21588869019240225,0.22224431741128312,0.21588869019240225,0.22224431741128312,,2.3345,0.219,0.0,0.0,0.08221850109032243,0.15125097634105167,reference
D,36,P1,11,0.3,future,1,300,0.4947586065951705,0.4805166345290786,0.5098768391998415,0.4805166345290786,0.5098768391998415,0.4805166345290786,0.5098768391998415,,5.269833333333333,0.495,0.0033333333333333335,0.0,0.1398370538926133,0.21613819063417122,reference
D,36,P1,11,0.3,from_t0,1,300,0.4947586065951705,0.4805166345290786,0.5098768391998415,0.4805166345290786,0.5098768391998415,0.4805166345290786,0.5098768391998415,,5.269833333333333,0.495,0.0033333333333333335,0.0,0.1398370538926133,0.21613819063417122,reference
D,36,persistence,3,0.1,future,1,300,0.04414162463091736,0.04195097328446985,0.046660873679332,0.04195097328446985,0.046660873679332,0.04195097328446985,0.046660873679332,,0.47016666666666657,0.044,0.0,0.0,0.017175290411098016,0.045746935068866346,reference
D,36,persistence,3,0.1,from_t0,1,300,0.04414162463091736,0.04195097328446985,0.046660873679332,0.04195097328446985,0.046660873679332,0.04195097328446985,0.046660873679332,,0.47016666666666657,0.044,0.0,0.0,0.017175290411098016,0.045746935068866346,reference
D,36,persistence,3,0.3,future,1,300,0.11599498879439575,0.10120809220587505,0.13648305551204606,0.10120809220587505,0.13648305551204606,0.10120809220587505,0.13648305551204606,,1.2354999999999998,0.116,0.0033333333333333335,0.0,0.03337195223863966,0.06671286380244425,reference
D,36,persistence,3,0.3,from_t0,1,300,0.11599498879439575,0.10120809220587505,0.13648305551204606,0.10120809220587505,0.13648305551204606,0.10120809220587505,0.13648305551204606,,1.2354999999999998,0.116,0.0033333333333333335,0.0,0.03337195223863966,0.06671286380244425,reference
D,36,persistence,6,0.1,future,1,300,0.04534648287146349,0.04293676639037123,0.047975264487200506,0.04293676639037123,0.047975264487200506,0.04293676639037123,0.047975264487200506,,0.48299999999999993,0.045,0.0,0.0,0.016980005559996427,0.03656813096219526,reference
D,36,persistence,6,0.1,from_t0,1,300,0.04534648287146349,0.04293676639037123,0.047975264487200506,0.04293676639037123,0.047975264487200506,0.04293676639037123,0.047975264487200506,,0.48299999999999993,0.045,0.0,0.0,0.016980005559996427,0.03656813096219526,reference
D,36,persistence,6,0.3,future,1,300,0.12201927999712642,0.105586656584587,0.14425712947775168,0.105586656584587,0.14425712947775168,0.105586656584587,0.14425712947775168,,1.2996666666666665,0.122,0.006666666666666667,0.0,0.0339686845187186,0.058097489743411446,reference
D,36,persistence,6,0.3,from_t0,1,300,0.12201927999712642,0.105586656584587,0.14425712947775168,0.105586656584587,0.14425712947775168,0.105586656584587,0.14425712947775168,,1.2996666666666665,0.122,0.006666666666666667,0.0,0.0339686845187186,0.058097489743411446,reference
D,36,persistence,11,0.1,future,1,300,0.04633227597736487,0.043703494361627855,0.049508720429713764,0.043703494361627855,0.049508720429713764,0.043703494361627855,0.049508720429713764,,0.4934999999999999,0.046,0.0,0.0,0.01738052271924357,0.03197359469878303,reference
D,36,persistence,11,0.1,from_t0,1,300,0.04633227597736487,0.043703494361627855,0.049508720429713764,0.043703494361627855,0.049508720429713764,0.043703494361627855,0.049508720429713764,,0.4934999999999999,0.046,0.0,0.0,0.01738052271924357,0.03197359469878303,reference
D,36,persistence,11,0.3,future,1,300,0.12377180107428441,0.10821543820032402,0.14513339001633072,0.10821543820032402,0.14513339001633072,0.10821543820032402,0.14513339001633072,,1.3183333333333331,0.124,0.006666666666666667,0.0,0.034982481934614354,0.05407043511547786,reference
D,36,persistence,11,0.3,from_t0,1,300,0.12377180107428441,0.10821543820032402,0.14513339001633072,0.10821543820032402,0.14513339001633072,0.10821543820032402,0.14513339001633072,,1.3183333333333331,0.124,0.006666666666666667,0.0,0.034982481934614354,0.05407043511547786,reference
D,40,O,3,0.1,future,1,300,3.452361231082729,3.25540463734192,3.657177008566692,3.25540463734192,3.657177008566692,3.25540463734192,3.657177008566692,,20.557992091991043,3.452,1.0,0.43333333333333335,1.0,1.4989057569623565,reference
D,40,O,3,0.1,from_t0,1,300,3.452361231082729,3.25540463734192,3.657177008566692,3.25540463734192,3.657177008566692,3.25540463734192,3.657177008566692,,20.557992091991043,3.452,1.0,0.43333333333333335,1.0,1.4989057569623565,reference
D,40,O,3,0.3,future,1,300,4.723936461438538,4.4937469419416916,4.976008981323994,4.4937469419416916,4.976008981323994,4.4937469419416916,4.976008981323994,,28.12992091991038,4.724,1.0,0.73,1.0,1.3585361260884015,reference
D,40,O,3,0.3,from_t0,1,300,4.723936461438538,4.4937469419416916,4.976008981323994,4.4937469419416916,4.976008981323994,4.4937469419416916,4.976008981323994,,28.12992091991038,4.724,1.0,0.73,1.0,1.3585361260884015,reference
D,40,O,6,0.1,future,1,300,3.3575351751254363,3.178617396481225,3.554298017848975,3.178617396481225,3.554298017848975,3.178617396481225,3.554298017848975,,19.99332542532437,3.358,1.0,0.42333333333333334,1.0,1.4682681204212022,reference
D,40,O,6,0.1,from_t0,1,300,3.3575351751254363,3.178617396481225,3.554298017848975,3.178617396481225,3.554298017848975,3.178617396481225,3.554298017848975,,19.99332542532437,3.358,1.0,0.42333333333333334,1.0,1.4682681204212022,reference
D,40,O,6,0.3,future,1,300,4.627685632686024,4.397801747445872,4.876257325577785,4.397801747445872,4.876257325577785,4.397801747445872,4.876257325577785,,27.55677006926165,4.628,1.0,0.7366666666666667,1.0,1.341923414305219,reference
D,40,O,6,0.3,from_t0,1,300,4.627685632686024,4.397801747445872,4.876257325577785,4.397801747445872,4.876257325577785,4.397801747445872,4.876257325577785,,27.55677006926165,4.628,1.0,0.7366666666666667,1.0,1.341923414305219,reference
D,40,O,11,0.1,future,1,300,3.4163383168770505,3.231950931529279,3.6275529342650437,3.231950931529279,3.6275529342650437,3.231950931529279,3.6275529342650437,,20.343484183982078,3.416,1.0,0.44333333333333336,1.0,1.4699285285235693,reference
D,40,O,11,0.1,from_t0,1,300,3.4163383168770505,3.231950931529279,3.6275529342650437,3.231950931529279,3.6275529342650437,3.231950931529279,3.6275529342650437,,20.343484183982078,3.416,1.0,0.44333333333333336,1.0,1.4699285285235693,reference
D,40,O,11,0.3,future,1,300,4.663565946861184,4.4338651790115104,4.91056036119557,4.4338651790115104,4.91056036119557,4.4338651790115104,4.91056036119557,,27.770428827919346,4.664,1.0,0.78,1.0,1.3245777973862494,reference
D,40,O,11,0.3,from_t0,1,300,4.663565946861184,4.4338651790115104,4.91056036119557,4.4338651790115104,4.91056036119557,4.4338651790115104,4.91056036119557,,27.770428827919346,4.664,1.0,0.78,1.0,1.3245777973862494,reference
D,40,H,3,0.1,future,3,300,3.222592723852052,3.0530254908403633,3.402802323642929,3.066948613367331,3.3901157698654254,3.061666893480591,3.395495766286475,0.06467161048222893,19.18977514177479,3.278 3.239 3.151,1.0,0.41333333333333333,0.9334459832412679,1.3991475580937238,hybrid (learned correction)
D,40,H,3,0.1,from_t0,3,300,3.222592723852052,3.055275452531049,3.4083979624412555,3.066948613367331,3.3901157698654254,3.0649847214682944,3.390890734513741,0.06467161048222893,19.18977514177479,3.278 3.239 3.151,1.0,0.41333333333333333,0.9334459832412679,1.3991475580937238,hybrid (learned correction)
D,40,H,3,0.3,future,3,300,4.543006164151714,4.332171924659476,4.7823039947297294,4.3347409459335475,4.7725258024444,4.327456386596104,4.77401827220739,0.052677960177239934,27.05252392351971,4.538 4.598 4.493,1.0,0.7355555555555555,0.961699252569598,1.3065031770480127,hybrid (learned correction)
D,40,H,3,0.3,from_t0,3,300,4.543006164151714,4.320619748805643,4.783963427606138,4.3347409459335475,4.7725258024444,4.329250797001291,4.776692181195844,0.052677960177239934,27.05252392351971,4.538 4.598 4.493,1.0,0.7355555555555555,0.961699252569598,1.3065031770480127,hybrid (learned correction)
D,40,H,6,0.1,future,3,300,3.26934379289119,3.1099680993938237,3.4533990776738595,3.1050667939533314,3.4449646526553446,3.104954139031481,3.44711325957063,0.02946064229011992,19.46816666666667,3.246 3.302 3.260,1.0,0.4088888888888889,0.9737332961132861,1.4297015564757964,hybrid (learned correction)
D,40,H,6,0.1,from_t0,3,300,3.26934379289119,3.105481494680141,3.4513696564005314,3.1050667939533314,3.4449646526553446,3.1009018272049316,3.4449858774956925,0.02946064229011992,19.46816666666667,3.246 3.302 3.260,1.0,0.4088888888888889,0.9737332961132861,1.4297015564757964,hybrid (learned correction)
D,40,H,6,0.3,future,3,300,4.56201634789301,4.341162903577901,4.8010579778167894,4.343826412716064,4.801620213164689,4.343477935700683,4.807493463080329,0.032153449403835195,27.165725057718028,4.525 4.585 4.576,1.0,0.7255555555555555,0.9858094758362189,1.322880817668577,hybrid (learned correction)
D,40,H,6,0.3,from_t0,3,300,4.56201634789301,4.341886845853201,4.803241020084875,4.343826412716064,4.801620213164689,4.338481741836928,4.8059260566965705,0.032153449403835195,27.165725057718028,4.525 4.585 4.576,1.0,0.7255555555555555,0.9858094758362189,1.322880817668577,hybrid (learned correction)
D,40,H,11,0.1,future,3,300,3.2499919888165705,3.0639891959441226,3.4506097601103862,3.090488889268122,3.4233954264725948,3.092059733535143,3.4203381973200133,0.11024292715670453,19.352931264429508,3.359 3.252 3.139,1.0,0.4211111111111111,0.9513085904757405,1.3983556365698357,hybrid (learned correction)
D,40,H,11,0.1,from_t0,3,300,3.2499919888165705,3.0663951348382414,3.456449057066394,3.090488889268122,3.4233954264725948,3.086809515465843,3.4272530620385044,0.11024292715670453,19.352931264429508,3.359 3.252 3.139,1.0,0.4211111111111111,0.9513085904757405,1.3983556365698357,hybrid (learned correction)
D,40,H,11,0.3,future,3,300,4.530238401757046,4.3030366501587745,4.787769427044062,4.312790153521454,4.757971382378463,4.309341833882601,4.759526658428119,0.0873256221447873,26.976494927486847,4.622 4.520 4.448,1.0,0.7711111111111111,0.9714108159671518,1.2867091989709492,hybrid (learned correction)
D,40,H,11,0.3,from_t0,3,300,4.530238401757046,4.301596426156642,4.794346019997313,4.312790153521454,4.757971382378463,4.320514235610806,4.763428120623518,0.0873256221447873,26.976494927486847,4.622 4.520 4.448,1.0,0.7711111111111111,0.9714108159671518,1.2867091989709492,hybrid (learned correction)
D,40,P1x,3,0.1,future,1,300,3.3606432599905665,3.178823114164603,3.5503051679853117,3.178823114164603,3.5503051679853117,3.178823114164603,3.5503051679853117,,20.011833333333332,3.361,1.0,0.43,0.9734332635106674,1.459084722694794,reference
D,40,P1x,3,0.1,from_t0,1,300,3.3606432599905665,3.178823114164603,3.5503051679853117,3.178823114164603,3.5503051679853117,3.178823114164603,3.5503051679853117,,20.011833333333332,3.361,1.0,0.43,0.9734332635106674,1.459084722694794,reference
D,40,P1x,3,0.3,future,1,300,4.655702421946131,4.4334437765376205,4.904442042615444,4.4334437765376205,4.904442042615444,4.4334437765376205,4.904442042615444,,27.723603402594968,4.656,1.0,0.7166666666666667,0.9855556822049998,1.3389129985471921,reference
D,40,P1x,3,0.3,from_t0,1,300,4.655702421946131,4.4334437765376205,4.904442042615444,4.4334437765376205,4.904442042615444,4.4334437765376205,4.904442042615444,,27.723603402594968,4.656,1.0,0.7166666666666667,0.9855556822049998,1.3389129985471921,reference
D,40,P1x,6,0.1,future,1,300,3.35893328713431,3.1772781706047915,3.5482355772687093,3.1772781706047915,3.5482355772687093,3.1772781706047915,3.5482355772687093,,20.001650850648748,3.359,1.0,0.43,1.000416410234279,1.468879522293211,reference
D,40,P1x,6,0.1,from_t0,1,300,3.35893328713431,3.1772781706047915,3.5482355772687093,3.1772781706047915,3.5482355772687093,3.1772781706047915,3.5482355772687093,,20.001650850648748,3.359,1.0,0.43,1.000416410234279,1.468879522293211,reference
D,40,P1x,6,0.3,future,1,300,4.627347111052289,4.392651394681438,4.87843845747987,4.392651394681438,4.87843845747987,4.392651394681438,4.87843845747987,,27.554754253243715,4.627,1.0,0.74,0.9999268486106004,1.3418252507429946,reference
D,40,P1x,6,0.3,from_t0,1,300,4.627347111052289,4.392651394681438,4.87843845747987,4.392651394681438,4.87843845747987,4.392651394681438,4.87843845747987,,27.554754253243715,4.627,1.0,0.74,0.9999268486106004,1.3418252507429946,reference
D,40,P1x,11,0.1,future,1,300,3.406738158319391,3.216617895491557,3.6192868273539998,3.216617895491557,3.6192868273539998,3.216617895491557,3.6192868273539998,,20.286317517315414,3.407,1.0,0.44666666666666666,0.9971899274406655,1.4657979227013822,reference
D,40,P1x,11,0.1,from_t0,1,300,3.406738158319391,3.216617895491557,3.6192868273539998,3.216617895491557,3.6192868273539998,3.216617895491557,3.6192868273539998,,20.286317517315414,3.407,1.0,0.44666666666666666,0.9971899274406655,1.4657979227013822,reference
D,40,P1x,11,0.3,future,1,300,4.645478541693706,4.406374203409247,4.900283269021918,4.406374203409247,4.900283269021918,4.406374203409247,4.900283269021918,,27.662722621207873,4.645,1.0,0.7666666666666667,0.9961215504672658,1.3194404892469065,reference
D,40,P1x,11,0.3,from_t0,1,300,4.645478541693706,4.406374203409247,4.900283269021918,4.406374203409247,4.900283269021918,4.406374203409247,4.900283269021918,,27.662722621207873,4.645,1.0,0.7666666666666667,0.9961215504672658,1.3194404892469065,reference
D,40,L_range,3,0.1,future,3,300,2.303254367425471,2.18622059774347,2.4258359838385815,2.1965391355129267,2.4175468673424527,2.195484424215606,2.420555896631869,0.04732267221814991,13.715333333333334,2.256 2.302 2.351,0.9822222222222222,0.21777777777777776,0.6671533519402674,1.0,learned
D,40,L_range,3,0.1,from_t0,3,300,2.303254367425471,2.189412487195889,2.425458834752388,2.1965391355129267,2.4175468673424527,2.1943154253164074,2.41807585567114,0.04732267221814991,13.715333333333334,2.256 2.302 2.351,0.9822222222222222,0.21777777777777776,0.6671533519402674,1.0,learned
D,40,L_range,3,0.3,future,3,300,3.47722550083379,3.2970895572668484,3.6713341056929236,3.3279870606139137,3.636208219800124,3.326613811547135,3.637463972913963,0.1039062510284763,20.70605291955257,3.358 3.524 3.549,1.0,0.4911111111111111,0.7360864247896555,1.0,learned
D,40,L_range,3,0.3,from_t0,3,300,3.47722550083379,3.3051657953903244,3.668723450330049,3.3279870606139137,3.636208219800124,3.323599827208648,3.645615092145453,0.1039062510284763,20.70605291955257,3.358 3.524 3.549,1.0,0.4911111111111111,0.7360864247896555,1.0,learned
D,40,L_range,6,0.1,future,3,300,2.286731645554124,2.1692292967044278,2.408488758553695,2.184579754316523,2.3947497561280646,2.1811935759409127,2.395363643818146,0.056118573262117125,13.616944444444442,2.225 2.301 2.334,0.9733333333333334,0.21222222222222223,0.6810745163581771,1.0,learned
D,40,L_range,6,0.1,from_t0,3,300,2.286731645554124,2.1695623634298977,2.4107271628704554,2.184579754316523,2.3947497561280646,2.183338917496145,2.3962273315523297,0.056118573262117125,13.616944444444442,2.225 2.301 2.334,0.9733333333333334,0.21222222222222223,0.6810745163581771,1.0,learned
D,40,L_range,6,0.3,future,3,300,3.4485467526341727,3.250971244549465,3.6497827293389937,3.3027794471602907,3.605829350337164,3.3016512652617633,3.60660977138998,0.13753561651418827,20.535277777777782,3.291 3.541 3.514,1.0,0.48,0.7451990101221613,1.0,learned
D,40,L_range,6,0.3,from_t0,3,300,3.4485467526341727,3.2504422562207775,3.6554758845924904,3.3027794471602907,3.605829350337164,3.304322329785629,3.6130849803763208,0.13753561651418827,20.535277777777782,3.291 3.541 3.514,1.0,0.48,0.7451990101221613,1.0,learned
D,40,L_range,11,0.1,future,3,300,2.324152671768675,2.1927921348513912,2.4572046651937374,2.2103858948203268,2.4458852945678444,2.211554893719525,2.449166981421738,0.06969753271959347,13.839777777777774,2.245 2.349 2.378,0.9888888888888889,0.24444444444444444,0.6803051853170191,1.0,learned
D,40,L_range,11,0.1,from_t0,3,300,2.324152671768675,2.1957538164200296,2.453673178295742,2.2103858948203268,2.4458852945678444,2.208098510102762,2.4437415856926386,0.06969753271959347,13.839777777777774,2.245 2.349 2.378,0.9888888888888889,0.24444444444444444,0.6803051853170191,1.0,learned
D,40,L_range,11,0.3,future,3,300,3.520794290877941,3.3275245678198866,3.7254586164568595,3.3666526903643264,3.696453260647132,3.364243763796128,3.6921821638342465,0.12648811042662447,20.965494727994024,3.375 3.592 3.595,1.0,0.4777777777777778,0.7549575434325344,1.0,learned
D,40,L_range,11,0.3,from_t0,3,300,3.520794290877941,3.3181630027193614,3.7301735742010758,3.3666526903643264,3.696453260647132,3.3616819602203214,3.6977777149358344,0.12648811042662447,20.965494727994024,3.375 3.592 3.595,1.0,0.4777777777777778,0.7549575434325344,1.0,learned
D,40,L_range_wide,3,0.1,future,1,300,2.257408712272565,2.166305166776406,2.3602675539617763,2.166305166776406,2.3602675539617763,2.166305166776406,2.3602675539617763,,13.442333333333332,2.257,0.9933333333333333,0.18,0.6538738449349915,0.98009527050017,learned
D,40,L_range_wide,3,0.1,from_t0,1,300,2.257408712272565,2.166305166776406,2.3602675539617763,2.166305166776406,2.3602675539617763,2.166305166776406,2.3602675539617763,,13.442333333333332,2.257,0.9933333333333333,0.18,0.6538738449349915,0.98009527050017,learned
D,40,L_range_wide,3,0.3,future,1,300,3.3925784813150264,3.2591117871631536,3.5380257815036513,3.2591117871631536,3.5380257815036513,3.2591117871631536,3.5380257815036513,,20.201999999999998,3.393,1.0,0.48333333333333334,0.7181676783776881,0.9756567356651255,learned
D,40,L_range_wide,3,0.3,from_t0,1,300,3.3925784813150264,3.2591117871631536,3.5380257815036513,3.2591117871631536,3.5380257815036513,3.2591117871631536,3.5380257815036513,,20.201999999999998,3.393,1.0,0.48333333333333334,0.7181676783776881,0.9756567356651255,learned
D,40,L_range_wide,6,0.1,future,1,300,2.2568209474629124,2.158659326210841,2.362819432843685,2.158659326210841,2.362819432843685,2.158659326210841,2.362819432843685,,13.438833333333333,2.257,0.9866666666666667,0.19333333333333333,0.6721659877706563,0.9869198914750823,learned
D,40,L_range_wide,6,0.1,from_t0,1,300,2.2568209474629124,2.158659326210841,2.362819432843685,2.158659326210841,2.362819432843685,2.158659326210841,2.362819432843685,,13.438833333333333,2.257,0.9866666666666667,0.19333333333333333,0.6721659877706563,0.9869198914750823,learned
D,40,L_range_wide,6,0.3,future,1,300,3.354373768687605,3.2317121509531797,3.5024953987601504,3.2317121509531797,3.5024953987601504,3.2317121509531797,3.5024953987601504,,19.9745,3.354,1.0,0.48333333333333334,0.7248491005947271,0.9726919799261432,learned
D,40,L_range_wide,6,0.3,from_t0,1,300,3.354373768687605,3.2317121509531797,3.5024953987601504,3.2317121509531797,3.5024953987601504,3.2317121509531797,3.5024953987601504,,19.9745,3.354,1.0,0.48333333333333334,0.7248491005947271,0.9726919799261432,learned
D,40,L_range_wide,11,0.1,future,1,300,2.2209672940741014,2.121635041242806,2.326970677494955,2.121635041242806,2.326970677494955,2.121635041242806,2.326970677494955,,13.225333333333333,2.221,0.9933333333333333,0.19333333333333333,0.6501016843391366,0.9556030122513209,learned
D,40,L_range_wide,11,0.1,from_t0,1,300,2.2209672940741014,2.121635041242806,2.326970677494955,2.121635041242806,2.326970677494955,2.121635041242806,2.326970677494955,,13.225333333333333,2.221,0.9933333333333333,0.19333333333333333,0.6501016843391366,0.9556030122513209,learned
D,40,L_range_wide,11,0.3,future,1,300,3.3459491397492505,3.209357496026058,3.498400637252903,3.209357496026058,3.498400637252903,3.209357496026058,3.498400637252903,,19.924333333333333,3.346,1.0,0.49666666666666665,0.7174658143306075,0.9503392880459678,learned
D,40,L_range_wide,11,0.3,from_t0,1,300,3.3459491397492505,3.209357496026058,3.498400637252903,3.209357496026058,3.498400637252903,3.209357496026058,3.498400637252903,,19.924333333333333,3.346,1.0,0.49666666666666665,0.7174658143306075,0.9503392880459678,learned
D,40,L0,3,0.1,future,3,300,2.9119916755511697,2.7454347317672303,3.1037915422386524,2.748450291776754,3.0833305169604235,2.746254337140691,3.0872085398200517,0.040141867099910536,17.340219586219234,2.929 2.941 2.866,0.9955555555555555,0.3422222222222222,0.8434782691143566,1.264294433448153,learned
D,40,L0,3,0.1,from_t0,3,300,2.9119916755511697,2.741799254702948,3.084536343971589,2.748450291776754,3.0833305169604235,2.739328100671003,3.086831612907078,0.040141867099910536,17.340219586219234,2.929 2.941 2.866,0.9955555555555555,0.3422222222222222,0.8434782691143566,1.264294433448153,learned
D,40,L0,3,0.3,future,3,300,4.16748975798475,3.9504717070885857,4.398647712468735,3.9571482516694103,4.400361804323669,3.9481171179034664,4.40006104041178,0.029535884278752998,24.816412812408597,4.186 4.183 4.133,1.0,0.5833333333333334,0.8822069881769031,1.1985100641259663,learned
D,40,L0,3,0.3,from_t0,3,300,4.16748975798475,3.948925924485907,4.407959259403341,3.9571482516694103,4.400361804323669,3.9528408690169847,4.406457737547339,0.029535884278752998,24.816412812408597,4.186 4.183 4.133,1.0,0.5833333333333334,0.8822069881769031,1.1985100641259663,learned
D,40,L0,6,0.1,future,3,300,2.8548478746127177,2.690059123297818,3.0407870499731113,2.6912381404503964,3.0281214418537457,2.6902501468609548,3.028676811786573,0.06273908084846068,16.999941808441452,2.924 2.801 2.839,0.9911111111111112,0.32666666666666666,0.8502808535746946,1.2484402707082523,learned
D,40,L0,6,0.1,from_t0,3,300,2.8548478746127177,2.6821639270345905,3.043705745451368,2.6912381404503964,3.0281214418537457,2.687381528053845,3.0278819392452343,0.06273908084846068,16.999941808441452,2.924 2.801 2.839,0.9911111111111112,0.32666666666666666,0.8502808535746946,1.2484402707082523,learned
D,40,L0,6,0.3,future,3,300,4.133405187254093,3.907104327236139,4.371200668658725,3.920504568266586,4.365799266141104,3.917154976867461,4.36640157599876,0.05536473486206587,24.613447279940257,4.184 4.075 4.141,1.0,0.5788888888888889,0.8931905741520652,1.1985933448913781,learned
D,40,L0,6,0.3,from_t0,3,300,4.133405187254093,3.91691382548693,4.386415697158825,3.920504568266586,4.365799266141104,3.91143767484154,4.373459672213173,0.05536473486206587,24.613447279940257,4.184 4.075 4.141,1.0,0.5788888888888889,0.8931905741520652,1.1985933448913781,learned
D,40,L0,11,0.1,future,3,300,2.936947913289654,2.761972019145081,3.128204541874648,2.770317498904508,3.1164408601082414,2.7643852488384475,3.1236962475156793,0.04284146914550007,17.48882806132736,2.979 2.893 2.939,0.9977777777777778,0.3388888888888889,0.8596771282225885,1.263663936093597,learned
D,40,L0,11,0.1,from_t0,3,300,2.936947913289654,2.763667313973089,3.1262124500687167,2.770317498904508,3.1164408601082414,2.763581970265256,3.1170849311722013,0.04284146914550007,17.48882806132736,2.979 2.893 2.939,0.9977777777777778,0.3388888888888889,0.8596771282225885,1.263663936093597,learned
D,40,L0,11,0.3,future,3,300,4.215252884055522,3.9813922842665037,4.472685113864568,3.9873512945411402,4.468206947366723,3.984600336851199,4.462357275507636,0.04194475953063648,25.100830896823172,4.263 4.187 4.195,1.0,0.5911111111111111,0.9038690418632549,1.1972448645968496,learned
D,40,L0,11,0.3,from_t0,3,300,4.215252884055522,3.976822013930724,4.468430666943632,3.9873512945411402,4.468206947366723,3.978526711638701,4.465472230276547,0.04194475953063648,25.100830896823172,4.263 4.187 4.195,1.0,0.5911111111111111,0.9038690418632549,1.1972448645968496,learned
D,40,L0big,3,0.1,future,1,300,3.0597076774484155,2.884916219137882,3.253479041070649,2.884916219137882,3.253479041070649,2.884916219137882,3.253479041070649,,18.21983333333333,3.060,0.9933333333333333,0.38,0.8862652175273183,1.3284280367471928,learned
D,40,L0big,3,0.1,from_t0,1,300,3.0597076774484155,2.884916219137882,3.253479041070649,2.884916219137882,3.253479041070649,2.884916219137882,3.253479041070649,,18.21983333333333,3.060,0.9933333333333333,0.38,0.8862652175273183,1.3284280367471928,learned
D,40,L0big,3,0.3,future,1,300,4.40584905627106,4.1661682533233995,4.668143724428893,4.1661682533233995,4.668143724428893,4.1661682533233995,4.668143724428893,,26.23578588527956,4.406,1.0,0.6366666666666667,0.9326647579272025,1.2670587671735984,learned
D,40,L0big,3,0.3,from_t0,1,300,4.40584905627106,4.1661682533233995,4.668143724428893,4.1661682533233995,4.668143724428893,4.1661682533233995,4.668143724428893,,26.23578588527956,4.406,1.0,0.6366666666666667,0.9326647579272025,1.2670587671735984,learned
D,40,L0big,6,0.1,future,1,300,3.0491545716610187,2.8555426727754916,3.2538988781027522,2.8555426727754916,3.2538988781027522,2.8555426727754916,3.2538988781027522,,18.156992091991036,3.049,0.99,0.38666666666666666,0.9081526812439435,1.3334116303455201,learned
D,40,L0big,6,0.1,from_t0,1,300,3.0491545716610187,2.8555426727754916,3.2538988781027522,2.8555426727754916,3.2538988781027522,2.8555426727754916,3.2538988781027522,,18.156992091991036,3.049,0.99,0.38666666666666666,0.9081526812439435,1.3334116303455201,learned
D,40,L0big,6,0.3,future,1,300,4.354259056953381,4.104986558488904,4.624500297404683,4.104986558488904,4.624500297404683,4.104986558488904,4.624500297404683,,25.92857967856809,4.354,1.0,0.6066666666666667,0.940915049673774,1.2626359360293955,learned
D,40,L0big,6,0.3,from_t0,1,300,4.354259056953381,4.104986558488904,4.624500297404683,4.104986558488904,4.624500297404683,4.104986558488904,4.624500297404683,,25.92857967856809,4.354,1.0,0.6066666666666667,0.940915049673774,1.2626359360293955,learned
D,40,L0big,11,0.1,future,1,300,3.144541731641613,2.945960492660389,3.3630286055097396,2.945960492660389,3.3630286055097396,2.945960492660389,3.3630286055097396,,18.724999999999998,3.145,1.0,0.38,0.9204421342310463,1.3529841519613355,learned
D,40,L0big,11,0.1,from_t0,1,300,3.144541731641613,2.945960492660389,3.3630286055097396,2.945960492660389,3.3630286055097396,2.945960492660389,3.3630286055097396,,18.724999999999998,3.145,1.0,0.38,0.9204421342310463,1.3529841519613355,learned
D,40,L0big,11,0.3,future,1,300,4.385161348689051,4.148066154035679,4.649782182455652,4.148066154035679,4.649782182455652,4.148066154035679,4.649782182455652,,26.11259549458601,4.385,1.0,0.63,0.9403022062206468,1.245503425193175,learned
D,40,L0big,11,0.3,from_t0,1,300,4.385161348689051,4.148066154035679,4.649782182455652,4.148066154035679,4.649782182455652,4.148066154035679,4.649782182455652,,26.11259549458601,4.385,1.0,0.63,0.9403022062206468,1.245503425193175,learned
D,40,P1,3,0.1,future,1,300,0.3753857917648181,0.3708795948908145,0.38028383184525677,0.3708795948908145,0.38028383184525677,0.3708795948908145,0.38028383184525677,,2.235333333333333,0.375,0.0,0.0,0.10873305735943793,0.16298060564817965,reference
D,40,P1,3,0.1,from_t0,1,300,0.3753857917648181,0.3708795948908145,0.38028383184525677,0.3708795948908145,0.38028383184525677,0.3708795948908145,0.38028383184525677,,2.235333333333333,0.375,0.0,0.0,0.10873305735943793,0.16298060564817965,reference
D,40,P1,3,0.3,future,1,300,0.7752617839318295,0.7556647255699944,0.7950547638968821,0.7556647255699944,0.7950547638968821,0.7556647255699944,0.7950547638968821,,4.6165,0.775,0.11,0.0,0.16411350793142251,0.22295412930393288,reference
D,40,P1,3,0.3,from_t0,1,300,0.7752617839318295,0.7556647255699944,0.7950547638968821,0.7556647255699944,0.7950547638968821,0.7556647255699944,0.7950547638968821,,4.6165,0.775,0.11,0.0,0.16411350793142251,0.22295412930393288,reference
D,40,P1,6,0.1,future,1,300,0.3889043823868288,0.38400634230639014,0.39399834407048495,0.38400634230639014,0.39399834407048495,0.38400634230639014,0.39399834407048495,,2.315833333333333,0.389,0.0,0.0,0.11583032257355262,0.17006997001285165,reference
D,40,P1,6,0.1,from_t0,1,300,0.3889043823868288,0.38400634230639014,0.39399834407048495,0.38400634230639014,0.39399834407048495,0.38400634230639014,0.39399834407048495,,2.315833333333333,0.389,0.0,0.0,0.11583032257355262,0.17006997001285165,reference
D,40,P1,6,0.3,future,1,300,0.8024948867790684,0.7830986480605314,0.8226797099505561,0.7830986480605314,0.8226797099505561,0.7830986480605314,0.8226797099505561,,4.778666666666667,0.802,0.11,0.0,0.1734117117011858,0.23270523624656753,reference
D,40,P1,6,0.3,from_t0,1,300,0.8024948867790684,0.7830986480605314,0.8226797099505561,0.7830986480605314,0.8226797099505561,0.7830986480605314,0.8226797099505561,,4.778666666666667,0.802,0.11,0.0,0.1734117117011858,0.23270523624656753,reference
D,40,P1,11,0.1,future,1,300,0.387532931164306,0.38184630663091673,0.39360650086404986,0.38184630663091673,0.39360650086404986,0.38184630663091673,0.39360650086404986,,2.3076666666666665,0.388,0.0,0.0,0.113435173925795,0.166741598291559,reference
D,40,P1,11,0.1,from_t0,1,300,0.387532931164306,0.38184630663091673,0.39360650086404986,0.38184630663091673,0.39360650086404986,0.38184630663091673,0.39360650086404986,,2.3076666666666665,0.388,0.0,0.0,0.113435173925795,0.166741598291559,reference
D,40,P1,11,0.3,future,1,300,0.8271810087844792,0.8081717152322968,0.8471650123126688,0.8081717152322968,0.8471650123126688,0.8081717152322968,0.8471650123126688,,4.925666666666666,0.827,0.13333333333333333,0.0,0.17737092564139975,0.2349415900064455,reference
D,40,P1,11,0.3,from_t0,1,300,0.8271810087844792,0.8081717152322968,0.8471650123126688,0.8081717152322968,0.8471650123126688,0.8081717152322968,0.8471650123126688,,4.925666666666666,0.827,0.13333333333333333,0.0,0.17737092564139975,0.2349415900064455,reference
D,40,persistence,3,0.1,future,1,300,0.07680126846127804,0.07347060120657974,0.08032785731919385,0.07347060120657974,0.08032785731919385,0.07347060120657974,0.08032785731919385,,0.45733333333333337,0.077,0.0,0.0,0.022246011735333856,0.03334467505954406,reference
D,40,persistence,3,0.1,from_t0,1,300,0.07680126846127804,0.07347060120657974,0.08032785731919385,0.07347060120657974,0.08032785731919385,0.07347060120657974,0.08032785731919385,,0.45733333333333337,0.077,0.0,0.0,0.022246011735333856,0.03334467505954406,reference
D,40,persistence,3,0.3,future,1,300,0.18377446381805812,0.17084363800570007,0.19827266245615652,0.17084363800570007,0.19827266245615652,0.17084363800570007,0.19827266245615652,,1.0943333333333332,0.184,0.0,0.0,0.03890282295670313,0.0528508903935024,reference
D,40,persistence,3,0.3,from_t0,1,300,0.18377446381805812,0.17084363800570007,0.19827266245615652,0.17084363800570007,0.19827266245615652,0.17084363800570007,0.19827266245615652,,1.0943333333333332,0.184,0.0,0.0,0.03890282295670313,0.0528508903935024,reference
D,40,persistence,6,0.1,future,1,300,0.07719311166771312,0.07347060120657974,0.08111154373206403,0.07347060120657974,0.08111154373206403,0.07347060120657974,0.08111154373206403,,0.4596666666666666,0.077,0.0,0.0,0.022991006092685003,0.033756961302299014,reference
D,40,persistence,6,0.1,from_t0,1,300,0.07719311166771312,0.07347060120657974,0.08111154373206403,0.07347060120657974,0.08111154373206403,0.07347060120657974,0.08111154373206403,,0.4596666666666666,0.077,0.0,0.0,0.022991006092685003,0.033756961302299014,reference
D,40,persistence,6,0.3,future,1,300,0.18612552305666868,0.17319469724431064,0.20042780009154954,0.17319469724431064,0.20042780009154954,0.17319469724431064,0.20042780009154954,,1.1083333333333332,0.186,0.0,0.0,0.04022000149319495,0.05397216172710916,reference
D,40,persistence,6,0.3,from_t0,1,300,0.18612552305666868,0.17319469724431064,0.20042780009154954,0.17319469724431064,0.20042780009154954,0.17319469724431064,0.20042780009154954,,1.1083333333333332,0.186,0.0,0.0,0.04022000149319495,0.05397216172710916,reference
D,40,persistence,11,0.1,future,1,300,0.07719311166771312,0.07386244441301483,0.08111154373206403,0.07386244441301483,0.08111154373206403,0.07386244441301483,0.08111154373206403,,0.4596666666666666,0.077,0.0,0.0,0.022595277313833786,0.03321344273350568,reference
D,40,persistence,11,0.1,from_t0,1,300,0.07719311166771312,0.07386244441301483,0.08111154373206403,0.07386244441301483,0.08111154373206403,0.07386244441301483,0.08111154373206403,,0.4596666666666666,0.077,0.0,0.0,0.022595277313833786,0.03321344273350568,reference
D,40,persistence,11,0.3,future,1,300,0.18436222862771076,0.17162732441857026,0.19925716851232472,0.17162732441857026,0.19925716851232472,0.17162732441857026,0.19925716851232472,,1.0978333333333332,0.184,0.0,0.0,0.03953245879406849,0.0523638171947099,reference
D,40,persistence,11,0.3,from_t0,1,300,0.18436222862771076,0.17162732441857026,0.19925716851232472,0.17162732441857026,0.19925716851232472,0.17162732441857026,0.19925716851232472,,1.0978333333333332,0.184,0.0,0.0,0.03953245879406849,0.0523638171947099,reference
D,44,O,3,0.1,future,1,300,3.8095204656084443,3.6413418239553055,3.994326034078481,3.6413418239553055,3.994326034078481,3.6413418239553055,3.994326034078481,,17.34133333333333,3.810,1.0,0.6033333333333334,1.0,1.8852576840147126,reference
D,44,O,3,0.1,from_t0,1,300,3.8095204656084443,3.6413418239553055,3.994326034078481,3.6413418239553055,3.994326034078481,3.6413418239553055,3.994326034078481,,17.34133333333333,3.810,1.0,0.6033333333333334,1.0,1.8852576840147126,reference
D,44,O,3,0.3,future,1,300,5.161326371469552,4.9460547884003425,5.393803359615548,4.9460547884003425,5.393803359615548,4.9460547884003425,5.393803359615548,,23.49489439886287,5.161,1.0,0.9166666666666666,1.0,1.549908741404133,reference
D,44,O,3,0.3,from_t0,1,300,5.161326371469552,4.9460547884003425,5.393803359615548,4.9460547884003425,5.393803359615548,4.9460547884003425,5.393803359615548,,23.49489439886287,5.161,1.0,0.9166666666666666,1.0,1.549908741404133,reference
D,44,O,6,0.1,future,1,300,3.8966750649386683,3.7141975510425187,4.097116251560583,3.7141975510425187,4.097116251560583,3.7141975510425187,4.097116251560583,,17.73807013319119,3.897,1.0,0.5866666666666667,1.0,1.6842871512311821,reference
D,44,O,6,0.1,from_t0,1,300,3.8966750649386683,3.7141975510425187,4.097116251560583,3.7141975510425187,4.097116251560583,3.7141975510425187,4.097116251560583,,17.73807013319119,3.897,1.0,0.5866666666666667,1.0,1.6842871512311821,reference
D,44,O,6,0.3,future,1,300,5.275227752638358,5.047379037458257,5.513071564627196,5.047379037458257,5.513071564627196,5.047379037458257,5.513071564627196,,24.013385331201214,5.275,1.0,0.9266666666666666,1.0,1.4510649505996691,reference
D,44,O,6,0.3,from_t0,1,300,5.275227752638358,5.047379037458257,5.513071564627196,5.047379037458257,5.513071564627196,5.047379037458257,5.513071564627196,,24.013385331201214,5.275,1.0,0.9266666666666666,1.0,1.4510649505996691,reference
D,44,O,11,0.1,future,1,300,3.806972954943852,3.630878713553767,4.0002297436341125,3.630878713553767,4.0002297436341125,3.630878713553767,4.0002297436341125,,17.32973679985786,3.807,1.0,0.58,1.0,1.5737455976300199,reference
D,44,O,11,0.1,from_t0,1,300,3.806972954943852,3.630878713553767,4.0002297436341125,3.630878713553767,4.0002297436341125,3.630878713553767,4.0002297436341125,,17.32973679985786,3.807,1.0,0.58,1.0,1.5737455976300199,reference
D,44,O,11,0.3,future,1,300,5.092911882894478,4.8753212447216425,5.327741998179659,4.8753212447216425,5.327741998179659,4.8753212447216425,5.327741998179659,,23.183464532054057,5.093,1.0,0.9,1.0,1.3662092575661173,reference
D,44,O,11,0.3,from_t0,1,300,5.092911882894478,4.8753212447216425,5.327741998179659,4.8753212447216425,5.327741998179659,4.8753212447216425,5.327741998179659,,23.183464532054057,5.093,1.0,0.9,1.0,1.3662092575661173,reference
D,44,H,3,0.1,future,3,300,3.723326145020417,3.564088420942926,3.89756816500967,3.567143228637926,3.8972748867473577,3.5632091503852967,3.899936913402767,0.00772512341176247,16.948967822174843,3.724 3.731 3.715,1.0,0.58,0.9773739709850173,1.8426017889554767,hybrid (learned correction)
D,44,H,3,0.1,from_t0,3,300,3.723326145020417,3.5647577080546675,3.898899667513453,3.567143228637926,3.8972748867473577,3.56526802738613,3.901749991947047,0.00772512341176247,16.948967822174843,3.724 3.731 3.715,1.0,0.58,0.9773739709850173,1.8426017889554767,hybrid (learned correction)
D,44,H,3,0.3,future,3,300,5.080483363953553,4.877155210402558,5.303435592089545,4.879036969815259,5.305859892837893,4.878091174726287,5.307830339434359,0.013061388751873392,23.126888621321992,5.087 5.089 5.065,1.0,0.9055555555555556,0.9843367766931234,1.5256321746822399,hybrid (learned correction)
D,44,H,3,0.3,from_t0,3,300,5.080483363953553,4.87659414056608,5.30532728627447,4.879036969815259,5.305859892837893,4.8763266114865536,5.3057733901840844,0.013061388751873392,23.126888621321992,5.087 5.089 5.065,1.0,0.9055555555555556,0.9843367766931234,1.5256321746822399,hybrid (learned correction)
D,44,H,6,0.1,future,3,300,3.7974850248707415,3.63149314931046,3.9817678099222746,3.6377259521390686,3.9759565577120166,3.634988660166537,3.975187297314394,0.027070997918273606,17.28654675546079,3.782 3.829 3.782,1.0,0.5811111111111111,0.974544954758888,1.641413545597569,hybrid (learned correction)
D,44,H,6,0.1,from_t0,3,300,3.7974850248707415,3.62877939951312,3.9789442579788927,3.6377259521390686,3.9759565577120166,3.6337727457264304,3.97435294905483,0.027070997918273606,17.28654675546079,3.782 3.829 3.782,1.0,0.5811111111111111,0.974544954758888,1.641413545597569,hybrid (learned correction)
D,44,H,6,0.3,future,3,300,5.167446559770108,4.94874331667013,5.396614555289032,4.958577540425665,5.393242776289192,4.957182233956927,5.39799558040327,0.03632342183162447,23.522754132480483,5.130 5.202 5.170,1.0,0.92,0.979568428526267,1.4214174133484632,hybrid (learned correction)
D,44,H,6,0.3,from_t0,3,300,5.167446559770108,4.953621916401023,5.398161721244275,4.958577540425665,5.393242776289192,4.955655686167564,5.393677188355038,0.03632342183162447,23.522754132480483,5.130 5.202 5.170,1.0,0.92,0.979568428526267,1.4214174133484632,hybrid (learned correction)
D,44,H,11,0.1,future,3,300,3.699913030252874,3.5391070477354987,3.8749175753237135,3.5438719383878423,3.871220566933213,3.5412620341398977,3.8702018072554147,0.05212392719437647,16.84238888888889,3.724 3.736 3.640,1.0,0.5744444444444444,0.9718779392556632,1.5294886283373361,hybrid (learned correction)
D,44,H,11,0.1,from_t0,3,300,3.699913030252874,3.53554459250999,3.877301088532147,3.5438719383878423,3.871220566933213,3.5432290732662137,3.8701953999618435,0.05212392719437647,16.84238888888889,3.724 3.736 3.640,1.0,0.5744444444444444,0.9718779392556632,1.5294886283373361,hybrid (learned correction)
D,44,H,11,0.3,future,3,300,5.016993035545772,4.802582756857588,5.243012934729338,4.802411160026495,5.236892255347623,4.803372091003461,5.237519141094918,0.023127161619017716,22.83787404368636,5.015 5.041 4.995,1.0,0.8933333333333333,0.985093233675671,1.3458434954134442,hybrid (learned correction)
D,44,H,11,0.3,from_t0,3,300,5.016993035545772,4.802941822076964,5.241810615500843,4.802411160026495,5.236892255347623,4.796762125723216,5.236453418980315,0.023127161619017716,22.83787404368636,5.015 5.041 4.995,1.0,0.8933333333333333,0.985093233675671,1.3458434954134442,hybrid (learned correction)
D,44,P1x,3,0.1,future,1,300,3.7972338687158422,3.631387096753473,3.986137898063763,3.631387096753473,3.986137898063763,3.631387096753473,3.986137898063763,,17.28540346652452,3.797,1.0,0.6033333333333334,0.9967747654846527,1.8791772858619047,reference
D,44,P1x,3,0.1,from_t0,1,300,3.7972338687158422,3.631387096753473,3.986137898063763,3.631387096753473,3.986137898063763,3.631387096753473,3.986137898063763,,17.28540346652452,3.797,1.0,0.6033333333333334,0.9967747654846527,1.8791772858619047,reference
D,44,P1x,3,0.3,future,1,300,5.128008444900049,4.917287752382564,5.361401932045227,4.917287752382564,5.361401932045227,4.917287752382564,5.361401932045227,,23.3432277321962,5.128,1.0,0.9066666666666666,0.9935446968140446,1.5399036105678068,reference
D,44,P1x,3,0.3,from_t0,1,300,5.128008444900049,4.917287752382564,5.361401932045227,4.917287752382564,5.361401932045227,4.917287752382564,5.361401932045227,,23.3432277321962,5.128,1.0,0.9066666666666666,0.9935446968140446,1.5399036105678068,reference
D,44,P1x,6,0.1,future,1,300,3.883860477796551,3.703639939346706,4.085303580663034,3.703639939346706,4.085303580663034,3.703639939346706,4.085303580663034,,17.679736799857857,3.884,1.0,0.58,0.9967114047415911,1.6787482124918445,reference
D,44,P1x,6,0.1,from_t0,1,300,3.883860477796551,3.703639939346706,4.085303580663034,3.703639939346706,4.085303580663034,3.703639939346706,4.085303580663034,,17.679736799857857,3.884,1.0,0.58,0.9967114047415911,1.6787482124918445,reference
D,44,P1x,6,0.3,future,1,300,5.269799405747179,5.044700428720051,5.509801295018582,5.044700428720051,5.509801295018582,5.044700428720051,5.509801295018582,,23.988674931627635,5.270,1.0,0.9233333333333333,0.9989709739283836,1.4495717669338932,reference
D,44,P1x,6,0.3,from_t0,1,300,5.269799405747179,5.044700428720051,5.509801295018582,5.044700428720051,5.509801295018582,5.044700428720051,5.509801295018582,,23.988674931627635,5.270,1.0,0.9233333333333333,0.9989709739283836,1.4495717669338932,reference
D,44,P1x,11,0.1,future,1,300,3.792605210580851,3.620095238473676,3.9781860615729845,3.620095238473676,3.9781860615729845,3.620095238473676,3.9781860615729845,,17.264333333333333,3.793,1.0,0.5766666666666667,0.9962259399966731,1.5678061873145925,reference
D,44,P1x,11,0.1,from_t0,1,300,3.792605210580851,3.620095238473676,3.9781860615729845,3.620095238473676,3.9781860615729845,3.620095238473676,3.9781860615729845,,17.264333333333333,3.793,1.0,0.5766666666666667,0.9962259399966731,1.5678061873145925,reference
D,44,P1x,11,0.3,future,1,300,5.1000572381664036,4.878240721293137,5.3333531369493,4.878240721293137,5.3333531369493,4.878240721293137,5.3333531369493,,23.21599093233834,5.100,1.0,0.9,1.0014029999804088,1.368126049127717,reference
D,44,P1x,11,0.3,from_t0,1,300,5.1000572381664036,4.878240721293137,5.3333531369493,4.878240721293137,5.3333531369493,4.878240721293137,5.3333531369493,,23.21599093233834,5.100,1.0,0.9,1.0014029999804088,1.368126049127717,reference
D,44,L_range,3,0.1,future,3,300,2.0206895311499045,1.9229548107815044,2.1261151395680984,1.9294453991689866,2.114436779152583,1.9273993367552953,2.116200920649147,0.0399472702249152,9.198388888888887,2.062 1.982 2.018,0.9866666666666667,0.13666666666666666,0.5304314675278077,1.0,learned
D,44,L_range,3,0.1,from_t0,3,300,2.0206895311499045,1.921671216302769,2.125959228757869,1.9294453991689866,2.114436779152583,1.9290182462642491,2.116549050266508,0.0399472702249152,9.198388888888887,2.062 1.982 2.018,0.9866666666666667,0.13666666666666666,0.5304314675278077,1.0,learned
D,44,L_range,3,0.3,future,3,300,3.3300840453313856,3.1867251232080034,3.486795767256855,3.192532266947906,3.473109788189074,3.1907446320415804,3.4748055852208806,0.04959184517142449,15.158888888888885,3.387 3.306 3.297,1.0,0.4633333333333333,0.6451992774065228,1.0,learned
D,44,L_range,3,0.3,from_t0,3,300,3.3300840453313856,3.1837329171103197,3.4774069464107304,3.192532266947906,3.473109788189074,3.191934252881274,3.4764394450815,0.04959184517142449,15.158888888888885,3.387 3.306 3.297,1.0,0.4633333333333333,0.6451992774065228,1.0,learned
D,44,L_range,6,0.1,future,3,300,2.313545562637744,2.2097132345542203,2.4264933337083607,2.2090575548454483,2.4252204180522434,2.207415151926734,2.428539396122052,0.015403112422701298,10.531499999999998,2.329 2.313 2.299,0.9955555555555555,0.20333333333333334,0.5937229879531045,1.0,learned
D,44,L_range,6,0.1,from_t0,3,300,2.313545562637744,2.207338264403881,2.426493333708361,2.2090575548454483,2.4252204180522434,2.2084574050142924,2.4243490261265794,0.015403112422701298,10.531499999999998,2.329 2.313 2.299,0.9955555555555555,0.20333333333333334,0.5937229879531045,1.0,learned
D,44,L_range,6,0.3,future,3,300,3.635418077225496,3.4845258347372723,3.8003606992215873,3.4873383798355695,3.797328378391315,3.4826630629035225,3.797507597074976,0.021654075779872797,16.548801155508173,3.660 3.619 3.628,1.0,0.5577777777777778,0.6891490278134956,1.0,learned
D,44,L_range,6,0.3,from_t0,3,300,3.635418077225496,3.4883891188345926,3.796912454442065,3.4873383798355695,3.797328378391315,3.4823150616758602,3.8011234464135764,0.021654075779872797,16.548801155508173,3.660 3.619 3.628,1.0,0.5577777777777778,0.6891490278134956,1.0,learned
D,44,L_range,11,0.1,future,3,300,2.419052330107838,2.309167245364188,2.539031037990429,2.3152499027276456,2.5295140712728843,2.312516124137328,2.533273016834571,0.03933083291871942,11.011777777777777,2.464 2.390 2.404,0.9944444444444445,0.22444444444444445,0.6354267179561606,1.0,learned
D,44,L_range,11,0.1,from_t0,3,300,2.419052330107838,2.305681677661532,2.5401245494265563,2.3152499027276456,2.5295140712728843,2.315241359669551,2.5324251183186677,0.03933083291871942,11.011777777777777,2.464 2.390 2.404,0.9944444444444445,0.22444444444444445,0.6354267179561606,1.0,learned
D,44,L_range,11,0.3,future,3,300,3.7277685352296834,3.571158594332155,3.892448994225792,3.5792850499550823,3.881723113544772,3.580047517890038,3.8843007020678275,0.05456693082090854,16.969190044397063,3.789 3.709 3.685,1.0,0.5822222222222222,0.7319522938832124,1.0,learned
D,44,L_range,11,0.3,from_t0,3,300,3.7277685352296834,3.5754302517692254,3.894279752069323,3.5792850499550823,3.881723113544772,3.579283042580257,3.886276691898969,0.05456693082090854,16.969190044397063,3.789 3.709 3.685,1.0,0.5822222222222222,0.7319522938832124,1.0,learned
D,44,L_range_wide,3,0.1,future,1,300,2.090315454622072,1.994462342799039,2.1884751921306855,1.994462342799039,2.1884751921306855,1.994462342799039,2.1884751921306855,,9.515333333333333,2.090,0.9866666666666667,0.14666666666666667,0.5487082884822391,1.0344565171437028,learned
D,44,L_range_wide,3,0.1,from_t0,1,300,2.090315454622072,1.994462342799039,2.1884751921306855,1.994462342799039,2.1884751921306855,1.994462342799039,2.1884751921306855,,9.515333333333333,2.090,0.9866666666666667,0.14666666666666667,0.5487082884822391,1.0344565171437028,learned
D,44,L_range_wide,3,0.3,future,1,300,3.4050920954032424,3.2610561359258514,3.559648830924311,3.2610561359258514,3.559648830924311,3.2610561359258514,3.559648830924311,,15.500333333333332,3.405,1.0,0.48333333333333334,0.6597319856046484,1.0225243714725503,learned
D,44,L_range_wide,3,0.3,from_t0,1,300,3.4050920954032424,3.2610561359258514,3.559648830924311,3.2610561359258514,3.559648830924311,3.2610561359258514,3.559648830924311,,15.500333333333332,3.405,1.0,0.48333333333333334,0.6597319856046484,1.0225243714725503,learned
D,44,L_range_wide,6,0.1,future,1,300,2.4491238946013385,2.3399372048569336,2.562430474111934,2.3399372048569336,2.562430474111934,2.3399372048569336,2.562430474111934,,11.148666666666665,2.449,1.0,0.22,0.6285163257870685,1.0586019718621913,learned
D,44,L_range_wide,6,0.1,from_t0,1,300,2.4491238946013385,2.3399372048569336,2.562430474111934,2.3399372048569336,2.562430474111934,2.3399372048569336,2.562430474111934,,11.148666666666665,2.449,1.0,0.22,0.6285163257870685,1.0586019718621913,learned
D,44,L_range_wide,6,0.3,future,1,300,3.7646694106110363,3.6154948016896555,3.9230641149811696,3.6154948016896555,3.9230641149811696,3.6154948016896555,3.9230641149811696,,17.137166666666666,3.765,1.0,0.66,0.7136505923802381,1.0355533615776549,learned
D,44,L_range_wide,6,0.3,from_t0,1,300,3.7646694106110363,3.6154948016896555,3.9230641149811696,3.6154948016896555,3.9230641149811696,3.6154948016896555,3.9230641149811696,,17.137166666666666,3.765,1.0,0.66,0.7136505923802381,1.0355533615776549,learned
D,44,L_range_wide,11,0.1,future,1,300,2.5926472705930452,2.4808976634202167,2.715417422708094,2.4808976634202167,2.715417422708094,2.4808976634202167,2.715417422708094,,11.801999999999998,2.593,1.0,0.25333333333333335,0.6810259230305679,1.071761548241277,learned
D,44,L_range_wide,11,0.1,from_t0,1,300,2.5926472705930452,2.4808976634202167,2.715417422708094,2.4808976634202167,2.715417422708094,2.4808976634202167,2.715417422708094,,11.801999999999998,2.593,1.0,0.25333333333333335,0.6810259230305679,1.071761548241277,learned
D,44,L_range_wide,11,0.3,future,1,300,3.8956498979672984,3.7374832639890356,4.065848658933818,3.7374832639890356,4.065848658933818,3.7374832639890356,4.065848658933818,,17.73340346652452,3.896,1.0,0.6666666666666666,0.7649160220210339,1.0450353505457846,learned
D,44,L_range_wide,11,0.3,from_t0,1,300,3.8956498979672984,3.7374832639890356,4.065848658933818,3.7374832639890356,4.065848658933818,3.7374832639890356,4.065848658933818,,17.73340346652452,3.896,1.0,0.6666666666666666,0.7649160220210339,1.0450353505457846,learned
D,44,L0,3,0.1,future,3,300,1.194917535711906,1.1492014960824048,1.2479741980093164,1.1480118752427115,1.248664049950467,1.148016146771759,1.2487473447668906,0.005480889453979949,5.439388888888888,1.201 1.192 1.192,0.5111111111111111,0.0033333333333333335,0.31366612845353425,0.5913414788821714,learned
D,44,L0,3,0.1,from_t0,3,300,1.194917535711906,1.148187007933654,1.2494371967080413,1.1480118752427115,1.248664049950467,1.147757719264393,1.2482326255166825,0.005480889453979949,5.439388888888888,1.201 1.192 1.192,0.5111111111111111,0.0033333333333333335,0.31366612845353425,0.5913414788821714,learned
D,44,L0,3,0.3,future,3,300,2.4375053355924865,2.332583767601882,2.5425892216868906,2.333846004435381,2.542247499363101,2.334251799694881,2.5426703807387905,0.004672201518086002,11.095777777777778,2.432 2.438 2.442,1.0,0.2288888888888889,0.4722633602607213,0.7319651103129813,learned
D,44,L0,3,0.3,from_t0,3,300,2.4375053355924865,2.331385603704094,2.543789521349202,2.333846004435381,2.542247499363101,2.3335341828149225,2.5413953293181493,0.004672201518086002,11.095777777777778,2.432 2.438 2.442,1.0,0.2288888888888889,0.4722633602607213,0.7319651103129813,learned
D,44,L0,6,0.1,future,3,300,1.1944049522262215,1.1473262948306087,1.2483992151495302,1.1471532979041896,1.2478054726119454,1.146986708271342,1.2477136347374267,0.0033449100016055273,5.437055555555555,1.198 1.194 1.191,0.5211111111111111,0.0044444444444444444,0.30651900205207916,0.5162660167645213,learned
D,44,L0,6,0.1,from_t0,3,300,1.1944049522262215,1.1468201186384952,1.249251385194481,1.1471532979041896,1.2478054726119454,1.1463886942047101,1.248738801708796,0.0033449100016055273,5.437055555555555,1.198 1.194 1.191,0.5211111111111111,0.0044444444444444444,0.30651900205207916,0.5162660167645213,learned
D,44,L0,6,0.3,future,3,300,2.4250324707741595,2.3251555785885025,2.529868608183816,2.324734832977336,2.5303940062566426,2.3232803773367054,2.5308895036261383,0.005296007017630593,11.039,2.419 2.426 2.430,1.0,0.22,0.45970194738251846,0.6670573835691858,learned
D,44,L0,6,0.3,from_t0,3,300,2.4250324707741595,2.324623773222104,2.530374784375929,2.324734832977336,2.5303940062566426,2.3258454305296525,2.5308873678616144,0.005296007017630593,11.039,2.419 2.426 2.430,1.0,0.22,0.45970194738251846,0.6670573835691858,learned
D,44,L0,11,0.1,future,3,300,1.173218168151255,1.1250353204968966,1.222686746048873,1.1255457682180576,1.2228576072107677,1.1263125076820608,1.2222766792603252,0.005291871127099162,5.34061111111111,1.176 1.177 1.167,0.5211111111111111,0.0033333333333333335,0.3081761236647815,0.48499081791213444,learned
D,44,L0,11,0.1,from_t0,3,300,1.173218168151255,1.1263146434465845,1.2242202249768794,1.1255457682180576,1.2228576072107677,1.12546033763711,1.2230284683726624,0.005291871127099162,5.34061111111111,1.176 1.177 1.167,0.5211111111111111,0.0033333333333333335,0.3081761236647815,0.48499081791213444,learned
D,44,L0,11,0.3,future,3,300,2.39760925429003,2.302693743092895,2.5022659874796966,2.303528827021656,2.49740712318831,2.304233629314473,2.4982592932332617,0.010261276153140098,10.914166666666668,2.388 2.408 2.397,1.0,0.2011111111111111,0.4707737556471104,0.6431754631842515,learned
D,44,L0,11,0.3,from_t0,3,300,2.39760925429003,2.3026937430928953,2.499273781382012,2.303528827021656,2.49740712318831,2.3030183793004952,2.4983340449915903,0.010261276153140098,10.914166666666668,2.388 2.408 2.397,1.0,0.2011111111111111,0.4707737556471104,0.6431754631842515,learned
D,44,L0big,3,0.1,future,1,300,1.1630519290185093,1.1158942483355199,1.2176420702439263,1.1158942483355199,1.2176420702439263,1.1158942483355199,1.2176420702439263,,5.2943333333333324,1.163,0.49666666666666665,0.0033333333333333335,0.3053013993541443,0.5755718090728449,learned
D,44,L0big,3,0.1,from_t0,1,300,1.1630519290185093,1.1158942483355199,1.2176420702439263,1.1158942483355199,1.2176420702439263,1.1158942483355199,1.2176420702439263,,5.2943333333333324,1.163,0.49666666666666665,0.0033333333333333335,0.3053013993541443,0.5755718090728449,learned
D,44,L0big,3,0.3,future,1,300,2.398378129518557,2.2930294086232155,2.5060206615123364,2.2930294086232155,2.5060206615123364,2.2930294086232155,2.5060206615123364,,10.917666666666667,2.398,0.9966666666666667,0.21666666666666667,0.4646825170320864,0.7202154951257057,learned
D,44,L0big,3,0.3,from_t0,1,300,2.398378129518557,2.2930294086232155,2.5060206615123364,2.2930294086232155,2.5060206615123364,2.2930294086232155,2.5060206615123364,,10.917666666666667,2.398,0.9966666666666667,0.21666666666666667,0.4646825170320864,0.7202154951257057,learned
D,44,L0big,6,0.1,future,1,300,1.1648459712184058,1.1171692997561606,1.219698811480236,1.1171692997561606,1.219698811480236,1.1171692997561606,1.219698811480236,,5.3025,1.165,0.48333333333333334,0.0033333333333333335,0.29893330898934983,0.5034895314057828,learned
D,44,L0big,6,0.1,from_t0,1,300,1.1648459712184058,1.1171692997561606,1.219698811480236,1.1171692997561606,1.219698811480236,1.1171692997561606,1.219698811480236,,5.3025,1.165,0.48333333333333334,0.0033333333333333335,0.29893330898934983,0.5034895314057828,learned
D,44,L0big,6,0.3,future,1,300,2.381719166233805,2.2822715627174084,2.4862926046070477,2.2822715627174084,2.4862926046070477,2.2822715627174084,2.4862926046070477,,10.841833333333332,2.382,1.0,0.21333333333333335,0.4514912488930188,0.6551431267711312,learned
D,44,L0big,6,0.3,from_t0,1,300,2.381719166233805,2.2822715627174084,2.4862926046070477,2.2822715627174084,2.4862926046070477,2.2822715627174084,2.4862926046070477,,10.841833333333332,2.382,1.0,0.21333333333333335,0.4514912488930188,0.6551431267711312,learned
D,44,L0big,11,0.1,future,1,300,1.1399856721626993,1.0920527089576118,1.189712677567683,1.0920527089576118,1.189712677567683,1.0920527089576118,1.189712677567683,,5.189333333333333,1.140,0.48,0.0033333333333333335,0.29944674828390333,0.4712530018364176,learned
D,44,L0big,11,0.1,from_t0,1,300,1.1399856721626993,1.0920527089576118,1.189712677567683,1.0920527089576118,1.189712677567683,1.0920527089576118,1.189712677567683,,5.189333333333333,1.140,0.48,0.0033333333333333335,0.29944674828390333,0.4712530018364176,learned
D,44,L0big,11,0.3,future,1,300,2.3507078653498823,2.2609737188872105,2.4473362596950134,2.2609737188872105,2.4473362596950134,2.2609737188872105,2.4473362596950134,,10.700666666666665,2.351,1.0,0.17333333333333334,0.4615646057504324,0.6305938373410959,learned
D,44,L0big,11,0.3,from_t0,1,300,2.3507078653498823,2.2609737188872105,2.4473362596950134,2.2609737188872105,2.4473362596950134,2.2609737188872105,2.4473362596950134,,10.700666666666665,2.351,1.0,0.17333333333333334,0.4615646057504324,0.6305938373410959,learned
D,44,P1,3,0.1,future,1,300,0.4925927297429649,0.48567285268622196,0.49976889854255035,0.48567285268622196,0.49976889854255035,0.48567285268622196,0.49976889854255035,,2.2423333333333333,0.493,0.0,0.0,0.12930570505920347,0.2437745740498034,reference
D,44,P1,3,0.1,from_t0,1,300,0.4925927297429649,0.48567285268622196,0.49976889854255035,0.48567285268622196,0.49976889854255035,0.48567285268622196,0.49976889854255035,,2.2423333333333333,0.493,0.0,0.0,0.12930570505920347,0.2437745740498034,reference
D,44,P1,3,0.3,future,1,300,0.9882609604000377,0.9659571714791838,1.0133839584921576,0.9659571714791838,1.0133839584921576,0.9659571714791838,1.0133839584921576,,4.498666666666666,0.988,0.32666666666666666,0.0,0.19147422373110973,0.29676757311441765,reference
D,44,P1,3,0.3,from_t0,1,300,0.9882609604000377,0.9659571714791838,1.0133839584921576,0.9659571714791838,1.0133839584921576,0.9659571714791838,1.0133839584921576,,4.498666666666666,0.988,0.32666666666666666,0.0,0.19147422373110973,0.29676757311441765,reference
D,44,P1,6,0.1,future,1,300,0.5005377737710772,0.4941240729064479,0.5074576508278204,0.4941240729064479,0.5074576508278204,0.4941240729064479,0.5074576508278204,,2.2784999999999997,0.501,0.0,0.0,0.12845253079344338,0.21635094715852443,reference
D,44,P1,6,0.1,from_t0,1,300,0.5005377737710772,0.4941240729064479,0.5074576508278204,0.4941240729064479,0.5074576508278204,0.4941240729064479,0.5074576508278204,,2.2784999999999997,0.501,0.0,0.0,0.12845253079344338,0.21635094715852443,reference
D,44,P1,6,0.3,future,1,300,0.9992815053422581,0.976727831972133,1.0241418043979647,0.976727831972133,1.0241418043979647,0.976727831972133,1.0241418043979647,,4.548833333333333,0.999,0.32,0.0,0.18942907343526094,0.27487388908647803,reference
D,44,P1,6,0.3,from_t0,1,300,0.9992815053422581,0.976727831972133,1.0241418043979647,0.976727831972133,1.0241418043979647,0.976727831972133,1.0241418043979647,,4.548833333333333,0.999,0.32,0.0,0.18942907343526094,0.27487388908647803,reference
D,44,P1,11,0.1,future,1,300,0.4972059811141269,0.48977352057169926,0.5051510251422393,0.48977352057169926,0.5051510251422393,0.48977352057169926,0.5051510251422393,,2.2633333333333328,0.497,0.0,0.0,0.1306040224079974,0.20553750529735837,reference
D,44,P1,11,0.1,from_t0,1,300,0.4972059811141269,0.48977352057169926,0.5051510251422393,0.48977352057169926,0.5051510251422393,0.48977352057169926,0.5051510251422393,,2.2633333333333328,0.497,0.0,0.0,0.1306040224079974,0.20553750529735837,reference
D,44,P1,11,0.3,future,1,300,1.021578886969541,0.9990252135994159,1.0449014355681936,0.9990252135994159,1.0449014355681936,0.9990252135994159,1.0449014355681936,,4.650333333333332,1.022,0.4033333333333333,0.0,0.20058836878774788,0.27404568639790755,reference
D,44,P1,11,0.3,from_t0,1,300,1.021578886969541,0.9990252135994159,1.0449014355681936,0.9990252135994159,1.0449014355681936,0.9990252135994159,1.0449014355681936,,4.650333333333332,1.022,0.4033333333333333,0.0,0.20058836878774788,0.27404568639790755,reference
D,44,persistence,3,0.1,future,1,300,0.10456703107967208,0.09918490447998307,0.10994915767936106,0.09918490447998307,0.10994915767936106,0.09918490447998307,0.10994915767936106,,0.4760000000000001,0.105,0.0,0.0,0.02744886975242197,0.051748192618272536,reference
D,44,persistence,3,0.1,from_t0,1,300,0.10456703107967208,0.09918490447998307,0.10994915767936106,0.09918490447998307,0.10994915767936106,0.09918490447998307,0.10994915767936106,,0.4760000000000001,0.105,0.0,0.0,0.02744886975242197,0.051748192618272536,reference
D,44,persistence,3,0.3,future,1,300,0.25039703275695985,0.23143144378662717,0.2701379042493906,0.23143144378662717,0.2701379042493906,0.23143144378662717,0.2701379042493906,,1.1398333333333335,0.250,0.01,0.0,0.048514086251373,0.07519240636223708,reference
D,44,persistence,3,0.3,from_t0,1,300,0.25039703275695985,0.23143144378662717,0.2701379042493906,0.23143144378662717,0.2701379042493906,0.23143144378662717,0.2701379042493906,,1.1398333333333335,0.250,0.01,0.0,0.048514086251373,0.07519240636223708,reference
D,44,persistence,6,0.1,future,1,300,0.10149153016556407,0.09662198705155972,0.10662377231598179,0.09662198705155972,0.10662377231598179,0.09662198705155972,0.10662377231598179,,0.462,0.101,0.0,0.0,0.02604567444659682,0.04386839481555335,reference
D,44,persistence,6,0.1,from_t0,1,300,0.10149153016556407,0.09662198705155972,0.10662377231598179,0.09662198705155972,0.10662377231598179,0.09662198705155972,0.10662377231598179,,0.462,0.101,0.0,0.0,0.02604567444659682,0.04386839481555335,reference
D,44,persistence,6,0.3,future,1,300,0.2496281575284328,0.2273243686075787,0.27525733181266615,0.2273243686075787,0.27525733181266615,0.2273243686075787,0.27525733181266615,,1.1363333333333332,0.250,0.013333333333333334,0.0,0.047320830347767164,0.06866559835091808,reference
D,44,persistence,6,0.3,from_t0,1,300,0.2496281575284328,0.2273243686075787,0.27525733181266615,0.2273243686075787,0.27525733181266615,0.2273243686075787,0.27525733181266615,,1.1363333333333332,0.250,0.013333333333333334,0.0,0.047320830347767164,0.06866559835091808,reference
D,44,persistence,11,0.1,future,1,300,0.10021007145135241,0.0955968200801904,0.10508602185892778,0.0955968200801904,0.10508602185892778,0.0955968200801904,0.10508602185892778,,0.4561666666666667,0.100,0.0,0.0,0.02632276946470464,0.04142534256250884,reference
D,44,persistence,11,0.1,from_t0,1,300,0.10021007145135241,0.0955968200801904,0.10508602185892778,0.0955968200801904,0.10508602185892778,0.0955968200801904,0.10508602185892778,,0.4561666666666667,0.100,0.0,0.0,0.02632276946470464,0.04142534256250884,reference
D,44,persistence,11,0.3,future,1,300,0.24040165478610884,0.22040449155083572,0.26398049512760347,0.22040449155083572,0.26398049512760347,0.22040449155083572,0.26398049512760347,,1.0943333333333334,0.240,0.01,0.0,0.04720318362340882,0.06448942645289447,reference
D,44,persistence,11,0.3,from_t0,1,300,0.24040165478610884,0.22040449155083572,0.26398049512760347,0.22040449155083572,0.26398049512760347,0.22040449155083572,0.26398049512760347,,1.0943333333333334,0.240,0.01,0.0,0.04720318362340882,0.06448942645289447,reference
D,50,O,3,0.1,future,1,300,3.472840551905923,3.3302663111434425,3.6238617946183393,3.3302663111434425,3.6238617946183393,3.3302663111434425,3.6238617946183393,,13.442333333333332,3.473,1.0,0.5333333333333333,1.0,2.7492245287520882,reference
D,50,O,3,0.1,from_t0,1,300,3.472840551905923,3.3302663111434425,3.6238617946183393,3.3302663111434425,3.6238617946183393,3.3302663111434425,3.6238617946183393,,13.442333333333332,3.473,1.0,0.5333333333333333,1.0,2.7492245287520882,reference
D,50,O,3,0.3,future,1,300,4.6609841002258765,4.483203673129874,4.8365930228736955,4.483203673129874,4.8365930228736955,4.483203673129874,4.8365930228736955,,18.041283784888332,4.661,1.0,0.9133333333333333,1.0,1.8978838401944385,reference
D,50,O,3,0.3,from_t0,1,300,4.6609841002258765,4.483203673129874,4.8365930228736955,4.483203673129874,4.8365930228736955,4.483203673129874,4.8365930228736955,,18.041283784888332,4.661,1.0,0.9133333333333333,1.0,1.8978838401944385,reference
D,50,O,6,0.1,future,1,300,3.3188202844155628,3.1910075751605977,3.446640528908663,3.1910075751605977,3.446640528908663,3.1910075751605977,3.446640528908663,,12.846166666666665,3.319,1.0,0.49333333333333335,1.0,2.0266887539112832,reference
D,50,O,6,0.1,from_t0,1,300,3.3188202844155628,3.1910075751605977,3.446640528908663,3.1910075751605977,3.446640528908663,3.1910075751605977,3.446640528908663,,12.846166666666665,3.319,1.0,0.49333333333333335,1.0,2.0266887539112832,reference
D,50,O,6,0.3,future,1,300,4.525239490689172,4.368320716694909,4.688314036318735,4.368320716694909,4.688314036318735,4.368320716694909,4.688314036318735,,17.515856756977666,4.525,1.0,0.8966666666666666,1.0,1.6255512674297163,reference
D,50,O,6,0.3,from_t0,1,300,4.525239490689172,4.368320716694909,4.688314036318735,4.368320716694909,4.688314036318735,4.368320716694909,4.688314036318735,,17.515856756977666,4.525,1.0,0.8966666666666666,1.0,1.6255512674297163,reference
D,50,O,11,0.1,future,1,300,3.3866374276353888,3.257325205991452,3.5165524683301683,3.257325205991452,3.5165524683301683,3.257325205991452,3.5165524683301683,,13.108666666666666,3.387,1.0,0.5033333333333333,1.0,1.8871346993617737,reference
D,50,O,11,0.1,from_t0,1,300,3.3866374276353888,3.257325205991452,3.5165524683301683,3.257325205991452,3.5165524683301683,3.257325205991452,3.5165524683301683,,13.108666666666666,3.387,1.0,0.5033333333333333,1.0,1.8871346993617737,reference
D,50,O,11,0.3,future,1,300,4.584315757671775,4.417442934100469,4.7579307224142395,4.417442934100469,4.7579307224142395,4.417442934100469,4.7579307224142395,,17.74452342364433,4.584,1.0,0.92,1.0,1.5656318459354437,reference
D,50,O,11,0.3,from_t0,1,300,4.584315757671775,4.417442934100469,4.7579307224142395,4.417442934100469,4.7579307224142395,4.417442934100469,4.7579307224142395,,17.74452342364433,4.584,1.0,0.92,1.0,1.5656318459354437,reference
D,50,H,3,0.1,future,3,300,3.363027014810709,3.236211468735679,3.4935498980484216,3.236796705564206,3.493750837732035,3.2359226179404845,3.4909828935902487,0.00698030449531114,13.017277777777778,3.365 3.369 3.355,1.0,0.49666666666666665,0.9683793322918476,2.6622922134733167,hybrid (learned correction)
D,50,H,3,0.1,from_t0,3,300,3.363027014810709,3.2358171246065868,3.4932736059834513,3.236796705564206,3.493750837732035,3.2354152452393574,3.490940193907481,0.00698030449531114,13.017277777777778,3.365 3.369 3.355,1.0,0.49666666666666665,0.9683793322918476,2.6622922134733167,hybrid (learned correction)
D,50,H,3,0.3,future,3,300,4.559134601743865,4.40034599669237,4.72001303774681,4.401065669133621,4.7193994229080145,4.399784515819731,4.724411659530849,0.021756398550440256,17.64705465517011,4.573 4.571 4.534,1.0,0.9144444444444444,0.9781484990525765,1.85641222966233,hybrid (learned correction)
D,50,H,3,0.3,from_t0,3,300,4.559134601743865,4.398627634650662,4.72404843604041,4.401065669133621,4.7193994229080145,4.400138220057052,4.717136677277743,0.021756398550440256,17.64705465517011,4.573 4.571 4.534,1.0,0.9144444444444444,0.9781484990525765,1.85641222966233,hybrid (learned correction)
D,50,H,6,0.1,future,3,300,3.27732623974921,3.1514149222504457,3.4029411712146436,3.153645352738564,3.401017173744037,3.152640654320493,3.3980985248395394,0.02482804746124107,12.685555555555553,3.250 3.284 3.298,1.0,0.48444444444444446,0.9874973511337146,2.001349776059881,hybrid (learned correction)
D,50,H,6,0.1,from_t0,3,300,3.27732623974921,3.1505081819281355,3.403930799156444,3.153645352738564,3.401017173744037,3.1535222771823506,3.3982994645231535,0.02482804746124107,12.685555555555553,3.250 3.284 3.298,1.0,0.48444444444444446,0.9874973511337146,2.001349776059881,hybrid (learned correction)
D,50,H,6,0.3,future,3,300,4.481535109503062,4.323258976420793,4.6421944881444945,4.325113661225744,4.632451491201629,4.327362306256227,4.636002754828557,0.05004687685545782,17.346690090311,4.425 4.500 4.520,1.0,0.8922222222222222,0.9903420843745323,1.6098518304440081,hybrid (learned correction)
D,50,H,6,0.3,from_t0,3,300,4.481535109503062,4.316904028044152,4.645425627316353,4.325113661225744,4.632451491201629,4.324892579141536,4.6370314302752265,0.05004687685545782,17.346690090311,4.425 4.500 4.520,1.0,0.8922222222222222,0.9903420843745323,1.6098518304440081,hybrid (learned correction)
D,50,H,11,0.1,future,3,300,3.300132893839433,3.1790591992236825,3.431253572635899,3.185896171958659,3.4210056487715694,3.1833819141674353,3.422846758622685,0.04402746208776297,12.773833333333332,3.331 3.319 3.250,1.0,0.4677777777777778,0.9744571021715913,1.8389318105475312,hybrid (learned correction)
D,50,H,11,0.1,from_t0,3,300,3.300132893839433,3.1716219191839086,3.4338808589991556,3.185896171958659,3.4210056487715694,3.1862930278337966,3.423529953546973,0.04402746208776297,12.773833333333332,3.331 3.319 3.250,1.0,0.4677777777777778,0.9744571021715913,1.8389318105475312,hybrid (learned correction)
D,50,H,11,0.3,future,3,300,4.486960480960648,4.331049376810073,4.652562917577132,4.337695802126571,4.638191684307622,4.335049054115001,4.641523976158675,0.04527909026029755,17.367690090311,4.524 4.501 4.436,1.0,0.9066666666666666,0.9787634007216442,1.5323831498058802,hybrid (learned correction)
D,50,H,11,0.3,from_t0,3,300,4.486960480960648,4.332401732025244,4.649508298914867,4.337695802126571,4.638191684307622,4.338144205994943,4.638488751093235,0.04527909026029755,17.367690090311,4.524 4.501 4.436,1.0,0.9066666666666666,0.9787634007216442,1.5323831498058802,hybrid (learned correction)
D,50,P1x,3,0.1,future,1,300,3.435767180279085,3.2937731528530403,3.5801800191466353,3.2937731528530403,3.5801800191466353,3.2937731528530403,3.5801800191466353,,13.298833333333333,3.436,1.0,0.5166666666666667,0.9893247700052075,2.7198759246003346,reference
D,50,P1x,3,0.1,from_t0,1,300,3.435767180279085,3.2937731528530403,3.5801800191466353,3.2937731528530403,3.5801800191466353,3.2937731528530403,3.5801800191466353,,13.298833333333333,3.436,1.0,0.5166666666666667,0.9893247700052075,2.7198759246003346,reference
D,50,P1x,3,0.3,future,1,300,4.6311445572091525,4.4610361836746915,4.799266188054111,4.4610361836746915,4.799266188054111,4.4610361836746915,4.799266188054111,,17.92578378488833,4.631,1.0,0.9233333333333333,0.9935980165615073,1.8857336192813308,reference
D,50,P1x,3,0.3,from_t0,1,300,4.6311445572091525,4.4610361836746915,4.799266188054111,4.4610361836746915,4.799266188054111,4.4610361836746915,4.799266188054111,,17.92578378488833,4.631,1.0,0.9233333333333333,0.9935980165615073,1.8857336192813308,reference
D,50,P1x,6,0.1,future,1,300,3.308270951025812,3.18197282463609,3.433679919315541,3.18197282463609,3.433679919315541,3.18197282463609,3.433679919315541,,12.805333333333332,3.308,1.0,0.49,0.9968213604577241,2.0202466408982147,reference
D,50,P1x,6,0.1,from_t0,1,300,3.308270951025812,3.18197282463609,3.433679919315541,3.18197282463609,3.433679919315541,3.18197282463609,3.433679919315541,,12.805333333333332,3.308,1.0,0.49,0.9968213604577241,2.0202466408982147,reference
D,50,P1x,6,0.3,future,1,300,4.52325274799967,4.372540450050809,4.685117198389122,4.372540450050809,4.685117198389122,4.372540450050809,4.685117198389122,,17.508166666666668,4.523,1.0,0.9033333333333333,0.9995609640785664,1.6248375920311828,reference
D,50,P1x,6,0.3,from_t0,1,300,4.52325274799967,4.372540450050809,4.685117198389122,4.372540450050809,4.685117198389122,4.372540450050809,4.685117198389122,,17.508166666666668,4.523,1.0,0.9033333333333333,0.9995609640785664,1.6248375920311828,reference
D,50,P1x,11,0.1,future,1,300,3.3580035227203506,3.2365053430229653,3.4828021367211015,3.2365053430229653,3.4828021367211015,3.2365053430229653,3.4828021367211015,,12.99783333333333,3.358,1.0,0.4866666666666667,0.9915450338198646,1.87117903930131,reference
D,50,P1x,11,0.1,from_t0,1,300,3.3580035227203506,3.2365053430229653,3.4828021367211015,3.2365053430229653,3.4828021367211015,3.2365053430229653,3.4828021367211015,,12.99783333333333,3.358,1.0,0.4866666666666667,0.9915450338198646,1.87117903930131,reference
D,50,P1x,11,0.3,future,1,300,4.549955071773731,4.38896778710771,4.713933845979558,4.38896778710771,4.713933845979558,4.38896778710771,4.713933845979558,,17.611523423644336,4.550,1.0,0.9133333333333333,0.9925047296664627,1.5538970120073625,reference
D,50,P1x,11,0.3,from_t0,1,300,4.549955071773731,4.38896778710771,4.713933845979558,4.38896778710771,4.713933845979558,4.38896778710771,4.713933845979558,,17.611523423644336,4.550,1.0,0.9133333333333333,0.9925047296664627,1.5538970120073625,reference
D,50,L_range,3,0.1,future,3,300,1.263207321041288,1.214175526493354,1.3111364590753887,1.2155745690405189,1.3113474457431835,1.2159789601537927,1.311957800032162,0.0033967128456608366,4.889499999999999,1.261 1.267 1.261,0.6577777777777778,0.006666666666666667,0.3637389342128102,1.0,learned
D,50,L_range,3,0.1,from_t0,3,300,1.263207321041288,1.2153736293569044,1.3118397479680388,1.2155745690405189,1.3113474457431835,1.2156750388823259,1.311337398759003,0.0033967128456608366,4.889499999999999,1.261 1.267 1.261,0.6577777777777778,0.006666666666666667,0.3637389342128102,1.0,learned
D,50,L_range,3,0.3,future,3,300,2.4558848131339577,2.3673658590097686,2.541485118353649,2.3693677206077757,2.5429042548691747,2.36676052821288,2.5408848110488513,0.011305870896786531,9.506,2.448 2.469 2.451,1.0,0.20555555555555555,0.5269026369377537,1.0,learned
D,50,L_range,3,0.3,from_t0,3,300,2.4558848131339577,2.371773973319057,2.542005049785001,2.3693677206077757,2.5429042548691747,2.3684760507617373,2.5444012555121014,0.011305870896786531,9.506,2.448 2.469 2.451,1.0,0.20555555555555555,0.5269026369377537,1.0,learned
D,50,L_range,6,0.1,future,3,300,1.6375579516147263,1.5567575930873718,1.7231758390567335,1.5685351702932149,1.7039810757794778,1.5665182382189364,1.7051741551509378,0.04660457981539394,6.338499999999999,1.585 1.672 1.656,0.9022222222222223,0.05555555555555555,0.493415675233857,1.0,learned
D,50,L_range,6,0.1,from_t0,3,300,1.6375579516147263,1.5556574483195835,1.722156070162391,1.5685351702932149,1.7039810757794778,1.568831556326546,1.7053901653108232,0.04660457981539394,6.338499999999999,1.585 1.672 1.656,0.9022222222222223,0.05555555555555555,0.493415675233857,1.0,learned
D,50,L_range,6,0.3,future,3,300,2.7838183767924924,2.6655352320329357,2.8977536891478457,2.6816405476746223,2.8920419786411093,2.6821403851376124,2.892441346262292,0.0612477208685712,10.77533333333333,2.715 2.833 2.804,1.0,0.29,0.6151759221849561,1.0,learned
D,50,L_range,6,0.3,from_t0,3,300,2.7838183767924924,2.6668614339447902,2.903477958384807,2.6816405476746223,2.8920419786411093,2.682718086728004,2.8919364853072116,0.0612477208685712,10.77533333333333,2.715 2.833 2.804,1.0,0.29,0.6151759221849561,1.0,learned
D,50,L_range,11,0.1,future,3,300,1.7945923143593008,1.7176324155350247,1.8742925281188674,1.7245648346197178,1.8663302931556505,1.7218446136527892,1.8672395452240051,0.039099681961682946,6.946333333333333,1.750 1.823 1.811,0.9455555555555556,0.06,0.5299038803844784,1.0,learned
D,50,L_range,11,0.1,from_t0,3,300,1.7945923143593008,1.714811724726289,1.875372578918294,1.7245648346197178,1.8663302931556505,1.7229573171508037,1.8687415693590221,0.039099681961682946,6.946333333333333,1.750 1.823 1.811,0.9455555555555556,0.06,0.5299038803844784,1.0,learned
D,50,L_range,11,0.3,future,3,300,2.9280930696275593,2.820773696355207,3.0402299718145644,2.826671276069287,3.037404257513738,2.8251064582831407,3.0398230689552452,0.03286654012096653,11.333777777777778,2.891 2.953 2.941,1.0,0.35333333333333333,0.6387197619900952,1.0,learned
D,50,L_range,11,0.3,from_t0,3,300,2.9280930696275593,2.8163580468077836,3.048862842971843,2.826671276069287,3.037404257513738,2.8238832379591385,3.0396246410176753,0.03286654012096653,11.333777777777778,2.891 2.953 2.941,1.0,0.35333333333333333,0.6387197619900952,1.0,learned
D,50,L_range_wide,3,0.1,future,1,300,1.286717264024161,1.2393884332948584,1.3331418661771994,1.2393884332948584,1.3331418661771994,1.2393884332948584,1.3331418661771994,,4.980499999999999,1.287,0.7066666666666667,0.0033333333333333335,0.37050859225828847,1.0186113099498928,learned
D,50,L_range_wide,3,0.1,from_t0,1,300,1.286717264024161,1.2393884332948584,1.3331418661771994,1.2393884332948584,1.3331418661771994,1.2393884332948584,1.3331418661771994,,4.980499999999999,1.287,0.7066666666666667,0.0033333333333333335,0.37050859225828847,1.0186113099498928,learned
D,50,L_range_wide,3,0.3,future,1,300,2.4974793276421177,2.4079230224012695,2.5836824519126513,2.4079230224012695,2.5836824519126513,2.4079230224012695,2.5836824519126513,,9.667,2.497,1.0,0.21333333333333335,0.5358266138520161,1.016936671575847,learned
D,50,L_range_wide,3,0.3,from_t0,1,300,2.4974793276421177,2.4079230224012695,2.5836824519126513,2.4079230224012695,2.5836824519126513,2.4079230224012695,2.5836824519126513,,9.667,2.497,1.0,0.21333333333333335,0.5358266138520161,1.016936671575847,learned
D,50,L_range_wide,6,0.1,future,1,300,1.8497502575114262,1.775904923783171,1.9242210160049298,1.775904923783171,1.9242210160049298,1.775904923783171,1.9242210160049298,,7.159833333333334,1.850,0.9733333333333334,0.07,0.5573517391699211,1.129578501748574,learned
D,50,L_range_wide,6,0.1,from_t0,1,300,1.8497502575114262,1.775904923783171,1.9242210160049298,1.775904923783171,1.9242210160049298,1.775904923783171,1.9242210160049298,,7.159833333333334,1.850,0.9733333333333334,0.07,0.5573517391699211,1.129578501748574,learned
D,50,L_range_wide,6,0.3,future,1,300,3.0023402827230425,2.895317295484022,3.111759475689164,2.895317295484022,3.111759475689164,2.895317295484022,3.111759475689164,,11.621166666666666,3.002,1.0,0.36,0.6634655003122941,1.0784971849285407,learned
D,50,L_range_wide,6,0.3,from_t0,1,300,3.0023402827230425,2.895317295484022,3.111759475689164,2.895317295484022,3.111759475689164,2.895317295484022,3.111759475689164,,11.621166666666666,3.002,1.0,0.36,0.6634655003122941,1.0784971849285407,learned
D,50,L_range_wide,11,0.1,future,1,300,2.1837120116783897,2.095986769304478,2.27323064072856,2.095986769304478,2.27323064072856,2.095986769304478,2.27323064072856,,8.452499999999999,2.184,0.9966666666666667,0.13666666666666666,0.6448024207903167,1.2168290225058782,learned
D,50,L_range_wide,11,0.1,from_t0,1,300,2.1837120116783897,2.095986769304478,2.27323064072856,2.095986769304478,2.27323064072856,2.095986769304478,2.27323064072856,,8.452499999999999,2.184,0.9966666666666667,0.13666666666666666,0.6448024207903167,1.2168290225058782,learned
D,50,L_range_wide,11,0.3,future,1,300,3.3390147226188,3.2148189276688925,3.467113770922915,3.2148189276688925,3.467113770922915,3.2148189276688925,3.467113770922915,,12.924333333333333,3.339,1.0,0.5066666666666667,0.7283561820607612,1.1403376338182816,learned
D,50,L_range_wide,11,0.3,from_t0,1,300,3.3390147226188,3.2148189276688925,3.467113770922915,3.2148189276688925,3.467113770922915,3.2148189276688925,3.467113770922915,,12.924333333333333,3.339,1.0,0.5066666666666667,0.7283561820607612,1.1403376338182816,learned
D,50,L0,3,0.1,future,3,300,0.5651428601652148,0.5438382302100088,0.5868443459955589,0.5446470124365564,0.5856412196399184,0.5445440308487041,0.5858396475774875,0.003776650528751715,2.1874999999999996,0.565 0.569 0.561,0.013333333333333334,0.0,0.16273216455476477,0.44738725841088045,learned
D,50,L0,3,0.1,from_t0,3,300,0.5651428601652148,0.544544030848704,0.5862440386907614,0.5446470124365564,0.5856412196399184,0.5447474822783634,0.5861410571029091,0.003776650528751715,2.1874999999999996,0.565 0.569 0.561,0.013333333333333334,0.0,0.16273216455476477,0.44738725841088045,learned
D,50,L0,3,0.3,future,3,300,1.6039005546093312,1.5457234927109016,1.662482007621035,1.5455250647733325,1.6611809231696324,1.5456255346151395,1.661376839361156,0.004234061863536081,6.208222222222221,1.603 1.608 1.600,0.9444444444444444,0.02666666666666667,0.34411199869392484,0.6530846015382097,learned
D,50,L0,3,0.3,from_t0,3,300,1.6039005546093312,1.5453241250897183,1.6610804533278252,1.5455250647733325,1.6611809231696324,1.5457209809648564,1.6616782488865776,0.004234061863536081,6.208222222222221,1.603 1.608 1.600,0.9444444444444444,0.02666666666666667,0.34411199869392484,0.6530846015382097,learned
D,50,L0,6,0.1,future,3,300,0.5579090315551001,0.5380160028772845,0.5775031624535393,0.5379130212894321,0.577400180865687,0.5377070581137274,0.5774052043577773,0.0018823018829551771,2.1595,0.559 0.559 0.556,0.006666666666666667,0.0,0.1681046226500772,0.34069574820541143,learned
D,50,L0,6,0.1,from_t0,3,300,0.5579090315551001,0.5377145933518631,0.577302222769925,0.5379130212894321,0.577400180865687,0.5378150631936701,0.5775031624535393,0.0018823018829551771,2.1595,0.559 0.559 0.556,0.006666666666666667,0.0,0.1681046226500772,0.34069574820541143,learned
D,50,L0,6,0.3,future,3,300,1.603699614925717,1.5463263117617445,1.6604851695151177,1.5464318050956423,1.6612738577733042,1.5465247396993138,1.6615752672987254,0.0020068835182911566,6.207444444444444,1.605 1.605 1.601,0.94,0.024444444444444446,0.35438999819244515,0.5760791107261442,learned
D,50,L0,6,0.3,from_t0,3,300,1.603699614925717,1.5469291308125874,1.6610678945975994,1.5464318050956423,1.6612738577733042,1.546627721287166,1.6611708761854518,0.0020068835182911566,6.207444444444444,1.605 1.605 1.601,0.94,0.024444444444444446,0.35438999819244515,0.5760791107261442,learned
D,50,L0,11,0.1,future,3,300,0.5420347965495705,0.5240481831200455,0.5596195306118669,0.5245505323290812,0.5594185909282524,0.5241486529618528,0.5594185909282524,0.002454838263575429,2.098055555555556,0.543 0.544 0.539,0.0044444444444444444,0.0,0.16005102646256084,0.30203784570596803,learned
D,50,L0,11,0.1,from_t0,3,300,0.5420347965495705,0.5243521043915121,0.5591146696567859,0.5245505323290812,0.5594185909282524,0.5244525742333194,0.5596195306118669,0.002454838263575429,2.098055555555556,0.543 0.544 0.539,0.0044444444444444444,0.0,0.16005102646256084,0.30203784570596803,learned
D,50,L0,11,0.3,future,3,300,1.6004845799878884,1.545728516202992,1.6563508355247536,1.545924432394516,1.6552406437727847,1.5462283536659827,1.655753039966001,0.005357972922353503,6.194999999999999,1.602 1.605 1.594,0.9255555555555556,0.022222222222222223,0.349121802377924,0.5465962119132582,learned
D,50,L0,11,0.3,from_t0,3,300,1.6004845799878884,1.5464217581114612,1.6559439326654346,1.545924432394516,1.6552406437727847,1.5457209809648564,1.6554516304405797,0.005357972922353503,6.194999999999999,1.602 1.605 1.594,0.9255555555555556,0.022222222222222223,0.349121802377924,0.5465962119132582,learned
D,50,L0big,3,0.1,future,1,300,0.5509766124704067,0.5310835837925911,0.5714799954372007,0.5310835837925911,0.5714799954372007,0.5310835837925911,0.5714799954372007,,2.1326666666666663,0.551,0.01,0.0,0.15865301162992534,0.4361727511333811,learned
D,50,L0big,3,0.1,from_t0,1,300,0.5509766124704067,0.5310835837925911,0.5714799954372007,0.5310835837925911,0.5714799954372007,0.5310835837925911,0.5714799954372007,,2.1326666666666663,0.551,0.01,0.0,0.15865301162992534,0.4361727511333811,learned
D,50,L0big,3,0.3,future,1,300,1.565822484564422,1.5067386823436826,1.62580298012329,1.5067386823436826,1.62580298012329,1.5067386823436826,1.62580298012329,,6.060833333333333,1.566,0.9166666666666666,0.02666666666666667,0.33594246427241414,0.6375797741777123,learned
D,50,L0big,3,0.3,from_t0,1,300,1.565822484564422,1.5067386823436826,1.62580298012329,1.5067386823436826,1.62580298012329,1.5067386823436826,1.62580298012329,,6.060833333333333,1.566,0.9166666666666666,0.02666666666666667,0.33594246427241414,0.6375797741777123,learned
D,50,L0big,6,0.1,future,1,300,0.5446470124365563,0.5250553932841623,0.5642386315889505,0.5250553932841623,0.5642386315889505,0.5250553932841623,0.5642386315889505,,2.1081666666666665,0.545,0.0033333333333333335,0.0,0.1641086186540732,0.33259709184612557,learned
D,50,L0big,6,0.1,from_t0,1,300,0.5446470124365563,0.5250553932841623,0.5642386315889505,0.5250553932841623,0.5642386315889505,0.5250553932841623,0.5642386315889505,,2.1081666666666665,0.545,0.0033333333333333335,0.0,0.1641086186540732,0.33259709184612557,learned
D,50,L0big,6,0.3,future,1,300,1.5600957035814145,1.5040109261386183,1.6176724581750463,1.5040109261386183,1.6176724581750463,1.5040109261386183,1.6176724581750463,,6.038666666666667,1.560,0.9066666666666666,0.023333333333333334,0.34475428467186375,0.5604157644001734,learned
D,50,L0big,6,0.3,from_t0,1,300,1.5600957035814145,1.5040109261386183,1.6176724581750463,1.5040109261386183,1.6176724581750463,1.5040109261386183,1.6176724581750463,,6.038666666666667,1.560,0.9066666666666666,0.023333333333333334,0.34475428467186375,0.5604157644001734,learned
D,50,L0big,11,0.1,future,1,300,0.5229455266062122,0.5048534198427896,0.5407286886060776,0.5048534198427896,0.5407286886060776,0.5048534198427896,0.5407286886060776,,2.024166666666667,0.523,0.0033333333333333335,0.0,0.15441438234247065,0.2914007389989923,learned
D,50,L0big,11,0.1,from_t0,1,300,0.5229455266062122,0.5048534198427896,0.5407286886060776,0.5048534198427896,0.5407286886060776,0.5048534198427896,0.5407286886060776,,2.024166666666667,0.523,0.0033333333333333335,0.0,0.15441438234247065,0.2914007389989923,learned
D,50,L0big,11,0.3,future,1,300,1.5552731511746711,1.4973874518174821,1.6122395514793249,1.4973874518174821,1.6122395514793249,1.4973874518174821,1.6122395514793249,,6.02,1.555,0.8966666666666666,0.023333333333333334,0.339259604570638,0.5311556409552566,learned
D,50,L0big,11,0.3,from_t0,1,300,1.5552731511746711,1.4973874518174821,1.6122395514793249,1.4973874518174821,1.6122395514793249,1.4973874518174821,1.6122395514793249,,6.02,1.555,0.8966666666666666,0.023333333333333334,0.339259604570638,0.5311556409552566,learned
D,50,P1,3,0.1,future,1,300,0.5603203077584716,0.5515794315212497,0.5690611839956936,0.5515794315212497,0.5690611839956936,0.5515794315212497,0.5690611839956936,,2.168833333333333,0.560,0.0,0.0,0.16134351675056413,0.44356955380577434,reference
D,50,P1,3,0.1,from_t0,1,300,0.5603203077584716,0.5515794315212497,0.5690611839956936,0.5515794315212497,0.5690611839956936,0.5515794315212497,0.5690611839956936,,2.168833333333333,0.560,0.0,0.0,0.16134351675056413,0.44356955380577434,reference
D,50,P1,3,0.3,future,1,300,1.0609615294834966,1.0377529960260452,1.0838761886536623,1.0377529960260452,1.0838761886536623,1.0377529960260452,1.0838761886536623,,4.1066666666666665,1.061,0.4266666666666667,0.0,0.22762607781306984,0.432007854688267,reference
D,50,P1,3,0.3,from_t0,1,300,1.0609615294834966,1.0377529960260452,1.0838761886536623,1.0377529960260452,1.0838761886536623,1.0377529960260452,1.0838761886536623,,4.1066666666666665,1.061,0.4266666666666667,0.0,0.22762607781306984,0.432007854688267,reference
D,50,P1,6,0.1,future,1,300,0.5621287649110004,0.553086479148357,0.5708696411482224,0.553086479148357,0.5708696411482224,0.553086479148357,0.5708696411482224,,2.1758333333333333,0.562,0.0,0.0,0.16937607846698757,0.34327259341063876,reference
D,50,P1,6,0.1,from_t0,1,300,0.5621287649110004,0.553086479148357,0.5708696411482224,0.553086479148357,0.5708696411482224,0.553086479148357,0.5708696411482224,,2.1758333333333333,0.562,0.0,0.0,0.16937607846698757,0.34327259341063876,reference
D,50,P1,6,0.3,future,1,300,1.071209453347826,1.0495079675174817,1.09382270299257,1.0495079675174817,1.09382270299257,1.0495079675174817,1.09382270299257,,4.146333333333334,1.071,0.45666666666666667,0.0,0.23671884229594356,0.3847986141186662,reference
D,50,P1,6,0.3,from_t0,1,300,1.071209453347826,1.0495079675174817,1.09382270299257,1.0495079675174817,1.09382270299257,1.0495079675174817,1.09382270299257,,4.146333333333334,1.071,0.45666666666666667,0.0,0.23671884229594356,0.3847986141186662,reference
D,50,P1,11,0.1,future,1,300,0.538317412402706,0.5298779456909055,0.5473596981653494,0.5298779456909055,0.5473596981653494,0.5298779456909055,0.5473596981653494,,2.083666666666667,0.538,0.0,0.0,0.15895336418654327,0.29996640913671485,reference
D,50,P1,11,0.1,from_t0,1,300,0.538317412402706,0.5298779456909055,0.5473596981653494,0.5298779456909055,0.5473596981653494,0.5298779456909055,0.5473596981653494,,2.083666666666667,0.538,0.0,0.0,0.15895336418654327,0.29996640913671485,reference
D,50,P1,11,0.3,future,1,300,1.0784432819579406,1.055837567551332,1.1019532249408137,1.055837567551332,1.1019532249408137,1.055837567551332,1.1019532249408137,,4.174333333333333,1.078,0.47333333333333333,0.0,0.23524629169646177,0.3683090859181993,reference
D,50,P1,11,0.3,from_t0,1,300,1.0784432819579406,1.055837567551332,1.1019532249408137,1.055837567551332,1.1019532249408137,1.055837567551332,1.1019532249408137,,4.174333333333333,1.078,0.47333333333333333,0.0,0.23524629169646177,0.3683090859181993,reference
D,50,persistence,3,0.1,future,1,300,0.11543984823641452,0.11061729582967136,0.1208652196940006,0.11061729582967136,0.1208652196940006,0.11061729582967136,0.1208652196940006,,0.4468333333333332,0.115,0.0,0.0,0.03324075681305328,0.09138630398472918,reference
D,50,persistence,3,0.1,from_t0,1,300,0.11543984823641452,0.11061729582967136,0.1208652196940006,0.11061729582967136,0.1208652196940006,0.11061729582967136,0.1208652196940006,,0.4468333333333332,0.115,0.0,0.0,0.03324075681305328,0.09138630398472918,reference
D,50,persistence,3,0.3,future,1,300,0.26282910616750255,0.24293607748968696,0.2839277729470039,0.24293607748968696,0.2839277729470039,0.24293607748968696,0.2839277729470039,,1.0173333333333332,0.263,0.006666666666666667,0.0,0.05638918745823775,0.10702012763868432,reference
D,50,persistence,3,0.3,from_t0,1,300,0.26282910616750255,0.24293607748968696,0.2839277729470039,0.24293607748968696,0.2839277729470039,0.24293607748968696,0.2839277729470039,,1.0173333333333332,0.263,0.006666666666666667,0.0,0.05638918745823775,0.10702012763868432,reference
D,50,persistence,6,0.1,future,1,300,0.1121243434567786,0.10730179105003543,0.11725584062707874,0.10730179105003543,0.11725584062707874,0.10730179105003543,0.11725584062707874,,0.4339999999999999,0.112,0.0,0.0,0.03378439742076105,0.06847045831032578,reference
D,50,persistence,6,0.1,from_t0,1,300,0.1121243434567786,0.10730179105003543,0.11725584062707874,0.10730179105003543,0.11725584062707874,0.10730179105003543,0.11725584062707874,,0.4339999999999999,0.112,0.0,0.0,0.03378439742076105,0.06847045831032578,reference
D,50,persistence,6,0.3,future,1,300,0.24082621081173688,0.22274163928645,0.25951360138786667,0.22274163928645,0.25951360138786667,0.22274163928645,0.25951360138786667,,0.9321666666666666,0.241,0.006666666666666667,0.0,0.053218445412059334,0.08650931139021223,reference
D,50,persistence,6,0.3,from_t0,1,300,0.24082621081173688,0.22274163928645,0.25951360138786667,0.22274163928645,0.25951360138786667,0.22274163928645,0.25951360138786667,,0.9321666666666666,0.241,0.006666666666666667,0.0,0.053218445412059334,0.08650931139021223,reference
D,50,persistence,11,0.1,future,1,300,0.10790461010087835,0.10368487674497807,0.11242575298220003,0.10368487674497807,0.11242575298220003,0.10368487674497807,0.11242575298220003,,0.41766666666666663,0.108,0.0,0.0,0.03186187255250979,0.060127645280483706,reference
D,50,persistence,11,0.1,from_t0,1,300,0.10790461010087835,0.10368487674497807,0.11242575298220003,0.10368487674497807,0.11242575298220003,0.10368487674497807,0.11242575298220003,,0.41766666666666663,0.108,0.0,0.0,0.03186187255250979,0.060127645280483706,reference
D,50,persistence,11,0.3,future,1,300,0.22183741071018565,0.20676693443911323,0.2381210603210793,0.20676693443911323,0.2381210603210793,0.20676693443911323,0.2381210603210793,,0.8586666666666666,0.222,0.006666666666666667,0.0,0.048390517241083245,0.07576173483392808,reference
D,50,persistence,11,0.3,from_t0,1,300,0.22183741071018565,0.20676693443911323,0.2381210603210793,0.20676693443911323,0.2381210603210793,0.20676693443911323,0.2381210603210793,,0.8586666666666666,0.222,0.006666666666666667,0.0,0.048390517241083245,0.07576173483392808,reference
D,56,O,3,0.1,future,1,300,3.438632676580061,3.325026461588189,3.5502091431170077,3.325026461588189,3.5502091431170077,3.325026461588189,3.5502091431170077,,11.759999999999998,3.439,1.0,0.5833333333333334,1.0,3.306724986331328,reference
D,56,O,3,0.1,from_t0,1,300,3.438632676580061,3.325026461588189,3.5502091431170077,3.325026461588189,3.5502091431170077,3.325026461588189,3.5502091431170077,,11.759999999999998,3.439,1.0,0.5833333333333334,1.0,3.306724986331328,reference
D,56,O,3,0.3,future,1,300,4.634210209229691,4.4916161160937325,4.780139774211883,4.4916161160937325,4.780139774211883,4.4916161160937325,4.780139774211883,,15.848832133690767,4.634,1.0,0.9766666666666667,1.0,2.097485320244348,reference
D,56,O,3,0.3,from_t0,1,300,4.634210209229691,4.4916161160937325,4.780139774211883,4.4916161160937325,4.780139774211883,4.4916161160937325,4.780139774211883,,15.848832133690767,4.634,1.0,0.9766666666666667,1.0,2.097485320244348,reference
D,56,O,6,0.1,future,1,300,3.4161178197691204,3.297053457671565,3.5382609179684748,3.297053457671565,3.5382609179684748,3.297053457671565,3.5382609179684748,,11.683,3.416,1.0,0.5533333333333333,1.0,2.3758007117437723,reference
D,56,O,6,0.1,from_t0,1,300,3.4161178197691204,3.297053457671565,3.5382609179684748,3.297053457671565,3.5382609179684748,3.297053457671565,3.5382609179684748,,11.683,3.416,1.0,0.5533333333333333,1.0,2.3758007117437723,reference
D,56,O,6,0.3,future,1,300,4.643664148975663,4.498994028140111,4.796799130248623,4.498994028140111,4.796799130248623,4.498994028140111,4.796799130248623,,15.881164267381536,4.644,1.0,0.9633333333333334,1.0,1.8101631003854337,reference
D,56,O,6,0.3,from_t0,1,300,4.643664148975663,4.498994028140111,4.796799130248623,4.498994028140111,4.796799130248623,4.498994028140111,4.796799130248623,,15.881164267381536,4.644,1.0,0.9633333333333334,1.0,1.8101631003854337,reference
D,56,O,11,0.1,future,1,300,3.338680357707248,3.2196245239645456,3.4659489971730317,3.2196245239645456,3.4659489971730317,3.2196245239645456,3.4659489971730317,,11.418166666666666,3.339,1.0,0.5366666666666666,1.0,2.2219615559255335,reference
D,56,O,11,0.1,from_t0,1,300,3.338680357707248,3.2196245239645456,3.4659489971730317,3.2196245239645456,3.4659489971730317,3.2196245239645456,3.4659489971730317,,11.418166666666666,3.339,1.0,0.5366666666666666,1.0,2.2219615559255335,reference
D,56,O,11,0.3,future,1,300,4.5392770855794815,4.390966917565228,4.688604573263424,4.390966917565228,4.688604573263424,4.390966917565228,4.688604573263424,,15.524164267381531,4.539,1.0,0.9333333333333333,1.0,1.7231839568633067,reference
D,56,O,11,0.3,from_t0,1,300,4.5392770855794815,4.390966917565228,4.688604573263424,4.390966917565228,4.688604573263424,4.390966917565228,4.688604573263424,,15.524164267381531,4.539,1.0,0.9333333333333333,1.0,1.7231839568633067,reference
D,56,H,3,0.1,future,3,300,3.3788204812136224,3.271354681715643,3.4853680611724687,3.2759088232069464,3.481624113392164,3.276366511584038,3.4854817725705036,0.02217459730264566,11.555444444444444,3.401 3.379 3.357,1.0,0.5433333333333333,0.9826058201058202,3.2492072170585016,hybrid (learned correction)
D,56,H,3,0.1,from_t0,3,300,3.3788204812136224,3.273287775482239,3.486402834894588,3.2759088232069464,3.481624113392164,3.275223712033786,3.4842309471921182,0.02217459730264566,11.555444444444444,3.401 3.379 3.357,1.0,0.5433333333333333,0.9826058201058202,3.2492072170585016,hybrid (learned correction)
D,56,H,3,0.3,future,3,300,4.581432226832363,4.446567665977837,4.719597261014857,4.450303085403289,4.713809350854873,4.449961951209184,4.714704828114399,0.01775537120120236,15.668333333333331,4.597 4.586 4.562,1.0,0.97,0.9886112239163832,2.073597529593412,hybrid (learned correction)
D,56,H,3,0.3,from_t0,3,300,4.581432226832363,4.450061448682464,4.720862300317997,4.450303085403289,4.713809350854873,4.448040228582392,4.716075050460721,0.01775537120120236,15.668333333333331,4.597 4.586 4.562,1.0,0.97,0.9886112239163832,2.073597529593412,hybrid (learned correction)
D,56,H,6,0.1,future,3,300,3.335723861358337,3.228144350462322,3.452278044344268,3.2305322898210584,3.4448327905579226,3.229625441421729,3.448329416047501,0.02056542232358325,11.408055555555556,3.351 3.343 3.312,1.0,0.5488888888888889,0.9764662805405766,2.319889284302096,hybrid (learned correction)
D,56,H,6,0.1,from_t0,3,300,3.335723861358337,3.2265609192446836,3.4505951156533494,3.2305322898210584,3.4448327905579226,3.23118897314471,3.4440965092556453,0.02056542232358325,11.408055555555556,3.351 3.343 3.312,1.0,0.5488888888888889,0.9764662805405766,2.319889284302096,hybrid (learned correction)
D,56,H,6,0.3,future,3,300,4.565171496913351,4.427907625560285,4.706312926939411,4.429704265649239,4.705283838787194,4.431645887770687,4.706864427219882,0.013327538573415818,15.612722222222223,4.577 4.568 4.551,1.0,0.9588888888888889,0.9830968283785926,1.7795656028368798,hybrid (learned correction)
D,56,H,6,0.3,from_t0,3,300,4.565171496913351,4.429618982100712,4.704820464840201,4.429704265649239,4.705283838787194,4.430636699113125,4.704703910657216,0.013327538573415818,15.612722222222223,4.577 4.568 4.551,1.0,0.9588888888888889,0.9830968283785926,1.7795656028368798,hybrid (learned correction)
D,56,H,11,0.1,future,3,300,3.2752293976036877,3.157529572282553,3.394518339712362,3.161844919837983,3.394742919723481,3.1580981292727284,3.3937280454960184,0.012123469634711368,11.201166666666667,3.261 3.282 3.283,1.0,0.5033333333333333,0.9809951977112498,2.1797336158619647,hybrid (learned correction)
D,56,H,11,0.1,from_t0,3,300,3.2752293976036877,3.1610233549871802,3.3959994306717682,3.161844919837983,3.394742919723481,3.1607078058576326,3.3972474132652026,0.012123469634711368,11.201166666666667,3.261 3.282 3.283,1.0,0.5033333333333333,0.9809951977112498,2.1797336158619647,hybrid (learned correction)
D,56,H,11,0.3,future,3,300,4.457421591181505,4.316230031255241,4.60192586354323,4.317926653756458,4.59888020063193,4.319975883901358,4.605380019519767,0.002886634162282033,15.24422142246051,4.454 4.459 4.459,1.0,0.9211111111111111,0.9819672840289883,1.6921102700033865,hybrid (learned correction)
D,56,H,11,0.3,from_t0,3,300,4.457421591181505,4.317316565172379,4.600317244603761,4.317926653756458,4.59888020063193,4.317939704680569,4.600039241744479,0.002886634162282033,15.24422142246051,4.454 4.459 4.459,1.0,0.9211111111111111,0.9819672840289883,1.6921102700033865,hybrid (learned correction)
D,56,P1x,3,0.1,future,1,300,3.4266929797863805,3.313436427343466,3.5375615928705586,3.313436427343466,3.5375615928705586,3.313436427343466,3.5375615928705586,,11.719166666666666,3.427,1.0,0.57,0.9965277777777779,3.295243302351011,reference
D,56,P1x,3,0.1,from_t0,1,300,3.4266929797863805,3.313436427343466,3.5375615928705586,3.313436427343466,3.5375615928705586,3.313436427343466,3.5375615928705586,,11.719166666666666,3.427,1.0,0.57,0.9965277777777779,3.295243302351011,reference
D,56,P1x,3,0.3,future,1,300,4.606676157196145,4.468167146034597,4.742140545675306,4.468167146034597,4.742140545675306,4.468167146034597,4.742140545675306,,15.754666666666665,4.607,1.0,0.9766666666666667,0.9940585232886701,2.08502316006176,reference
D,56,P1x,3,0.3,from_t0,1,300,4.606676157196145,4.468167146034597,4.742140545675306,4.468167146034597,4.742140545675306,4.468167146034597,4.742140545675306,,15.754666666666665,4.607,1.0,0.9766666666666667,0.9940585232886701,2.08502316006176,reference
D,56,P1x,6,0.1,future,1,300,3.409295135887017,3.290921570532525,3.532453108313834,3.290921570532525,3.532453108313834,3.290921570532525,3.532453108313834,,11.659666666666666,3.409,1.0,0.5566666666666666,0.9980027960854803,2.371055753262159,reference
D,56,P1x,6,0.1,from_t0,1,300,3.409295135887017,3.290921570532525,3.532453108313834,3.290921570532525,3.532453108313834,3.290921570532525,3.532453108313834,,11.659666666666666,3.409,1.0,0.5566666666666666,0.9980027960854803,2.371055753262159,reference
D,56,P1x,6,0.3,future,1,300,4.639327222141269,4.49363978163603,4.792503443305971,4.49363978163603,4.792503443305971,4.49363978163603,4.792503443305971,,15.866332133690767,4.639,1.0,0.96,0.9990660550170599,1.8084725076395254,reference
D,56,P1x,6,0.3,from_t0,1,300,4.639327222141269,4.49363978163603,4.792503443305971,4.49363978163603,4.792503443305971,4.49363978163603,4.792503443305971,,15.866332133690767,4.639,1.0,0.96,0.9990660550170599,1.8084725076395254,reference
D,56,P1x,11,0.1,future,1,300,3.3086605486259932,3.1926493375656797,3.431468858503852,3.1926493375656797,3.431468858503852,3.1926493375656797,3.431468858503852,,11.315499999999998,3.309,1.0,0.5033333333333333,0.9910084806375804,2.201982745572877,reference
D,56,P1x,11,0.1,from_t0,1,300,3.3086605486259932,3.1926493375656797,3.431468858503852,3.1926493375656797,3.431468858503852,3.1926493375656797,3.431468858503852,,11.315499999999998,3.309,1.0,0.5033333333333333,0.9910084806375804,2.201982745572877,reference
D,56,P1x,11,0.3,future,1,300,4.499560020247124,4.357631138789671,4.644891715290777,4.357631138789671,4.644891715290777,4.357631138789671,4.644891715290777,,15.388333333333332,4.500,1.0,0.92,0.9912503544983997,1.7081067081067078,reference
D,56,P1x,11,0.3,from_t0,1,300,4.499560020247124,4.357631138789671,4.644891715290777,4.357631138789671,4.644891715290777,4.357631138789671,4.644891715290777,,15.388333333333332,4.500,1.0,0.92,0.9912503544983997,1.7081067081067078,reference
D,56,L_range,3,0.1,future,3,300,1.0398907350305775,0.9940650416224502,1.0892414817777911,0.9995146603732803,1.0804913896989938,0.9990626575660908,1.0795788557297623,0.02560173679745396,3.5563888888888893,1.020 1.069 1.031,0.4777777777777778,0.0,0.3024140211640212,1.0,learned
D,56,L_range,3,0.1,from_t0,3,300,1.0398907350305775,0.993493641847324,1.0909528383182188,0.9995146603732803,1.0804913896989938,0.9992957659320628,1.0804885469140428,0.02560173679745396,3.5563888888888893,1.020 1.069 1.031,0.4777777777777778,0.0,0.3024140211640212,1.0,learned
D,56,L_range,3,0.3,future,3,300,2.2094124638211174,2.1345818355591986,2.286406451430653,2.13776575470418,2.2810563301531035,2.136861749089801,2.2810591729380545,0.027873676777973738,7.556111111111111,2.193 2.242 2.194,1.0,0.14444444444444443,0.4767613819978984,1.0,learned
D,56,L_range,3,0.3,from_t0,3,300,2.2094124638211174,2.1300305368528454,2.28779088770173,2.13776575470418,2.2810563301531035,2.1369783032727874,2.2826454469406436,0.027873676777973738,7.556111111111111,2.193 2.242 2.194,1.0,0.14444444444444443,0.4767613819978984,1.0,learned
D,56,L_range,6,0.1,future,3,300,1.4378806281532697,1.3539530880485466,1.518843143554229,1.3785204355940202,1.4962202609151547,1.3774941902267537,1.4966807920771967,0.05902804563822639,4.9174999999999995,1.370 1.477 1.467,0.8588888888888889,0.014444444444444444,0.42091072498502097,1.0,learned
D,56,L_range,6,0.1,from_t0,3,300,1.4378806281532697,1.3580466983778086,1.5200939689326143,1.3785204355940202,1.4962202609151547,1.3790918353691464,1.4975847976915753,0.05902804563822639,4.9174999999999995,1.370 1.477 1.467,0.8588888888888889,0.014444444444444444,0.42091072498502097,1.0,learned
D,56,L_range,6,0.3,future,3,300,2.565329139670839,2.4513874760547636,2.6785117797050315,2.4726543502722698,2.662236835861264,2.472975584971719,2.6620463692695546,0.06425015995489596,8.773333333333332,2.491 2.607 2.598,1.0,0.24666666666666667,0.5524364074083006,1.0,learned
D,56,L_range,6,0.3,from_t0,3,300,2.565329139670839,2.4550205552219837,2.673943424288973,2.4726543502722698,2.662236835861264,2.474132598446725,2.661779147484173,0.06425015995489596,8.773333333333332,2.491 2.607 2.598,1.0,0.24666666666666667,0.5524364074083006,1.0,learned
D,56,L_range,11,0.1,future,3,300,1.502582413635216,1.4208239184480114,1.5807078296552004,1.4451553148425622,1.5607031519558834,1.4448113378635061,1.5620648459473532,0.05576405104640444,5.1387777777777774,1.438 1.533 1.536,0.8955555555555555,0.016666666666666666,0.45005279111746876,1.0,learned
D,56,L_range,11,0.1,from_t0,3,300,1.502582413635216,1.4242210464643088,1.581500966656495,1.4451553148425622,1.5607031519558834,1.4436571671734504,1.5623974517866057,0.05576405104640444,5.1387777777777774,1.438 1.533 1.536,0.8955555555555555,0.016666666666666666,0.45005279111746876,1.0,learned
D,56,L_range,11,0.3,future,3,300,2.634238246880083,2.5356248797191316,2.7395350014605437,2.543607419861193,2.7289768981529887,2.544059422668383,2.7307905949516478,0.047273864102682764,9.009,2.580 2.662 2.661,1.0,0.2511111111111111,0.5803210945744233,1.0,learned
D,56,L_range,11,0.3,from_t0,3,300,2.634238246880083,2.5281455125133765,2.7389692872553195,2.543607419861193,2.7289768981529887,2.5406338668025765,2.7319277089319987,0.047273864102682764,9.009,2.580 2.662 2.661,1.0,0.2511111111111111,0.5803210945744233,1.0,learned
D,56,L_range_wide,3,0.1,future,1,300,1.0503521836498024,1.0117954913610663,1.0902734127149594,1.0117954913610663,1.0902734127149594,1.0117954913610663,1.0902734127149594,,3.5921666666666665,1.050,0.4866666666666667,0.0,0.30545634920634923,1.0100601421541826,learned
D,56,L_range_wide,3,0.1,from_t0,1,300,1.0503521836498024,1.0117954913610663,1.0902734127149594,1.0117954913610663,1.0902734127149594,1.0117954913610663,1.0902734127149594,,3.5921666666666665,1.050,0.4866666666666667,0.0,0.30545634920634923,1.0100601421541826,learned
D,56,L_range_wide,3,0.3,future,1,300,2.206455967472206,2.136156738421984,2.27741187984608,2.136156738421984,2.27741187984608,2.136156738421984,2.27741187984608,,7.545999999999999,2.206,1.0,0.13333333333333333,0.4761234099993423,0.9986618630983015,learned
D,56,L_range_wide,3,0.3,from_t0,1,300,2.206455967472206,2.136156738421984,2.27741187984608,2.136156738421984,2.27741187984608,2.136156738421984,2.27741187984608,,7.545999999999999,2.206,1.0,0.13333333333333333,0.4761234099993423,0.9986618630983015,learned
D,56,L_range_wide,6,0.1,future,1,300,1.5968491626062764,1.5337393366968213,1.6623810412938789,1.5337393366968213,1.6623810412938789,1.5337393366968213,1.6623810412938789,,5.461166666666666,1.597,0.9533333333333334,0.03333333333333333,0.4674455761933293,1.1105575326215895,learned
D,56,L_range_wide,6,0.1,from_t0,1,300,1.5968491626062764,1.5337393366968213,1.6623810412938789,1.5337393366968213,1.6623810412938789,1.5337393366968213,1.6623810412938789,,5.461166666666666,1.597,0.9533333333333334,0.03333333333333333,0.4674455761933293,1.1105575326215895,learned
D,56,L_range_wide,6,0.3,future,1,300,2.733167163170581,2.6424254675386063,2.8341514129805616,2.6424254675386063,2.8341514129805616,2.6424254675386063,2.8341514129805616,,9.347333333333335,2.733,1.0,0.28,0.5885798532121418,1.065425531914894,learned
D,56,L_range_wide,6,0.3,from_t0,1,300,2.733167163170581,2.6424254675386063,2.8341514129805616,2.6424254675386063,2.8341514129805616,2.6424254675386063,2.8341514129805616,,9.347333333333335,2.733,1.0,0.28,0.5885798532121418,1.065425531914894,learned
D,56,L_range_wide,11,0.1,future,1,300,1.9383244909055464,1.858157955290833,2.0280513123100574,1.858157955290833,2.0280513123100574,1.858157955290833,2.0280513123100574,,6.629,1.938,0.99,0.09666666666666666,0.5805660570144069,1.2899954593612835,learned
D,56,L_range_wide,11,0.1,from_t0,1,300,1.9383244909055464,1.858157955290833,2.0280513123100574,1.858157955290833,2.0280513123100574,1.858157955290833,2.0280513123100574,,6.629,1.938,0.99,0.09666666666666666,0.5805660570144069,1.2899954593612835,learned
D,56,L_range_wide,11,0.3,future,1,300,3.150374282561197,3.038823401088808,3.2667095711059106,3.038823401088808,3.2667095711059106,3.038823401088808,3.2667095711059106,,10.774166666666666,3.150,1.0,0.42333333333333334,0.6940255514626779,1.1959336959336957,learned
D,56,L_range_wide,11,0.3,from_t0,1,300,3.150374282561197,3.038823401088808,3.2667095711059106,3.038823401088808,3.2667095711059106,3.038823401088808,3.2667095711059106,,10.774166666666666,3.150,1.0,0.42333333333333334,0.6940255514626779,1.1959336959336957,learned
D,56,L0,3,0.1,future,3,300,0.37502019071961123,0.36626441307091195,0.38366225697027534,0.36637243889904525,0.38332396556112114,0.366264413070912,0.3833211227761702,0.0018788206401257972,1.2825555555555557,0.375 0.377 0.373,0.0,0.0,0.10906084656084658,0.3606342263531985,learned
D,56,L0,3,0.1,from_t0,3,300,0.37502019071961123,0.3661507016728769,0.38366225697027534,0.36637243889904525,0.38332396556112114,0.36637528168399613,0.3835485455722403,0.0018788206401257972,1.2825555555555557,0.375 0.377 0.373,0.0,0.0,0.10906084656084658,0.3606342263531985,learned
D,56,L0,3,0.3,future,3,300,1.3951251424920892,1.3513434114636422,1.4399331188878026,1.3515679914747611,1.4406097017061108,1.3519091256688662,1.4402742530819077,0.00251453930553277,4.771277777777779,1.394 1.398 1.393,0.9011111111111111,0.0,0.30104917116480784,0.6314462171899126,learned
D,56,L0,3,0.3,from_t0,3,300,1.3951251424920892,1.3515708342597121,1.4401662272537743,1.3515679914747611,1.4406097017061108,1.351115988667572,1.4403851216949917,0.00251453930553277,4.771277777777779,1.394 1.398 1.393,0.9011111111111111,0.0,0.30104917116480784,0.6314462171899126,learned
D,56,L0,6,0.1,future,3,300,0.37638472749603186,0.36603414748989094,0.38616959329694833,0.36614785888792606,0.3858227735329414,0.3660369902748419,0.3858256163178923,0.0018788206401257972,1.2872222222222223,0.376 0.378 0.375,0.0,0.0,0.1101790826176686,0.26176354290233295,learned
D,56,L0,6,0.1,from_t0,3,300,0.37638472749603186,0.36603414748989094,0.3860530391139624,0.36614785888792606,0.3858227735329414,0.3660369902748419,0.38570906213490636,0.0018788206401257972,1.2872222222222223,0.376 0.378 0.375,0.0,0.0,0.1101790826176686,0.26176354290233295,learned
D,56,L0,6,0.3,future,3,300,1.3724965742831132,1.3276942834573016,1.4167331509037,1.3275805720592664,1.4173073934637772,1.327918863468421,1.4170884990225596,0.002166493106760445,4.693888888888889,1.374 1.374 1.370,0.9088888888888889,0.0033333333333333335,0.29556327293520346,0.5350177304964541,learned
D,56,L0,6,0.3,from_t0,3,300,1.3724965742831132,1.3283680234906594,1.4173017078938757,1.3275805720592664,1.4173073934637772,1.3278023092854347,1.41763999930303,0.002166493106760445,4.693888888888889,1.374 1.374 1.370,0.9088888888888889,0.0033333333333333335,0.29556327293520346,0.5350177304964541,learned
D,56,L0,11,0.1,future,3,300,0.3739967881372957,0.3648998762944913,0.3832102541630861,0.3650135876925264,0.38309369998010007,0.3650135876925264,0.382979988582065,0.002056259280365525,1.2790555555555556,0.374 0.376 0.372,0.0,0.0,0.1120193453901434,0.24890267897684276,learned
D,56,L0,11,0.1,from_t0,3,300,0.3739967881372957,0.3648998762944913,0.3833211227761702,0.3650135876925264,0.38309369998010007,0.3650135876925264,0.38320741137813513,0.002056259280365525,1.2790555555555556,0.374 0.376 0.372,0.0,0.0,0.1120193453901434,0.24890267897684276,learned
D,56,L0,11,0.3,future,3,300,1.3203030425850228,1.2792446995395155,1.3648864389696171,1.2786846709041928,1.3646590161735468,1.2790087483885926,1.364425907807575,0.0016121373051512428,4.5153888888888885,1.322 1.321 1.318,0.8411111111111111,0.0,0.2908619627516027,0.5012086678753345,learned
D,56,L0,11,0.3,from_t0,3,300,1.3203030425850228,1.278906408130361,1.3644372789473784,1.2786846709041928,1.3646590161735468,1.2791366737113823,1.3641984850115048,0.0016121373051512428,4.5153888888888885,1.322 1.321 1.318,0.8411111111111111,0.0,0.2908619627516027,0.5012086678753345,learned
D,56,L0big,3,0.1,future,1,300,0.38070576062136396,0.3714866090256719,0.39025751805630854,0.3714866090256719,0.39025751805630854,0.3714866090256719,0.39025751805630854,,1.302,0.381,0.0,0.0,0.11071428571428574,0.36610169491525424,learned
D,56,L0big,3,0.1,from_t0,1,300,0.38070576062136396,0.3714866090256719,0.39025751805630854,0.3714866090256719,0.39025751805630854,0.3714866090256719,0.39025751805630854,,1.302,0.381,0.0,0.0,0.11071428571428574,0.36610169491525424,learned
D,56,L0big,3,0.3,future,1,300,1.3669247157793953,1.322577270545724,1.4126366977894875,1.322577270545724,1.4126366977894875,1.322577270545724,1.4126366977894875,,4.674833333333333,1.367,0.8666666666666667,0.0,0.2949638997939648,0.6186824498198662,learned
D,56,L0big,3,0.3,from_t0,1,300,1.3669247157793953,1.322577270545724,1.4126366977894875,1.322577270545724,1.4126366977894875,1.322577270545724,1.4126366977894875,,4.674833333333333,1.367,0.8666666666666667,0.0,0.2949638997939648,0.6186824498198662,learned
D,56,L0big,6,0.1,future,1,300,0.37934122384494334,0.36842492963357804,0.38957524966809826,0.36842492963357804,0.38957524966809826,0.36842492963357804,0.38957524966809826,,1.2973333333333334,0.379,0.0,0.0,0.11104453764729381,0.26381969157769875,learned
D,56,L0big,6,0.1,from_t0,1,300,0.37934122384494334,0.36842492963357804,0.38957524966809826,0.36842492963357804,0.38957524966809826,0.36842492963357804,0.38957524966809826,,1.2973333333333334,0.379,0.0,0.0,0.11104453764729381,0.26381969157769875,learned
D,56,L0big,6,0.3,future,1,300,1.3392928460568772,1.2935723356919324,1.383324742161001,1.2935723356919324,1.383324742161001,1.2935723356919324,1.383324742161001,,4.580333333333334,1.339,0.8633333333333333,0.0033333333333333335,0.28841294354853575,0.5220744680851065,learned
D,56,L0big,6,0.3,from_t0,1,300,1.3392928460568772,1.2935723356919324,1.383324742161001,1.2935723356919324,1.383324742161001,1.2935723356919324,1.383324742161001,,4.580333333333334,1.339,0.8633333333333333,0.0033333333333333335,0.28841294354853575,0.5220744680851065,learned
D,56,L0big,11,0.1,future,1,300,0.3718362715746297,0.3622759857848324,0.3817376915585321,0.3622759857848324,0.3817376915585321,0.3622759857848324,0.3817376915585321,,1.2716666666666667,0.372,0.0,0.0,0.1113722284663329,0.24746481004994705,learned
D,56,L0big,11,0.1,from_t0,1,300,0.3718362715746297,0.3622759857848324,0.3817376915585321,0.3622759857848324,0.3817376915585321,0.3622759857848324,0.3817376915585321,,1.2716666666666667,0.372,0.0,0.0,0.1113722284663329,0.24746481004994705,learned
D,56,L0big,11,0.3,future,1,300,1.279253227894368,1.2362617910822649,1.3249652099044602,1.2362617910822649,1.3249652099044602,1.2362617910822649,1.3249652099044602,,4.375,1.279,0.7933333333333333,0.0,0.2818187133714177,0.4856254856254856,learned
D,56,L0big,11,0.3,from_t0,1,300,1.279253227894368,1.2362617910822649,1.3249652099044602,1.2362617910822649,1.3249652099044602,1.2362617910822649,1.3249652099044602,,4.375,1.279,0.7933333333333333,0.0,0.2818187133714177,0.4856254856254856,learned
D,56,P1,3,0.1,future,1,300,0.6150649519716122,0.6058543287307727,0.6239344410183465,0.6058543287307727,0.6239344410183465,0.6058543287307727,0.6239344410183465,,2.1035,0.615,0.0,0.0,0.17886904761904762,0.591470749043193,reference
D,56,P1,3,0.1,from_t0,1,300,0.6150649519716122,0.6058543287307727,0.6239344410183465,0.6058543287307727,0.6239344410183465,0.6058543287307727,0.6239344410183465,,2.1035,0.615,0.0,0.0,0.17886904761904762,0.591470749043193,reference
D,56,P1,3,0.3,future,1,300,1.1475754289697746,1.1243783037706232,1.1700902857807154,1.1243783037706232,1.1700902857807154,1.1243783037706232,1.1700902857807154,,3.924666666666667,1.148,0.8433333333333334,0.0,0.24763128497801296,0.5194029850746269,reference
D,56,P1,3,0.3,from_t0,1,300,1.1475754289697746,1.1243783037706232,1.1700902857807154,1.1243783037706232,1.1700902857807154,1.1243783037706232,1.1700902857807154,,3.924666666666667,1.148,0.8433333333333334,0.0,0.24763128497801296,0.5194029850746269,reference
D,56,P1,6,0.1,future,1,300,0.6143826835834019,0.6051720603425624,0.6232521726301361,0.6051720603425624,0.6232521726301361,0.6051720603425624,0.6232521726301361,,2.101166666666667,0.614,0.0,0.0,0.17984821250249652,0.42728351126927644,reference
D,56,P1,6,0.1,from_t0,1,300,0.6143826835834019,0.6051720603425624,0.6232521726301361,0.6051720603425624,0.6232521726301361,0.6051720603425624,0.6232521726301361,,2.101166666666667,0.614,0.0,0.0,0.17984821250249652,0.42728351126927644,reference
D,56,P1,6,0.3,future,1,300,1.1537158444636675,1.1311924592978742,1.1779449005999867,1.1311924592978742,1.1779449005999867,1.1311924592978742,1.1779449005999867,,3.945666666666667,1.154,0.8566666666666667,0.0,0.24844945875729696,0.4497340425531916,reference
D,56,P1,6,0.3,from_t0,1,300,1.1537158444636675,1.1311924592978742,1.1779449005999867,1.1311924592978742,1.1779449005999867,1.1311924592978742,1.1779449005999867,,3.945666666666667,1.154,0.8566666666666667,0.0,0.24844945875729696,0.4497340425531916,reference
D,56,P1,11,0.1,future,1,300,0.5823160693375165,0.5724231777084666,0.591867826772461,0.5724231777084666,0.591867826772461,0.5724231777084666,0.591867826772461,,1.9915000000000003,0.582,0.0,0.0,0.17441504035966082,0.38754351445436663,reference
D,56,P1,11,0.1,from_t0,1,300,0.5823160693375165,0.5724231777084666,0.591867826772461,0.5724231777084666,0.591867826772461,0.5724231777084666,0.591867826772461,,1.9915000000000003,0.582,0.0,0.0,0.17441504035966082,0.38754351445436663,reference
D,56,P1,11,0.3,future,1,300,1.146893160581564,1.1240286412216653,1.1707725541689258,1.1240286412216653,1.1707725541689258,1.1240286412216653,1.1707725541689258,,3.922333333333333,1.147,0.86,0.0,0.25265987049458827,0.4353794353794353,reference
D,56,P1,11,0.3,from_t0,1,300,1.146893160581564,1.1240286412216653,1.1707725541689258,1.1240286412216653,1.1707725541689258,1.1240286412216653,1.1707725541689258,,3.922333333333333,1.147,0.86,0.0,0.25265987049458827,0.4353794353794353,reference
D,56,persistence,3,0.1,future,1,300,0.12724305440122646,0.12178490729554384,0.13304233570101426,0.12178490729554384,0.13304233570101426,0.12178490729554384,0.13304233570101426,,0.4351666666666666,0.127,0.0,0.0,0.037003968253968254,0.12236194641880807,reference
D,56,persistence,3,0.1,from_t0,1,300,0.12724305440122646,0.12178490729554384,0.13304233570101426,0.12178490729554384,0.13304233570101426,0.12178490729554384,0.13304233570101426,,0.4351666666666666,0.127,0.0,0.0,0.037003968253968254,0.12236194641880807,reference
D,56,persistence,3,0.3,future,1,300,0.28962293079528495,0.2705194159253957,0.3100909824415948,0.2705194159253957,0.3100909824415948,0.2705194159253957,0.3100909824415948,,0.9905,0.290,0.01,0.0,0.06249671847393965,0.13108594956253217,reference
D,56,persistence,3,0.3,from_t0,1,300,0.28962293079528495,0.2705194159253957,0.3100909824415948,0.2705194159253957,0.3100909824415948,0.2705194159253957,0.3100909824415948,,0.9905,0.290,0.01,0.0,0.06249671847393965,0.13108594956253217,reference
D,56,persistence,6,0.1,future,1,300,0.1211026389073335,0.11666789438396637,0.12621965181891096,0.11666789438396637,0.12621965181891096,0.11666789438396637,0.12621965181891096,,0.4141666666666666,0.121,0.0,0.0,0.03545036948272418,0.08422301304863582,reference
D,56,persistence,6,0.1,from_t0,1,300,0.1211026389073335,0.11666789438396637,0.12621965181891096,0.11666789438396637,0.12621965181891096,0.11666789438396637,0.12621965181891096,,0.4141666666666666,0.121,0.0,0.0,0.03545036948272418,0.08422301304863582,reference
D,56,persistence,6,0.3,future,1,300,0.2500513642790858,0.23401805715614307,0.267108073984344,0.23401805715614307,0.267108073984344,0.23401805715614307,0.267108073984344,,0.8551666666666666,0.250,0.0,0.0,0.05384785726466548,0.09747340425531915,reference
D,56,persistence,6,0.3,from_t0,1,300,0.2500513642790858,0.23401805715614307,0.267108073984344,0.23401805715614307,0.267108073984344,0.23401805715614307,0.267108073984344,,0.8551666666666666,0.250,0.0,0.0,0.05384785726466548,0.09747340425531915,reference
D,56,persistence,11,0.1,future,1,300,0.1135976866370199,0.11018634469596823,0.11735016277217672,0.11018634469596823,0.11735016277217672,0.11018634469596823,0.11735016277217672,,0.38850000000000007,0.114,0.0,0.0,0.03402472667824666,0.07560163462993795,reference
D,56,persistence,11,0.1,from_t0,1,300,0.1135976866370199,0.11018634469596823,0.11735016277217672,0.11018634469596823,0.11735016277217672,0.11018634469596823,0.11735016277217672,,0.38850000000000007,0.114,0.0,0.0,0.03402472667824666,0.07560163462993795,reference
D,56,persistence,11,0.3,future,1,300,0.2261719706917243,0.21355000550983316,0.23947620426182567,0.21355000550983316,0.23947620426182567,0.21355000550983316,0.23947620426182567,,0.7735000000000001,0.226,0.0,0.0,0.04982554852406665,0.08585858585858586,reference
D,56,persistence,11,0.3,from_t0,1,300,0.2261719706917243,0.21355000550983316,0.23947620426182567,0.21355000550983316,0.23947620426182567,0.21355000550983316,0.23947620426182567,,0.7735000000000001,0.226,0.0,0.0,0.04982554852406665,0.08585858585858586,reference
C,36,O,3,0.1,future,1,300,2.886421479073572,2.807939440510332,2.9678565678248634,2.807939440510332,2.9678565678248634,2.807939440510332,2.9678565678248634,,20.469166666666666,2.886,1.0,0.42333333333333334,1.0,2.547923322683706,reference
C,36,O,3,0.1,from_t0,1,300,2.886421479073572,2.807939440510332,2.9678565678248634,2.807939440510332,2.9678565678248634,2.807939440510332,2.9678565678248634,,20.469166666666666,2.886,1.0,0.42333333333333334,1.0,2.547923322683706,reference
C,36,O,3,0.3,future,1,300,4.034080426808952,3.9378225067516155,4.133295509937608,3.9378225067516155,4.133295509937608,3.9378225067516155,4.133295509937608,,28.607833333333335,4.034,1.0,0.9066666666666666,1.0,1.9994835693512005,reference
C,36,O,3,0.3,from_t0,1,300,4.034080426808952,3.9378225067516155,4.133295509937608,3.9378225067516155,4.133295509937608,3.9378225067516155,4.133295509937608,,28.607833333333335,4.034,1.0,0.9066666666666666,1.0,1.9994835693512005,reference
C,36,O,6,0.1,future,1,300,2.916034238619496,2.8359152725146894,2.995170225622709,2.8359152725146894,2.995170225622709,2.8359152725146894,2.995170225622709,,20.679166666666664,2.916,0.9966666666666667,0.4166666666666667,1.0,1.8464823946107372,reference
C,36,O,6,0.1,from_t0,1,300,2.916034238619496,2.8359152725146894,2.995170225622709,2.8359152725146894,2.995170225622709,2.8359152725146894,2.995170225622709,,20.679166666666664,2.916,0.9966666666666667,0.4166666666666667,1.0,1.8464823946107372,reference
C,36,O,6,0.3,future,1,300,4.114199392913758,4.014992535551641,4.216700669775358,4.014992535551641,4.216700669775358,4.014992535551641,4.216700669775358,,29.176,4.114,1.0,0.9133333333333333,1.0,1.5931706695546919,reference
C,36,O,6,0.3,from_t0,1,300,4.114199392913758,4.014992535551641,4.216700669775358,4.014992535551641,4.216700669775358,4.014992535551641,4.216700669775358,,29.176,4.114,1.0,0.9133333333333333,1.0,1.5931706695546919,reference
C,36,O,11,0.1,future,1,300,2.9569985559913583,2.8725980784022034,3.044191681321024,2.8725980784022034,3.044191681321024,2.8725980784022034,3.044191681321024,,20.96966666666667,2.957,0.9966666666666667,0.44666666666666666,1.0,1.4717908125665313,reference
C,36,O,11,0.1,from_t0,1,300,2.9569985559913583,2.8725980784022034,3.044191681321024,2.8725980784022034,3.044191681321024,2.8725980784022034,3.044191681321024,,20.96966666666667,2.957,0.9966666666666667,0.44666666666666666,1.0,1.4717908125665313,reference
C,36,O,11,0.3,future,1,300,4.122096128792672,4.028807710456468,4.2168610722229,4.028807710456468,4.2168610722229,4.028807710456468,4.2168610722229,,29.232000000000003,4.122,1.0,0.9166666666666666,1.0,1.33142037302726,reference
C,36,O,11,0.3,from_t0,1,300,4.122096128792672,4.028807710456468,4.2168610722229,4.028807710456468,4.2168610722229,4.028807710456468,4.2168610722229,,29.232000000000003,4.122,1.0,0.9166666666666666,1.0,1.33142037302726,reference
C,36,H,3,0.1,future,3,300,2.5207038986814063,2.4553858285052015,2.5902404161318144,2.460925882270251,2.5827302912803063,2.4586103289890904,2.5865182567722225,0.020786302089631822,17.875666666666667,2.516 2.543 2.503,0.9944444444444445,0.1988888888888889,0.873297235679681,2.2250943944234685,hybrid (learned correction)
C,36,H,3,0.1,from_t0,3,300,2.5207038986814063,2.4544522040028505,2.589646789979806,2.460925882270251,2.5827302912803063,2.457198239066299,2.5881743777690502,0.020786302089631822,17.875666666666667,2.516 2.543 2.503,0.9944444444444445,0.1988888888888889,0.873297235679681,2.2250943944234685,hybrid (learned correction)
C,36,H,3,0.3,future,3,300,3.673353144784709,3.589010247561339,3.761603281114834,3.5968398063468374,3.7529292102978413,3.592289586488832,3.7595221621800796,0.02669477756752856,26.04972222222222,3.666 3.703 3.651,1.0,0.8177777777777778,0.9105800470345143,1.8206898426245548,hybrid (learned correction)
C,36,H,3,0.3,from_t0,3,300,3.673353144784709,3.5885729109736006,3.7628659362788066,3.5968398063468374,3.7529292102978413,3.5930682923880024,3.7610507837955294,0.02669477756752856,26.04972222222222,3.666 3.703 3.651,1.0,0.8177777777777778,0.9105800470345143,1.8206898426245548,hybrid (learned correction)
C,36,H,6,0.1,future,3,300,2.505184619141597,2.4405287231719055,2.5718777632911616,2.4455066828900196,2.5612912017534932,2.443159597503787,2.5662348874443546,0.02231857284552958,17.765611111111106,2.484 2.528 2.504,1.0,0.20777777777777778,0.859106723084156,1.5863254392666157,hybrid (learned correction)
C,36,H,6,0.1,from_t0,3,300,2.505184619141597,2.438274863139799,2.5694127752511813,2.4455066828900196,2.5612912017534932,2.441285493693635,2.565564487471301,0.02231857284552958,17.765611111111106,2.484 2.528 2.504,1.0,0.20777777777777778,0.859106723084156,1.5863254392666157,hybrid (learned correction)
C,36,H,6,0.3,future,3,300,3.6547080739594984,3.5779315109923284,3.7368080788394833,3.583413984391595,3.730552383385406,3.5791845694286697,3.73367817467081,0.011301377027804635,25.9175,3.664 3.658 3.642,1.0,0.8111111111111111,0.8883157389635318,1.4152385806205008,hybrid (learned correction)
C,36,H,6,0.3,from_t0,3,300,3.6547080739594984,3.576612646423663,3.7359923569908804,3.583413984391595,3.730552383385406,3.5802662577287503,3.732108424222658,0.011301377027804635,25.9175,3.664 3.658 3.642,1.0,0.8111111111111111,0.8883157389635318,1.4152385806205008,hybrid (learned correction)
C,36,H,11,0.1,future,3,300,2.511710393930421,2.4524793909942124,2.5729717902410525,2.455115749170454,2.5661252105571473,2.449633275771187,2.570798816913261,0.005098205966177911,17.811888888888884,2.507 2.511 2.517,0.9966666666666667,0.19,0.8494121137939986,1.250156945164724,hybrid (learned correction)
C,36,H,11,0.1,from_t0,3,300,2.511710393930421,2.451935119441447,2.572698968984125,2.455115749170454,2.5661252105571473,2.452099634772258,2.5715391359019093,0.005098205966177911,17.811888888888884,2.507 2.511 2.517,0.9966666666666667,0.19,0.8494121137939986,1.250156945164724,hybrid (learned correction)
C,36,H,11,0.3,future,3,300,3.6888724243245177,3.6119190073767276,3.766747127124849,3.6153231037634184,3.7604928026318625,3.6112732847032953,3.7664167255021375,0.00564489795188025,26.159777777777773,3.690 3.694 3.683,1.0,0.8333333333333334,0.8949020859940398,1.1914908691570576,hybrid (learned correction)
C,36,H,11,0.3,from_t0,3,300,3.6888724243245177,3.6103986115278186,3.764066898193725,3.6153231037634184,3.7604928026318625,3.6097940176870895,3.7657710028287052,0.00564489795188025,26.159777777777773,3.690 3.694 3.683,1.0,0.8333333333333334,0.8949020859940398,1.1914908691570576,hybrid (learned correction)
C,36,P1x,3,0.1,future,1,300,2.849899075633598,2.77175429349852,2.9319922257081332,2.77175429349852,2.9319922257081332,2.77175429349852,2.9319922257081332,,20.210166666666662,2.850,1.0,0.3933333333333333,0.9873468224565402,2.515683996514667,reference
C,36,P1x,3,0.1,from_t0,1,300,2.849899075633598,2.77175429349852,2.9319922257081332,2.77175429349852,2.9319922257081332,2.77175429349852,2.9319922257081332,,20.210166666666662,2.850,1.0,0.3933333333333333,0.9873468224565402,2.515683996514667,reference
C,36,P1x,3,0.3,future,1,300,4.006277335901945,3.909353128754826,4.108441356335383,3.909353128754826,4.108441356335383,3.909353128754826,4.108441356335383,,28.41066666666667,4.006,1.0,0.8966666666666666,0.9931079482892214,1.98570302519638,reference
C,36,P1x,3,0.3,from_t0,1,300,4.006277335901945,3.909353128754826,4.108441356335383,3.909353128754826,4.108441356335383,3.909353128754826,4.108441356335383,,28.41066666666667,4.006,1.0,0.8966666666666666,0.9931079482892214,1.98570302519638,reference
C,36,P1x,6,0.1,future,1,300,2.913237477995714,2.832287709470314,2.991879919006495,2.832287709470314,2.991879919006495,2.832287709470314,2.991879919006495,,20.659333333333333,2.913,0.9966666666666667,0.42333333333333334,0.9990409026798307,1.8447114382943262,reference
C,36,P1x,6,0.1,from_t0,1,300,2.913237477995714,2.832287709470314,2.991879919006495,2.832287709470314,2.991879919006495,2.832287709470314,2.991879919006495,,20.659333333333333,2.913,0.9966666666666667,0.42333333333333334,0.9990409026798307,1.8447114382943262,reference
C,36,P1x,6,0.3,future,1,300,4.082776964728915,3.9858650962316085,4.1788827081052515,3.9858650962316085,4.1788827081052515,3.9858650962316085,4.1788827081052515,,28.95316666666666,4.083,1.0,0.9066666666666666,0.9923624440179142,1.5810027393769508,reference
C,36,P1x,6,0.3,from_t0,1,300,4.082776964728915,3.9858650962316085,4.1788827081052515,3.9858650962316085,4.1788827081052515,3.9858650962316085,4.1788827081052515,,28.95316666666666,4.083,1.0,0.9066666666666666,0.9923624440179142,1.5810027393769508,reference
C,36,P1x,11,0.1,future,1,300,2.9425212068800173,2.8581083906410516,3.026259510262659,2.8581083906410516,3.026259510262659,2.8581083906410516,3.026259510262659,,20.866999999999997,2.943,0.9966666666666667,0.45,0.9951040391676866,1.464584982394847,reference
C,36,P1x,11,0.1,from_t0,1,300,2.9425212068800173,2.8581083906410516,3.026259510262659,2.8581083906410516,3.026259510262659,2.8581083906410516,3.026259510262659,,20.866999999999997,2.943,0.9966666666666667,0.45,0.9951040391676866,1.464584982394847,reference
C,36,P1x,11,0.3,future,1,300,4.123247736108345,4.023707735201337,4.216692444008817,4.023707735201337,4.216692444008817,4.023707735201337,4.216692444008817,,29.24016666666666,4.123,1.0,0.9166666666666666,1.0002793742017877,1.3317923375312184,reference
C,36,P1x,11,0.3,from_t0,1,300,4.123247736108345,4.023707735201337,4.216692444008817,4.023707735201337,4.216692444008817,4.023707735201337,4.216692444008817,,29.24016666666666,4.123,1.0,0.9166666666666666,1.0002793742017877,1.3317923375312184,reference
C,36,L_range,3,0.1,future,3,300,1.1328525679624175,1.0981933006438753,1.1688567481103371,1.1005499827577383,1.1675118352809595,1.0997740187807479,1.1675118352809595,0.011154333545660046,8.033666666666667,1.121 1.135 1.143,0.6188888888888889,0.0,0.39247648902821314,1.0,learned
C,36,L_range,3,0.1,from_t0,3,300,1.1328525679624175,1.0981288654726409,1.1691597305112467,1.1005499827577383,1.1675118352809595,1.0997260351425948,1.1676215121681668,0.011154333545660046,8.033666666666667,1.121 1.135 1.143,0.6188888888888889,0.0,0.39247648902821314,1.0,learned
C,36,L_range,3,0.3,future,3,300,2.0175611786187093,1.964858692393505,2.071412530237409,1.9661172346742064,2.0686171405747174,1.9666642481491516,2.071471481564283,0.013228232986251861,14.30761111111111,2.002 2.024 2.026,0.9977777777777778,0.03666666666666667,0.5001291410083872,1.0,learned
C,36,L_range,3,0.3,from_t0,3,300,2.0175611786187093,1.963380796338389,2.0704953572681393,1.9661172346742064,2.0686171405747174,1.9655647373549003,2.0686733499794108,0.013228232986251861,14.30761111111111,2.002 2.024 2.026,0.9977777777777778,0.03666666666666667,0.5001291410083872,1.0,learned
C,36,L_range,6,0.1,future,3,300,1.5792374988954252,1.5256562266114737,1.631280552836297,1.528894436706264,1.6302934608514332,1.526865414292932,1.6310653119451535,0.010313856091039603,11.19922222222222,1.586 1.585 1.567,0.9144444444444444,0.011111111111111112,0.5415702867889045,1.0,learned
C,36,L_range,6,0.1,from_t0,3,300,1.5792374988954252,1.5286737119707594,1.6312257143926936,1.528894436706264,1.6302934608514332,1.5282857299822645,1.6332561077671157,0.010313856091039603,11.19922222222222,1.586 1.585 1.567,0.9144444444444444,0.011111111111111112,0.5415702867889045,1.0,learned
C,36,L_range,6,0.3,future,3,300,2.582397147735415,2.5091768578359366,2.653635027898624,2.5120380536309526,2.6523257600575896,2.5098938704860534,2.6536363988597147,0.01325037971695353,18.313166666666664,2.590 2.590 2.567,1.0,0.24555555555555555,0.6276791426743442,1.0,learned
C,36,L_range,6,0.3,from_t0,3,300,2.582397147735415,2.5102777395912788,2.6541285738910565,2.5120380536309526,2.6523257600575896,2.5098445158868103,2.6541326867743265,0.01325037971695353,18.313166666666664,2.590 2.590 2.567,1.0,0.24555555555555555,0.6276791426743442,1.0,learned
C,36,L_range,11,0.1,future,3,300,2.0091160583037606,1.942103480220206,2.075196382846055,1.9471445041484639,2.0701594718010674,1.9463808788212842,2.07542259142592,0.017957308688540622,14.24772222222222,2.026 1.991 2.010,0.9744444444444444,0.07555555555555556,0.6794443826267571,1.0,learned
C,36,L_range,11,0.1,from_t0,3,300,2.0091160583037606,1.9442833083534476,2.0750359803985146,1.9471445041484639,2.0701594718010674,1.9440214547852408,2.0713590627548952,0.017957308688540622,14.24772222222222,2.026 1.991 2.010,0.9744444444444444,0.07555555555555556,0.6794443826267571,1.0,learned
C,36,L_range,11,0.3,future,3,300,3.0960140105263916,3.009526930158122,3.18370068184849,3.014684485779037,3.176522329580784,3.0133436858329294,3.179807152352637,0.023719893194606996,21.955499999999997,3.123 3.084 3.081,1.0,0.5111111111111111,0.7510775862068964,1.0,learned
C,36,L_range,11,0.3,from_t0,3,300,3.0960140105263916,3.0113352278359495,3.1804844071311407,3.014684485779037,3.176522329580784,3.0098600737030132,3.180417230037727,0.023719893194606996,21.955499999999997,3.123 3.084 3.081,1.0,0.5111111111111111,0.7510775862068964,1.0,learned
C,36,L_range_wide,3,0.1,future,1,300,1.1695394867332016,1.1323590219699853,1.208862763680227,1.1323590219699853,1.208862763680227,1.1323590219699853,1.208862763680227,,8.293833333333334,1.170,0.6333333333333333,0.0,0.4051866628669137,1.0323845483589893,learned
C,36,L_range_wide,3,0.1,from_t0,1,300,1.1695394867332016,1.1323590219699853,1.208862763680227,1.1323590219699853,1.208862763680227,1.1323590219699853,1.208862763680227,,8.293833333333334,1.170,0.6333333333333333,0.0,0.4051866628669137,1.0323845483589893,learned
C,36,L_range_wide,3,0.3,future,1,300,2.0641738556817386,2.0120183829314797,2.122424621438534,2.0120183829314797,2.122424621438534,2.0120183829314797,2.122424621438534,,14.638166666666667,2.064,0.9966666666666667,0.056666666666666664,0.5116838628114676,1.0231034763936833,learned
C,36,L_range_wide,3,0.3,from_t0,1,300,2.0641738556817386,2.0120183829314797,2.122424621438534,2.0120183829314797,2.122424621438534,2.0120183829314797,2.122424621438534,,14.638166666666667,2.064,0.9966666666666667,0.056666666666666664,0.5116838628114676,1.0231034763936833,learned
C,36,L_range_wide,6,0.1,future,1,300,1.6364339955739422,1.579174434685281,1.6974938606043302,1.579174434685281,1.6974938606043302,1.579174434685281,1.6974938606043302,,11.604833333333332,1.636,0.9133333333333333,0.02,0.5611847672778562,1.0362177929022849,learned
C,36,L_range_wide,6,0.1,from_t0,1,300,1.6364339955739422,1.579174434685281,1.6974938606043302,1.579174434685281,1.6974938606043302,1.579174434685281,1.6974938606043302,,11.604833333333332,1.636,0.9133333333333333,0.02,0.5611847672778562,1.0362177929022849,learned
C,36,L_range_wide,6,0.3,future,1,300,2.678967646921291,2.6006336721557797,2.7600778178942313,2.6006336721557797,2.7600778178942313,2.6006336721557797,2.7600778178942313,,18.998,2.679,1.0,0.31333333333333335,0.6511516314779272,1.0373956807033193,learned
C,36,L_range_wide,6,0.3,from_t0,1,300,2.678967646921291,2.6006336721557797,2.7600778178942313,2.6006336721557797,2.7600778178942313,2.6006336721557797,2.7600778178942313,,18.998,2.679,1.0,0.31333333333333335,0.6511516314779272,1.0373956807033193,learned
C,36,L_range_wide,11,0.1,future,1,300,1.994748386079627,1.9317307886125916,2.0597401675163907,1.9317307886125916,2.0597401675163907,1.9317307886125916,2.0597401675163907,,14.145833333333332,1.995,0.97,0.04666666666666667,0.6745855124068098,0.9928487594508284,learned
C,36,L_range_wide,11,0.1,from_t0,1,300,1.994748386079627,1.9317307886125916,2.0597401675163907,1.9317307886125916,2.0597401675163907,1.9317307886125916,2.0597401675163907,,14.145833333333332,1.995,0.97,0.04666666666666667,0.6745855124068098,0.9928487594508284,learned
C,36,L_range_wide,11,0.3,future,1,300,3.0935462805642313,3.001249067096164,3.1799456194227362,3.001249067096164,3.1799456194227362,3.001249067096164,3.1799456194227362,,21.938,3.094,1.0,0.5233333333333333,0.750478927203065,0.9992029332058027,learned
C,36,L_range_wide,11,0.3,from_t0,1,300,3.0935462805642313,3.001249067096164,3.1799456194227362,3.001249067096164,3.1799456194227362,3.001249067096164,3.1799456194227362,,21.938,3.094,1.0,0.5233333333333333,0.750478927203065,0.9992029332058027,learned
C,36,L0,3,0.1,future,3,300,0.5672488606352621,0.5522217561267957,0.5823870129920259,0.5524959483448134,0.582329432626242,0.5526577217534439,0.5824391095134493,0.00115160731567489,4.022666666666666,0.567 0.569 0.566,0.0077777777777777776,0.0,0.1965232259903106,0.5007261109497531,learned
C,36,L0,3,0.1,from_t0,3,300,0.5672488606352621,0.5523862714576063,0.5823856420309358,0.5524959483448134,0.582329432626242,0.5524932064226332,0.5825487864006564,0.00115160731567489,4.022666666666666,0.567 0.569 0.566,0.0077777777777777776,0.0,0.1965232259903106,0.5007261109497531,learned
C,36,L0,3,0.3,future,3,300,1.2740067217979902,1.2430230011619767,1.3051549577648145,1.2431834036095173,1.305211167169508,1.2433451770181476,1.3051563287259043,0.003826528987583664,9.034666666666666,1.277 1.275 1.270,0.8555555555555555,0.0,0.3158109375637208,0.6314587806800577,learned
C,36,L0,3,0.3,from_t0,3,300,1.2740067217979902,1.2429119533136797,1.304993184356184,1.2431834036095173,1.305211167169508,1.2435700146369224,1.30493697495149,0.003826528987583664,9.034666666666666,1.277 1.275 1.270,0.8555555555555555,0.0,0.3158109375637208,0.6314587806800577,learned
C,36,L0,6,0.1,future,3,300,0.5708133594694937,0.5531512677458761,0.5889114168197599,0.5532636865552634,0.5885810151970484,0.5532623155941734,0.5884164998662378,0.002397261793776761,4.047944444444443,0.571 0.573 0.569,0.022222222222222223,0.0,0.19574988246356367,0.3614487117160914,learned
C,36,L0,6,0.1,from_t0,3,300,0.5708133594694937,0.5534295728471641,0.5884740802320214,0.5532636865552634,0.5885810151970484,0.5531540096680562,0.5889100458586698,0.002397261793776761,4.047944444444443,0.571 0.573 0.569,0.022222222222222223,0.0,0.19574988246356367,0.3614487117160914,learned
C,36,L0,6,0.3,future,3,300,1.277187351526997,1.244932749960471,1.310368722790423,1.2454345217194436,1.3109678327867922,1.2452672644664529,1.310596302331378,0.004227542531074701,9.057222222222222,1.281 1.278 1.273,0.86,0.0,0.3104339944551077,0.4945743347985815,learned
C,36,L0,6,0.3,from_t0,3,300,1.277187351526997,1.245489360163047,1.3116807325536384,1.2454345217194436,1.3109678327867922,1.2452137969839392,1.3111912994444765,0.004227542531074701,9.057222222222222,1.281 1.278 1.273,0.86,0.0,0.3104339944551077,0.4945743347985815,learned
C,36,L0,11,0.1,future,3,300,0.5850165163628167,0.5701539271851609,0.6022947389812096,0.569878364006053,0.601853289510201,0.5697714290410262,0.6019629663974081,0.0023726738433514456,4.148666666666665,0.584 0.588 0.583,0.008888888888888889,0.0,0.19784132636029816,0.29118104648306353,learned
C,36,L0,11,0.1,from_t0,3,300,0.5850165163628167,0.5698811059282333,0.6021261107671286,0.569878364006053,0.601853289510201,0.5695520752666119,0.6019067569927143,0.0023726738433514456,4.148666666666665,0.584 0.588 0.583,0.008888888888888889,0.0,0.19784132636029816,0.29118104648306353,learned
C,36,L0,11,0.3,future,3,300,1.286455048495999,1.2536068207774647,1.320675608265713,1.2541538342524101,1.3190331968797862,1.2534971438902573,1.3187631175450387,0.005316501554179939,9.122944444444443,1.290 1.288 1.280,0.8444444444444444,0.0,0.3120875904640271,0.4155197761127937,learned
C,36,L0,11,0.3,from_t0,3,300,1.286455048495999,1.252891179088438,1.3202958520437584,1.2541538342524101,1.3190331968797862,1.2533860960419603,1.3188755363544258,0.005316501554179939,9.122944444444443,1.290 1.288 1.280,0.8444444444444444,0.0,0.3120875904640271,0.4155197761127937,learned
C,36,P1,3,0.1,future,1,300,0.04935459924320727,0.04935459924320727,0.04935459924320727,0.04935459924320727,0.04935459924320727,0.04935459924320727,0.04935459924320727,,0.35000000000000003,0.049,0.0,0.0,0.017098888572242805,0.04356665698518734,reference
C,36,P1,3,0.1,from_t0,1,300,0.04935459924320727,0.04935459924320727,0.04935459924320727,0.04935459924320727,0.04935459924320727,0.04935459924320727,0.04935459924320727,,0.35000000000000003,0.049,0.0,0.0,0.017098888572242805,0.04356665698518734,reference
C,36,P1,3,0.3,future,1,300,0.099531775140468,0.09887371381722523,0.10035435179452146,0.09887371381722523,0.10035435179452146,0.09887371381722523,0.10035435179452146,,0.7058333333333334,0.100,0.0,0.0,0.024672729497165695,0.049332717240629514,reference
C,36,P1,3,0.3,from_t0,1,300,0.099531775140468,0.09887371381722523,0.10035435179452146,0.09887371381722523,0.10035435179452146,0.09887371381722523,0.10035435179452146,,0.7058333333333334,0.100,0.0,0.0,0.024672729497165695,0.049332717240629514,reference
C,36,P1,6,0.1,future,1,300,0.04935459924320727,0.04935459924320727,0.04935459924320727,0.04935459924320727,0.04935459924320727,0.04935459924320727,0.04935459924320727,,0.35000000000000003,0.049,0.0,0.0,0.01692524682651622,0.031252170289603455,reference
C,36,P1,6,0.1,from_t0,1,300,0.04935459924320727,0.04935459924320727,0.04935459924320727,0.04935459924320727,0.04935459924320727,0.04935459924320727,0.04935459924320727,,0.35000000000000003,0.049,0.0,0.0,0.01692524682651622,0.031252170289603455,reference
C,36,P1,6,0.3,future,1,300,0.10035435179452146,0.0993672598096573,0.1013414437793856,0.0993672598096573,0.1013414437793856,0.0993672598096573,0.1013414437793856,,0.7116666666666667,0.100,0.0,0.0,0.02439219449776072,0.03886092883990572,reference
C,36,P1,6,0.3,from_t0,1,300,0.10035435179452146,0.0993672598096573,0.1013414437793856,0.0993672598096573,0.1013414437793856,0.0993672598096573,0.1013414437793856,,0.7116666666666667,0.100,0.0,0.0,0.02439219449776072,0.03886092883990572,reference
C,36,P1,11,0.1,future,1,300,0.04935459924320727,0.04935459924320727,0.04935459924320727,0.04935459924320727,0.04935459924320727,0.04935459924320727,0.04935459924320727,,0.35000000000000003,0.049,0.0,0.0,0.016690775564704573,0.02456533013074215,reference
C,36,P1,11,0.1,from_t0,1,300,0.04935459924320727,0.04935459924320727,0.04935459924320727,0.04935459924320727,0.04935459924320727,0.04935459924320727,0.04935459924320727,,0.35000000000000003,0.049,0.0,0.0,0.016690775564704573,0.02456533013074215,reference
C,36,P1,11,0.3,future,1,300,0.10035435179452146,0.099531775140468,0.1013414437793856,0.099531775140468,0.1013414437793856,0.099531775140468,0.1013414437793856,,0.7116666666666667,0.100,0.0,0.0,0.024345466155810982,0.032414049630692394,reference
C,36,P1,11,0.3,from_t0,1,300,0.10035435179452146,0.099531775140468,0.1013414437793856,0.099531775140468,0.1013414437793856,0.099531775140468,0.1013414437793856,,0.7116666666666667,0.100,0.0,0.0,0.024345466155810982,0.032414049630692394,reference
C,36,persistence,3,0.1,future,1,300,0.04935459924320727,0.04935459924320727,0.04935459924320727,0.04935459924320727,0.04935459924320727,0.04935459924320727,0.04935459924320727,,0.35000000000000003,0.049,0.0,0.0,0.017098888572242805,0.04356665698518734,reference
C,36,persistence,3,0.1,from_t0,1,300,0.04935459924320727,0.04935459924320727,0.04935459924320727,0.04935459924320727,0.04935459924320727,0.04935459924320727,0.04935459924320727,,0.35000000000000003,0.049,0.0,0.0,0.017098888572242805,0.04356665698518734,reference
C,36,persistence,3,0.3,future,1,300,0.05280942119023178,0.051489185660475986,0.054290059167528,0.051489185660475986,0.054290059167528,0.051489185660475986,0.054290059167528,,0.3745,0.053,0.0,0.0,0.013090820113372209,0.026174879726019954,reference
C,36,persistence,3,0.3,from_t0,1,300,0.05280942119023178,0.051489185660475986,0.054290059167528,0.051489185660475986,0.054290059167528,0.051489185660475986,0.054290059167528,,0.3745,0.053,0.0,0.0,0.013090820113372209,0.026174879726019954,reference
C,36,persistence,6,0.1,future,1,300,0.04935459924320727,0.04935459924320727,0.04935459924320727,0.04935459924320727,0.04935459924320727,0.04935459924320727,0.04935459924320727,,0.35000000000000003,0.049,0.0,0.0,0.01692524682651622,0.031252170289603455,reference
C,36,persistence,6,0.1,from_t0,1,300,0.04935459924320727,0.04935459924320727,0.04935459924320727,0.04935459924320727,0.04935459924320727,0.04935459924320727,0.04935459924320727,,0.35000000000000003,0.049,0.0,0.0,0.01692524682651622,0.031252170289603455,reference
C,36,persistence,6,0.3,future,1,300,0.05363199784428524,0.05215135986698902,0.055277151152392144,0.05215135986698902,0.055277151152392144,0.05215135986698902,0.055277151152392144,,0.38033333333333336,0.054,0.0,0.0,0.013035828534868845,0.020768299675097156,reference
C,36,persistence,6,0.3,from_t0,1,300,0.05363199784428524,0.05215135986698902,0.055277151152392144,0.05215135986698902,0.055277151152392144,0.05215135986698902,0.055277151152392144,,0.38033333333333336,0.054,0.0,0.0,0.013035828534868845,0.020768299675097156,reference
C,36,persistence,11,0.1,future,1,300,0.04935459924320727,0.04935459924320727,0.04935459924320727,0.04935459924320727,0.04935459924320727,0.04935459924320727,0.04935459924320727,,0.35000000000000003,0.049,0.0,0.0,0.016690775564704573,0.02456533013074215,reference
C,36,persistence,11,0.1,from_t0,1,300,0.04935459924320727,0.04935459924320727,0.04935459924320727,0.04935459924320727,0.04935459924320727,0.04935459924320727,0.04935459924320727,,0.35000000000000003,0.049,0.0,0.0,0.016690775564704573,0.02456533013074215,reference
C,36,persistence,11,0.3,future,1,300,0.053961028505906616,0.05231587519779971,0.05577069714482422,0.05231587519779971,0.05577069714482422,0.05231587519779971,0.05577069714482422,,0.38266666666666665,0.054,0.0,0.0,0.013090676883780331,0.017429193899782137,reference
C,36,persistence,11,0.3,from_t0,1,300,0.053961028505906616,0.05231587519779971,0.05577069714482422,0.05231587519779971,0.05577069714482422,0.05231587519779971,0.05577069714482422,,0.38266666666666665,0.054,0.0,0.0,0.013090676883780331,0.017429193899782137,reference
C,40,O,3,0.1,future,1,300,3.0867044427796175,3.013508568705751,3.162161763669304,3.013508568705751,3.162161763669304,3.013508568705751,3.162161763669304,,15.8445,3.087,1.0,0.55,1.0,1.321023279942935,reference
C,40,O,3,0.1,from_t0,1,300,3.0867044427796175,3.013508568705751,3.162161763669304,3.013508568705751,3.162161763669304,3.013508568705751,3.162161763669304,,15.8445,3.087,1.0,0.55,1.0,1.321023279942935,reference
C,40,O,3,0.3,future,1,300,4.219700661560001,4.131288318710339,4.3092607738991004,4.131288318710339,4.3092607738991004,4.131288318710339,4.3092607738991004,,21.66033333333333,4.220,1.0,0.9566666666666667,1.0,1.2288311344482195,reference
C,40,O,3,0.3,from_t0,1,300,4.219700661560001,4.131288318710339,4.3092607738991004,4.131288318710339,4.3092607738991004,4.131288318710339,4.3092607738991004,,21.66033333333333,4.220,1.0,0.9566666666666667,1.0,1.2288311344482195,reference
C,40,O,6,0.1,future,1,300,3.0944319997382,3.009877753340653,3.1744349423682285,3.009877753340653,3.1744349423682285,3.009877753340653,3.1744349423682285,,15.884166666666667,3.094,1.0,0.5333333333333333,1.0,1.326696332867769,reference
C,40,O,6,0.1,from_t0,1,300,3.0944319997382,3.009877753340653,3.1744349423682285,3.009877753340653,3.1744349423682285,3.009877753340653,3.1744349423682285,,15.884166666666667,3.094,1.0,0.5333333333333333,1.0,1.326696332867769,reference
C,40,O,6,0.3,future,1,300,4.199018082641443,4.103327062980056,4.2976637564340505,4.103327062980056,4.2976637564340505,4.103327062980056,4.2976637564340505,,21.554166666666667,4.199,1.0,0.9333333333333333,1.0,1.2242396130143796,reference
C,40,O,6,0.3,from_t0,1,300,4.199018082641443,4.103327062980056,4.2976637564340505,4.103327062980056,4.2976637564340505,4.103327062980056,4.2976637564340505,,21.554166666666667,4.199,1.0,0.9333333333333333,1.0,1.2242396130143796,reference
C,40,O,11,0.1,future,1,300,3.095113842999251,3.016014342690115,3.17034388280192,3.016014342690115,3.17034388280192,3.016014342690115,3.17034388280192,,15.887666666666664,3.095,1.0,0.5533333333333333,1.0,1.3114827774389266,reference
C,40,O,11,0.1,from_t0,1,300,3.095113842999251,3.016014342690115,3.17034388280192,3.016014342690115,3.17034388280192,3.016014342690115,3.17034388280192,,15.887666666666664,3.095,1.0,0.5533333333333333,1.0,1.3114827774389266,reference
C,40,O,11,0.3,future,1,300,4.219927942647018,4.1260324435730675,4.309738064181836,4.1260324435730675,4.309738064181836,4.1260324435730675,4.309738064181836,,21.6615,4.220,1.0,0.95,1.0,1.2366183424727484,reference
C,40,O,11,0.3,from_t0,1,300,4.219927942647018,4.1260324435730675,4.309738064181836,4.1260324435730675,4.309738064181836,4.1260324435730675,4.309738064181836,,21.6615,4.220,1.0,0.95,1.0,1.2366183424727484,reference
C,40,H,3,0.1,future,3,300,2.7258578369587565,2.649938377858802,2.805483871786149,2.666687099962906,2.7851838826974027,2.663730551822625,2.7880589884481695,0.05125998966445904,13.99222222222222,2.668 2.744 2.766,1.0,0.2922222222222222,0.8830964828314064,1.1665910122560141,hybrid (learned correction)
C,40,H,3,0.1,from_t0,3,300,2.7258578369587565,2.6462961984393525,2.8018473743938754,2.666687099962906,2.7851838826974027,2.6648650632486524,2.7875286659117964,0.05125998966445904,13.99222222222222,2.668 2.744 2.766,1.0,0.2922222222222222,0.8830964828314064,1.1665910122560141,hybrid (learned correction)
C,40,H,3,0.3,future,3,300,3.8480960842869965,3.7478423968037413,3.942196136339263,3.7700610170687243,3.9190873318167965,3.771424703590827,3.923708713919478,0.06396539411345772,19.75283333333333,3.775 3.876 3.893,1.0,0.9022222222222223,0.9119357966174728,1.1206150995013897,hybrid (learned correction)
C,40,H,3,0.3,from_t0,3,300,3.8480960842869965,3.7504277191685613,3.9472834446703295,3.7700610170687243,3.9190873318167965,3.7685477038310013,3.923328018098724,0.06396539411345772,19.75283333333333,3.775 3.876 3.893,1.0,0.9022222222222223,0.9119357966174728,1.1206150995013897,hybrid (learned correction)
C,40,H,6,0.1,future,3,300,2.673052864408444,2.598800133279948,2.7405667113068817,2.6094671922972856,2.7304072467172165,2.6066792109632084,2.734204734879461,0.034433647255447286,13.721166666666667,2.639 2.673 2.708,0.9977777777777778,0.2833333333333333,0.8638266617701065,1.146035664403807,hybrid (learned correction)
C,40,H,6,0.1,from_t0,3,300,2.673052864408444,2.601222570865739,2.7442051027082153,2.6094671922972856,2.7304072467172165,2.6082550264998607,2.73518772558081,0.034433647255447286,13.721166666666667,2.639 2.673 2.708,0.9977777777777778,0.2833333333333333,0.8638266617701065,1.146035664403807,hybrid (learned correction)
C,40,H,6,0.3,future,3,300,3.776654062601279,3.68638559087431,3.85940142435704,3.6938460925556473,3.8542402496726926,3.6912664522180023,3.85689186235456,0.029833907403201416,19.38611111111111,3.745 3.780 3.804,1.0,0.87,0.8994136220117275,1.1010977845514986,hybrid (learned correction)
C,40,H,6,0.3,from_t0,3,300,3.776654062601279,3.6828608400164855,3.8591589911975555,3.6938460925556473,3.8542402496726926,3.6915581296130076,3.8539391022323946,0.029833907403201416,19.38611111111111,3.745 3.780 3.804,1.0,0.87,0.8994136220117275,1.1010977845514986,hybrid (learned correction)
C,40,H,11,0.1,future,3,300,2.694493046950393,2.6252404997362744,2.763063750903461,2.6321290106819517,2.7524554061669364,2.631966125902922,2.756313502619052,0.03380483058276636,13.83122222222222,2.658 2.701 2.724,1.0,0.2866666666666667,0.8705634699172663,1.141728997463966,hybrid (learned correction)
C,40,H,11,0.1,from_t0,3,300,2.694493046950393,2.6231135275636053,2.7634425527151563,2.6321290106819517,2.7524554061669364,2.6281231815232746,2.7550312584864636,0.03380483058276636,13.83122222222222,2.658 2.701 2.724,1.0,0.2866666666666667,0.8705634699172663,1.141728997463966,hybrid (learned correction)
C,40,H,11,0.3,future,3,300,3.808170373334321,3.724070689110808,3.8884801454318234,3.7308910157303807,3.8818984639536183,3.7280916703419535,3.8834079891732243,0.02626481849836365,19.547888888888888,3.782 3.835 3.807,1.0,0.8844444444444445,0.902425450171451,1.1159558643962435,hybrid (learned correction)
C,40,H,11,0.3,from_t0,3,300,3.808170373334321,3.7249097351237133,3.889461242124114,3.7308910157303807,3.8818984639536183,3.7288473799562847,3.8851447954798473,0.02626481849836365,19.547888888888888,3.782 3.835 3.807,1.0,0.8844444444444445,0.902425450171451,1.1159558643962435,hybrid (learned correction)
C,40,P1x,3,0.1,future,1,300,3.0719311721235036,2.9960136070326078,3.148547626556978,2.9960136070326078,3.148547626556978,2.9960136070326078,3.148547626556978,,15.768666666666665,3.072,1.0,0.5266666666666666,0.9952139017745377,1.3147007327670057,reference
C,40,P1x,3,0.1,from_t0,1,300,3.0719311721235036,2.9960136070326078,3.148547626556978,2.9960136070326078,3.148547626556978,2.9960136070326078,3.148547626556978,,15.768666666666665,3.072,1.0,0.5266666666666666,0.9952139017745377,1.3147007327670057,reference
C,40,P1x,3,0.3,future,1,300,4.209700293731247,4.119009457984238,4.301078654766484,4.119009457984238,4.301078654766484,4.119009457984238,4.301078654766484,,21.608999999999998,4.210,1.0,0.9566666666666667,0.9976300764838952,1.2259188986453688,reference
C,40,P1x,3,0.3,from_t0,1,300,4.209700293731247,4.119009457984238,4.301078654766484,4.119009457984238,4.301078654766484,4.119009457984238,4.301078654766484,,21.608999999999998,4.210,1.0,0.9566666666666667,0.9976300764838952,1.2259188986453688,reference
C,40,P1x,6,0.1,future,1,300,3.0942047186511825,3.0082867857315323,3.1771736794667853,3.0082867857315323,3.1771736794667853,3.0082867857315323,3.1771736794667853,,15.883,3.094,1.0,0.53,0.9999265515975027,1.3265988891415208,reference
C,40,P1x,6,0.1,from_t0,1,300,3.0942047186511825,3.0082867857315323,3.1771736794667853,3.0082867857315323,3.1771736794667853,3.0082867857315323,3.1771736794667853,,15.883,3.094,1.0,0.53,0.9999265515975027,1.3265988891415208,reference
C,40,P1x,6,0.3,future,1,300,4.219927942647018,4.121964112115461,4.32061914622278,4.121964112115461,4.32061914622278,4.121964112115461,4.32061914622278,,21.6615,4.220,1.0,0.9366666666666666,1.004979702300406,1.2303359618315555,reference
C,40,P1x,6,0.3,from_t0,1,300,4.219927942647018,4.121964112115461,4.32061914622278,4.121964112115461,4.32061914622278,4.121964112115461,4.32061914622278,,21.6615,4.220,1.0,0.9366666666666666,1.004979702300406,1.2303359618315555,reference
C,40,P1x,11,0.1,future,1,300,3.0853407562575144,3.0051105325404683,3.1610253582342183,3.0051105325404683,3.1610253582342183,3.0051105325404683,3.1610253582342183,,15.837499999999999,3.085,1.0,0.54,0.9968424144514613,1.307341658373728,reference
C,40,P1x,11,0.1,from_t0,1,300,3.0853407562575144,3.0051105325404683,3.1610253582342183,3.0051105325404683,3.1610253582342183,3.0051105325404683,3.1610253582342183,,15.837499999999999,3.085,1.0,0.54,0.9968424144514613,1.307341658373728,reference
C,40,P1x,11,0.3,future,1,300,4.1953815852491685,4.105122583567492,4.283339365924797,4.105122583567492,4.283339365924797,4.105122583567492,4.283339365924797,,21.5355,4.195,1.0,0.9533333333333334,0.9941832283082889,1.2294252159048022,reference
C,40,P1x,11,0.3,from_t0,1,300,4.1953815852491685,4.105122583567492,4.283339365924797,4.105122583567492,4.283339365924797,4.105122583567492,4.283339365924797,,21.5355,4.195,1.0,0.9533333333333334,0.9941832283082889,1.2294252159048022,reference
C,40,L_range,3,0.1,future,3,300,2.3366010952607557,2.272572225029913,2.4022190390916585,2.278839501004411,2.394330491363106,2.275761736284387,2.3977472837045966,0.026310015176881234,11.994111111111112,2.352 2.352 2.306,1.0,0.1411111111111111,0.7569889306138478,1.0,learned
C,40,L_range,3,0.1,from_t0,3,300,2.3366010952607557,2.274138570521273,2.401760688899507,2.278839501004411,2.394330491363106,2.274619648822126,2.396694214668084,0.026310015176881234,11.994111111111112,2.352 2.352 2.306,1.0,0.1411111111111111,0.7569889306138478,1.0,learned
C,40,L_range,3,0.3,future,3,300,3.4339141833794504,3.351411148792233,3.5159702318288675,3.358373526091191,3.506799439967726,3.35449648954849,3.511729545546939,0.026005896202840044,17.62677777777778,3.454 3.443 3.405,1.0,0.7344444444444445,0.8137814643254696,1.0,learned
C,40,L_range,3,0.3,from_t0,3,300,3.4339141833794504,3.3539851071027016,3.513775075330093,3.358373526091191,3.506799439967726,3.356555277395054,3.510360176997661,0.026005896202840044,17.62677777777778,3.454 3.443 3.405,1.0,0.7344444444444445,0.8137814643254696,1.0,learned
C,40,L_range,6,0.1,future,3,300,2.332434275332108,2.257270525846485,2.413895604937164,2.270841100750466,2.3895632705629217,2.268329644738927,2.391453491603281,0.0525389782938895,11.97272222222222,2.393 2.309 2.296,1.0,0.12777777777777777,0.7537519892275675,1.0,learned
C,40,L_range,6,0.1,from_t0,3,300,2.332434275332108,2.255357576697424,2.408427600785343,2.270841100750466,2.3895632705629217,2.2712880868882666,2.393277422326593,0.0525389782938895,11.97272222222222,2.393 2.309 2.296,1.0,0.12777777777777777,0.7537519892275675,1.0,learned
C,40,L_range,6,0.3,future,3,300,3.4298988841754805,3.332228625047987,3.524233793350999,3.35367638362617,3.5033144633001303,3.3533013698325917,3.503087182213113,0.06442005671087822,17.606166666666663,3.499 3.419 3.371,1.0,0.7233333333333334,0.8168335588633286,1.0,learned
C,40,L_range,6,0.3,from_t0,3,300,3.4298988841754805,3.3346681087153036,3.5226409317328202,3.35367638362617,3.5033144633001303,3.3518543469119155,3.505604320251828,0.06442005671087822,17.606166666666663,3.499 3.419 3.371,1.0,0.7233333333333334,0.8168335588633286,1.0,learned
C,40,L_range,11,0.1,future,3,300,2.3600110472235194,2.298251199844732,2.4201685629388363,2.301675568222457,2.412827383828183,2.296819328996524,2.416077503372528,0.01581251436911372,12.114277777777776,2.376 2.359 2.345,1.0,0.13555555555555557,0.7624957164537132,1.0,learned
C,40,L_range,11,0.1,from_t0,3,300,2.3600110472235194,2.2964481032210626,2.4209242725531683,2.301675568222457,2.412827383828183,2.297658375009429,2.416908973349199,0.01581251436911372,12.114277777777776,2.376 2.359 2.345,1.0,0.13555555555555557,0.7624957164537132,1.0,learned
C,40,L_range,11,0.3,future,3,300,3.4124740008375007,3.3313289707452105,3.4920299573297293,3.333984371445194,3.4862096674930325,3.333526021253043,3.4883858839012216,0.017419777000141193,17.51672222222222,3.432 3.405 3.400,1.0,0.7188888888888889,0.8086569361411823,1.0,learned
C,40,L_range,11,0.3,from_t0,3,300,3.4124740008375007,3.3317115605750227,3.4905204321101246,3.333984371445194,3.4862096674930325,3.330717205819323,3.4899787455194,0.017419777000141193,17.51672222222222,3.432 3.405 3.400,1.0,0.7188888888888889,0.8086569361411823,1.0,learned
C,40,L_range_wide,3,0.1,future,1,300,2.3089485630070046,2.242116559369618,2.3725929493989764,2.242116559369618,2.3725929493989764,2.242116559369618,2.3725929493989764,,11.852166666666665,2.309,1.0,0.13,0.7480303364995212,0.9881654886194149,learned
C,40,L_range_wide,3,0.1,from_t0,1,300,2.3089485630070046,2.242116559369618,2.3725929493989764,2.242116559369618,2.3725929493989764,2.242116559369618,2.3725929493989764,,11.852166666666665,2.309,1.0,0.13,0.7480303364995212,0.9881654886194149,learned
C,40,L_range_wide,3,0.3,future,1,300,3.409898148517973,3.3223949300163795,3.4903613353492124,3.3223949300163795,3.4903613353492124,3.3223949300163795,3.4903613353492124,,17.5035,3.410,1.0,0.7166666666666667,0.8080900570936119,0.9930062215946696,learned
C,40,L_range_wide,3,0.3,from_t0,1,300,3.409898148517973,3.3223949300163795,3.4903613353492124,3.3223949300163795,3.4903613353492124,3.3223949300163795,3.4903613353492124,,17.5035,3.410,1.0,0.7166666666666667,0.8080900570936119,0.9930062215946696,learned
C,40,L_range_wide,6,0.1,future,1,300,2.2894023895235316,2.2230363121145302,2.35645599222076,2.2230363121145302,2.35645599222076,2.2230363121145302,2.35645599222076,,11.751833333333332,2.289,1.0,0.11333333333333333,0.7398457583547556,0.9815506544970279,learned
C,40,L_range_wide,6,0.1,from_t0,1,300,2.2894023895235316,2.2230363121145302,2.35645599222076,2.2230363121145302,2.35645599222076,2.2230363121145302,2.35645599222076,,11.751833333333332,2.289,1.0,0.11333333333333333,0.7398457583547556,0.9815506544970279,learned
C,40,L_range_wide,6,0.3,future,1,300,3.384442666772055,3.30170098704347,3.467627544620324,3.30170098704347,3.467627544620324,3.30170098704347,3.467627544620324,,17.372833333333332,3.384,1.0,0.6966666666666667,0.8060081190798375,0.9867470677887482,learned
C,40,L_range_wide,6,0.3,from_t0,1,300,3.384442666772055,3.30170098704347,3.467627544620324,3.30170098704347,3.467627544620324,3.30170098704347,3.467627544620324,,17.372833333333332,3.384,1.0,0.6966666666666667,0.8060081190798375,0.9867470677887482,learned
C,40,L_range_wide,11,0.1,future,1,300,2.3105395306161243,2.2425824855980037,2.374405516067938,2.2425824855980037,2.374405516067938,2.2425824855980037,2.374405516067938,,11.860333333333331,2.311,1.0,0.12,0.7465119694521956,0.9790375910885685,learned
C,40,L_range_wide,11,0.1,from_t0,1,300,2.3105395306161243,2.2425824855980037,2.374405516067938,2.2425824855980037,2.374405516067938,2.2425824855980037,2.374405516067938,,11.860333333333331,2.311,1.0,0.12,0.7465119694521956,0.9790375910885685,learned
C,40,L_range_wide,11,0.3,future,1,300,3.3812607315538155,3.301706669070645,3.4667297843266063,3.301706669070645,3.4667297843266063,3.301706669070645,3.4667297843266063,,17.3565,3.381,1.0,0.7066666666666667,0.8012603005332041,0.9908531847345871,learned
C,40,L_range_wide,11,0.3,from_t0,1,300,3.3812607315538155,3.301706669070645,3.4667297843266063,3.301706669070645,3.4667297843266063,3.301706669070645,3.4667297843266063,,17.3565,3.381,1.0,0.7066666666666667,0.8012603005332041,0.9908531847345871,learned
C,40,L0,3,0.1,future,3,300,2.6112324087397853,2.546444040876495,2.6729846800823385,2.548502828723058,2.6691152195758723,2.545017852055462,2.6747972467513006,0.0031819352182398714,13.403833333333333,2.610 2.609 2.615,0.9988888888888889,0.26555555555555554,0.845961269420514,1.117534530834576,learned
C,40,L0,3,0.1,from_t0,3,300,2.6112324087397853,2.5466050316464646,2.6722232884408315,2.548502828723058,2.6691152195758723,2.545546280582777,2.671310376074646,0.0031819352182398714,13.403833333333333,2.610 2.609 2.615,0.9988888888888889,0.26555555555555554,0.845961269420514,1.117534530834576,learned
C,40,L0,3,0.3,future,3,300,3.7309705641108364,3.646798907543101,3.8101552948276036,3.6515718103704606,3.8054581523625832,3.648162594065204,3.8085075069467296,0.0173529271182544,19.15161111111111,3.711 3.738 3.744,1.0,0.8477777777777777,0.884178965133398,1.086506640780126,learned
C,40,L0,3,0.3,from_t0,3,300,3.7309705641108364,3.6410411200053345,3.813931948890205,3.6515718103704606,3.8054581523625832,3.6477061378821105,3.8070339678992346,0.0173529271182544,19.15161111111111,3.711 3.738 3.744,1.0,0.8477777777777777,0.884178965133398,1.086506640780126,learned
C,40,L0,6,0.1,future,3,300,2.6510065989677827,2.575225402529096,2.72070802632876,2.580848715423712,2.7135865522688905,2.5792615358327087,2.7160866442260785,0.025277294746996564,13.607999999999999,2.627 2.649 2.677,1.0,0.31444444444444447,0.8567021667278736,1.136583622957742,learned
C,40,L0,6,0.1,from_t0,3,300,2.6510065989677827,2.5716760295535126,2.7197269296364697,2.580848715423712,2.7135865522688905,2.5781554345425595,2.7176113215181523,0.025277294746996564,13.607999999999999,2.627 2.649 2.677,1.0,0.31444444444444447,0.8567021667278736,1.136583622957742,learned
C,40,L0,6,0.3,future,3,300,3.7484712078111553,3.6548976902771453,3.8396942601035966,3.6630779154007036,3.825100920308038,3.66018576356841,3.829625707948738,0.04245738052359024,19.241444444444443,3.699 3.772 3.774,1.0,0.8244444444444444,0.892701849345963,1.0928809665805226,learned
C,40,L0,6,0.3,from_t0,3,300,3.7484712078111553,3.6555757455200797,3.838326785563377,3.6630779154007036,3.825100920308038,3.6615570261267467,3.8292374360917503,0.04245738052359024,19.241444444444443,3.699 3.772 3.774,1.0,0.8244444444444444,0.892701849345963,1.0928809665805226,learned
C,40,L0,11,0.1,future,3,300,2.634793881427227,2.566153099138996,2.700553875937516,2.569482767063797,2.6939703004502538,2.568350149646829,2.696767751829623,0.019799996424218296,13.524777777777775,2.619 2.657 2.629,1.0,0.2577777777777778,0.8512752729230918,1.1164328592982566,learned
C,40,L0,11,0.1,from_t0,3,300,2.634793881427227,2.567274352501614,2.702828580816746,2.569482767063797,2.6939703004502538,2.567211850202684,2.6955555860321985,0.019799996424218296,13.524777777777775,2.619 2.657 2.629,1.0,0.2577777777777778,0.8512752729230918,1.1164328592982566,learned
C,40,L0,11,0.3,future,3,300,3.760592865785402,3.6766333382322167,3.8448137665886573,3.6814176051139267,3.8377169146465477,3.676487499534714,3.844768310371254,0.01629305811804924,19.303666666666665,3.746 3.778 3.757,1.0,0.85,0.8911509667689986,1.1020136314188664,learned
C,40,L0,11,0.3,from_t0,3,300,3.760592865785402,3.6790671398723584,3.842342084767346,3.6814176051139267,3.8377169146465477,3.6749685042698155,3.842641338198585,0.01629305811804924,19.303666666666665,3.746 3.778 3.757,1.0,0.85,0.8911509667689986,1.1020136314188664,learned
C,40,P1,3,0.1,future,1,300,0.06841160719215558,0.06818432610513846,0.06886616936618983,0.06818432610513846,0.06886616936618983,0.06818432610513846,0.06886616936618983,,0.3511666666666667,0.068,0.0,0.0,0.022163316397908844,0.029278256922378575,reference
C,40,P1,3,0.1,from_t0,1,300,0.06841160719215558,0.06818432610513846,0.06886616936618983,0.06818432610513846,0.06886616936618983,0.06818432610513846,0.06886616936618983,,0.3511666666666667,0.068,0.0,0.0,0.022163316397908844,0.029278256922378575,reference
C,40,P1,3,0.3,future,1,300,0.1393233063414996,0.13795961981939678,0.14091427395061948,0.13795961981939678,0.14091427395061948,0.13795961981939678,0.14091427395061948,,0.7151666666666668,0.139,0.0,0.0,0.03301734353118605,0.04057273970789393,reference
C,40,P1,3,0.3,from_t0,1,300,0.1393233063414996,0.13795961981939678,0.14091427395061948,0.13795961981939678,0.14091427395061948,0.13795961981939678,0.14091427395061948,,0.7151666666666668,0.139,0.0,0.0,0.03301734353118605,0.04057273970789393,reference
C,40,P1,6,0.1,future,1,300,0.06818432610513846,0.06818432610513846,0.06818432610513846,0.06818432610513846,0.06818432610513846,0.06818432610513846,0.06818432610513846,,0.35000000000000003,0.068,0.0,0.0,0.022034520749173708,0.029233117874427526,reference
C,40,P1,6,0.1,from_t0,1,300,0.06818432610513846,0.06818432610513846,0.06818432610513846,0.06818432610513846,0.06818432610513846,0.06818432610513846,0.06818432610513846,,0.35000000000000003,0.068,0.0,0.0,0.022034520749173708,0.029233117874427526,reference
C,40,P1,6,0.3,future,1,300,0.13818690090641395,0.13705049547132828,0.13955058742851673,0.13705049547132828,0.13955058742851673,0.13705049547132828,0.13955058742851673,,0.7093333333333335,0.138,0.0,0.0,0.03290933694181327,0.0402889139222053,reference
C,40,P1,6,0.3,from_t0,1,300,0.13818690090641395,0.13705049547132828,0.13955058742851673,0.13705049547132828,0.13955058742851673,0.13705049547132828,0.13955058742851673,,0.7093333333333335,0.138,0.0,0.0,0.03290933694181327,0.0402889139222053,reference
C,40,P1,11,0.1,future,1,300,0.06818432610513846,0.06818432610513846,0.06818432610513846,0.06818432610513846,0.06818432610513846,0.06818432610513846,0.06818432610513846,,0.35000000000000003,0.068,0.0,0.0,0.022029666617711857,0.02889152836185035,reference
C,40,P1,11,0.1,from_t0,1,300,0.06818432610513846,0.06818432610513846,0.06818432610513846,0.06818432610513846,0.06818432610513846,0.06818432610513846,0.06818432610513846,,0.35000000000000003,0.068,0.0,0.0,0.022029666617711857,0.02889152836185035,reference
C,40,P1,11,0.3,future,1,300,0.13955058742851673,0.1379596198193968,0.14136883612465373,0.1379596198193968,0.14136883612465373,0.1379596198193968,0.14136883612465373,,0.7163333333333335,0.140,0.0,0.0,0.033069424247320525,0.04089425659924962,reference
C,40,P1,11,0.3,from_t0,1,300,0.13955058742851673,0.1379596198193968,0.14136883612465373,0.1379596198193968,0.14136883612465373,0.1379596198193968,0.14136883612465373,,0.7163333333333335,0.140,0.0,0.0,0.033069424247320525,0.04089425659924962,reference
C,40,persistence,3,0.1,future,1,300,0.06818432610513846,0.06818432610513846,0.06818432610513846,0.06818432610513846,0.06818432610513846,0.06818432610513846,0.06818432610513846,,0.35000000000000003,0.068,0.0,0.0,0.022089684117517123,0.029180986965825825,reference
C,40,persistence,3,0.1,from_t0,1,300,0.06818432610513846,0.06818432610513846,0.06818432610513846,0.06818432610513846,0.06818432610513846,0.06818432610513846,0.06818432610513846,,0.35000000000000003,0.068,0.0,0.0,0.022089684117517123,0.029180986965825825,reference
C,40,persistence,3,0.3,future,1,300,0.07272994784548101,0.07091169914934399,0.07477547762863516,0.07091169914934399,0.07477547762863516,0.07091169914934399,0.07477547762863516,,0.37333333333333335,0.073,0.0,0.0,0.01723580738985242,0.02117989674800335,reference
C,40,persistence,3,0.3,from_t0,1,300,0.07272994784548101,0.07091169914934399,0.07477547762863516,0.07091169914934399,0.07477547762863516,0.07091169914934399,0.07477547762863516,,0.37333333333333335,0.073,0.0,0.0,0.01723580738985242,0.02117989674800335,reference
C,40,persistence,6,0.1,future,1,300,0.06818432610513846,0.06818432610513846,0.06818432610513846,0.06818432610513846,0.06818432610513846,0.06818432610513846,0.06818432610513846,,0.35000000000000003,0.068,0.0,0.0,0.022034520749173708,0.029233117874427526,reference
C,40,persistence,6,0.1,from_t0,1,300,0.06818432610513846,0.06818432610513846,0.06818432610513846,0.06818432610513846,0.06818432610513846,0.06818432610513846,0.06818432610513846,,0.35000000000000003,0.068,0.0,0.0,0.022034520749173708,0.029233117874427526,reference
C,40,persistence,6,0.3,future,1,300,0.07318451001951527,0.07136626132337824,0.07523003980266943,0.07136626132337824,0.07523003980266943,0.07136626132337824,0.07523003980266943,,0.3756666666666667,0.073,0.0,0.0,0.01742895805142084,0.021337220860115306,reference
C,40,persistence,6,0.3,from_t0,1,300,0.07318451001951527,0.07136626132337824,0.07523003980266943,0.07136626132337824,0.07523003980266943,0.07136626132337824,0.07523003980266943,,0.3756666666666667,0.073,0.0,0.0,0.01742895805142084,0.021337220860115306,reference
C,40,persistence,11,0.1,future,1,300,0.06818432610513846,0.06818432610513846,0.06818432610513846,0.06818432610513846,0.06818432610513846,0.06818432610513846,0.06818432610513846,,0.35000000000000003,0.068,0.0,0.0,0.022029666617711857,0.02889152836185035,reference
C,40,persistence,11,0.1,from_t0,1,300,0.06818432610513846,0.06818432610513846,0.06818432610513846,0.06818432610513846,0.06818432610513846,0.06818432610513846,0.06818432610513846,,0.35000000000000003,0.068,0.0,0.0,0.022029666617711857,0.02889152836185035,reference
C,40,persistence,11,0.3,future,1,300,0.07682100741178932,0.07432091545460091,0.07932109936897773,0.07432091545460091,0.07932109936897773,0.07432091545460091,0.07932109936897773,,0.39433333333333337,0.077,0.0,0.0,0.018204341035169925,0.02251182203672047,reference
C,40,persistence,11,0.3,from_t0,1,300,0.07682100741178932,0.07432091545460091,0.07932109936897773,0.07432091545460091,0.07932109936897773,0.07432091545460091,0.07932109936897773,,0.39433333333333337,0.077,0.0,0.0,0.018204341035169925,0.02251182203672047,reference
C,44,O,3,0.1,future,1,300,3.15782719819979,3.0902223218048936,3.2248734143207898,3.0902223218048936,3.2248734143207898,3.0902223218048936,3.2248734143207898,,13.189166666666665,3.158,1.0,0.5966666666666667,1.0,1.7631004366812226,reference
C,44,O,3,0.1,from_t0,1,300,3.15782719819979,3.0902223218048936,3.2248734143207898,3.0902223218048936,3.2248734143207898,3.0902223218048936,3.2248734143207898,,13.189166666666665,3.158,1.0,0.5966666666666667,1.0,1.7631004366812226,reference
C,44,O,3,0.3,future,1,300,4.301125448728914,4.215084783295434,4.386055776868024,4.215084783295434,4.386055776868024,4.215084783295434,4.386055776868024,,17.964333333333336,4.301,1.0,0.9566666666666667,1.0,1.4655921824930997,reference
C,44,O,3,0.3,from_t0,1,300,4.301125448728914,4.215084783295434,4.386055776868024,4.215084783295434,4.386055776868024,4.215084783295434,4.386055776868024,,17.964333333333336,4.301,1.0,0.9566666666666667,1.0,1.4655921824930997,reference
C,44,O,6,0.1,future,1,300,3.2111792543569027,3.13994308618168,3.282981066059447,3.13994308618168,3.282981066059447,3.13994308618168,3.282981066059447,,13.411999999999997,3.211,1.0,0.6466666666666666,1.0,1.5015020244677608,reference
C,44,O,6,0.1,from_t0,1,300,3.2111792543569027,3.13994308618168,3.282981066059447,3.13994308618168,3.282981066059447,3.13994308618168,3.282981066059447,,13.411999999999997,3.211,1.0,0.6466666666666666,1.0,1.5015020244677608,reference
C,44,O,6,0.3,future,1,300,4.343583629545045,4.251942394865752,4.439114536381342,4.251942394865752,4.439114536381342,4.251942394865752,4.439114536381342,,18.141666666666666,4.344,1.0,0.95,1.0,1.317387252548643,reference
C,44,O,6,0.3,from_t0,1,300,4.343583629545045,4.251942394865752,4.439114536381342,4.251942394865752,4.439114536381342,4.251942394865752,4.439114536381342,,18.141666666666666,4.344,1.0,0.95,1.0,1.317387252548643,reference
C,44,O,11,0.1,future,1,300,3.2215144694239872,3.137994758476466,3.301423838351454,3.137994758476466,3.301423838351454,3.137994758476466,3.301423838351454,,13.455166666666663,3.222,1.0,0.62,1.0,1.4409045477261366,reference
C,44,O,11,0.1,from_t0,1,300,3.2215144694239872,3.137994758476466,3.301423838351454,3.137994758476466,3.301423838351454,3.137994758476466,3.301423838351454,,13.455166666666663,3.222,1.0,0.62,1.0,1.4409045477261366,reference
C,44,O,11,0.3,future,1,300,4.35391884461213,4.25864631815251,4.442187167887772,4.25864631815251,4.442187167887772,4.25864631815251,4.442187167887772,,18.18483333333333,4.354,1.0,0.9533333333333334,1.0,1.283831644839799,reference
C,44,O,11,0.3,from_t0,1,300,4.35391884461213,4.25864631815251,4.442187167887772,4.25864631815251,4.442187167887772,4.25864631815251,4.442187167887772,,18.18483333333333,4.354,1.0,0.9533333333333334,1.0,1.283831644839799,reference
C,44,H,3,0.1,future,3,300,2.8389252918505563,2.777188676082714,2.9046609840790407,2.78443729313652,2.8983364842283037,2.7783106521327894,2.9001009195933602,0.023580383315285447,11.857222222222223,2.818 2.835 2.864,1.0,0.39555555555555555,0.8990122364735369,1.5850488667082556,hybrid (learned correction)
C,44,H,3,0.1,from_t0,3,300,2.8389252918505563,2.7773748961740123,2.9055944122866757,2.78443729313652,2.8983364842283037,2.7793278793815093,2.900848127709697,0.023580383315285447,11.857222222222223,2.818 2.835 2.864,1.0,0.39555555555555555,0.8990122364735369,1.5850488667082556,hybrid (learned correction)
C,44,H,3,0.3,future,3,300,3.9546629688674533,3.8735617913556752,4.040796744346583,3.882684248078177,4.032132854598905,3.877837870202124,4.036041148765039,0.03315959731487367,16.517277777777775,3.918 3.984 3.962,1.0,0.9066666666666666,0.9194484132138371,1.347536406611885,hybrid (learned correction)
C,44,H,3,0.3,from_t0,3,300,3.9546629688674533,3.8735617913556752,4.042945258649943,3.882684248078177,4.032132854598905,3.878869063957691,4.035871222931728,0.03315959731487367,16.517277777777775,3.918 3.984 3.962,1.0,0.9066666666666666,0.9194484132138371,1.347536406611885,hybrid (learned correction)
C,44,H,6,0.1,future,3,300,2.797584431582217,2.7304497609178506,2.865368544814989,2.736960480859885,2.85438621493064,2.7342696005406175,2.857179516300123,0.029569880029490375,11.684555555555555,2.765 2.823 2.805,1.0,0.3711111111111111,0.8712015773602413,1.308110932125909,hybrid (learned correction)
C,44,H,6,0.1,from_t0,3,300,2.797584431582217,2.7283059021167726,2.8616487984912946,2.736960480859885,2.85438621493064,2.7336131747187893,2.8575822172475567,0.029569880029490375,11.684555555555555,2.765 2.823 2.805,1.0,0.3711111111111111,0.8712015773602413,1.308110932125909,hybrid (learned correction)
C,44,H,6,0.3,future,3,300,3.9400446917004954,3.859769865843856,4.02628321598098,3.86350823417668,4.013324625377725,3.8597675380927146,4.016397256884154,0.031155433819982987,16.45622222222222,3.915 3.975 3.930,1.0,0.9088888888888889,0.9070953912111467,1.194995905227189,hybrid (learned correction)
C,44,H,6,0.3,from_t0,3,300,3.9400446917004954,3.8550305645203014,4.02413470167762,3.86350823417668,4.013324625377725,3.859036624234367,4.01872733577653,0.031155433819982987,16.45622222222222,3.915 3.975 3.930,1.0,0.9088888888888889,0.9070953912111467,1.194995905227189,hybrid (learned correction)
C,44,H,11,0.1,future,3,300,2.777751991858893,2.7039157256589093,2.8521515738350547,2.717407371273509,2.840882930560335,2.7130381823814105,2.8415370286310218,0.038173642552848296,11.601722222222223,2.735 2.807 2.791,1.0,0.3422222222222222,0.8622503540564759,1.2424204564384476,hybrid (learned correction)
C,44,H,11,0.1,from_t0,3,300,2.777751991858893,2.7019417926911418,2.8520561360382644,2.717407371273509,2.840882930560335,2.714984182335483,2.8393256650468484,0.038173642552848296,11.601722222222223,2.735 2.807 2.791,1.0,0.3422222222222222,0.8622503540564759,1.2424204564384476,hybrid (learned correction)
C,44,H,11,0.3,future,3,300,3.933899428687635,3.8385500864403554,4.028324653731844,3.8532614736529625,4.013229187580934,3.8544556099884155,4.014011311964388,0.0481731796408773,16.430555555555554,3.878 3.957 3.966,1.0,0.9011111111111111,0.9035307200444816,1.159981330477995,hybrid (learned correction)
C,44,H,11,0.3,from_t0,3,300,3.933899428687635,3.8417158279924353,4.027011802088188,3.8532614736529625,4.013229187580934,3.8539109162213667,4.014718948311324,0.0481731796408773,16.430555555555554,3.878 3.957 3.966,1.0,0.9011111111111111,0.9035307200444816,1.159981330477995,hybrid (learned correction)
C,44,P1x,3,0.1,future,1,300,3.1452573420371195,3.0787628029365925,3.212582888295068,3.0787628029365925,3.212582888295068,3.0787628029365925,3.212582888295068,,13.136666666666665,3.145,1.0,0.58,0.9960194604157452,1.7560823456019963,reference
C,44,P1x,3,0.1,from_t0,1,300,3.1452573420371195,3.0787628029365925,3.212582888295068,3.0787628029365925,3.212582888295068,3.0787628029365925,3.212582888295068,,13.136666666666665,3.145,1.0,0.58,0.9960194604157452,1.7560823456019963,reference
C,44,P1x,3,0.3,future,1,300,4.291069563798777,4.2089395202825735,4.377668889506154,4.2089395202825735,4.377668889506154,4.2089395202825735,4.377668889506154,,17.92233333333333,4.291,1.0,0.96,0.9976620340303933,1.462165677845109,reference
C,44,P1x,3,0.3,from_t0,1,300,4.291069563798777,4.2089395202825735,4.377668889506154,4.2089395202825735,4.377668889506154,4.2089395202825735,4.377668889506154,,17.92233333333333,4.291,1.0,0.96,0.9976620340303933,1.462165677845109,reference
C,44,P1x,6,0.1,future,1,300,3.1941401160030605,3.121507297143096,3.2676109252738694,3.121507297143096,3.2676109252738694,3.121507297143096,3.2676109252738694,,13.340833333333332,3.194,1.0,0.6333333333333333,0.9946938065414057,1.493534764247464,reference
C,44,P1x,6,0.1,from_t0,1,300,3.1941401160030605,3.121507297143096,3.2676109252738694,3.121507297143096,3.2676109252738694,3.121507297143096,3.2676109252738694,,13.340833333333332,3.194,1.0,0.6333333333333333,0.9946938065414057,1.493534764247464,reference
C,44,P1x,6,0.3,future,1,300,4.334645065162702,4.241034553017926,4.42878630456768,4.241034553017926,4.42878630456768,4.241034553017926,4.42878630456768,,18.104333333333333,4.335,1.0,0.9566666666666667,0.9979421221864953,1.3146762305498292,reference
C,44,P1x,6,0.3,from_t0,1,300,4.334645065162702,4.241034553017926,4.42878630456768,4.241034553017926,4.42878630456768,4.241034553017926,4.42878630456768,,18.104333333333333,4.335,1.0,0.9566666666666667,0.9979421221864953,1.3146762305498292,reference
C,44,P1x,11,0.1,future,1,300,3.213972555726386,3.1312908351897084,3.295816285852218,3.1312908351897084,3.295816285852218,3.1312908351897084,3.295816285852218,,13.423666666666668,3.214,1.0,0.6166666666666667,0.9976588918754881,1.4375312343828086,reference
C,44,P1x,11,0.1,from_t0,1,300,3.213972555726386,3.1312908351897084,3.295816285852218,3.1312908351897084,3.295816285852218,3.1312908351897084,3.295816285852218,,13.423666666666668,3.214,1.0,0.6166666666666667,0.9976588918754881,1.4375312343828086,reference
C,44,P1x,11,0.3,future,1,300,4.339114347353874,4.2474940624348525,4.426830993609043,4.2474940624348525,4.426830993609043,4.2474940624348525,4.426830993609043,,18.123,4.339,1.0,0.95,0.9965997305446849,1.2794662713120832,reference
C,44,P1x,11,0.3,from_t0,1,300,4.339114347353874,4.2474940624348525,4.426830993609043,4.2474940624348525,4.426830993609043,4.2474940624348525,4.426830993609043,,18.123,4.339,1.0,0.95,0.9965997305446849,1.2794662713120832,reference
C,44,L_range,3,0.1,future,3,300,1.791064838112079,1.7362998370122367,1.8435812316094884,1.7480433415197685,1.8327827940652976,1.745713262627392,1.8338046768163005,0.03538904488844107,7.480666666666666,1.750 1.809 1.814,0.9988888888888889,0.005555555555555556,0.5671826625386996,1.0,learned
C,44,L_range,3,0.1,from_t0,3,300,1.791064838112079,1.7383598967722296,1.8451641023855285,1.7480433415197685,1.8327827940652976,1.7472984611545732,1.8339094256176558,0.03538904488844107,7.480666666666666,1.750 1.809 1.814,0.9988888888888889,0.005555555555555556,0.5671826625386996,1.0,learned
C,44,L_range,3,0.3,future,3,300,2.9347355288238,2.862575243445506,3.004216572638532,2.868792666743746,2.9970424436212455,2.867323855773627,2.9984390943059864,0.027277747552316607,12.257388888888887,2.903 2.953 2.948,1.0,0.45,0.6823180499631986,1.0,learned
C,44,L_range,3,0.3,from_t0,3,300,2.9347355288238,2.8619211453748195,3.0042189003896733,2.868792666743746,2.9970424436212455,2.865643219449655,2.9993562282556328,0.027277747552316607,12.257388888888887,2.903 2.953 2.948,1.0,0.45,0.6823180499631986,1.0,learned
C,44,L_range,6,0.1,future,3,300,2.138644638521332,2.0821152020564333,2.1959119720980027,2.0886445440075985,2.1868779699188687,2.0876133502520315,2.189298831105753,0.026461770134457822,8.932388888888887,2.131 2.168 2.117,1.0,0.05555555555555555,0.6659997680352586,1.0,learned
C,44,L_range,6,0.1,from_t0,3,300,2.138644638521332,2.0834280537000898,2.195350984072965,2.0886445440075985,2.1868779699188687,2.084077496268495,2.188668010546478,0.026461770134457822,8.932388888888887,2.131 2.168 2.117,1.0,0.05555555555555555,0.6659997680352586,1.0,learned
C,44,L_range,6,0.3,future,3,300,3.29711982649131,3.2145265604979993,3.383365334025218,3.2238352373117998,3.3660259157741566,3.223746782768432,3.36863299705234,0.04415919995908588,13.770944444444444,3.260 3.346 3.285,1.0,0.6566666666666666,0.7590782422293677,1.0,learned
C,44,L_range,6,0.3,from_t0,3,300,3.29711982649131,3.209775620418738,3.38297194408235,3.2238352373117998,3.3660259157741566,3.2249455746061684,3.3677973343926366,0.04415919995908588,13.770944444444444,3.260 3.346 3.285,1.0,0.6566666666666666,0.7590782422293677,1.0,learned
C,44,L_range,11,0.1,future,3,300,2.2357584161336685,2.182685690113504,2.2879070249507625,2.1855651182752123,2.2839917475312044,2.1839822474991726,2.2857608383985437,0.014305957798900705,9.338000000000001,2.225 2.252 2.230,1.0,0.06555555555555556,0.694008497355415,1.0,learned
C,44,L_range,11,0.1,from_t0,3,300,2.2357584161336685,2.181289039428763,2.2867873766518283,2.1855651182752123,2.2839917475312044,2.183421259474134,2.285949386240983,0.014305957798900705,9.338000000000001,2.225 2.252 2.230,1.0,0.06555555555555556,0.694008497355415,1.0,learned
C,44,L_range,11,0.3,future,3,300,3.3913471926885137,3.3189937039654978,3.4617407149506105,3.3237492995470417,3.456619662439893,3.3208582326296274,3.460167155179136,0.012827915313270995,14.164499999999997,3.384 3.406 3.384,1.0,0.7133333333333334,0.7789183293770449,1.0,learned
C,44,L_range,11,0.3,from_t0,3,300,3.3913471926885137,3.31954538098597,3.4600647341289212,3.3237492995470417,3.456619662439893,3.321049108223209,3.45914061692585,0.012827915313270995,14.164499999999997,3.384 3.406 3.384,1.0,0.7133333333333334,0.7789183293770449,1.0,learned
C,44,L_range_wide,3,0.1,future,1,300,1.7667631161975828,1.7161973781565287,1.8134182323213617,1.7161973781565287,1.8134182323213617,1.7161973781565287,1.8134182323213617,,7.379166666666666,1.767,1.0,0.016666666666666666,0.5594869526758072,0.9864316905801622,learned
C,44,L_range_wide,3,0.1,from_t0,1,300,1.7667631161975828,1.7161973781565287,1.8134182323213617,1.7161973781565287,1.8134182323213617,1.7161973781565287,1.8134182323213617,,7.379166666666666,1.767,1.0,0.016666666666666666,0.5594869526758072,0.9864316905801622,learned
C,44,L_range_wide,3,0.3,future,1,300,2.9220725626154804,2.849439743755516,2.989391125620005,2.849439743755516,2.989391125620005,2.849439743755516,2.989391125620005,,12.2045,2.922,1.0,0.42,0.6793739446681386,0.9956851422951236,learned
C,44,L_range_wide,3,0.3,from_t0,1,300,2.9220725626154804,2.849439743755516,2.989391125620005,2.849439743755516,2.989391125620005,2.849439743755516,2.989391125620005,,12.2045,2.922,1.0,0.42,0.6793739446681386,0.9956851422951236,learned
C,44,L_range_wide,6,0.1,future,1,300,2.158942628472904,2.107259569884057,2.2089497062400616,2.107259569884057,2.2089497062400616,2.107259569884057,2.2089497062400616,,9.017166666666666,2.159,1.0,0.043333333333333335,0.6723208072373,1.0094910531586052,learned
C,44,L_range_wide,6,0.1,from_t0,1,300,2.158942628472904,2.107259569884057,2.2089497062400616,2.107259569884057,2.2089497062400616,2.107259569884057,2.2089497062400616,,9.017166666666666,2.159,1.0,0.043333333333333335,0.6723208072373,1.0094910531586052,learned
C,44,L_range_wide,6,0.3,future,1,300,3.313972744753853,3.239670928325623,3.3849295827921284,3.239670928325623,3.3849295827921284,3.239670928325623,3.3849295827921284,,13.841333333333331,3.314,1.0,0.67,0.7629581993569131,1.0051114060602635,learned
C,44,L_range_wide,6,0.3,from_t0,1,300,3.313972744753853,3.239670928325623,3.3849295827921284,3.239670928325623,3.3849295827921284,3.239670928325623,3.3849295827921284,,13.841333333333331,3.314,1.0,0.67,0.7629581993569131,1.0051114060602635,learned
C,44,L_range_wide,11,0.1,future,1,300,2.3405072174892565,2.2821132523602277,2.3972182185431716,2.2821132523602277,2.3972182185431716,2.2821132523602277,2.3972182185431716,,9.775500000000001,2.341,1.0,0.1,0.726523887973641,1.0468515742128937,learned
C,44,L_range_wide,11,0.1,from_t0,1,300,2.3405072174892565,2.2821132523602277,2.3972182185431716,2.2821132523602277,2.3972182185431716,2.2821132523602277,2.3972182185431716,,9.775500000000001,2.341,1.0,0.1,0.726523887973641,1.0468515742128937,learned
C,44,L_range_wide,11,0.3,future,1,300,3.4829674776075352,3.4039170488511847,3.5575556074261376,3.4039170488511847,3.5575556074261376,3.4039170488511847,3.5575556074261376,,14.547166666666666,3.483,1.0,0.75,0.7999615063835248,1.027015896548884,learned
C,44,L_range_wide,11,0.3,from_t0,1,300,3.4829674776075352,3.4039170488511847,3.5575556074261376,3.4039170488511847,3.5575556074261376,3.4039170488511847,3.5575556074261376,,14.547166666666666,3.483,1.0,0.75,0.7999615063835248,1.027015896548884,learned
C,44,L0,3,0.1,future,3,300,1.0682515537356978,1.0450671523689945,1.0919946153762978,1.0458120327341895,1.0916221751937,1.0452487169580107,1.0919038330817894,0.0028531810815622797,4.461722222222222,1.066 1.072 1.067,0.6577777777777778,0.0,0.3382868937048504,0.596433770014556,learned
C,44,L0,3,0.1,from_t0,3,300,1.0682515537356978,1.0458097049830484,1.0916245029448413,1.0458120327341895,1.0916221751937,1.0457165949373992,1.0918107230361402,0.0028531810815622797,4.461722222222222,1.066 1.072 1.067,0.6577777777777778,0.0,0.3382868937048504,0.596433770014556,learned
C,44,L0,3,0.3,future,3,300,2.1303578444585347,2.0769126782557725,2.1812890394287625,2.078588659077462,2.181756917408151,2.0778344677077016,2.180639596860358,0.0061979406694725216,8.897777777777778,2.131 2.136 2.124,1.0,0.05333333333333334,0.4953024202277352,0.7259113550556808,learned
C,44,L0,3,0.3,from_t0,3,300,2.1303578444585347,2.077839123209984,2.180551142316991,2.078588659077462,2.181756917408151,2.0786631471139816,2.1819408097483084,0.0061979406694725216,8.897777777777778,2.131 2.136 2.124,1.0,0.05333333333333334,0.4953024202277352,0.7259113550556808,learned
C,44,L0,6,0.1,future,3,300,1.0631305012249803,1.0398529898126274,1.0874392063929004,1.0402231022440838,1.0875253331851262,1.0402231022440838,1.087248330799319,0.0026646396777208585,4.440333333333333,1.060 1.065 1.065,0.6233333333333333,0.0,0.33107167710508006,0.4971047934172146,learned
C,44,L0,6,0.1,from_t0,3,300,1.0631305012249803,1.0396644419701873,1.0875323164385498,1.0402231022440838,1.0875253331851262,1.0403162122897331,1.0873484240983922,0.0026646396777208585,4.440333333333333,1.060 1.065 1.065,0.6233333333333333,0.0,0.33107167710508006,0.4971047934172146,learned
C,44,L0,6,0.3,future,3,300,2.1087563138678713,2.060143559034313,2.1584025902081376,2.0600574322420875,2.1580254945232573,2.060522982470335,2.158665626087097,0.004726653309515325,8.807555555555556,2.114 2.105 2.108,1.0,0.035555555555555556,0.48548767416934624,0.6395752732201858,learned
C,44,L0,6,0.3,from_t0,3,300,2.1087563138678713,2.0600527767398056,2.1575459777881627,2.0600574322420875,2.1580254945232573,2.0591263317855937,2.157557616543869,0.004726653309515325,8.807555555555556,2.114 2.105 2.108,1.0,0.035555555555555556,0.48548767416934624,0.6395752732201858,learned
C,44,L0,11,0.1,future,3,300,1.0479535637841262,1.0248622724630723,1.0715127330845684,1.025879499711792,1.0699298623085285,1.025700262873917,1.0701137546486859,0.008126218907743227,4.376944444444444,1.040 1.056 1.047,0.6577777777777778,0.0,0.3252984190294518,0.4687239713476595,learned
C,44,L0,11,0.1,from_t0,3,300,1.0479535637841262,1.024673724620632,1.07262772588122,1.025879499711792,1.0699298623085285,1.0256048250771264,1.0703930847856342,0.008126218907743227,4.376944444444444,1.040 1.056 1.047,0.6577777777777778,0.0,0.3252984190294518,0.4687239713476595,learned
C,44,L0,11,0.3,future,3,300,2.12002262939145,2.0703018650146645,2.170397491838923,2.070392647309173,2.1694663913824286,2.0700178793754334,2.170218255001047,0.005069155797652825,8.854611111111112,2.124 2.122 2.114,1.0,0.04,0.48692286306965216,0.6251269802048158,learned
C,44,L0,11,0.3,from_t0,3,300,2.12002262939145,2.070394975060314,2.170402147341205,2.070392647309173,2.1694663913824286,2.0699201138275014,2.170302054042132,0.005069155797652825,8.854611111111112,2.124 2.122 2.114,1.0,0.04,0.48692286306965216,0.6251269802048158,learned
C,44,P1,3,0.1,future,1,300,0.08379904108447032,0.08379904108447032,0.08379904108447032,0.08379904108447032,0.08379904108447032,0.08379904108447032,0.08379904108447032,,0.35,0.084,0.0,0.0,0.02653693056169836,0.046787273861509666,reference
C,44,P1,3,0.1,from_t0,1,300,0.08379904108447032,0.08379904108447032,0.08379904108447032,0.08379904108447032,0.08379904108447032,0.08379904108447032,0.08379904108447032,,0.35,0.084,0.0,0.0,0.02653693056169836,0.046787273861509666,reference
C,44,P1,3,0.3,future,1,300,0.17234669449706064,0.170391383538423,0.17458831884607018,0.170391383538423,0.17458831884607018,0.170391383538423,0.17458831884607018,,0.7198333333333332,0.172,0.0,0.0,0.040070138979088184,0.05872648243916368,reference
C,44,P1,3,0.3,from_t0,1,300,0.17234669449706064,0.170391383538423,0.17458831884607018,0.170391383538423,0.17458831884607018,0.170391383538423,0.17458831884607018,,0.7198333333333332,0.172,0.0,0.0,0.040070138979088184,0.05872648243916368,reference
C,44,P1,6,0.1,future,1,300,0.08379904108447032,0.08379904108447032,0.08379904108447032,0.08379904108447032,0.08379904108447032,0.08379904108447032,0.08379904108447032,,0.35,0.084,0.0,0.0,0.02609603340292276,0.03918324698506683,reference
C,44,P1,6,0.1,from_t0,1,300,0.08379904108447032,0.08379904108447032,0.08379904108447032,0.08379904108447032,0.08379904108447032,0.08379904108447032,0.08379904108447032,,0.35,0.084,0.0,0.0,0.02609603340292276,0.03918324698506683,reference
C,44,P1,6,0.3,future,1,300,0.16927406299063003,0.1681567424428371,0.17067071367537123,0.1681567424428371,0.17067071367537123,0.1681567424428371,0.17067071367537123,,0.7069999999999997,0.169,0.0,0.0,0.038971061093247585,0.05133997910253874,reference
C,44,P1,6,0.3,from_t0,1,300,0.16927406299063003,0.1681567424428371,0.17067071367537123,0.1681567424428371,0.17067071367537123,0.1681567424428371,0.17067071367537123,,0.7069999999999997,0.169,0.0,0.0,0.038971061093247585,0.05133997910253874,reference
C,44,P1,11,0.1,future,1,300,0.08379904108447032,0.08379904108447032,0.08379904108447032,0.08379904108447032,0.08379904108447032,0.08379904108447032,0.08379904108447032,,0.35,0.084,0.0,0.0,0.02601231249458077,0.03748125937031484,reference
C,44,P1,11,0.1,from_t0,1,300,0.08379904108447032,0.08379904108447032,0.08379904108447032,0.08379904108447032,0.08379904108447032,0.08379904108447032,0.08379904108447032,,0.35,0.084,0.0,0.0,0.02601231249458077,0.03748125937031484,reference
C,44,P1,11,0.3,future,1,300,0.1689947328536818,0.16787741230588887,0.170391383538423,0.16787741230588887,0.170391383538423,0.16787741230588887,0.170391383538423,,0.7058333333333332,0.169,0.0,0.0,0.038814396612561745,0.049831150646569476,reference
C,44,P1,11,0.3,from_t0,1,300,0.1689947328536818,0.16787741230588887,0.170391383538423,0.16787741230588887,0.170391383538423,0.16787741230588887,0.170391383538423,,0.7058333333333332,0.169,0.0,0.0,0.038814396612561745,0.049831150646569476,reference
C,44,persistence,3,0.1,future,1,300,0.08379904108447032,0.08379904108447032,0.08379904108447032,0.08379904108447032,0.08379904108447032,0.08379904108447032,0.08379904108447032,,0.35,0.084,0.0,0.0,0.02653693056169836,0.046787273861509666,reference
C,44,persistence,3,0.1,from_t0,1,300,0.08379904108447032,0.08379904108447032,0.08379904108447032,0.08379904108447032,0.08379904108447032,0.08379904108447032,0.08379904108447032,,0.35,0.084,0.0,0.0,0.02653693056169836,0.046787273861509666,reference
C,44,persistence,3,0.3,future,1,300,0.0949722465623997,0.09189961505596912,0.09804487806883029,0.09189961505596912,0.09804487806883029,0.09189961505596912,0.09804487806883029,,0.39666666666666667,0.095,0.0,0.0,0.02208078971294973,0.03236143278657318,reference
C,44,persistence,3,0.3,from_t0,1,300,0.0949722465623997,0.09189961505596912,0.09804487806883029,0.09189961505596912,0.09804487806883029,0.09189961505596912,0.09804487806883029,,0.39666666666666667,0.095,0.0,0.0,0.02208078971294973,0.03236143278657318,reference
C,44,persistence,6,0.1,future,1,300,0.08379904108447032,0.08379904108447032,0.08379904108447032,0.08379904108447032,0.08379904108447032,0.08379904108447032,0.08379904108447032,,0.35,0.084,0.0,0.0,0.02609603340292276,0.03918324698506683,reference
C,44,persistence,6,0.1,from_t0,1,300,0.08379904108447032,0.08379904108447032,0.08379904108447032,0.08379904108447032,0.08379904108447032,0.08379904108447032,0.08379904108447032,,0.35,0.084,0.0,0.0,0.02609603340292276,0.03918324698506683,reference
C,44,persistence,6,0.3,future,1,300,0.09162028491902088,0.08910631368648678,0.09441358628850323,0.08910631368648678,0.09441358628850323,0.08910631368648678,0.09441358628850323,,0.3826666666666666,0.092,0.0,0.0,0.021093247588424437,0.027787975487842755,reference
C,44,persistence,6,0.3,from_t0,1,300,0.09162028491902088,0.08910631368648678,0.09441358628850323,0.08910631368648678,0.09441358628850323,0.08910631368648678,0.09441358628850323,,0.3826666666666666,0.092,0.0,0.0,0.021093247588424437,0.027787975487842755,reference
C,44,persistence,11,0.1,future,1,300,0.08379904108447032,0.08379904108447032,0.08379904108447032,0.08379904108447032,0.08379904108447032,0.08379904108447032,0.08379904108447032,,0.35,0.084,0.0,0.0,0.02601231249458077,0.03748125937031484,reference
C,44,persistence,11,0.1,from_t0,1,300,0.08379904108447032,0.08379904108447032,0.08379904108447032,0.08379904108447032,0.08379904108447032,0.08379904108447032,0.08379904108447032,,0.35,0.084,0.0,0.0,0.02601231249458077,0.03748125937031484,reference
C,44,persistence,11,0.3,future,1,300,0.09217894519291735,0.08938564382343502,0.09525157669934792,0.08938564382343502,0.09525157669934792,0.08938564382343502,0.09525157669934792,,0.3849999999999999,0.092,0.0,0.0,0.021171489061397316,0.02718062762540153,reference
C,44,persistence,11,0.3,from_t0,1,300,0.09217894519291735,0.08938564382343502,0.09525157669934792,0.08938564382343502,0.09525157669934792,0.08938564382343502,0.09525157669934792,,0.3849999999999999,0.092,0.0,0.0,0.021171489061397316,0.02718062762540153,reference
C,50,O,3,0.1,future,1,300,3.2174528431302756,3.151756853413168,3.2848077391203896,3.151756853413168,3.2848077391203896,3.151756853413168,3.2848077391203896,,11.370333333333333,3.217,1.0,0.6066666666666667,1.0,2.6635692812243783,reference
C,50,O,3,0.1,from_t0,1,300,3.2174528431302756,3.151756853413168,3.2848077391203896,3.151756853413168,3.2848077391203896,3.151756853413168,3.2848077391203896,,11.370333333333333,3.217,1.0,0.6066666666666667,1.0,2.6635692812243783,reference
C,50,O,3,0.3,future,1,300,4.340557149751371,4.252742409727499,4.424748706422752,4.252742409727499,4.424748706422752,4.252742409727499,4.424748706422752,,15.339333333333332,4.341,1.0,0.9733333333333334,1.0,1.9018322082931536,reference
C,50,O,3,0.3,from_t0,1,300,4.340557149751371,4.252742409727499,4.424748706422752,4.252742409727499,4.424748706422752,4.252742409727499,4.424748706422752,,15.339333333333332,4.341,1.0,0.9733333333333334,1.0,1.9018322082931536,reference
C,50,O,6,0.1,future,1,300,3.2052380108713154,3.1378913681462413,3.2742353066043575,3.1378913681462413,3.2742353066043575,3.1378913681462413,3.2742353066043575,,11.327166666666665,3.205,1.0,0.6266666666666667,1.0,2.0132015482444015,reference
C,50,O,6,0.1,from_t0,1,300,3.2052380108713154,3.1378913681462413,3.2742353066043575,3.1378913681462413,3.2742353066043575,3.1378913681462413,3.2742353066043575,,11.327166666666665,3.205,1.0,0.6266666666666667,1.0,2.0132015482444015,reference
C,50,O,6,0.3,future,1,300,4.306223567185646,4.224342924725419,4.389746609388802,4.224342924725419,4.389746609388802,4.224342924725419,4.389746609388802,,15.217999999999998,4.306,1.0,0.9733333333333334,1.0,1.6225898743624827,reference
C,50,O,6,0.3,from_t0,1,300,4.306223567185646,4.224342924725419,4.389746609388802,4.224342924725419,4.389746609388802,4.224342924725419,4.389746609388802,,15.217999999999998,4.306,1.0,0.9733333333333334,1.0,1.6225898743624827,reference
C,50,O,11,0.1,future,1,300,3.093323736931118,3.0289482696203853,3.1580375881084843,3.0289482696203853,3.1580375881084843,3.0289482696203853,3.1580375881084843,,10.931666666666665,3.093,1.0,0.5233333333333333,1.0,1.7951337888754069,reference
C,50,O,11,0.1,from_t0,1,300,3.093323736931118,3.0289482696203853,3.1580375881084843,3.0289482696203853,3.1580375881084843,3.0289482696203853,3.1580375881084843,,10.931666666666665,3.093,1.0,0.5233333333333333,1.0,1.7951337888754069,reference
C,50,O,11,0.3,future,1,300,4.227652484006392,4.1503854167034335,4.305571559247499,4.1503854167034335,4.305571559247499,4.1503854167034335,4.305571559247499,,14.94033333333333,4.228,1.0,0.97,1.0,1.5028164606477856,reference
C,50,O,11,0.3,from_t0,1,300,4.227652484006392,4.1503854167034335,4.305571559247499,4.1503854167034335,4.305571559247499,4.1503854167034335,4.305571559247499,,14.94033333333333,4.228,1.0,0.97,1.0,1.5028164606477856,reference
C,50,H,3,0.1,future,3,300,2.8305397780626906,2.7634104713169982,2.895360921685575,2.7701231268827327,2.8876688786684457,2.7703349606854224,2.8904062115733256,0.02853482093170552,10.003,2.799 2.837 2.855,1.0,0.3211111111111111,0.8797455366304124,2.3432631866630227,hybrid (learned correction)
C,50,H,3,0.1,from_t0,3,300,2.8305397780626906,2.766486188088511,2.8967859854491196,2.7701231268827327,2.8876688786684457,2.7706705934637084,2.888428179052111,0.02853482093170552,10.003,2.799 2.837 2.855,1.0,0.3211111111111111,0.8797455366304124,2.3432631866630227,hybrid (learned correction)
C,50,H,3,0.3,future,3,300,3.9316353779108857,3.846668014325758,4.015163922290735,3.860316163613303,3.999427696948112,3.8574550317328256,4.0004153376645455,0.049994171429157346,13.894222222222222,3.874 3.954 3.967,1.0,0.9133333333333333,0.905790487780144,1.722661523625844,hybrid (learned correction)
C,50,H,3,0.3,from_t0,3,300,3.9316353779108857,3.8446872307161963,4.016930121009261,3.860316163613303,3.999427696948112,3.856461888839698,4.0019586982269955,0.049994171429157346,13.894222222222222,3.874 3.954 3.967,1.0,0.9133333333333333,0.905790487780144,1.722661523625844,hybrid (learned correction)
C,50,H,6,0.1,future,3,300,2.751748607815708,2.6821955922366496,2.8200856423455627,2.696718587618417,2.8060083232759463,2.694517716941127,2.8094224239140924,0.045270443987595894,9.724555555555556,2.699 2.778 2.777,1.0,0.30666666666666664,0.8585161533971918,1.7283660492120545,hybrid (learned correction)
C,50,H,6,0.1,from_t0,3,300,2.751748607815708,2.681320746142427,2.822292015199546,2.696718587618417,2.8060083232759463,2.6952852705898325,2.8067731258363047,0.045270443987595894,9.724555555555556,2.699 2.778 2.777,1.0,0.30666666666666664,0.8585161533971918,1.7283660492120545,hybrid (learned correction)
C,50,H,6,0.3,future,3,300,3.8733123049627003,3.7898993062934085,3.957308534361474,3.804180205900674,3.9389147576760224,3.8003259311270705,3.9425599497352835,0.050553477262874555,13.68811111111111,3.822 3.923 3.876,1.0,0.9011111111111111,0.8994684657058163,1.4594684247626155,hybrid (learned correction)
C,50,H,6,0.3,from_t0,3,300,3.8733123049627003,3.7886888274208994,3.962901496970137,3.804180205900674,3.9389147576760224,3.8007908650576474,3.9417593830264197,0.050553477262874555,13.68811111111111,3.822 3.923 3.876,1.0,0.9011111111111111,0.8994684657058163,1.4594684247626155,hybrid (learned correction)
C,50,H,11,0.1,future,3,300,2.655240428616541,2.5908594591291143,2.7159927125747845,2.602738658609787,2.7077339453582536,2.5980177910070004,2.7100586150111416,0.03589325893502072,9.383500000000002,2.614 2.670 2.681,1.0,0.21888888888888888,0.8583778014941303,1.5409029950827002,hybrid (learned correction)
C,50,H,11,0.1,from_t0,3,300,2.655240428616541,2.587547148759793,2.7159872103980915,2.602738658609787,2.7077339453582536,2.6003259541298083,2.708515254448692,0.03589325893502072,9.383500000000002,2.614 2.670 2.681,1.0,0.21888888888888888,0.8583778014941303,1.5409029950827002,hybrid (learned correction)
C,50,H,11,0.3,future,3,300,3.802554312687826,3.7105441629353706,3.889499708794168,3.729479904025104,3.8705639677044337,3.728272176240942,3.8712242289076215,0.05801882916513192,13.438055555555554,3.736 3.840 3.831,1.0,0.8877777777777778,0.8994481753344787,1.3517055233922701,hybrid (learned correction)
C,50,H,11,0.3,from_t0,3,300,3.802554312687826,3.711319969849115,3.887293335940185,3.729479904025104,3.8705639677044337,3.7291965419254036,3.8751830450383964,0.05801882916513192,13.438055555555554,3.736 3.840 3.831,1.0,0.8877777777777778,0.8994481753344787,1.3517055233922701,hybrid (learned correction)
C,50,P1x,3,0.1,future,1,300,3.2016065742537867,3.13490368620182,3.2696134781820483,3.13490368620182,3.2696134781820483,3.13490368620182,3.2696134781820483,,11.31433333333333,3.202,1.0,0.6,0.9950749025241122,2.6504509428805676,reference
C,50,P1x,3,0.1,from_t0,1,300,3.2016065742537867,3.13490368620182,3.2696134781820483,3.13490368620182,3.2696134781820483,3.13490368620182,3.2696134781820483,,11.31433333333333,3.202,1.0,0.6,0.9950749025241122,2.6504509428805676,reference
C,50,P1x,3,0.3,future,1,300,4.329662839898785,4.243160369016248,4.4145146577733545,4.243160369016248,4.4145146577733545,4.243160369016248,4.4145146577733545,,15.300833333333332,4.330,1.0,0.9733333333333334,0.9974901125646486,1.897058823529412,reference
C,50,P1x,3,0.3,from_t0,1,300,4.329662839898785,4.243160369016248,4.4145146577733545,4.243160369016248,4.4145146577733545,4.243160369016248,4.4145146577733545,,15.300833333333332,4.330,1.0,0.9733333333333334,0.9974901125646486,1.897058823529412,reference
C,50,P1x,6,0.1,future,1,300,3.18675069718208,3.1217067154031195,3.2521413160927124,3.1217067154031195,3.2521413160927124,3.1217067154031195,3.2521413160927124,,11.261833333333334,3.187,1.0,0.6133333333333333,0.9942321557317955,2.0015897152336195,reference
C,50,P1x,6,0.1,from_t0,1,300,3.18675069718208,3.1217067154031195,3.2521413160927124,3.1217067154031195,3.2521413160927124,3.1217067154031195,3.2521413160927124,,11.261833333333334,3.187,1.0,0.6133333333333333,0.9942321557317955,2.0015897152336195,reference
C,50,P1x,6,0.3,future,1,300,4.287406122894817,4.207828141380702,4.366662227072376,4.207828141380702,4.366662227072376,4.207828141380702,4.366662227072376,,15.151499999999999,4.287,1.0,0.9766666666666667,0.9956301747930083,1.615499440228884,reference
C,50,P1x,6,0.3,from_t0,1,300,4.287406122894817,4.207828141380702,4.366662227072376,4.207828141380702,4.366662227072376,4.207828141380702,4.366662227072376,,15.151499999999999,4.287,1.0,0.9766666666666667,0.9956301747930083,1.615499440228884,reference
C,50,P1x,11,0.1,future,1,300,3.0890320391104025,3.022997665526662,3.1543978982259158,3.022997665526662,3.1543978982259158,3.022997665526662,3.1543978982259158,,10.916499999999997,3.089,1.0,0.51,0.9986125933831376,1.792643208378568,reference
C,50,P1x,11,0.1,from_t0,1,300,3.0890320391104025,3.022997665526662,3.1543978982259158,3.022997665526662,3.1543978982259158,3.022997665526662,3.1543978982259158,,10.916499999999997,3.089,1.0,0.51,0.9986125933831376,1.792643208378568,reference
C,50,P1x,11,0.3,future,1,300,4.230953790022327,4.153034714781222,4.30754408959202,4.153034714781222,4.30754408959202,4.153034714781222,4.30754408959202,,14.951999999999996,4.231,1.0,0.9666666666666667,1.0007808839606434,1.5039899859176962,reference
C,50,P1x,11,0.3,from_t0,1,300,4.230953790022327,4.153034714781222,4.30754408959202,4.153034714781222,4.30754408959202,4.153034714781222,4.30754408959202,,14.951999999999996,4.231,1.0,0.9666666666666667,1.0007808839606434,1.5039899859176962,reference
C,50,L_range,3,0.1,future,3,300,1.2079478712306257,1.179003670735915,1.2356870950295196,1.1804342366761538,1.2357943874750377,1.1799940625406957,1.2351313751835038,0.006676478231101481,4.268833333333333,1.200 1.213 1.211,0.77,0.0,0.3754360763390109,1.0,learned
C,50,L_range,3,0.1,from_t0,3,300,1.2079478712306257,1.1792265088919907,1.2368948228136822,1.1804342366761538,1.2357943874750377,1.1798812679184847,1.2363391029676665,0.006676478231101481,4.268833333333333,1.200 1.213 1.211,0.77,0.0,0.3754360763390109,1.0,learned
C,50,L_range,3,0.3,future,3,300,2.282302892349747,2.231017103392196,2.3338060172866806,2.2322303333530527,2.33314850717184,2.2317929103059413,2.3333685942395688,0.006318645669899774,8.065555555555555,2.283 2.288 2.276,1.0,0.07222222222222222,0.5258087415069465,1.0,learned
C,50,L_range,3,0.3,from_t0,3,300,2.282302892349747,2.2305769292567383,2.3342461914221384,2.2322303333530527,2.33314850717184,2.2316773645953836,2.333927065173931,0.006318645669899774,8.065555555555555,2.283 2.288 2.276,1.0,0.07222222222222222,0.5258087415069465,1.0,learned
C,50,L_range,6,0.1,future,3,300,1.5921098479515978,1.5364113132860808,1.6457038000319566,1.5585383168578855,1.6271064428088557,1.5590885345272079,1.6273265298765849,0.04625756878965841,5.626444444444443,1.630 1.606 1.540,0.9833333333333333,0.0011111111111111111,0.49672125519277643,1.0,learned
C,50,L_range,6,0.1,from_t0,3,300,1.5921098479515978,1.537071574489268,1.6435001782663199,1.5585383168578855,1.6271064428088557,1.5583264830551962,1.6275438658559673,0.04625756878965841,5.626444444444443,1.630 1.606 1.540,0.9833333333333333,0.0011111111111111111,0.49672125519277643,1.0,learned
C,50,L_range,6,0.3,future,3,300,2.6539199062101666,2.5789720063834016,2.7284331340781667,2.602083899583293,2.708501499006959,2.601751017893353,2.7098275235900267,0.05616878960786387,9.378833333333333,2.709 2.657 2.596,1.0,0.19777777777777777,0.6162986813860779,1.0,learned
C,50,L_range,6,0.3,from_t0,3,300,2.6539199062101666,2.5768839303283224,2.7294125215295604,2.602083899583293,2.708501499006959,2.6007661282652665,2.709610187610644,0.05616878960786387,9.378833333333333,2.709 2.657 2.596,1.0,0.19777777777777777,0.6162986813860779,1.0,learned
C,50,L_range,11,0.1,future,3,300,1.7231716967842186,1.6542844445850409,1.7883257220970428,1.6896029167788527,1.7587212603991453,1.6885024814402074,1.7597061500272329,0.06274768760377758,6.089611111111111,1.778 1.737 1.655,0.9933333333333333,0.0011111111111111111,0.5570615439345429,1.0,learned
C,50,L_range,11,0.1,from_t0,3,300,1.7231716967842186,1.6549281992581482,1.7873353302922625,1.6896029167788527,1.7587212603991453,1.6879577659475784,1.7608093364542245,0.06274768760377758,6.089611111111111,1.778 1.737 1.655,0.9933333333333333,0.0011111111111111111,0.5570615439345429,1.0,learned
C,50,L_range,11,0.3,future,3,300,2.8131528997120996,2.7341416423973874,2.888098048450518,2.76011191638941,2.8660865905892705,2.7587776385413028,2.8673025716384735,0.05862708045841464,9.941555555555556,2.869 2.819 2.752,1.0,0.31444444444444447,0.6654172523296373,1.0,learned
C,50,L_range,11,0.3,from_t0,3,300,2.8131528997120996,2.735453911538722,2.8889838988981267,2.76011191638941,2.8660865905892705,2.7574708715766616,2.8690550149152654,0.05862708045841464,9.941555555555556,2.869 2.819 2.752,1.0,0.31444444444444447,0.6654172523296373,1.0,learned
C,50,L_range_wide,3,0.1,future,1,300,1.23666923356926,1.208278001832219,1.266711118314269,1.208278001832219,1.266711118314269,1.208278001832219,1.266711118314269,,4.370333333333332,1.237,0.8066666666666666,0.0,0.3843628155140569,1.0237769882481549,learned
C,50,L_range_wide,3,0.1,from_t0,1,300,1.23666923356926,1.208278001832219,1.266711118314269,1.208278001832219,1.266711118314269,1.208278001832219,1.266711118314269,,4.370333333333332,1.237,0.8066666666666666,0.0,0.3843628155140569,1.0237769882481549,learned
C,50,L_range_wide,3,0.3,future,1,300,2.3082731663417695,2.2571029230947763,2.360442054658583,2.2571029230947763,2.360442054658583,2.2571029230947763,2.360442054658583,,8.157333333333334,2.308,1.0,0.08333333333333333,0.5317919075144508,1.0113789778206366,learned
C,50,L_range_wide,3,0.3,from_t0,1,300,2.3082731663417695,2.2571029230947763,2.360442054658583,2.2571029230947763,2.360442054658583,2.2571029230947763,2.360442054658583,,8.157333333333334,2.308,1.0,0.08333333333333333,0.5317919075144508,1.0113789778206366,learned
C,50,L_range_wide,6,0.1,future,1,300,1.763887804314084,1.7203105649037416,1.8107746030054008,1.7203105649037416,1.8107746030054008,1.7203105649037416,1.8107746030054008,,6.2335,1.764,1.0,0.013333333333333334,0.5503141415181791,1.1078932817251868,learned
C,50,L_range_wide,6,0.1,from_t0,1,300,1.763887804314084,1.7203105649037416,1.8107746030054008,1.7203105649037416,1.8107746030054008,1.7203105649037416,1.8107746030054008,,6.2335,1.764,1.0,0.013333333333333334,0.5503141415181791,1.1078932817251868,learned
C,50,L_range_wide,6,0.3,future,1,300,2.8335109534770315,2.7747394531283485,2.897226159584578,2.7747394531283485,2.897226159584578,2.7747394531283485,2.897226159584578,,10.013499999999999,2.834,1.0,0.33,0.6580036798528058,1.0676701082224156,learned
C,50,L_range_wide,6,0.3,from_t0,1,300,2.8335109534770315,2.7747394531283485,2.897226159584578,2.7747394531283485,2.897226159584578,2.7747394531283485,2.897226159584578,,10.013499999999999,2.834,1.0,0.33,0.6580036798528058,1.0676701082224156,learned
C,50,L_range_wide,11,0.1,future,1,300,2.1052428463617656,2.049434268162384,2.161695179234254,2.049434268162384,2.161695179234254,2.049434268162384,2.161695179234254,,7.4398333333333335,2.105,1.0,0.043333333333333335,0.6805763073639275,1.2217255252570407,learned
C,50,L_range_wide,11,0.1,from_t0,1,300,2.1052428463617656,2.049434268162384,2.161695179234254,2.049434268162384,2.161695179234254,2.049434268162384,2.161695179234254,,7.4398333333333335,2.105,1.0,0.043333333333333335,0.6805763073639275,1.2217255252570407,learned
C,50,L_range_wide,11,0.3,future,1,300,3.1847699135725187,3.114121964831509,3.254097339907154,3.114121964831509,3.254097339907154,3.114121964831509,3.254097339907154,,11.254833333333334,3.185,1.0,0.6,0.7533187568327349,1.1320998278829604,learned
C,50,L_range_wide,11,0.3,from_t0,1,300,3.1847699135725187,3.114121964831509,3.254097339907154,3.114121964831509,3.254097339907154,3.114121964831509,3.254097339907154,,11.254833333333334,3.185,1.0,0.6,0.7533187568327349,1.1320998278829604,learned
C,50,L0,3,0.1,future,3,300,0.5667241994021793,0.550104874700293,0.5833435241040655,0.550104874700293,0.5831234370363365,0.5499975822547751,0.5830133935024719,0.002122442818189485,2.0027777777777778,0.565 0.569 0.566,0.0033333333333333335,0.0,0.17614063889458922,0.4691627949348638,learned
C,50,L0,3,0.1,from_t0,3,300,0.5667241994021793,0.5501076257886396,0.5830106424141253,0.550104874700293,0.5831234370363365,0.5503277128563687,0.5831206859479899,0.002122442818189485,2.0027777777777778,0.565 0.569 0.566,0.0033333333333333335,0.0,0.17614063889458922,0.4691627949348638,learned
C,50,L0,3,0.3,future,3,300,1.5757133614057872,1.539613580121538,1.6122505657371484,1.5390661135405619,1.6122588190021878,1.5392834495199443,1.611703099156172,0.00572755187201778,5.568499999999999,1.572 1.582 1.573,0.9866666666666667,0.0,0.36302099178582287,0.6904050144648023,learned
C,50,L0,3,0.3,from_t0,3,300,1.5757133614057872,1.5395090387643666,1.6114775099117502,1.5390661135405619,1.6122588190021878,1.5390688646289088,1.6123606092710128,0.00572755187201778,5.568499999999999,1.572 1.582 1.573,0.9866666666666667,0.0,0.36302099178582287,0.6904050144648023,learned
C,50,L0,6,0.1,future,3,300,0.5644132851910247,0.5484542216923256,0.5810298588045645,0.5483469292468077,0.5807024792913176,0.5482368857129432,0.580592435757453,0.001694098670342744,1.994611111111111,0.563 0.566 0.565,0.0,0.0,0.17609091221203696,0.3545064970970418,learned
C,50,L0,6,0.1,from_t0,3,300,0.5644132851910247,0.5483469292468077,0.5805951868457996,0.5483469292468077,0.5807024792913176,0.548344178158461,0.5805979379341462,0.001694098670342744,1.994611111111111,0.563 0.566 0.565,0.0,0.0,0.17609091221203696,0.3545064970970418,learned
C,50,L0,6,0.3,future,3,300,1.5598670925292992,1.523992900489472,1.5956394943003018,1.523552726354014,1.5953038615220152,1.523772813421743,1.5955211975013974,0.002934264970068467,5.512499999999999,1.559 1.563 1.558,0.9833333333333333,0.0,0.3622355105795768,0.5877596716009453,learned
C,50,L0,6,0.3,from_t0,3,300,1.5598670925292992,1.5227796705286158,1.5950837744542863,1.523552726354014,1.5953038615220152,1.523990149401125,1.595851328102991,0.002934264970068467,5.512499999999999,1.559 1.563 1.558,0.9833333333333333,0.0,0.3622355105795768,0.5877596716009453,learned
C,50,L0,11,0.1,future,3,300,0.5534089318045747,0.5384430111990026,0.5682648088762823,0.5384430111990025,0.5682648088762823,0.5384402601106559,0.5683748524101467,0.0013342069418841066,1.9557222222222224,0.553 0.555 0.553,0.0044444444444444444,0.0,0.17890430451796516,0.3211571620154544,learned
C,50,L0,11,0.1,from_t0,3,300,0.5534089318045747,0.5382229241312736,0.5686004416545689,0.5384430111990025,0.5682648088762823,0.5385503036445205,0.5684848959440113,0.0013342069418841066,1.9557222222222224,0.553 0.555 0.553,0.0044444444444444444,0.0,0.17890430451796516,0.3211571620154544,learned
C,50,L0,11,0.3,future,3,300,1.5351072974097866,1.5018713990943604,1.570213935800909,1.5018713990943604,1.5702166868892555,1.501761355560496,1.570112145532084,0.002620330415965653,5.425,1.533 1.538 1.534,0.9744444444444444,0.0033333333333333335,0.36311104169920355,0.5456892505085276,learned
C,50,L0,11,0.3,from_t0,3,300,1.5351072974097866,1.5015302641393806,1.5704422761336778,1.5018713990943604,1.5702166868892555,1.5012001335377874,1.570981489449614,0.002620330415965653,5.425,1.533 1.538 1.534,0.9744444444444444,0.0033333333333333335,0.36311104169920355,0.5456892505085276,learned
C,50,P1,3,0.1,future,1,300,0.09936931107964424,0.09903918047805073,0.10002957228283126,0.09903918047805073,0.10002957228283126,0.09903918047805073,0.10002957228283126,,0.3511666666666666,0.099,0.0,0.0,0.030884465421711464,0.08226291336430717,reference
C,50,P1,3,0.1,from_t0,1,300,0.09936931107964424,0.09903918047805073,0.10002957228283126,0.09903918047805073,0.10002957228283126,0.09903918047805073,0.10002957228283126,,0.3511666666666666,0.099,0.0,0.0,0.030884465421711464,0.08226291336430717,reference
C,50,P1,3,0.3,future,1,300,0.20864254020709358,0.20534123419115852,0.2122739768246221,0.20534123419115852,0.2122739768246221,0.20534123419115852,0.2122739768246221,,0.7373333333333333,0.209,0.0,0.0,0.04806814724672954,0.0914175506268081,reference
C,50,P1,3,0.3,from_t0,1,300,0.20864254020709358,0.20534123419115852,0.2122739768246221,0.20534123419115852,0.2122739768246221,0.20534123419115852,0.2122739768246221,,0.7373333333333333,0.209,0.0,0.0,0.04806814724672954,0.0914175506268081,reference
C,50,P1,6,0.1,future,1,300,0.09903918047805073,0.09903918047805073,0.09903918047805073,0.09903918047805073,0.09903918047805073,0.09903918047805073,0.09903918047805073,,0.3499999999999999,0.099,0.0,0.0,0.030899165722525487,0.06220624827204865,reference
C,50,P1,6,0.1,from_t0,1,300,0.09903918047805073,0.09903918047805073,0.09903918047805073,0.09903918047805073,0.09903918047805073,0.09903918047805073,0.09903918047805073,,0.3499999999999999,0.099,0.0,0.0,0.030899165722525487,0.06220624827204865,reference
C,50,P1,6,0.3,future,1,300,0.199729013964069,0.19840849155769497,0.201049536370443,0.19840849155769497,0.201049536370443,0.19840849155769497,0.201049536370443,,0.7058333333333333,0.200,0.0,0.0,0.04638147807421037,0.07525811668117925,reference
C,50,P1,6,0.3,from_t0,1,300,0.199729013964069,0.19840849155769497,0.201049536370443,0.19840849155769497,0.201049536370443,0.19840849155769497,0.201049536370443,,0.7058333333333333,0.200,0.0,0.0,0.04638147807421037,0.07525811668117925,reference
C,50,P1,11,0.1,future,1,300,0.09903918047805073,0.09903918047805073,0.09903918047805073,0.09903918047805073,0.09903918047805073,0.09903918047805073,0.09903918047805073,,0.3499999999999999,0.099,0.0,0.0,0.032017075773746,0.05747493454243565,reference
C,50,P1,11,0.1,from_t0,1,300,0.09903918047805073,0.09903918047805073,0.09903918047805073,0.09903918047805073,0.09903918047805073,0.09903918047805073,0.09903918047805073,,0.3499999999999999,0.099,0.0,0.0,0.032017075773746,0.05747493454243565,reference
C,50,P1,11,0.3,future,1,300,0.200389275167256,0.19873862215928847,0.20203992817522354,0.19873862215928847,0.20203992817522354,0.19873862215928847,0.20203992817522354,,0.7081666666666665,0.200,0.0,0.0,0.04739965641105732,0.07123298388358627,reference
C,50,P1,11,0.3,from_t0,1,300,0.200389275167256,0.19873862215928847,0.20203992817522354,0.19873862215928847,0.20203992817522354,0.19873862215928847,0.20203992817522354,,0.7081666666666665,0.200,0.0,0.0,0.04739965641105732,0.07123298388358627,reference
C,50,persistence,3,0.1,future,1,300,0.09903918047805073,0.09903918047805073,0.09903918047805073,0.09903918047805073,0.09903918047805073,0.09903918047805073,0.09903918047805073,,0.3499999999999999,0.099,0.0,0.0,0.030781859224297138,0.08198961464881113,reference
C,50,persistence,3,0.1,from_t0,1,300,0.09903918047805073,0.09903918047805073,0.09903918047805073,0.09903918047805073,0.09903918047805073,0.09903918047805073,0.09903918047805073,,0.3499999999999999,0.099,0.0,0.0,0.030781859224297138,0.08198961464881113,reference
C,50,persistence,3,0.3,future,1,300,0.11257453514338432,0.10861296792426231,0.11654435562754617,0.10861296792426231,0.11654435562754617,0.10861296792426231,0.11654435562754617,,0.3978333333333332,0.113,0.0,0.0,0.025935503498630965,0.04932497589199614,reference
C,50,persistence,3,0.3,from_t0,1,300,0.11257453514338432,0.10861296792426231,0.11654435562754617,0.10861296792426231,0.11654435562754617,0.10861296792426231,0.11654435562754617,,0.3978333333333332,0.113,0.0,0.0,0.025935503498630965,0.04932497589199614,reference
C,50,persistence,6,0.1,future,1,300,0.09903918047805073,0.09903918047805073,0.09903918047805073,0.09903918047805073,0.09903918047805073,0.09903918047805073,0.09903918047805073,,0.3499999999999999,0.099,0.0,0.0,0.030899165722525487,0.06220624827204865,reference
C,50,persistence,6,0.1,from_t0,1,300,0.09903918047805073,0.09903918047805073,0.09903918047805073,0.09903918047805073,0.09903918047805073,0.09903918047805073,0.09903918047805073,,0.3499999999999999,0.099,0.0,0.0,0.030899165722525487,0.06220624827204865,reference
C,50,persistence,6,0.3,future,1,300,0.1066321843147013,0.10366100890035979,0.10960335972904282,0.10366100890035979,0.10960335972904282,0.10366100890035979,0.10960335972904282,,0.3768333333333333,0.107,0.0,0.0,0.02476234283961975,0.040179126757059334,reference
C,50,persistence,6,0.3,from_t0,1,300,0.1066321843147013,0.10366100890035979,0.10960335972904282,0.10366100890035979,0.10960335972904282,0.10366100890035979,0.10960335972904282,,0.3768333333333333,0.107,0.0,0.0,0.02476234283961975,0.040179126757059334,reference
C,50,persistence,11,0.1,future,1,300,0.09903918047805073,0.09903918047805073,0.09903918047805073,0.09903918047805073,0.09903918047805073,0.09903918047805073,0.09903918047805073,,0.3499999999999999,0.099,0.0,0.0,0.032017075773746,0.05747493454243565,reference
C,50,persistence,11,0.1,from_t0,1,300,0.09903918047805073,0.09903918047805073,0.09903918047805073,0.09903918047805073,0.09903918047805073,0.09903918047805073,0.09903918047805073,,0.3499999999999999,0.099,0.0,0.0,0.032017075773746,0.05747493454243565,reference
C,50,persistence,11,0.3,future,1,300,0.10399113950195328,0.10168022529079875,0.10663218431470128,0.10168022529079875,0.10663218431470128,0.10168022529079875,0.10663218431470128,,0.36749999999999994,0.104,0.0,0.0,0.024597844760268626,0.036966046002190577,reference
C,50,persistence,11,0.3,from_t0,1,300,0.10399113950195328,0.10168022529079875,0.10663218431470128,0.10168022529079875,0.10663218431470128,0.10168022529079875,0.10663218431470128,,0.36749999999999994,0.104,0.0,0.0,0.024597844760268626,0.036966046002190577,reference
C,56,O,3,0.1,future,1,300,3.1248056325182625,3.061597261424482,3.188370132833749,3.061597261424482,3.188370132833749,3.061597261424482,3.188370132833749,,9.980833333333333,3.125,1.0,0.55,1.0,3.2937628336755647,reference
C,56,O,3,0.1,from_t0,1,300,3.1248056325182625,3.061597261424482,3.188370132833749,3.061597261424482,3.188370132833749,3.061597261424482,3.188370132833749,,9.980833333333333,3.125,1.0,0.55,1.0,3.2937628336755647,reference
C,56,O,3,0.3,future,1,300,4.255652884216279,4.17931338951186,4.32980994599793,4.17931338951186,4.32980994599793,4.17931338951186,4.32980994599793,,13.592833333333331,4.256,1.0,0.9533333333333334,1.0,2.1621303971297783,reference
C,56,O,3,0.3,from_t0,1,300,4.255652884216279,4.17931338951186,4.32980994599793,4.17931338951186,4.32980994599793,4.17931338951186,4.32980994599793,,13.592833333333331,4.256,1.0,0.9533333333333334,1.0,2.1621303971297783,reference
C,56,O,6,0.1,future,1,300,3.103985770326148,3.034586229685765,3.1712120095622653,3.034586229685765,3.1712120095622653,3.034586229685765,3.1712120095622653,,9.914333333333333,3.104,1.0,0.5266666666666666,1.0,2.4135188866799204,reference
C,56,O,6,0.1,from_t0,1,300,3.103985770326148,3.034586229685765,3.1712120095622653,3.034586229685765,3.1712120095622653,3.034586229685765,3.1712120095622653,,9.914333333333333,3.104,1.0,0.5266666666666666,1.0,2.4135188866799204,reference
C,56,O,6,0.3,future,1,300,4.226432024999277,4.144604487673163,4.3049722156634775,4.144604487673163,4.3049722156634775,4.144604487673163,4.3049722156634775,,13.499500000000001,4.226,1.0,0.9766666666666667,1.0,1.8517550410754298,reference
C,56,O,6,0.3,from_t0,1,300,4.226432024999277,4.144604487673163,4.3049722156634775,4.144604487673163,4.3049722156634775,4.144604487673163,4.3049722156634775,,13.499500000000001,4.226,1.0,0.9766666666666667,1.0,1.8517550410754298,reference
C,56,O,11,0.1,future,1,300,3.0418914444900165,2.969925947149641,3.1101952029097606,2.969925947149641,3.1101952029097606,2.969925947149641,3.1101952029097606,,9.716000000000001,3.042,1.0,0.47,1.0,2.273960134704651,reference
C,56,O,11,0.1,from_t0,1,300,3.0418914444900165,2.969925947149641,3.1101952029097606,2.969925947149641,3.1101952029097606,2.969925947149641,3.1101952029097606,,9.716000000000001,3.042,1.0,0.47,1.0,2.273960134704651,reference
C,56,O,11,0.3,future,1,300,4.1566672236186815,4.073378643331719,4.235928804244803,4.073378643331719,4.235928804244803,4.073378643331719,4.235928804244803,,13.276666666666664,4.157,1.0,0.9633333333333334,1.0,1.7626103567556404,reference
C,56,O,11,0.3,from_t0,1,300,4.1566672236186815,4.073378643331719,4.235928804244803,4.073378643331719,4.235928804244803,4.073378643331719,4.235928804244803,,13.276666666666664,4.157,1.0,0.9633333333333334,1.0,1.7626103567556404,reference
C,56,H,3,0.1,future,3,300,2.7047557812738434,2.646304931321332,2.7595509799847275,2.6542280455444422,2.7568663135441653,2.6530013782252286,2.7577246762836656,0.019885755462681513,8.639166666666666,2.682 2.719 2.713,1.0,0.25333333333333335,0.8655756867329046,2.851001026694045,hybrid (learned correction)
C,56,H,3,0.1,from_t0,3,300,2.7047557812738434,2.6504354215252355,2.7594231387256536,2.6542280455444422,2.7568663135441653,2.6511781183636676,2.757721632444164,0.019885755462681513,8.639166666666666,2.682 2.719 2.713,1.0,0.25333333333333335,0.8655756867329046,2.851001026694045,hybrid (learned correction)
C,56,H,3,0.3,future,3,300,3.834750757911365,3.7664348241336136,3.9017182707898326,3.7749697500965804,3.8953901284656505,3.7718011131752363,3.89696988116707,0.026466495151246463,12.248444444444443,3.804 3.850 3.850,1.0,0.9077777777777778,0.9010957571596143,1.9482865272794752,hybrid (learned correction)
C,56,H,3,0.3,from_t0,3,300,3.834750757911365,3.767901954773467,3.904521646970964,3.7749697500965804,3.8953901284656505,3.773496531777722,3.8959928086870015,0.026466495151246463,12.248444444444443,3.804 3.850 3.850,1.0,0.9077777777777778,0.9010957571596143,1.9482865272794752,hybrid (learned correction)
C,56,H,6,0.1,future,3,300,2.606500642156671,2.548786401363588,2.665194999269324,2.5536595884059237,2.6598347979067047,2.553291283826209,2.6615393480276968,0.022334731065888177,8.325333333333333,2.591 2.632 2.597,1.0,0.20222222222222222,0.8397269945869615,2.0266969610905994,hybrid (learned correction)
C,56,H,6,0.1,from_t0,3,300,2.606500642156671,2.5498821835842254,2.6637400439874774,2.5536595884059237,2.6598347979067047,2.5543840222073455,2.6603157245479845,0.022334731065888177,8.325333333333333,2.591 2.632 2.597,1.0,0.20222222222222222,0.8397269945869615,2.0266969610905994,hybrid (learned correction)
C,56,H,6,0.3,future,3,300,3.7261465644881704,3.6524795608663054,3.7998074804310322,3.6650232234531037,3.788980543323232,3.6621011375314034,3.7905542083456476,0.03859050737811949,11.901555555555554,3.682 3.752 3.744,1.0,0.9077777777777778,0.8816293607582172,1.6325616131441374,hybrid (learned correction)
C,56,H,6,0.3,from_t0,3,300,3.7261465644881704,3.6511433153250277,3.795059090808269,3.6650232234531037,3.788980543323232,3.6630660346534656,3.790435498605079,0.03859050737811949,11.901555555555554,3.682 3.752 3.744,1.0,0.9077777777777778,0.8816293607582172,1.6325616131441374,hybrid (learned correction)
C,56,H,11,0.1,future,3,300,2.5249257435092036,2.4669649517164776,2.582776957079867,2.4711045734388866,2.5775324216183146,2.470623646797607,2.5811789413414368,0.0253963492597122,8.064777777777776,2.499 2.526 2.550,1.0,0.16777777777777778,0.8300512327889847,1.8875034131246016,hybrid (learned correction)
C,56,H,11,0.1,from_t0,3,300,2.5249257435092036,2.4648981846947753,2.5834892155232807,2.4711045734388866,2.5775324216183146,2.468182487517186,2.580810636761722,0.0253963492597122,8.064777777777776,2.499 2.526 2.550,1.0,0.16777777777777778,0.8300512327889847,1.8875034131246016,hybrid (learned correction)
C,56,H,11,0.3,future,3,300,3.648467780402971,3.569544065961546,3.7242106825650443,3.582839556905283,3.7098498477956885,3.579673963823441,3.710930410818817,0.04955221132203273,11.653444444444444,3.600 3.646 3.699,1.0,0.8366666666666667,0.8777387229056826,1.5471113635190252,hybrid (learned correction)
C,56,H,11,0.3,from_t0,3,300,3.648467780402971,3.5660314751765028,3.7244785404411997,3.582839556905283,3.7098498477956885,3.5796557007864305,3.7134994113583115,0.04955221132203273,11.653444444444444,3.600 3.646 3.699,1.0,0.8366666666666667,0.8777387229056826,1.5471113635190252,hybrid (learned correction)
C,56,P1x,3,0.1,future,1,300,3.1112909851303985,3.049187527775761,3.1755860069263107,3.049187527775761,3.1755860069263107,3.049187527775761,3.1755860069263107,,9.937666666666667,3.111,1.0,0.5433333333333333,0.9956750438340152,3.279517453798768,reference
C,56,P1x,3,0.1,from_t0,1,300,3.1112909851303985,3.049187527775761,3.1755860069263107,3.049187527775761,3.1755860069263107,3.049187527775761,3.1755860069263107,,9.937666666666667,3.111,1.0,0.5433333333333333,0.9956750438340152,3.279517453798768,reference
C,56,P1x,3,0.3,future,1,300,4.246156104970754,4.169798347229323,4.3221303389349615,4.169798347229323,4.3221303389349615,4.169798347229323,4.3221303389349615,,13.5625,4.246,1.0,0.95,0.9977684318942581,2.1573054558950884,reference
C,56,P1x,3,0.3,from_t0,1,300,4.246156104970754,4.169798347229323,4.3221303389349615,4.169798347229323,4.3221303389349615,4.169798347229323,4.3221303389349615,,13.5625,4.246,1.0,0.95,0.9977684318942581,2.1573054558950884,reference
C,56,P1x,6,0.1,future,1,300,3.0933932088599843,3.0258199719206647,3.1573229699156835,3.0258199719206647,3.1573229699156835,3.0258199719206647,3.1573229699156835,,9.8805,3.093,1.0,0.5166666666666667,0.9965874323370204,2.4052825901732464,reference
C,56,P1x,6,0.1,from_t0,1,300,3.0933932088599843,3.0258199719206647,3.1573229699156835,3.0258199719206647,3.1573229699156835,3.0258199719206647,3.1573229699156835,,9.8805,3.093,1.0,0.5166666666666667,0.9965874323370204,2.4052825901732464,reference
C,56,P1x,6,0.3,future,1,300,4.220222592415664,4.13913470808848,4.295840697158163,4.13913470808848,4.295840697158163,4.13913470808848,4.295840697158163,,13.479666666666667,4.220,1.0,0.9766666666666667,0.9985308097830783,1.8490344606849465,reference
C,56,P1x,6,0.3,from_t0,1,300,4.220222592415664,4.13913470808848,4.295840697158163,4.13913470808848,4.295840697158163,4.13913470808848,4.295840697158163,,13.479666666666667,4.220,1.0,0.9766666666666667,0.9985308097830783,1.8490344606849465,reference
C,56,P1x,11,0.1,future,1,300,3.028742057842365,2.9582284719443344,3.096315294781684,2.9582284719443344,3.096315294781684,2.9582284719443344,3.096315294781684,,9.674,3.029,1.0,0.4633333333333333,0.9956772334293947,2.264130335851461,reference
C,56,P1x,11,0.1,from_t0,1,300,3.028742057842365,2.9582284719443344,3.096315294781684,2.9582284719443344,3.096315294781684,2.9582284719443344,3.096315294781684,,9.674,3.029,1.0,0.4633333333333333,0.9956772334293947,2.264130335851461,reference
C,56,P1x,11,0.3,future,1,300,4.147535705113369,4.060229256684067,4.230833416918838,4.060229256684067,4.230833416918838,4.060229256684067,4.230833416918838,,13.2475,4.148,1.0,0.96,0.9978031634446399,1.7587381898910632,reference
C,56,P1x,11,0.3,from_t0,1,300,4.147535705113369,4.060229256684067,4.230833416918838,4.060229256684067,4.230833416918838,4.060229256684067,4.230833416918838,,13.2475,4.148,1.0,0.96,0.9978031634446399,1.7587381898910632,reference
C,56,L_range,3,0.1,future,3,300,0.948703895912032,0.9243501360583609,0.9728111047660595,0.9255554965010623,0.9720805832856343,0.9249589039587152,0.9724458440258468,0.005591393149697445,3.030222222222222,0.942 0.953 0.951,0.3088888888888889,0.0,0.30360413013832066,1.0,learned
C,56,L_range,3,0.1,from_t0,3,300,0.948703895912032,0.9243501360583609,0.9730606996052047,0.9255554965010623,0.9720805832856343,0.9253272085384295,0.9720836271251362,0.005591393149697445,3.030222222222222,0.942 0.953 0.951,0.3088888888888889,0.0,0.30360413013832066,1.0,learned
C,56,L_range,3,0.3,future,3,300,1.9682683754252963,1.9303999681837611,2.00747607204761,1.9308839386645429,2.00747607204761,1.9296724905428384,2.007473028208109,0.0036586900165008875,6.286777777777778,1.965 1.972 1.967,1.0,0.005555555555555556,0.4625067948387836,1.0,learned
C,56,L_range,3,0.3,from_t0,3,300,1.9682683754252963,1.930153417184118,2.0073543184675398,1.9308839386645429,2.00747607204761,1.9304030120232634,2.0075978256276814,0.0036586900165008875,6.286777777777778,1.965 1.972 1.967,1.0,0.005555555555555556,0.4625067948387836,1.0,learned
C,56,L_range,6,0.1,future,3,300,1.2860830662883462,1.230925650676751,1.3339413547746939,1.2590537715126184,1.3144546942843551,1.2586824230934024,1.314457738123857,0.04825314193252447,4.107833333333334,1.325 1.301 1.232,0.8633333333333333,0.0,0.41433278418451397,1.0,learned
C,56,L_range,6,0.1,from_t0,3,300,1.2860830662883462,1.2298298684561135,1.3341757304163302,1.2590537715126184,1.3144546942843551,1.259175525092689,1.3143298968647825,0.04825314193252447,4.107833333333334,1.325 1.301 1.232,0.8633333333333333,0.0,0.41433278418451397,1.0,learned
C,56,L_range,6,0.3,future,3,300,2.2823926120080786,2.2220971953174944,2.343759460203287,2.239045293663356,2.328050204534646,2.2385613231825743,2.3284185091143605,0.048018012857106364,7.29011111111111,2.327 2.289 2.231,1.0,0.03888888888888889,0.5400282314982858,1.0,learned
C,56,L_range,6,0.3,from_t0,3,300,2.2823926120080786,2.2157903598698243,2.345951024644562,2.239045293663356,2.328050204534646,2.237827757862648,2.3286589724350004,0.048018012857106364,7.29011111111111,2.327 2.289 2.231,1.0,0.03888888888888889,0.5400282314982858,1.0,learned
C,56,L_range,11,0.1,future,3,300,1.3377065842383848,1.2721940266417644,1.3982363765706056,1.3095815072420196,1.3673018357141058,1.3092132026623051,1.3687537471564506,0.06258477474487256,4.272722222222222,1.391 1.353 1.269,0.8822222222222222,0.0,0.43976144732628875,1.0,learned
C,56,L_range,11,0.1,from_t0,3,300,1.3377065842383848,1.273289808862402,1.3982272450521005,1.3095815072420196,1.3673018357141058,1.3093288685633724,1.3686350374158818,0.06258477474487256,4.272722222222222,1.391 1.353 1.269,0.8822222222222222,0.0,0.43976144732628875,1.0,learned
C,56,L_range,11,0.3,future,3,300,2.358245092392216,2.272652325602411,2.441777179839321,2.314289006147139,2.4022072663162968,2.3127092534457194,2.4037870190177157,0.07731313986819355,7.532388888888888,2.434 2.362 2.279,1.0,0.06444444444444444,0.5673403632103106,1.0,learned
C,56,L_range,11,0.3,from_t0,3,300,2.358245092392216,2.2731271645646873,2.4377593116969836,2.314289006147139,2.4022072663162968,2.3136802382467847,2.4048858450778554,0.07731313986819355,7.532388888888888,2.434 2.362 2.279,1.0,0.06444444444444444,0.5673403632103106,1.0,learned
C,56,L_range_wide,3,0.1,future,1,300,0.9898566059759779,0.966845179342588,1.013972946348511,0.966845179342588,1.013972946348511,0.966845179342588,1.013972946348511,,3.1616666666666666,0.990,0.3566666666666667,0.0,0.3167738164815897,1.0433778234086242,learned
C,56,L_range_wide,3,0.1,from_t0,1,300,0.9898566059759779,0.966845179342588,1.013972946348511,0.966845179342588,1.013972946348511,0.966845179342588,1.013972946348511,,3.1616666666666666,0.990,0.3566666666666667,0.0,0.3167738164815897,1.0433778234086242,learned
C,56,L_range_wide,3,0.3,future,1,300,2.0085688104287467,1.97021643270643,2.050217666331481,1.97021643270643,2.050217666331481,1.97021643270643,2.050217666331481,,6.4155000000000015,2.009,1.0,0.0033333333333333335,0.47197665436443237,1.0204750711369543,learned
C,56,L_range_wide,3,0.3,from_t0,1,300,2.0085688104287467,1.97021643270643,2.050217666331481,1.97021643270643,2.050217666331481,1.97021643270643,2.050217666331481,,6.4155000000000015,2.009,1.0,0.0033333333333333335,0.47197665436443237,1.0204750711369543,learned
C,56,L_range_wide,6,0.1,future,1,300,1.4756533904586533,1.4424146630993124,1.5103531607788443,1.4424146630993124,1.5103531607788443,1.4424146630993124,1.5103531607788443,,4.713333333333333,1.476,0.9733333333333334,0.0,0.4754059778771475,1.1474013064470319,learned
C,56,L_range_wide,6,0.1,from_t0,1,300,1.4756533904586533,1.4424146630993124,1.5103531607788443,1.4424146630993124,1.5103531607788443,1.4424146630993124,1.5103531607788443,,4.713333333333333,1.476,0.9733333333333334,0.0,0.4754059778771475,1.1474013064470319,learned
C,56,L_range_wide,6,0.3,future,1,300,2.5118981104416234,2.4589353031108057,2.5674177429539293,2.4589353031108057,2.5674177429539293,2.4589353031108057,2.5674177429539293,,8.023166666666667,2.512,1.0,0.13333333333333333,0.5943306542217612,1.1005547850208044,learned
C,56,L_range_wide,6,0.3,from_t0,1,300,2.5118981104416234,2.4589353031108057,2.5674177429539293,2.4589353031108057,2.5674177429539293,2.4589353031108057,2.5674177429539293,,8.023166666666667,2.512,1.0,0.13333333333333333,0.5943306542217612,1.1005547850208044,learned
C,56,L_range_wide,11,0.1,future,1,300,1.7379106019312558,1.6977319205078765,1.778454544094847,1.6977319205078765,1.778454544094847,1.6977319205078765,1.778454544094847,,5.551,1.738,1.0,0.0033333333333333335,0.5713256484149856,1.2991717484299627,learned
C,56,L_range_wide,11,0.1,from_t0,1,300,1.7379106019312558,1.6977319205078765,1.778454544094847,1.6977319205078765,1.778454544094847,1.6977319205078765,1.778454544094847,,5.551,1.738,1.0,0.0033333333333333335,0.5713256484149856,1.2991717484299627,learned
C,56,L_range_wide,11,0.3,future,1,300,2.826022347024406,2.7657360618523263,2.8873861513801127,2.7657360618523263,2.8873861513801127,2.7657360618523263,2.8873861513801127,,9.026499999999999,2.826,1.0,0.3333333333333333,0.6798769771528999,1.1983582012494192,learned
C,56,L_range_wide,11,0.3,from_t0,1,300,2.826022347024406,2.7657360618523263,2.8873861513801127,2.7657360618523263,2.8873861513801127,2.7657360618523263,2.8873861513801127,,9.026499999999999,2.826,1.0,0.3333333333333333,0.6798769771528999,1.1983582012494192,learned
C,56,L0,3,0.1,future,3,300,0.3647737258922546,0.3579524815687854,0.3714701727961511,0.3579555254082872,0.37147017279615113,0.35795552540828723,0.3715919263762219,0.0004217667733722196,1.1651111111111112,0.365 0.365 0.365,0.0,0.0,0.11673485291252679,0.3844969199178645,learned
C,56,L0,3,0.1,from_t0,3,300,0.3647737258922546,0.35783377182821635,0.3715919263762219,0.3579555254082872,0.37147017279615113,0.3579555254082872,0.37159192637622196,0.0004217667733722196,1.1651111111111112,0.365 0.365 0.365,0.0,0.0,0.11673485291252679,0.3844969199178645,learned
C,56,L0,3,0.3,future,3,300,1.3490296671849733,1.3191969962281145,1.3799550765229684,1.3193187498081853,1.3798363667823992,1.3189534890679728,1.3804420908432518,0.001476183706802764,4.308888888888888,1.347 1.350 1.349,0.8644444444444445,0.0,0.3169971104054015,0.6853890882098229,learned
C,56,L0,3,0.3,from_t0,3,300,1.3490296671849733,1.3184664747476893,1.3799550765229684,1.3193187498081853,1.3798363667823992,1.3190782864875454,1.3795959034617593,0.001476183706802764,4.308888888888888,1.347 1.350 1.349,0.8644444444444445,0.0,0.3169971104054015,0.6853890882098229,learned
C,56,L0,6,0.1,future,3,300,0.370739651315726,0.36233865429083767,0.3787753876004018,0.3625821614509793,0.37853188044026015,0.36246040787090855,0.3784131706996911,0.001932778164595513,1.1841666666666666,0.369 0.373 0.370,0.0,0.0,0.11943986820428333,0.28827037773359837,learned
C,56,L0,6,0.1,from_t0,3,300,0.370739651315726,0.36209514713069596,0.37853492427976193,0.3625821614509793,0.37853188044026015,0.3625791176114775,0.37853188044026015,0.001932778164595513,1.1841666666666666,0.369 0.373 0.370,0.0,0.0,0.11943986820428333,0.28827037773359837,learned
C,56,L0,6,0.3,future,3,300,1.324922458330946,1.2961855695947246,1.3545207536461688,1.2963073231747952,1.3553638971881592,1.2961855695947246,1.355126477707021,0.0031065062696386194,4.231888888888888,1.323 1.328 1.324,0.8933333333333333,0.0,0.3134848615792354,0.5804971727301825,learned
C,56,L0,6,0.3,from_t0,3,300,1.324922458330946,1.2957015991139431,1.3546425072262396,1.2963073231747952,1.3553638971881592,1.2961855695947244,1.3553608533486574,0.0031065062696386194,4.231888888888888,1.323 1.328 1.324,0.8933333333333333,0.0,0.3134848615792354,0.5804971727301825,learned
C,56,L0,11,0.1,future,3,300,0.36818282613423825,0.3599035826894207,0.37597505525877234,0.36002533626949157,0.3759780990982742,0.36002533626949157,0.37621856241891405,0.001316966327750231,1.176,0.367 0.369 0.369,0.0,0.0,0.12103746397694523,0.27523436788932376,learned
C,56,L0,11,0.1,from_t0,3,300,0.36818282613423825,0.35966007552927903,0.376218562418914,0.36002533626949157,0.3759780990982742,0.3600222924299898,0.3760968088388432,0.001316966327750231,1.176,0.367 0.369 0.369,0.0,0.0,0.12103746397694523,0.27523436788932376,learned
C,56,L0,11,0.3,future,3,300,1.2471219206656752,1.221307117851154,1.2761023165620384,1.221550625011296,1.2753717950816135,1.2215506250112962,1.275621389920759,0.003836686945822801,3.983388888888888,1.247 1.251 1.243,0.8255555555555556,0.0,0.30002929115407145,0.5288347359182197,learned
C,56,L0,11,0.3,from_t0,3,300,1.2471219206656752,1.2214319152707271,1.2753687512421117,1.221550625011296,1.2753717950816135,1.221553668850798,1.2754935486616845,0.003836686945822801,3.983388888888888,1.247 1.251 1.243,0.8255555555555556,0.0,0.30002929115407145,0.5288347359182197,learned
C,56,P1,3,0.1,future,1,300,0.10957822206376136,0.10957822206376136,0.10957822206376136,0.10957822206376136,0.10957822206376136,0.10957822206376136,0.10957822206376136,,0.34999999999999987,0.110,0.0,0.0,0.03506721215663353,0.11550308008213549,reference
C,56,P1,3,0.1,from_t0,1,300,0.10957822206376136,0.10957822206376136,0.10957822206376136,0.10957822206376136,0.10957822206376136,0.10957822206376136,0.10957822206376136,,0.34999999999999987,0.110,0.0,0.0,0.03506721215663353,0.11550308008213549,reference
C,56,P1,3,0.3,future,1,300,0.22609639819156097,0.22317431226986068,0.22938374485347376,0.22317431226986068,0.22938374485347376,0.22317431226986068,0.22938374485347376,,0.7221666666666665,0.226,0.0,0.0,0.05312848682516522,0.11487071631819867,reference
C,56,P1,3,0.3,from_t0,1,300,0.22609639819156097,0.22317431226986068,0.22938374485347376,0.22317431226986068,0.22938374485347376,0.22317431226986068,0.22938374485347376,,0.7221666666666665,0.226,0.0,0.0,0.05312848682516522,0.11487071631819867,reference
C,56,P1,6,0.1,future,1,300,0.10957822206376136,0.10957822206376136,0.10957822206376136,0.10957822206376136,0.10957822206376136,0.10957822206376136,0.10957822206376136,,0.34999999999999987,0.110,0.0,0.0,0.03530242409978817,0.08520306731042315,reference
C,56,P1,6,0.1,from_t0,1,300,0.10957822206376136,0.10957822206376136,0.10957822206376136,0.10957822206376136,0.10957822206376136,0.10957822206376136,0.10957822206376136,,0.34999999999999987,0.110,0.0,0.0,0.03530242409978817,0.08520306731042315,reference
C,56,P1,6,0.3,future,1,300,0.22025222634816036,0.21915644412752272,0.2217132693090105,0.21915644412752272,0.2217132693090105,0.21915644412752272,0.2217132693090105,,0.7034999999999999,0.220,0.0,0.0,0.05211304122374901,0.09650058679184892,reference
C,56,P1,6,0.3,from_t0,1,300,0.22025222634816036,0.21915644412752272,0.2217132693090105,0.21915644412752272,0.2217132693090105,0.21915644412752272,0.2217132693090105,,0.7034999999999999,0.220,0.0,0.0,0.05211304122374901,0.09650058679184892,reference
C,56,P1,11,0.1,future,1,300,0.10957822206376136,0.10957822206376136,0.10957822206376136,0.10957822206376136,0.10957822206376136,0.10957822206376136,0.10957822206376136,,0.34999999999999987,0.110,0.0,0.0,0.036023054755043214,0.0819149904432511,reference
C,56,P1,11,0.1,from_t0,1,300,0.10957822206376136,0.10957822206376136,0.10957822206376136,0.10957822206376136,0.10957822206376136,0.10957822206376136,0.10957822206376136,,0.34999999999999987,0.110,0.0,0.0,0.036023054755043214,0.0819149904432511,reference
C,56,P1,11,0.3,future,1,300,0.2198869656079478,0.21915644412752272,0.22098274782858543,0.21915644412752272,0.22098274782858543,0.21915644412752272,0.22098274782858543,,0.7023333333333331,0.220,0.0,0.0,0.052899824253075566,0.09324177809902419,reference
C,56,P1,11,0.3,from_t0,1,300,0.2198869656079478,0.21915644412752272,0.22098274782858543,0.21915644412752272,0.22098274782858543,0.21915644412752272,0.22098274782858543,,0.7023333333333331,0.220,0.0,0.0,0.052899824253075566,0.09324177809902419,reference
C,56,persistence,3,0.1,future,1,300,0.10957822206376136,0.10957822206376136,0.10957822206376136,0.10957822206376136,0.10957822206376136,0.10957822206376136,0.10957822206376136,,0.34999999999999987,0.110,0.0,0.0,0.03506721215663353,0.11550308008213549,reference
C,56,persistence,3,0.1,from_t0,1,300,0.10957822206376136,0.10957822206376136,0.10957822206376136,0.10957822206376136,0.10957822206376136,0.10957822206376136,0.10957822206376136,,0.34999999999999987,0.110,0.0,0.0,0.03506721215663353,0.11550308008213549,reference
C,56,persistence,3,0.3,future,1,300,0.11907500130928736,0.1157876546473745,0.12272760871141272,0.1157876546473745,0.12272760871141272,0.1157876546473745,0.12272760871141272,,0.38033333333333325,0.119,0.0,0.0,0.027980430864303494,0.06049734009649881,reference
C,56,persistence,3,0.3,from_t0,1,300,0.11907500130928736,0.1157876546473745,0.12272760871141272,0.1157876546473745,0.12272760871141272,0.1157876546473745,0.12272760871141272,,0.38033333333333325,0.119,0.0,0.0,0.027980430864303494,0.06049734009649881,reference
C,56,persistence,6,0.1,future,1,300,0.10957822206376136,0.10957822206376136,0.10957822206376136,0.10957822206376136,0.10957822206376136,0.10957822206376136,0.10957822206376136,,0.34999999999999987,0.110,0.0,0.0,0.03530242409978817,0.08520306731042315,reference
C,56,persistence,6,0.1,from_t0,1,300,0.10957822206376136,0.10957822206376136,0.10957822206376136,0.10957822206376136,0.10957822206376136,0.10957822206376136,0.10957822206376136,,0.34999999999999987,0.110,0.0,0.0,0.03530242409978817,0.08520306731042315,reference
C,56,persistence,6,0.3,future,1,300,0.11359609020609929,0.11140452576482408,0.11578765464737453,0.11140452576482408,0.11578765464737453,0.11140452576482408,0.11578765464737453,,0.36283333333333323,0.114,0.0,0.0,0.026877538674271877,0.049770617731782776,reference
C,56,persistence,6,0.3,from_t0,1,300,0.11359609020609929,0.11140452576482408,0.11578765464737453,0.11140452576482408,0.11578765464737453,0.11140452576482408,0.11578765464737453,,0.36283333333333323,0.114,0.0,0.0,0.026877538674271877,0.049770617731782776,reference
C,56,persistence,11,0.1,future,1,300,0.10957822206376136,0.10957822206376136,0.10957822206376136,0.10957822206376136,0.10957822206376136,0.10957822206376136,0.10957822206376136,,0.34999999999999987,0.110,0.0,0.0,0.036023054755043214,0.0819149904432511,reference
C,56,persistence,11,0.1,from_t0,1,300,0.10957822206376136,0.10957822206376136,0.10957822206376136,0.10957822206376136,0.10957822206376136,0.10957822206376136,0.10957822206376136,,0.34999999999999987,0.110,0.0,0.0,0.036023054755043214,0.0819149904432511,reference
C,56,persistence,11,0.3,future,1,300,0.11250030798546168,0.11067400428439898,0.11469187242673688,0.11067400428439898,0.11469187242673688,0.11067400428439898,0.11469187242673688,,0.3593333333333333,0.113,0.0,0.0,0.027065026362038665,0.04770509577159378,reference
C,56,persistence,11,0.3,from_t0,1,300,0.11250030798546168,0.11067400428439898,0.11469187242673688,0.11067400428439898,0.11469187242673688,0.11067400428439898,0.11469187242673688,,0.3593333333333333,0.113,0.0,0.0,0.027065026362038665,0.04770509577159378,reference
