# git_sha=7ae83afbfb6889f9acaa38781a5a592318baef9a-dirty; Adapt the Physics stage 1; horizons
Re,arm,role,w,eps,panel,n,restricted_mean,ci95_lo,ci95_hi,phys_time,phys_ci95_lo,phys_ci95_hi,S1,S3,frac_no_cross,lam_test,label
36,O,oracle (upper reference),3,0.1,all,300,2.7455400985373375,2.5399724449349836,2.9527825493809923,29.24363222065994,27.054064906886648,31.45103833948105,0.97,0.2866666666666667,0.010000000000000009,0.09388505770489337,reference
36,O,oracle (upper reference),3,0.1,first100,100,2.774456696310445,2.3960839086829555,3.1880072809925264,29.551632220659943,25.521461745430333,33.956492746836375,0.96,0.27,0.010000000000000009,0.09388505770489337,reference
36,O,oracle (upper reference),3,0.3,all,300,3.6948491576243807,3.4446944200009537,3.9588620920450404,39.35502888263978,36.690550170705315,42.16711571386403,1.0,0.42,0.040000000000000036,0.09388505770489337,reference
36,O,oracle (upper reference),3,0.3,first100,100,3.6504884678588185,3.2148399408231927,4.133867972919073,38.882528882639775,34.24229605235288,44.0311597391031,1.0,0.38,0.040000000000000036,0.09388505770489337,reference
36,O,oracle (upper reference),6,0.1,all,300,2.7764250485569186,2.560598453769044,2.9831651962807677,29.572597774653218,27.273759172814387,31.774653701099897,0.97,0.31333333333333335,0.020000000000000018,0.09388505770489337,reference
36,O,oracle (upper reference),6,0.1,first100,100,2.915966305360296,2.5129965666815557,3.363351580937393,31.058896661979826,26.766736135803388,35.824141382639766,0.95,0.35,0.030000000000000027,0.09388505770489337,reference
36,O,oracle (upper reference),6,0.3,all,300,3.7234371576955207,3.461871225115784,3.9757303499600853,39.659528882639776,36.87350585646334,42.34678496398119,0.9966666666666667,0.42,0.040000000000000036,0.09388505770489337,reference
36,O,oracle (upper reference),6,0.3,first100,100,3.7945205599224128,3.3315358571993183,4.308116279284957,40.41666110329971,35.485261857869375,45.887134594160386,1.0,0.41,0.050000000000000044,0.09388505770489337,reference
36,O,oracle (upper reference),11,0.1,all,300,2.822064696263018,2.6040617217186726,3.0435063571845675,30.05872036776657,27.73670044389765,32.41736684820653,0.98,0.2966666666666667,0.01666666666666672,0.09388505770489337,reference
36,O,oracle (upper reference),11,0.1,first100,100,2.844554305431436,2.456118961936096,3.302825539841461,30.298264441319883,26.16091444131989,35.17945901703712,0.98,0.27,0.020000000000000018,0.09388505770489337,reference
36,O,oracle (upper reference),11,0.3,all,300,3.7660453263839244,3.5076070477711694,4.02097397203568,40.113362215973105,37.360652839949736,42.82868936050197,1.0,0.42,0.040000000000000036,0.09388505770489337,reference
36,O,oracle (upper reference),11,0.3,first100,100,3.7245292494034152,3.2660156266846303,4.228071629699295,39.67116110329972,34.78738477160677,45.03455324050916,1.0,0.39,0.050000000000000044,0.09388505770489337,reference
36,O,oracle (upper reference),23,0.1,all,300,2.738310949094061,2.5239165769918412,2.944475885622419,29.16663222065994,26.883048684117625,31.362561387326604,0.9833333333333333,0.29,0.010000000000000009,0.09388505770489337,reference
36,O,oracle (upper reference),23,0.1,first100,100,2.7500341677628835,2.396766993320575,3.137450858382126,29.291499999999992,25.5287375,33.41799999999999,0.98,0.31,0.0,0.09388505770489337,reference
36,O,oracle (upper reference),23,0.3,all,300,3.727415762986457,3.468361669485135,3.9873309631334792,39.70190628952642,36.9426376707053,42.47034683268513,1.0,0.42333333333333334,0.043333333333333335,0.09388505770489337,reference
36,O,oracle (upper reference),23,0.3,first100,100,3.799014629147959,3.334227447786653,4.310988451068091,40.46452888263977,35.513930856463325,45.91772702125525,1.0,0.4,0.040000000000000036,0.09388505770489337,reference
36,P1,identification,3,0.1,all,300,0.20953580128770447,0.2069070196719675,0.21205778865030217,2.2318333333333324,2.2038333333333333,2.258695833333333,0.0,0.0,0.0,0.09388505770489337,reference
36,P1,identification,3,0.1,first100,100,0.20964533385502684,0.2053735637294542,0.2139171039805995,2.232999999999999,2.1874999999999996,2.2784999999999993,0.0,0.0,0.0,0.09388505770489337,reference
36,P1,identification,3,0.3,all,300,0.4559840777630496,0.44382596279026587,0.4685830613193059,4.856833333333333,4.727333333333332,4.991029166666666,0.0,0.0,0.0,0.09388505770489337,reference
36,P1,identification,3,0.3,first100,100,0.4452498861654568,0.42553402404742924,0.46660873679332,4.7425,4.532500000000001,4.969999999999999,0.0,0.0,0.0,0.09388505770489337,reference
36,P1,identification,6,0.1,all,300,0.21775074383688264,0.21512196222114563,0.22037952545261968,2.319333333333333,2.2913333333333328,2.347333333333333,0.0,0.0,0.0,0.09388505770489337,reference
36,P1,identification,6,0.1,first100,100,0.21818887410617216,0.21358850627863238,0.22311783963567902,2.3239999999999994,2.2749999999999995,2.376499999999999,0.0,0.0,0.0,0.09388505770489337,reference
36,P1,identification,6,0.3,all,300,0.4753713421791101,0.46189609808427484,0.4898296410656637,5.0633333333333335,4.919804166666666,5.217333333333333,0.0,0.0,0.0,0.09388505770489337,reference
36,P1,identification,6,0.3,first100,100,0.4616797712638131,0.43999232293398277,0.4879675874211833,4.9174999999999995,4.6865,5.1975,0.0,0.0,0.0,0.09388505770489337,reference
36,P1,identification,11,0.1,all,300,0.2182984066734946,0.21534102735579042,0.22147758944002652,2.325166666666667,2.2936666666666663,2.3590291666666667,0.0,0.0,0.0,0.09388505770489337,reference
36,P1,identification,11,0.1,first100,100,0.21490289708650084,0.2093167361530597,0.22081765572190915,2.2889999999999993,2.2294999999999994,2.3519999999999994,0.0,0.0,0.0,0.09388505770489337,reference
36,P1,identification,11,0.3,all,300,0.4928965529506902,0.4786573191987814,0.5074671227187492,5.25,5.098333333333334,5.405195833333333,0.0,0.0,0.0,0.09388505770489337,reference
36,P1,identification,11,0.3,first100,100,0.48533880580544625,0.4616797712638132,0.5119552196647834,5.169499999999999,4.9175,5.4529999999999985,0.0,0.0,0.0,0.09388505770489337,reference
36,P1,identification,23,0.1,all,300,0.167694360570557,0.16134147166585924,0.17437858549140497,1.7861666666666662,1.7184999999999997,1.8573624999999996,0.0,0.0,0.0,0.09388505770489337,reference
36,P1,identification,23,0.1,first100,100,0.1682420234071689,0.15641250613635238,0.1797429429760183,1.7919999999999998,1.6660000000000001,1.9144999999999994,0.0,0.0,0.0,0.09388505770489337,reference
36,P1,identification,23,0.3,all,300,0.5005638326632564,0.48457207783418965,0.5179795108675141,5.331666666666666,5.161333333333333,5.517166666666665,0.0033333333333333335,0.0,0.0,0.09388505770489337,reference
36,P1,identification,23,0.3,first100,100,0.49848271388413123,0.47087229197634345,0.5290505151096232,5.309499999999999,5.015412499999999,5.635087499999998,0.0,0.0,0.0,0.09388505770489337,reference
36,P1x,identification diagnostic (drag known),3,0.1,all,300,2.6838732631348408,2.4805557023371927,2.8862654389556615,28.586798887326612,26.421198037010996,30.742543164088897,0.97,0.29,0.010000000000000009,0.09388505770489337,reference
36,P1x,identification diagnostic (drag known),3,0.1,first100,100,2.6440034086294957,2.3011697068757893,3.0198389389645546,28.16213222065994,24.510500000000004,32.16527755094683,0.96,0.29,0.010000000000000009,0.09388505770489337,reference
36,P1x,identification diagnostic (drag known),3,0.3,all,300,3.6797336633338924,3.430512135459303,3.934575150432679,39.19402888263977,36.53949008842652,41.9084276733379,1.0,0.43,0.040000000000000036,0.09388505770489337,reference
36,P1x,identification diagnostic (drag known),3,0.3,first100,100,3.5442451115214437,3.130056418785575,4.004419323146773,37.75089666197984,33.33923944131989,42.652360461169096,1.0,0.4,0.030000000000000027,0.09388505770489337,reference
36,P1x,identification diagnostic (drag known),6,0.1,all,300,2.7630620753435893,2.5453846262341475,2.9705326358684627,29.43026444131989,27.111711793744572,31.640100229854106,0.97,0.31,0.020000000000000018,0.09388505770489337,reference
36,P1x,identification diagnostic (drag known),6,0.1,first100,100,2.8985506271560393,2.497223634439734,3.3465986556145695,30.873396661979836,26.598733552352883,35.64570057712327,0.95,0.33,0.030000000000000027,0.09388505770489337,reference
36,P1x,identification diagnostic (drag known),6,0.3,all,300,3.6931707362472133,3.436851167576037,3.9495592337926366,39.33715147575312,36.60700916197983,42.068027973175354,0.9966666666666667,0.41,0.036666666666666625,0.09388505770489337,reference
36,P1x,identification diagnostic (drag known),6,0.3,first100,100,3.7757904909102873,3.3342356627292014,4.279499816965853,40.217161103299716,35.51401835646332,45.582331433586596,1.0,0.41,0.050000000000000044,0.09388505770489337,reference
36,P1x,identification diagnostic (drag known),11,0.1,all,300,2.786466611883246,2.571888217343176,3.001734506209862,29.679553701099906,27.394010082278797,31.972441404308885,0.98,0.29,0.01666666666666672,0.09388505770489337,reference
36,P1x,identification diagnostic (drag known),11,0.1,first100,100,2.8557266272983184,2.4595262543838468,3.31942171695173,30.417264441319883,26.197206611032993,35.35623024683638,0.98,0.26,0.020000000000000018,0.09388505770489337,reference
36,P1x,identification diagnostic (drag known),11,0.3,all,300,3.750382169256824,3.4863349935931383,4.011078699399178,39.94652888263977,37.13407733690329,42.723291623328436,1.0,0.41333333333333333,0.040000000000000036,0.09388505770489337,reference
36,P1x,identification diagnostic (drag known),11,0.3,first100,100,3.734928375368383,3.2694226765849828,4.246486799535076,39.781925544619604,34.823674357869386,45.23069914791932,1.0,0.39,0.06999999999999995,0.09388505770489337,reference
36,P1x,identification diagnostic (drag known),23,0.1,all,300,2.6641541670514837,2.4546157082987294,2.8713469380693053,28.376764441319885,26.144902802470053,30.583641404308878,0.98,0.27666666666666667,0.020000000000000018,0.09388505770489337,reference
36,P1x,identification diagnostic (drag known),23,0.1,first100,100,2.667991040873096,2.3120134310407043,3.0740602172541807,28.41763222065994,24.626,32.742805856463335,0.98,0.29,0.010000000000000009,0.09388505770489337,reference
36,P1x,identification diagnostic (drag known),23,0.3,all,300,3.61879812303532,3.358580745176127,3.8667810505962663,38.54498480908645,35.77332567375175,41.1863308722739,0.9966666666666667,0.4033333333333333,0.036666666666666625,0.09388505770489337,reference
36,P1x,identification diagnostic (drag known),23,0.3,first100,100,3.7066786748951968,3.2336627785646646,4.226640067881834,39.48102888263977,34.44278416197984,45.01930521433272,0.99,0.36,0.040000000000000036,0.09388505770489337,reference
36,L_param_P1,identification (hybrid),3,0.1,all,300,0.3778873572621958,0.3575142997402339,0.398920348502275,4.0249999999999995,3.8079999999999994,4.249029166666666,0.02,0.0,0.0,0.09388505770489337,learned
36,L_param_P1,identification (hybrid),3,0.1,first100,100,0.37262979403072166,0.3404272192379434,0.40616318951646696,3.9689999999999985,3.6260000000000003,4.326174999999998,0.01,0.0,0.0,0.09388505770489337,learned
36,L_param_P1,identification (hybrid),3,0.3,all,300,1.1638930603675632,1.081078224529298,1.246050700801894,12.397,11.5149125,13.2720875,0.38666666666666666,0.03,0.0,0.09388505770489337,learned
36,L_param_P1,identification (hybrid),3,0.3,first100,100,1.1201895660059353,0.993342638104075,1.270030118102945,11.9315,10.580412499999998,13.527499999999998,0.4,0.02,0.0,0.09388505770489337,learned
36,L_param_P1,identification (hybrid),6,0.1,all,300,0.3051577325601384,0.29003676164128445,0.32039097436049774,3.250333333333333,3.0892749999999998,3.412587499999999,0.0033333333333333335,0.0,0.0,0.09388505770489337,learned
36,L_param_P1,identification (hybrid),6,0.1,first100,100,0.3039528743195923,0.27766505816222214,0.3315632962273801,3.2375,2.9575,3.5315875,0.0,0.0,0.0,0.09388505770489337,learned
36,L_param_P1,identification (hybrid),6,0.3,all,300,1.0955447383584007,1.0133734063531545,1.1778064347316877,11.668999999999999,10.793766666666667,12.54519583333333,0.3566666666666667,0.03333333333333333,0.0,0.09388505770489337,learned
36,L_param_P1,identification (hybrid),6,0.3,first100,100,1.0672853359892278,0.9391240172794991,1.2125419501437962,11.367999999999999,10.002912499999999,12.915175,0.4,0.02,0.0,0.09388505770489337,learned
36,L_param_P1,identification (hybrid),11,0.1,all,300,0.25959218455403016,0.24491482053283184,0.27536487424845224,2.7649999999999997,2.6086666666666667,2.933,0.0,0.0,0.0,0.09388505770489337,learned
36,L_param_P1,identification (hybrid),11,0.1,first100,100,0.2569634029382932,0.23099596954034096,0.28588000071140024,2.737,2.4604125,3.044999999999999,0.0,0.0,0.0,0.09388505770489337,learned
36,L_param_P1,identification (hybrid),11,0.3,all,300,1.0287298722917517,0.9478866226652892,1.1081765816848534,10.957333333333334,10.096245833333333,11.803545833333331,0.31666666666666665,0.03,0.0,0.09388505770489337,learned
36,L_param_P1,identification (hybrid),11,0.3,first100,100,1.0104379335489149,0.8858829746182756,1.1497797890680748,10.7625,9.435825000000001,12.246674999999996,0.36,0.02,0.0,0.09388505770489337,learned
36,L_param_P1,identification (hybrid),23,0.1,all,300,0.17098033759022832,0.16057474369460262,0.18149820236735942,1.8211666666666668,1.7103333333333333,1.9331958333333332,0.0,0.0,0.0,0.09388505770489337,learned
36,L_param_P1,identification (hybrid),23,0.1,first100,100,0.17382818434061012,0.15476951762651672,0.1938726441606048,1.8515000000000004,1.6484999999999999,2.0649999999999995,0.0,0.0,0.0,0.09388505770489337,learned
36,L_param_P1,identification (hybrid),23,0.3,all,300,0.7982733506454733,0.7334273324764439,0.8591844113334464,8.502666666666666,7.811970833333333,9.151449999999999,0.23666666666666666,0.0,0.0,0.09388505770489337,learned
36,L_param_P1,identification (hybrid),23,0.3,first100,100,0.7449309903594766,0.6608017637133428,0.8415633595654594,7.934500000000002,7.038412499999999,8.963762500000001,0.25,0.0,0.0,0.09388505770489337,learned
36,L_param_true,hybrid diagnostic (true Re),3,0.1,all,300,2.30346665682423,2.1122086316887763,2.498517412320269,24.534965553993274,22.497814703677665,26.612513997422234,0.85,0.27666666666666667,0.010000000000000009,0.09388505770489337,learned
36,L_param_true,hybrid diagnostic (true Re),3,0.1,first100,100,2.3747755921164257,2.037535770587563,2.7424928505027384,25.294500000000003,21.70245,29.211174999999997,0.85,0.28,0.0,0.09388505770489337,learned
36,L_param_true,hybrid diagnostic (true Re),3,0.3,all,300,3.337631256684111,3.0808082530052645,3.586570597612273,35.55018592175984,32.81468135950978,38.201719051884204,0.9966666666666667,0.36666666666666664,0.026666666666666616,0.09388505770489337,learned
36,L_param_true,hybrid diagnostic (true Re),3,0.3,first100,100,3.4504884678588184,2.99820974398746,3.933636541468683,36.75226444131989,31.934898026176437,41.89843024683638,1.0,0.36,0.020000000000000018,0.09388505770489337,learned
36,L_param_true,hybrid diagnostic (true Re),6,0.1,all,300,2.337969415530778,2.1435504900063904,2.5400093190115833,24.902465553993274,22.831646935172163,27.05445766455758,0.8766666666666667,0.25,0.010000000000000009,0.09388505770489337,learned
36,L_param_true,hybrid diagnostic (true Re),6,0.1,first100,100,2.3330436839666002,1.9988598210660324,2.7191706286056223,24.849999999999998,21.2905,28.962762500000004,0.83,0.26,0.0,0.09388505770489337,learned
36,L_param_true,hybrid diagnostic (true Re),6,0.3,all,300,3.3314587660813983,3.077439627390173,3.581278381854542,35.48444073553314,32.778801042690034,38.14534995666177,0.9966666666666667,0.36666666666666664,0.033333333333333326,0.09388505770489337,learned
36,L_param_true,hybrid diagnostic (true Re),6,0.3,first100,100,3.4098486514168878,2.9662337813661175,3.9017023284205528,36.31939666197982,31.594311745430335,41.558288654246546,1.0,0.36,0.030000000000000027,0.09388505770489337,learned
36,L_param_true,hybrid diagnostic (true Re),11,0.1,all,300,2.3266875610965734,2.14325538831134,2.5047665792388902,24.782298887326608,22.828503711934466,26.67907588779529,0.93,0.24333333333333335,0.010000000000000009,0.09388505770489337,learned
36,L_param_true,hybrid diagnostic (true Re),11,0.1,first100,100,2.2871463042931963,1.9754390198583256,2.6529956176046503,24.361132220659947,21.0410375,28.25791113580339,0.91,0.21,0.010000000000000009,0.09388505770489337,learned
36,L_param_true,hybrid diagnostic (true Re),11,0.3,all,300,3.3118170036633616,3.077745183172028,3.54301533423681,35.27522999531316,32.78205561577466,37.73779790787884,1.0,0.38666666666666666,0.030000000000000027,0.09388505770489337,learned
36,L_param_true,hybrid diagnostic (true Re),11,0.3,first100,100,3.2411717317057587,2.842703781543968,3.6921551521193954,34.522764441319886,30.27855391514345,39.32633416197982,1.0,0.38,0.020000000000000018,0.09388505770489337,learned
36,L_param_true,hybrid diagnostic (true Re),23,0.1,all,300,2.357794810216128,2.162918171421157,2.553273298112311,25.11363222065994,23.03793835031561,27.195736579701034,0.8766666666666667,0.24666666666666667,0.010000000000000009,0.09388505770489337,learned
36,L_param_true,hybrid diagnostic (true Re),23,0.1,first100,100,2.3640381665535037,2.029085252169508,2.75070074862098,25.180132220659942,21.612440805516492,29.29859996749633,0.84,0.27,0.010000000000000009,0.09388505770489337,learned
36,L_param_true,hybrid diagnostic (true Re),23,0.3,all,300,3.258039747073404,3.0263543550768697,3.486157579671519,34.70243110798655,32.23467534726917,37.13218764406018,0.9966666666666667,0.37666666666666665,0.020000000000000018,0.09388505770489337,learned
36,L_param_true,hybrid diagnostic (true Re),23,0.3,first100,100,3.261438490625726,2.8604429956238393,3.6983777655002115,34.73863222065993,30.467500000000005,39.392613222066,0.99,0.37,0.010000000000000009,0.09388505770489337,learned
36,L_range,opponent (context adaptation),3,0.1,all,300,0.9911602017001767,0.9251093252906012,1.0666336172136597,10.557166666666665,9.8536375,11.361058333333332,0.3233333333333333,0.023333333333333334,0.0,0.09388505770489337,learned
36,L_range,opponent (context adaptation),3,0.1,first100,100,0.9430754046456541,0.830029580226413,1.0745309153176028,10.045000000000002,8.840912499999998,11.445174999999997,0.29,0.03,0.0,0.09388505770489337,learned
36,L_range,opponent (context adaptation),3,0.3,all,300,1.8044395140688156,1.6807772455618537,1.9327076270316839,19.219666666666665,17.9025,20.58589166666667,0.8,0.12,0.0,0.09388505770489337,learned
36,L_range,opponent (context adaptation),3,0.3,first100,100,1.6784770616480835,1.4917842772754608,1.8898311035533395,17.877999999999997,15.889475000000003,20.129199999999997,0.74,0.11,0.0,0.09388505770489337,learned
36,L_range,opponent (context adaptation),6,0.1,all,300,1.2706873135068792,1.1861254332198221,1.3605177102821424,13.5345,12.633804166666664,14.491312499999998,0.5233333333333333,0.056666666666666664,0.0,0.09388505770489337,learned
36,L_range,opponent (context adaptation),6,0.1,first100,100,1.2026675891996839,1.0669403084021623,1.3594251229231018,12.809999999999997,11.364325,14.479674999999999,0.49,0.04,0.0,0.09388505770489337,learned
36,L_range,opponent (context adaptation),6,0.3,all,300,2.1394996375079622,2.0022471157104764,2.2783896711869174,22.788499999999996,21.32657916666666,24.267862499999993,0.92,0.19666666666666666,0.0,0.09388505770489337,learned
36,L_range,opponent (context adaptation),6,0.3,first100,100,2.047492280957167,1.8348484930716904,2.2798190711904747,21.8085,19.543562500000004,24.283087499999997,0.91,0.18,0.0,0.09388505770489337,learned
36,L_range,opponent (context adaptation),11,0.1,all,300,1.4580975361954638,1.3660874413304853,1.5517506195702782,15.530666666666663,14.550637499999999,16.52819583333333,0.65,0.06,0.0,0.09388505770489337,learned
36,L_range,opponent (context adaptation),11,0.1,first100,100,1.4011406011878285,1.2647150502736269,1.5556061659400255,14.923999999999998,13.4708875,16.569262499999997,0.63,0.05,0.0,0.09388505770489337,learned
36,L_range,opponent (context adaptation),11,0.3,all,300,2.3404918985445216,2.1946848832391583,2.4929612322572683,24.92933333333333,23.37629583333333,26.553333333333327,0.96,0.24,0.0,0.09388505770489337,learned
36,L_range,opponent (context adaptation),11,0.3,first100,100,2.30445568389546,2.055666148793599,2.586408942068353,24.545499999999997,21.895562499999997,27.548674999999996,0.99,0.23,0.0,0.09388505770489337,learned
36,L_range,opponent (context adaptation),23,0.1,all,300,1.5130828849912965,1.4281896686880893,1.5989783242855033,16.116333333333333,15.212108333333333,17.031233333333333,0.71,0.04666666666666667,0.0,0.09388505770489337,learned
36,L_range,opponent (context adaptation),23,0.1,first100,100,1.5148354060684541,1.369578791913886,1.673572740946224,16.134999999999994,14.587824999999999,17.825762499999996,0.7,0.04,0.0,0.09388505770489337,learned
36,L_range,opponent (context adaptation),23,0.3,all,300,2.381676143857735,2.2476082814551472,2.5229923239028804,25.368000000000002,23.939999999999998,26.87320416666666,0.9766666666666667,0.25,0.0,0.09388505770489337,learned
36,L_range,opponent (context adaptation),23,0.3,first100,100,2.389562488704947,2.1289845110450147,2.6770936928687314,25.45200000000001,22.6765,28.5145875,0.98,0.24,0.0,0.09388505770489337,learned
36,L_ft,opponent (fine-tuning),3,0.1,all,100,0.21293131087469813,0.19945880509404595,0.22673241435731747,2.268,2.1245,2.4149999999999996,0.0,0.0,0.0,0.09388505770489337,learned
36,L_ft,opponent (fine-tuning),3,0.1,first100,100,0.21293131087469813,0.19945880509404595,0.22673241435731747,2.268,2.1245,2.4149999999999996,0.0,0.0,0.0,0.09388505770489337,learned
36,L_ft,opponent (fine-tuning),3,0.3,all,100,0.518198576002159,0.4771238632562681,0.5622388830083032,5.519500000000001,5.082,5.9885875,0.06,0.0,0.0,0.09388505770489337,learned
36,L_ft,opponent (fine-tuning),3,0.3,first100,100,0.518198576002159,0.4771238632562681,0.5622388830083032,5.519500000000001,5.082,5.9885875,0.06,0.0,0.0,0.09388505770489337,learned
36,L_ft,opponent (fine-tuning),6,0.1,all,100,0.3016526904058224,0.2812796328838605,0.3233401387356527,3.2129999999999996,2.9959999999999996,3.443999999999999,0.0,0.0,0.0,0.09388505770489337,learned
36,L_ft,opponent (fine-tuning),6,0.1,first100,100,0.3016526904058224,0.2812796328838605,0.3233401387356527,3.2129999999999996,2.9959999999999996,3.443999999999999,0.0,0.0,0.0,0.09388505770489337,learned
36,L_ft,opponent (fine-tuning),6,0.3,all,100,0.7616894731598001,0.6972761086316938,0.8376119721993044,8.113000000000001,7.4269124999999985,8.921674999999999,0.18,0.0,0.0,0.09388505770489337,learned
36,L_ft,opponent (fine-tuning),6,0.3,first100,100,0.7616894731598001,0.6972761086316938,0.8376119721993044,8.113000000000001,7.4269124999999985,8.921674999999999,0.18,0.0,0.0,0.09388505770489337,learned
36,L_ft,opponent (fine-tuning),11,0.1,all,100,0.41600469069038254,0.3847879090035055,0.4485440781276773,4.431,4.0985000000000005,4.777587500000001,0.01,0.0,0.0,0.09388505770489337,learned
36,L_ft,opponent (fine-tuning),11,0.1,first100,100,0.41600469069038254,0.3847879090035055,0.4485440781276773,4.431,4.0985000000000005,4.777587500000001,0.01,0.0,0.0,0.09388505770489337,learned
36,L_ft,opponent (fine-tuning),11,0.3,all,100,1.0462550830633317,0.9538862690403723,1.1461652143464367,11.144,10.16015,12.208175,0.42,0.0,0.0,0.09388505770489337,learned
36,L_ft,opponent (fine-tuning),11,0.3,first100,100,1.0462550830633317,0.9538862690403723,1.1461652143464367,11.144,10.16015,12.208175,0.42,0.0,0.0,0.09388505770489337,learned
36,L_ft,opponent (fine-tuning),23,0.1,all,100,0.6447086912595027,0.5875326911172227,0.7153736270675333,6.866999999999999,6.258,7.619674999999998,0.08,0.0,0.0,0.09388505770489337,learned
36,L_ft,opponent (fine-tuning),23,0.1,first100,100,0.6447086912595027,0.5875326911172227,0.7153736270675333,6.866999999999999,6.258,7.619674999999998,0.08,0.0,0.0,0.09388505770489337,learned
36,L_ft,opponent (fine-tuning),23,0.3,all,100,1.3051900722134278,1.1944444317079568,1.4317084024133204,13.902000000000001,12.7224125,15.249587499999997,0.6,0.02,0.0,0.09388505770489337,learned
36,L_ft,opponent (fine-tuning),23,0.3,first100,100,1.3051900722134278,1.1944444317079568,1.4317084024133204,13.902000000000001,12.7224125,15.249587499999997,0.6,0.02,0.0,0.09388505770489337,learned
36,L0,diagnostic (frozen nominal),3,0.1,all,300,0.43856839955879184,0.41841440717147477,0.45948911991736563,4.671333333333332,4.456666666666666,4.894166666666666,0.02,0.0,0.0,0.09388505770489337,learned
36,L0,diagnostic (frozen nominal),3,0.1,first100,100,0.4179762769021853,0.3883942687825946,0.44886446088709514,4.452,4.136912499999998,4.780999999999999,0.0,0.0,0.0,0.09388505770489337,learned
36,L0,diagnostic (frozen nominal),3,0.3,all,300,1.0262106232433368,0.9747248399734542,1.078682199619121,10.930499999999997,10.382108333333331,11.489391666666664,0.36333333333333334,0.0033333333333333335,0.0,0.09388505770489337,learned
36,L0,diagnostic (frozen nominal),3,0.3,first100,100,0.987436094411216,0.8927999562446836,1.092924171685213,10.5175,9.509500000000001,11.6410875,0.33,0.01,0.0,0.09388505770489337,learned
36,L0,diagnostic (frozen nominal),6,0.1,all,300,0.44262110454971987,0.4227957098643698,0.462232910728791,4.714500000000001,4.503333333333333,4.9233916666666655,0.02,0.0,0.0,0.09388505770489337,learned
36,L0,diagnostic (frozen nominal),6,0.1,first100,100,0.42421963323956063,0.39464584006251935,0.45510781722447047,4.5184999999999995,4.203500000000001,4.847499999999998,0.01,0.0,0.0,0.09388505770489337,learned
36,L0,diagnostic (frozen nominal),6,0.3,all,300,1.0429691060436603,0.9904975296678763,1.0955502149867669,11.108999999999998,10.550108333333332,11.669058333333332,0.36333333333333334,0.0033333333333333335,0.0,0.09388505770489337,learned
36,L0,diagnostic (frozen nominal),6,0.3,first100,100,1.034096968090548,0.9345154345094101,1.142871022384216,11.0145,9.953824999999998,12.173087499999998,0.36,0.01,0.0,0.09388505770489337,learned
36,L0,diagnostic (frozen nominal),11,0.1,all,300,0.44809773291583854,0.42969352329149635,0.46759726821340447,4.772833333333333,4.5768041666666655,4.980529166666666,0.013333333333333334,0.0,0.0,0.09388505770489337,learned
36,L0,diagnostic (frozen nominal),11,0.1,first100,100,0.4268484148552977,0.3989093952455427,0.4551242471095689,4.546499999999999,4.248912499999999,4.847674999999999,0.0,0.0,0.0,0.09388505770489337,learned
36,L0,diagnostic (frozen nominal),11,0.3,all,300,1.051512646294806,1.0030910365957666,1.099162051394222,11.200000000000001,10.684245833333334,11.707529166666664,0.4,0.0,0.0,0.09388505770489337,learned
36,L0,diagnostic (frozen nominal),11,0.3,first100,100,1.0485552669771014,0.9585194966381089,1.1494511913661076,11.168499999999998,10.2095,12.243174999999997,0.39,0.0,0.0,0.09388505770489337,learned
36,L0,diagnostic (frozen nominal),23,0.1,all,300,0.4468928746752924,0.426955209108437,0.46682780192796475,4.759999999999999,4.5476374999999996,4.972333333333332,0.023333333333333334,0.0,0.0,0.09388505770489337,learned
36,L0,diagnostic (frozen nominal),23,0.1,first100,100,0.45083604709889796,0.41435348723799764,0.4922475724893051,4.802,4.413412499999999,5.2430875,0.01,0.0,0.0,0.09388505770489337,learned
36,L0,diagnostic (frozen nominal),23,0.3,all,300,1.01481923624181,0.9674984288443605,1.063791247091644,10.809166666666668,10.305137499999999,11.330783333333333,0.38666666666666666,0.0033333333333333335,0.0,0.09388505770489337,learned
36,L0,diagnostic (frozen nominal),23,0.3,first100,100,0.9788925541600706,0.9026578873036973,1.062035987700303,10.426499999999999,9.6145,11.312087499999999,0.37,0.0,0.0,0.09388505770489337,learned
36,P0,null (nominal solver),3,0.1,all,300,0.08631166305003198,0.08455914197287397,0.08817371669451236,0.9193333333333333,0.9006666666666667,0.9391666666666667,0.0,0.0,0.0,0.09388505770489337,reference
36,P0,null (nominal solver),3,0.1,first100,100,0.08576400021342007,0.08247802319374882,0.08904997723309133,0.9134999999999996,0.8785,0.9484999999999996,0.0,0.0,0.0,0.09388505770489337,reference
36,P0,null (nominal solver),3,0.3,all,300,0.2824844911244066,0.2728456252000376,0.29201382448145335,3.0088333333333326,2.906166666666666,3.110333333333333,0.0,0.0,0.0,0.09388505770489337,reference
36,P0,null (nominal solver),3,0.3,first100,100,0.2858800007114003,0.2687929202091097,0.3036324915601743,3.0449999999999995,2.863,3.2340874999999993,0.0,0.0,0.0,0.09388505770489337,reference
36,P0,null (nominal solver),6,0.1,all,300,0.08685932588664386,0.08499727224216345,0.08861184696380185,0.9251666666666667,0.9053333333333332,0.9438333333333332,0.0,0.0,0.0,0.09388505770489337,reference
36,P0,null (nominal solver),6,0.1,first100,100,0.0874069887232557,0.08412101170358445,0.09069296574292697,0.9309999999999996,0.8959999999999999,0.9659999999999997,0.0,0.0,0.0,0.09388505770489337,reference
36,P0,null (nominal solver),6,0.3,all,300,0.28270355625905147,0.2726265600653928,0.29278055245270995,3.011166666666667,2.9038333333333326,3.1184999999999996,0.0,0.0,0.0,0.09388505770489337,reference
36,P0,null (nominal solver),6,0.3,first100,100,0.28325121909566325,0.26550694318943846,0.3016526904058223,3.0169999999999995,2.828,3.212999999999999,0.0,0.0,0.0,0.09388505770489337,reference
36,P0,null (nominal solver),11,0.1,all,300,0.08631166305003198,0.08444960940555157,0.08806418412718998,0.9193333333333333,0.8994999999999999,0.938,0.0,0.0,0.0,0.09388505770489337,reference
36,P0,null (nominal solver),11,0.1,first100,100,0.08543540251145294,0.0821494254917817,0.08872137953112422,0.9099999999999997,0.875,0.9449999999999997,0.0,0.0,0.0,0.09388505770489337,reference
36,P0,null (nominal solver),11,0.3,all,300,0.28620859841336743,0.2765669941748153,0.2969455283251433,3.0484999999999998,2.945804166666666,3.1628625,0.0,0.0,0.0,0.09388505770489337,reference
36,P0,null (nominal solver),11,0.3,first100,100,0.2855514030094331,0.26714993169927403,0.30362427661762514,3.041499999999999,2.8454999999999995,3.2339999999999995,0.0,0.0,0.0,0.09388505770489337,reference
36,P0,null (nominal solver),23,0.1,all,300,0.08762605385790048,0.08598032703388177,0.08937857493505848,0.9333333333333333,0.9158041666666664,0.9519999999999998,0.0,0.0,0.0,0.09388505770489337,reference
36,P0,null (nominal solver),23,0.1,first100,100,0.08576400021342007,0.08279840595316676,0.08872137953112423,0.9134999999999996,0.8819124999999998,0.945,0.0,0.0,0.0,0.09388505770489337,reference
36,P0,null (nominal solver),23,0.3,all,300,0.29037083597161767,0.2810578294350327,0.3002287670306315,3.0928333333333327,2.9936374999999997,3.197833333333333,0.0,0.0,0.0,0.09388505770489337,reference
36,P0,null (nominal solver),23,0.3,first100,100,0.29376634555861136,0.2750362765464851,0.313161824917221,3.129,2.9294999999999995,3.3355875,0.0,0.0,0.0,0.09388505770489337,reference
36,persistence,null,3,0.1,all,300,0.04370349436162786,0.041512843015180344,0.046006416589580795,0.46549999999999997,0.44216666666666654,0.49002916666666646,0.0,0.0,0.0,0.09388505770489337,reference
36,persistence,null,3,0.1,first100,100,0.044689287467529246,0.04107471274589085,0.04863245989113477,0.476,0.4375,0.518,0.0,0.0,0.0,0.09388505770489337,reference
36,persistence,null,3,0.3,all,300,0.11062789299559933,0.09978143051650111,0.12278600796838304,1.178333333333333,1.0628041666666665,1.3078333333333332,0.0,0.0,0.0,0.09388505770489337,reference
36,persistence,null,3,0.3,first100,100,0.11073742556292172,0.09660772437833527,0.12585291985340957,1.1795,1.029,1.3405,0.0,0.0,0.0,0.09388505770489337,reference
36,persistence,null,6,0.1,all,300,0.04567508057343062,0.04326536409233836,0.04819432962184526,0.48649999999999993,0.4608333333333333,0.5133333333333332,0.0,0.0,0.0,0.09388505770489337,reference
36,persistence,null,6,0.1,first100,100,0.046332275977364876,0.042389103553759355,0.05060404610293753,0.49349999999999994,0.45149999999999996,0.539,0.0,0.0,0.0,0.09388505770489337,reference
36,persistence,null,6,0.3,all,300,0.11906190067942227,0.1072323834086057,0.13264941565576294,1.2681666666666664,1.1421666666666666,1.4128916666666662,0.0,0.0,0.0,0.09388505770489337,reference
36,persistence,null,6,0.3,first100,100,0.11763797730423137,0.10153668990784218,0.13702524172029185,1.2529999999999997,1.0815,1.4594999999999996,0.0,0.0,0.0,0.09388505770489337,reference
36,persistence,null,11,0.1,all,300,0.04753713421791101,0.04468928746752924,0.05060404610293752,0.5063333333333333,0.4759999999999999,0.5389999999999999,0.0,0.0,0.0,0.09388505770489337,reference
36,persistence,null,11,0.1,first100,100,0.048303862189167636,0.044032092063594985,0.053232827718674554,0.5145,0.4689999999999999,0.5670000000000002,0.0,0.0,0.0,0.09388505770489337,reference
36,persistence,null,11,0.3,all,300,0.12015722635264604,0.10876583935111896,0.13297253672936396,1.2798333333333334,1.1584999999999999,1.416333333333333,0.0,0.0,0.0,0.09388505770489337,reference
36,persistence,null,11,0.3,first100,100,0.11928096581406702,0.10252248301374359,0.13768243712422612,1.2705,1.0920000000000003,1.4665,0.0,0.0,0.0,0.09388505770489337,reference
36,persistence,null,23,0.1,all,300,0.04972778556435852,0.04677040624665438,0.05290423001670741,0.5296666666666666,0.49816666666666665,0.5634999999999999,0.0,0.0,0.0,0.09388505770489337,reference
36,persistence,null,23,0.1,first100,100,0.048632459891134766,0.04370349436162786,0.05356964036319081,0.518,0.46549999999999997,0.5705874999999996,0.0,0.0,0.0,0.09388505770489337,reference
36,persistence,null,23,0.3,all,300,0.14009215360531838,0.1259597141065489,0.15849636322966054,1.4921666666666664,1.3416375000000003,1.6881958333333331,0.0033333333333333335,0.0,0.0,0.09388505770489337,reference
36,persistence,null,23,0.3,first100,100,0.13078188538291646,0.11172321866882311,0.1511549429048783,1.393,1.19,1.6099999999999997,0.0,0.0,0.0,0.09388505770489337,reference
40,O,oracle (upper reference),3,0.1,all,300,3.4045830206839978,3.2308069607364045,3.6001170122155304,20.273484183982077,19.23868897367334,21.437842715015634,1.0,0.4666666666666667,0.00666666666666671,0.16793280275789657,reference
40,O,oracle (upper reference),3,0.1,first100,100,3.4520227094489946,3.133995865507217,3.7776085139982283,20.555976275973116,18.662201869073787,22.4947625,1.0,0.52,0.010000000000000009,0.16793280275789657,reference
40,O,oracle (upper reference),3,0.3,all,300,4.676274190283974,4.452606303747111,4.921706300859672,27.84610340259497,26.514214201297488,29.307593394693356,1.0,0.7666666666666667,0.026666666666666616,0.16793280275789657,reference
40,O,oracle (upper reference),3,0.3,first100,100,4.7534939627380375,4.348954321618813,5.183223509195322,28.30592882791934,25.89699123814758,30.86486632791934,1.0,0.75,0.030000000000000027,0.16793280275789657,reference
40,O,oracle (upper reference),6,0.1,all,300,3.3526637958313485,3.168857773186859,3.5445354960735056,19.96431751731541,18.869796258657704,21.10686797256371,1.0,0.45,0.00666666666666671,0.16793280275789657,reference
40,O,oracle (upper reference),6,0.1,first100,100,3.398616094129656,3.0552014805744125,3.760074245305894,20.237952551946233,18.193,22.39035008977177,1.0,0.45,0.020000000000000018,0.16793280275789657,reference
40,O,oracle (upper reference),6,0.3,all,300,4.58248106391547,4.361171476270219,4.816072765496514,27.287587586577047,25.96974149569565,28.678570752134082,1.0,0.7733333333333333,0.033333333333333326,0.16793280275789657,reference
40,O,oracle (upper reference),6,0.3,first100,100,4.639627554383529,4.260201835361265,5.055935002130582,27.627881379865578,25.36849123814758,30.10689346630845,1.0,0.77,0.050000000000000044,0.16793280275789657,reference
40,O,oracle (upper reference),11,0.1,all,300,3.4595836696154274,3.2646073881334057,3.655534661073456,20.601,19.4399625,21.767841666666666,0.9966666666666667,0.48333333333333334,0.0,0.16793280275789657,reference
40,O,oracle (upper reference),11,0.1,first100,100,3.6112269905058074,3.2820640029800896,3.972129277752769,21.503999999999998,19.5439125,23.6530875,1.0,0.52,0.0,0.16793280275789657,reference
40,O,oracle (upper reference),11,0.3,all,300,4.69594633296478,4.459761226568265,4.936142719372937,27.963246345234754,26.556820069261644,29.39355884204004,1.0,0.7666666666666667,0.036666666666666625,0.16793280275789657,reference
40,O,oracle (upper reference),11,0.3,first100,100,4.809651549091245,4.402501695337144,5.245454608361486,28.64033393181181,26.215853145046903,31.235437759731152,1.0,0.76,0.06999999999999995,0.16793280275789657,reference
40,O,oracle (upper reference),23,0.1,all,300,3.4433488373347214,3.251536023225005,3.6512896740414793,20.50432542532437,19.362125623024596,21.74256377597311,1.0,0.43,0.0033333333333332993,0.16793280275789657,reference
40,O,oracle (upper reference),23,0.1,first100,100,3.5019027359104173,3.172151983575046,3.844569619937906,20.853,18.8894125,22.893500000000003,1.0,0.42,0.0,0.16793280275789657,reference
40,O,oracle (upper reference),23,0.3,all,300,4.6653292412901415,4.431290638461204,4.912644755683888,27.78092882791934,26.38728447145407,29.25363404293498,1.0,0.7933333333333333,0.030000000000000027,0.16793280275789657,reference
40,O,oracle (upper reference),23,0.3,first100,100,4.7253612342337625,4.319053786486712,5.169722125333446,28.13840510389246,25.718940645046906,30.784468790093804,1.0,0.79,0.040000000000000036,0.16793280275789657,reference
40,P1,identification,3,0.1,all,300,0.37891238062273397,0.3736224973358602,0.38400634230639014,2.2563333333333335,2.224833333333333,2.2866666666666666,0.0,0.0,0.0,0.16793280275789657,reference
40,P1,identification,3,0.1,first100,100,0.3785205374162989,0.3702918300811619,0.38733700956108846,2.254,2.2049999999999996,2.3065,0.0,0.0,0.0,0.16793280275789657,reference
40,P1,identification,3,0.3,all,300,0.7760454703446997,0.756252490379647,0.7966172386825421,4.621166666666666,4.503304166666666,4.743666666666667,0.10333333333333333,0.0,0.0,0.16793280275789657,reference
40,P1,identification,3,0.3,first100,100,0.7687963710256506,0.7358815416851029,0.8052524833443555,4.578,4.382000000000001,4.795087500000001,0.13,0.0,0.0,0.16793280275789657,reference
40,P1,identification,6,0.1,all,300,0.3916472848318744,0.3865533231482182,0.3967412465155306,2.3321666666666663,2.301833333333333,2.3625,0.0,0.0,0.0,0.16793280275789657,reference
40,P1,identification,6,0.1,first100,100,0.39556571689622544,0.38674924475143585,0.40496995385066753,2.3555000000000006,2.3030000000000004,2.4114999999999998,0.0,0.0,0.0,0.16793280275789657,reference
40,P1,identification,6,0.3,all,300,0.7832945696637489,0.7637024093419943,0.8048508440577594,4.664333333333333,4.547666666666666,4.792695833333333,0.11,0.0,0.0,0.16793280275789657,reference
40,P1,identification,6,0.3,first100,100,0.7793761375993981,0.747049073068503,0.8146420261785563,4.641,4.4485,4.851,0.14,0.0,0.0,0.16793280275789657,reference
40,P1,identification,11,0.1,all,300,0.38322265589352,0.377149086193776,0.3892962255932639,2.282,2.245833333333333,2.3181666666666665,0.0,0.0,0.0,0.16793280275789657,reference
40,P1,identification,11,0.1,first100,100,0.38145936146456205,0.3702918300811619,0.3926415869682035,2.2715,2.2049999999999996,2.3380875,0.0,0.0,0.0,0.16793280275789657,reference
40,P1,identification,11,0.3,all,300,0.802298965175851,0.7823149616476612,0.8236544199265633,4.777500000000001,4.6585,4.9046666666666665,0.12,0.0,0.0,0.16793280275789657,reference
40,P1,identification,11,0.3,first100,100,0.8175808502268196,0.782902726457314,0.8528614329262191,4.868500000000001,4.662000000000001,5.0785875,0.17,0.0,0.0,0.16793280275789657,reference
40,P1,identification,23,0.1,all,300,0.2772290685528276,0.2654737723597748,0.28859252153944526,1.6508333333333334,1.5808333333333333,1.7185,0.0,0.0,0.0,0.16793280275789657,reference
40,P1,identification,23,0.1,first100,100,0.28741699192014,0.26566969396299245,0.3097520546869402,1.7115,1.5820000000000005,1.8445,0.0,0.0,0.0,0.16793280275789657,reference
40,P1,identification,23,0.3,all,300,0.8262014007683913,0.7981748154281215,0.852851636846058,4.919833333333332,4.752941666666667,5.078529166666666,0.18,0.0,0.0,0.16793280275789657,reference
40,P1,identification,23,0.3,first100,100,0.8299239112295248,0.7846660208862718,0.8775328608113887,4.941999999999999,4.6725,5.225500000000001,0.2,0.0,0.0,0.16793280275789657,reference
40,P1x,identification diagnostic (drag known),3,0.1,all,300,3.369904896914492,3.1968998901940013,3.5581083071903445,20.066984183982076,19.03678041271586,21.187690842747127,1.0,0.44666666666666666,0.00666666666666671,0.16793280275789657,reference
40,P1x,identification diagnostic (drag known),3,0.1,first100,100,3.461426946403437,3.1379901535729635,3.804262490592341,20.611976275973117,18.685986906899334,22.65348060722137,1.0,0.5,0.010000000000000009,0.16793280275789657,reference
40,P1x,identification diagnostic (drag known),3,0.3,all,300,4.617524370105062,4.398982004078284,4.859528904985322,27.496262161252684,26.19489421861289,28.937341753243718,1.0,0.7633333333333333,0.030000000000000027,0.16793280275789657,reference
40,P1x,identification diagnostic (drag known),3,0.3,first100,100,4.72057913339749,4.305880829911731,5.15502330876677,28.109928827919347,25.640498813798654,30.696940824590445,1.0,0.76,0.030000000000000027,0.16793280275789657,reference
40,P1x,identification diagnostic (drag known),6,0.1,all,300,3.3142365008143586,3.1417799035559044,3.4913285338964086,19.735492091991038,18.70855396896644,20.790033135633106,1.0,0.44333333333333336,0.0033333333333332993,0.16793280275789657,reference
40,P1x,identification diagnostic (drag known),6,0.1,first100,100,3.372086695336236,3.0440045609505297,3.7223479268885913,20.079976275973117,18.126325,22.165698813798652,1.0,0.44,0.010000000000000009,0.16793280275789657,reference
40,P1x,identification diagnostic (drag known),6,0.3,all,300,4.589560902417653,4.366718166851727,4.825540786623478,27.329746345234756,26.002770722210162,28.73495057174927,1.0,0.77,0.036666666666666625,0.16793280275789657,reference
40,P1x,identification diagnostic (drag known),6,0.3,first100,100,4.65079508576693,4.267259525275965,5.073287784738431,27.69438137986558,25.410518107221368,30.210225169959383,1.0,0.76,0.050000000000000044,0.16793280275789657,reference
40,P1x,identification diagnostic (drag known),11,0.1,all,300,3.43707934603176,3.245212482454186,3.6414353742678216,20.466992091991038,19.32447043793288,21.683883758657707,0.9966666666666667,0.45666666666666667,0.0033333333333332993,0.16793280275789657,reference
40,P1x,identification diagnostic (drag known),11,0.1,first100,100,3.5935940462162286,3.2537925156357974,3.9709537481334634,21.399,19.3755625,23.646087499999997,1.0,0.47,0.0,0.16793280275789657,reference
40,P1x,identification diagnostic (drag known),11,0.3,all,300,4.657180516314057,4.430208794335818,4.898075476333482,27.73240510389246,26.38084234634439,29.16687744082306,1.0,0.7533333333333333,0.040000000000000036,0.16793280275789657,reference
40,P1x,identification diagnostic (drag known),11,0.3,first100,100,4.791510822351065,4.384506239194826,5.234895534584909,28.532310207784928,26.10869447296625,31.172560980429132,1.0,0.76,0.07999999999999996,0.16793280275789657,reference
40,P1x,identification diagnostic (drag known),23,0.1,all,300,3.3107365727427935,3.1331993748816065,3.5102372488443248,19.714650850648745,18.657458956357928,20.90263004723933,1.0,0.4066666666666667,0.00666666666666671,0.16793280275789657,reference
40,P1x,identification diagnostic (drag known),23,0.1,first100,100,3.3615069287624886,3.0763483191606427,3.693728805938293,20.016976275973118,18.31892440689933,21.995278738147576,1.0,0.4,0.010000000000000009,0.16793280275789657,reference
40,P1x,identification diagnostic (drag known),23,0.3,all,300,4.542041231293604,4.318927318778518,4.777377968182602,27.046777977270597,25.71818755984785,28.44815241409385,1.0,0.7766666666666666,0.023333333333333317,0.16793280275789657,reference
40,P1x,identification diagnostic (drag known),23,0.3,first100,100,4.534177706378553,4.170920360775028,4.934953324202599,26.999952551946233,24.836841238147574,29.38647627597311,1.0,0.8,0.020000000000000018,0.16793280275789657,reference
40,L_param_P1,identification (hybrid),3,0.1,all,300,0.5799279455239361,0.555829588328178,0.605005910735782,3.453333333333333,3.309833333333333,3.6026666666666665,0.05333333333333334,0.0,0.0,0.16793280275789657,learned
40,L_param_P1,identification (hybrid),3,0.1,first100,100,0.5677808061244484,0.5231106805908479,0.6136264612773541,3.3810000000000002,3.115,3.6540000000000004,0.07,0.0,0.0,0.16793280275789657,learned
40,L_param_P1,identification (hybrid),3,0.3,all,300,1.595389615000477,1.5111384275768518,1.6872866429896671,9.500166666666665,8.998470833333332,10.047391666666668,0.8,0.07333333333333333,0.0,0.16793280275789657,learned
40,L_param_P1,identification (hybrid),3,0.3,first100,100,1.6333984060246811,1.4705728596306589,1.8026746712046409,9.726500000000001,8.7569125,10.7345,0.79,0.09,0.0,0.16793280275789657,learned
40,L_param_P1,identification (hybrid),6,0.1,all,300,0.47726502543794214,0.45786878671940506,0.4968571857596966,2.8420000000000005,2.7265000000000006,2.9586666666666663,0.006666666666666667,0.0,0.0,0.16793280275789657,learned
40,L_param_P1,identification (hybrid),6,0.1,first100,100,0.4737384365800263,0.44023584242982594,0.5090043251591845,2.821,2.6215000000000006,3.0309999999999997,0.0,0.0,0.0,0.16793280275789657,learned
40,L_param_P1,identification (hybrid),6,0.3,all,300,1.4592241007642826,1.379278290571363,1.5424956801718201,8.689333333333334,8.213275,9.185195833333333,0.6933333333333334,0.04666666666666667,0.0,0.16793280275789657,learned
40,L_param_P1,identification (hybrid),6,0.3,first100,100,1.5205475625713745,1.3588828516764166,1.696318628897996,9.054499999999999,8.091825000000002,10.101175,0.7,0.07,0.0,0.16793280275789657,learned
40,L_param_P1,identification (hybrid),11,0.1,all,300,0.393998344070485,0.37460210535194793,0.4135905043922396,2.3461666666666665,2.2306666666666666,2.462833333333333,0.006666666666666667,0.0,0.0,0.16793280275789657,learned
40,L_param_P1,identification (hybrid),11,0.1,first100,100,0.404382189041015,0.370291830081162,0.44142606616937247,2.4080000000000004,2.2050000000000005,2.6285875,0.01,0.0,0.0,0.16793280275789657,learned
40,L_param_P1,identification (hybrid),11,0.3,all,300,1.3551897294557655,1.2744553348098955,1.4451226433726998,8.069833333333333,7.589079166666667,8.6053625,0.5366666666666666,0.04,0.0,0.16793280275789657,learned
40,L_param_P1,identification (hybrid),11,0.3,first100,100,1.4270929578366052,1.2748471780163304,1.5957961523271533,8.498000000000001,7.5914125,9.502587499999999,0.57,0.06,0.0,0.16793280275789657,learned
40,L_param_P1,identification (hybrid),23,0.1,all,300,0.24215910157688683,0.22942419736774639,0.2552858489924624,1.442,1.3661666666666668,1.5201666666666667,0.0,0.0,0.0,0.16793280275789657,learned
40,L_param_P1,identification (hybrid),23,0.1,first100,100,0.25215110334098173,0.2304038053838341,0.2745008602280232,1.5015000000000003,1.3719999999999999,1.6345874999999999,0.0,0.0,0.0,0.16793280275789657,learned
40,L_param_P1,identification (hybrid),23,0.3,all,300,1.0863852898412925,1.018968666174135,1.1561382786268193,6.469166666666666,6.0677166666666675,6.884529166666666,0.4066666666666667,0.013333333333333334,0.0,0.16793280275789657,learned
40,L_param_P1,identification (hybrid),23,0.3,first100,100,1.1714152656377075,1.0391681834658641,1.3177687032412144,6.975499999999999,6.188000000000001,7.847,0.44,0.03,0.0,0.16793280275789657,learned
40,L_param_true,hybrid diagnostic (true Re),3,0.1,all,300,2.99387801876732,2.80382916560622,3.1839660562490635,17.82783333333333,16.6961375,18.959762499999997,0.9866666666666667,0.39,0.0,0.16793280275789657,learned
40,L_param_true,hybrid diagnostic (true Re),3,0.1,first100,100,3.0169967679469916,2.7319014470249785,3.330304799732329,17.965500000000006,16.267825,19.831174999999998,0.98,0.39,0.0,0.16793280275789657,learned
40,L_param_true,hybrid diagnostic (true Re),3,0.3,all,300,4.219305029221606,3.9861107354067356,4.456103894694466,25.124960459955194,23.736343763364598,26.53504152561957,1.0,0.6133333333333333,0.01666666666666672,0.16793280275789657,learned
40,L_param_true,hybrid diagnostic (true Re),3,0.3,first100,100,4.310079349182795,3.9209643510725067,4.720368574560818,25.6655,23.3484125,28.108674999999998,1.0,0.63,0.0,0.16793280275789657,learned
40,L_param_true,hybrid diagnostic (true Re),6,0.1,all,300,2.891411020284544,2.717618762150419,3.057165594646668,17.217666666666666,16.182774999999996,18.204695833333332,1.0,0.38,0.0,0.16793280275789657,learned
40,L_param_true,hybrid diagnostic (true Re),6,0.1,first100,100,2.908260278161253,2.642590584198261,3.19218006946396,17.318,15.736000000000004,19.008675000000004,1.0,0.41,0.0,0.16793280275789657,learned
40,L_param_true,hybrid diagnostic (true Re),6,0.3,all,300,4.116472848318745,3.8974544296947697,4.352674152901792,24.5126192186129,23.208416495695644,25.919141950943946,1.0,0.5766666666666667,0.020000000000000018,0.16793280275789657,learned
40,L_param_true,hybrid diagnostic (true Re),6,0.3,first100,100,4.2096515490912445,3.8327555472638872,4.614043920053633,25.067476275973114,22.823150000000002,27.475536906899332,1.0,0.61,0.010000000000000009,0.16793280275789657,learned
40,L_param_true,hybrid diagnostic (true Re),11,0.1,all,300,2.907111409328298,2.7393822582940976,3.0744564523017504,17.311158758657704,16.312371456357926,18.30765878858163,0.9933333333333333,0.35333333333333333,0.0033333333333332993,0.16793280275789657,learned
40,L_param_true,hybrid diagnostic (true Re),11,0.1,first100,100,2.894741687539242,2.6437220314568415,3.184524432818234,17.2375,15.742737499999999,18.9630875,1.0,0.36,0.0,0.16793280275789657,learned
40,L_param_true,hybrid diagnostic (true Re),11,0.3,all,300,4.214576249958034,3.99266970656713,4.439517407612862,25.096801701297487,23.775400880572665,26.436272930031272,1.0,0.65,0.013333333333333308,0.16793280275789657,learned
40,L_param_true,hybrid diagnostic (true Re),11,0.3,first100,100,4.230223317429087,3.87510400179936,4.600738071953761,25.189976275973116,23.075325000000003,27.396303738147573,1.0,0.67,0.010000000000000009,0.16793280275789657,learned
40,L_param_true,hybrid diagnostic (true Re),23,0.1,all,300,2.9799942457252255,2.794811873818133,3.1745233014936365,17.74515875865771,16.64244166666667,18.903533135633108,1.0,0.35333333333333333,0.0033333333333332993,0.16793280275789657,learned
40,L_param_true,hybrid diagnostic (true Re),23,0.1,first100,100,2.917664515115695,2.6566822455096823,3.203362294967601,17.374,15.8199125,19.075262499999997,1.0,0.36,0.0,0.16793280275789657,learned
40,L_param_true,hybrid diagnostic (true Re),23,0.3,all,300,4.257981567414513,4.016366209662052,4.5095265416620745,25.355270069261636,23.91650793473816,26.853160714308547,1.0,0.6433333333333333,0.026666666666666616,0.16793280275789657,learned
40,L_param_true,hybrid diagnostic (true Re),23,0.3,first100,100,4.297896252898193,3.926319522598191,4.695977176995575,25.592952551946237,23.380301275973117,27.96343001412069,1.0,0.66,0.020000000000000018,0.16793280275789657,learned
40,L_range,opponent (context adaptation),3,0.1,all,300,2.2579964770822176,2.142779880270059,2.3747706506399555,13.445833333333333,12.759745833333332,14.141195833333333,0.9466666666666667,0.23333333333333334,0.0,0.16793280275789657,learned
40,L_range,opponent (context adaptation),3,0.1,first100,100,2.273474283736404,2.0883136745755815,2.4610300344965603,13.538,12.4354125,14.654849999999998,0.94,0.22,0.0,0.16793280275789657,learned
40,L_range,opponent (context adaptation),3,0.3,all,300,3.3290998818725415,3.173719356400786,3.486650239099931,19.823999999999998,18.89874583333333,20.762175,1.0,0.4866666666666667,0.0,0.16793280275789657,learned
40,L_range,opponent (context adaptation),3,0.3,first100,100,3.3908151868860683,3.145100108210784,3.652972986111387,20.191499999999998,18.728325000000005,21.7525875,1.0,0.53,0.0,0.16793280275789657,learned
40,L_range,opponent (context adaptation),6,0.1,all,300,2.243694200047337,2.131783780289475,2.359684687192204,13.360666666666669,12.694266666666667,14.051362499999998,0.94,0.21666666666666667,0.0,0.16793280275789657,learned
40,L_range,opponent (context adaptation),6,0.1,first100,100,2.2711232244977935,2.0942060167923495,2.4656880706130577,13.524000000000001,12.470500000000001,14.6825875,0.93,0.23,0.0,0.16793280275789657,learned
40,L_range,opponent (context adaptation),6,0.3,all,300,3.363778005642047,3.2011483808512424,3.52326308870121,20.0305,19.062079166666663,20.980195833333333,1.0,0.48,0.0,0.16793280275789657,learned
40,L_range,opponent (context adaptation),6,0.3,first100,100,3.400219423840511,3.1521826741670975,3.678261567046692,20.247500000000002,18.7705,21.903175000000005,1.0,0.5,0.0,0.16793280275789657,learned
40,L_range,opponent (context adaptation),11,0.1,all,300,2.250943299366386,2.142397833143785,2.3585140556129796,13.403833333333333,12.757470833333333,14.044391666666666,0.9633333333333334,0.21,0.0,0.16793280275789657,learned
40,L_range,opponent (context adaptation),11,0.1,first100,100,2.3416550016561097,2.151204509208414,2.5374100715109207,13.943999999999999,12.809912500000001,15.109675,0.98,0.26,0.0,0.16793280275789657,learned
40,L_range,opponent (context adaptation),11,0.3,all,300,3.4041378559048616,3.246200553511117,3.5698924302669863,20.270833333333332,19.330354166666663,21.2578625,1.0,0.5,0.0,0.16793280275789657,learned
40,L_range,opponent (context adaptation),11,0.3,first100,100,3.5442218022054073,3.2703234009072784,3.8393091248915145,21.105,19.474000000000004,22.862175000000004,1.0,0.5,0.0,0.16793280275789657,learned
40,L_range,opponent (context adaptation),23,0.1,all,300,2.2199876860580137,2.1163402599158507,2.3236302141600955,13.2195,12.602304166666663,13.836666666666666,0.97,0.19666666666666666,0.0,0.16793280275789657,learned
40,L_range,opponent (context adaptation),23,0.1,first100,100,2.2664211060205726,2.1024347241274866,2.4427505489163637,13.496000000000002,12.519500000000003,14.546000000000001,0.97,0.23,0.0,0.16793280275789657,learned
40,L_range,opponent (context adaptation),23,0.3,all,300,3.307548505518612,3.1653045235425927,3.4499933071379285,19.695666666666668,18.8486375,20.543891666666667,1.0,0.49666666666666665,0.0,0.16793280275789657,learned
40,L_range,opponent (context adaptation),23,0.3,first100,100,3.332626470730458,3.1098342196316255,3.571846748259081,19.845000000000002,18.518325000000004,21.2695,1.0,0.51,0.0,0.16793280275789657,learned
40,L_ft,opponent (fine-tuning),3,0.1,all,100,0.37264288931977246,0.3526588857915829,0.39380242246726754,2.219,2.1000000000000005,2.3450000000000006,0.0,0.0,0.0,0.16793280275789657,learned
40,L_ft,opponent (fine-tuning),3,0.1,first100,100,0.37264288931977246,0.3526588857915829,0.39380242246726754,2.219,2.1000000000000005,2.3450000000000006,0.0,0.0,0.0,0.16793280275789657,learned
40,L_ft,opponent (fine-tuning),3,0.3,all,100,0.8346260297067459,0.781697808597526,0.8904636866237466,4.97,4.654825000000001,5.3025,0.18,0.0,0.0,0.16793280275789657,learned
40,L_ft,opponent (fine-tuning),3,0.3,first100,100,0.8346260297067459,0.781697808597526,0.8904636866237466,4.97,4.654825000000001,5.3025,0.18,0.0,0.0,0.16793280275789657,learned
40,L_ft,opponent (fine-tuning),6,0.1,all,100,0.4496400793842681,0.42495395737885727,0.47608949581863685,2.6775,2.5305,2.8350000000000004,0.01,0.0,0.0,0.16793280275789657,learned
40,L_ft,opponent (fine-tuning),6,0.1,first100,100,0.4496400793842681,0.42495395737885727,0.47608949581863685,2.6775,2.5305,2.8350000000000004,0.01,0.0,0.0,0.16793280275789657,learned
40,L_ft,opponent (fine-tuning),6,0.3,all,100,1.1049978421469595,1.0168037324585812,1.2014059650502333,6.58,6.054825000000001,7.1540875,0.43,0.0,0.0,0.16793280275789657,learned
40,L_ft,opponent (fine-tuning),6,0.3,first100,100,1.1049978421469595,1.0168037324585812,1.2014059650502333,6.58,6.054825000000001,7.1540875,0.43,0.0,0.0,0.16793280275789657,learned
40,L_ft,opponent (fine-tuning),11,0.1,all,100,0.5701318653630589,0.5307222348758495,0.6136264612773541,3.3950000000000005,3.160325,3.6540000000000004,0.06,0.0,0.0,0.16793280275789657,learned
40,L_ft,opponent (fine-tuning),11,0.1,first100,100,0.5701318653630589,0.5307222348758495,0.6136264612773541,3.3950000000000005,3.160325,3.6540000000000004,0.06,0.0,0.0,0.16793280275789657,learned
40,L_ft,opponent (fine-tuning),11,0.3,all,100,1.409460013547026,1.290731521997193,1.5417364839593521,8.393,7.686,9.180675,0.68,0.03,0.0,0.16793280275789657,learned
40,L_ft,opponent (fine-tuning),11,0.3,first100,100,1.409460013547026,1.290731521997193,1.5417364839593521,8.393,7.686,9.180675,0.68,0.03,0.0,0.16793280275789657,learned
40,L_ft,opponent (fine-tuning),23,0.1,all,100,0.8775328608113885,0.8116885080100518,0.9480793320899464,5.225499999999999,4.8334125,5.6455875,0.31,0.0,0.0,0.16793280275789657,learned
40,L_ft,opponent (fine-tuning),23,0.1,first100,100,0.8775328608113885,0.8116885080100518,0.9480793320899464,5.225499999999999,4.8334125,5.6455875,0.31,0.0,0.0,0.16793280275789657,learned
40,L_ft,opponent (fine-tuning),23,0.3,all,100,1.793858199059851,1.6703982007923146,1.930807399708916,10.681999999999999,9.946825,11.4975,0.93,0.04,0.0,0.16793280275789657,learned
40,L_ft,opponent (fine-tuning),23,0.3,first100,100,1.793858199059851,1.6703982007923146,1.930807399708916,10.681999999999999,9.946825,11.4975,0.93,0.04,0.0,0.16793280275789657,learned
40,L0,diagnostic (frozen nominal),3,0.1,all,300,2.912374631828821,2.7377986872818267,3.093210271598616,17.342499999999998,16.302941666666666,18.41933333333333,0.9866666666666667,0.38,0.0,0.16793280275789657,learned
40,L0,diagnostic (frozen nominal),3,0.1,first100,100,2.9940739403705385,2.6977963939448846,3.323868775066633,17.829000000000004,16.0647375,19.79285,0.99,0.39,0.0,0.16793280275789657,learned
40,L0,diagnostic (frozen nominal),3,0.3,all,300,4.232601037454048,4.003028008976387,4.486928374657034,25.204135034630816,23.837082114013345,26.718593990988747,1.0,0.5833333333333334,0.013333333333333308,0.16793280275789657,learned
40,L0,diagnostic (frozen nominal),3,0.3,first100,100,4.38194662067852,3.9480942092368454,4.825633068725162,26.093452551946235,23.509964369073792,28.735500089771772,1.0,0.59,0.020000000000000018,0.16793280275789657,learned
40,L0,diagnostic (frozen nominal),6,0.1,all,300,2.919819652751088,2.747594767442704,3.095394797474492,17.386833333333332,16.361275,18.432341666666666,0.9966666666666667,0.36333333333333334,0.0,0.16793280275789657,learned
40,L0,diagnostic (frozen nominal),6,0.1,first100,100,2.994073940370537,2.7131076672363355,3.3056333718471596,17.828999999999997,16.1559125,19.684262499999996,1.0,0.34,0.0,0.16793280275789657,learned
40,L0,diagnostic (frozen nominal),6,0.3,all,300,4.131505490193795,3.9140818768643344,4.367984198316689,24.60213503463082,23.307428998890366,26.010309639230368,1.0,0.5933333333333334,0.013333333333333308,0.16793280275789657,learned
40,L0,diagnostic (frozen nominal),6,0.3,first100,100,4.250875068125981,3.883334708693473,4.666673431070863,25.312952551946232,23.124336906899327,27.78893315916759,1.0,0.63,0.020000000000000018,0.16793280275789657,learned
40,L0,diagnostic (frozen nominal),11,0.1,all,300,2.925893222450832,2.761113358064715,3.1112399571347105,17.423,16.441775,18.52669583333333,0.99,0.36,0.0,0.16793280275789657,learned
40,L0,diagnostic (frozen nominal),11,0.1,first100,100,3.093406193201834,2.784153738603098,3.412591873083699,18.4205,16.578975,20.321175,0.99,0.41,0.0,0.16793280275789657,learned
40,L0,diagnostic (frozen nominal),11,0.3,all,300,4.206739385829332,3.9840968033870454,4.458287859213448,25.05013503463082,23.724351275973117,26.54804651620578,1.0,0.5833333333333334,0.013333333333333308,0.16793280275789657,learned
40,L0,diagnostic (frozen nominal),11,0.3,first100,100,4.4118426436117515,3.9774044669194017,4.870395871179079,26.27147627597311,23.684500000000003,29.00205195884556,1.0,0.6,0.010000000000000009,0.16793280275789657,learned
40,L0,diagnostic (frozen nominal),23,0.1,all,300,3.0017415436823724,2.819283148579663,3.212642300664006,17.874658758657702,16.788162302299774,19.130522732331045,0.9933333333333333,0.3566666666666667,0.0033333333333332993,0.16793280275789657,learned
40,L0,diagnostic (frozen nominal),23,0.1,first100,100,2.9952494699898424,2.7013229828028003,3.315140467643291,17.835999999999995,16.0857375,19.740875,0.99,0.35,0.0,0.16793280275789657,learned
40,L0,diagnostic (frozen nominal),23,0.3,all,300,4.2229382612249236,3.991985485022158,4.4636089637615175,25.146595494586013,23.771326503597262,26.57973243140926,1.0,0.62,0.030000000000000027,0.16793280275789657,learned
40,L0,diagnostic (frozen nominal),23,0.3,first100,100,4.2527183449139905,3.872430513950781,4.666251629656243,25.323928827919346,23.059405014120692,27.78642143181181,1.0,0.63,0.030000000000000027,0.16793280275789657,learned
40,P0,null (nominal solver),3,0.1,all,300,0.2409835719575816,0.23667329668679551,0.24509792562515004,1.435,1.409333333333333,1.4595,0.0,0.0,0.0,0.16793280275789657,reference
40,P0,null (nominal solver),3,0.1,first100,100,0.23863251271897107,0.23157933500313937,0.24627345524445535,1.4210000000000003,1.379,1.4665000000000001,0.0,0.0,0.0,0.16793280275789657,reference
40,P0,null (nominal solver),3,0.3,all,300,0.6242062278511015,0.60676920516474,0.6414473289342456,3.7169999999999996,3.613166666666667,3.8196666666666665,0.023333333333333334,0.0,0.0,0.16793280275789657,reference
40,P0,null (nominal solver),3,0.3,first100,100,0.6265572870897121,0.5965812817974276,0.6594721164302598,3.7310000000000003,3.5525000000000007,3.927,0.04,0.0,0.0,0.16793280275789657,reference
40,P0,null (nominal solver),6,0.1,all,300,0.24196317997366928,0.23784882630610085,0.24607753364123777,1.4408333333333332,1.4163333333333334,1.4653333333333334,0.0,0.0,0.0,0.16793280275789657,reference
40,P0,null (nominal solver),6,0.1,first100,100,0.2392202775286237,0.23216709981279202,0.24686122005410793,1.4245000000000003,1.3825,1.4699999999999998,0.0,0.0,0.0,0.16793280275789657,reference
40,P0,null (nominal solver),6,0.3,all,300,0.6202877957867505,0.602850773100389,0.6375288968698948,3.693666666666666,3.5898333333333334,3.796333333333334,0.023333333333333334,0.0,0.0,0.16793280275789657,reference
40,P0,null (nominal solver),6,0.3,first100,100,0.623618463041449,0.5936424577491644,0.656547986502238,3.7135000000000002,3.5349999999999997,3.9095875,0.04,0.0,0.0,0.16793280275789657,reference
40,P0,null (nominal solver),11,0.1,all,300,0.23843659111575344,0.234322237448185,0.24255094478332193,1.419833333333333,1.3953333333333333,1.4443333333333332,0.0,0.0,0.0,0.16793280275789657,reference
40,P0,null (nominal solver),11,0.1,first100,100,0.23686921829001314,0.2292282757645288,0.2439223960058448,1.4105,1.365,1.4525000000000003,0.0,0.0,0.0,0.16793280275789657,reference
40,P0,null (nominal solver),11,0.3,all,300,0.6091202644033505,0.5916832417169888,0.6265621851297926,3.6271666666666667,3.523333333333333,3.7310291666666666,0.01,0.0,0.0,0.16793280275789657,reference
40,P0,null (nominal solver),11,0.3,first100,100,0.6100998724194383,0.581299396746459,0.6418391721406808,3.6330000000000005,3.4615000000000005,3.8220000000000005,0.01,0.0,0.0,0.16793280275789657,reference
40,P0,null (nominal solver),23,0.1,all,300,0.2354977670674903,0.2311874917967043,0.24000396394149381,1.4023333333333332,1.376666666666667,1.4291666666666665,0.0,0.0,0.0,0.16793280275789657,reference
40,P0,null (nominal solver),23,0.1,first100,100,0.24039580714792896,0.23275486462244466,0.2480367496734133,1.4315000000000002,1.3860000000000001,1.4770000000000003,0.0,0.0,0.0,0.16793280275789657,reference
40,P0,null (nominal solver),23,0.3,all,300,0.6244021494543192,0.6061814403550873,0.6432106233632036,3.718166666666667,3.609666666666666,3.830166666666667,0.016666666666666666,0.0,0.0,0.16793280275789657,reference
40,P0,null (nominal solver),23,0.3,first100,100,0.6377248184731122,0.6077341190605865,0.6712274126233126,3.7975,3.618912500000001,3.9970000000000003,0.03,0.0,0.0,0.16793280275789657,reference
40,persistence,null,3,0.1,all,300,0.07778087647736576,0.07405836601623238,0.08150338693849912,0.4631666666666666,0.44099999999999995,0.4853333333333333,0.0,0.0,0.0,0.16793280275789657,reference
40,persistence,null,3,0.1,first100,100,0.07405836601623238,0.06876848272935865,0.07993601411275876,0.44099999999999995,0.40950000000000003,0.476,0.0,0.0,0.0,0.16793280275789657,reference
40,persistence,null,3,0.3,all,300,0.18867250389849677,0.174762070070051,0.20336662413981274,1.1234999999999997,1.0406666666666666,1.2109999999999999,0.0,0.0,0.0,0.16793280275789657,reference
40,persistence,null,3,0.3,first100,100,0.18632144465988623,0.1628108522737807,0.21394639071356022,1.1095,0.9694999999999998,1.274,0.0,0.0,0.0,0.16793280275789657,reference
40,persistence,null,6,0.1,all,300,0.07797679808058329,0.07425428761944992,0.08169930854171667,0.4643333333333332,0.4421666666666666,0.48649999999999993,0.0,0.0,0.0,0.16793280275789657,reference
40,persistence,null,6,0.1,first100,100,0.07288283639692711,0.068180717919706,0.07876048449345348,0.434,0.4059999999999999,0.4689999999999999,0.0,0.0,0.0,0.16793280275789657,reference
40,persistence,null,6,0.3,all,300,0.19161132794675997,0.17691720770544403,0.20610952658485837,1.141,1.0534999999999999,1.2273333333333332,0.0,0.0,0.0,0.16793280275789657,reference
40,persistence,null,6,0.3,first100,100,0.1857336798502336,0.1627961581535394,0.21277086109425497,1.1059999999999999,0.9694124999999999,1.2670000000000001,0.0,0.0,0.0,0.16793280275789657,reference
40,persistence,null,11,0.1,all,300,0.07954417090632367,0.0754298172387552,0.08365852457389214,0.4736666666666666,0.44916666666666666,0.49816666666666665,0.0,0.0,0.0,0.16793280275789657,reference
40,persistence,null,11,0.1,first100,100,0.07640942525484294,0.06994401234866392,0.08405036778032723,0.455,0.4165,0.5005000000000001,0.0,0.0,0.0,0.16793280275789657,reference
40,persistence,null,11,0.3,all,300,0.19200317115319507,0.17672128610222648,0.20689321299772856,1.1433333333333333,1.0523333333333333,1.232,0.0,0.0,0.0,0.16793280275789657,reference
40,persistence,null,11,0.3,first100,100,0.18220709099231777,0.16162062853423415,0.20689321299772856,1.085,0.9624125000000001,1.232,0.0,0.0,0.0,0.16793280275789657,reference
40,persistence,null,23,0.1,all,300,0.07621350365162538,0.07229507158727447,0.08032785731919385,0.45383333333333326,0.43049999999999994,0.4783333333333333,0.0,0.0,0.0,0.16793280275789657,reference
40,persistence,null,23,0.1,first100,100,0.07464613082588503,0.06818071791970601,0.08111154373206403,0.44450000000000006,0.40599999999999997,0.48299999999999993,0.0,0.0,0.0,0.16793280275789657,reference
40,persistence,null,23,0.3,all,300,0.18142340457944758,0.1671211275445667,0.19748897604328636,1.0803333333333334,0.9951666666666664,1.176,0.0,0.0,0.0,0.16793280275789657,reference
40,persistence,null,23,0.3,first100,100,0.18338262061162303,0.15810873379655963,0.21159533147494966,1.0919999999999999,0.9415,1.2599999999999998,0.0,0.0,0.0,0.16793280275789657,reference
44,O,oracle (upper reference),3,0.1,all,300,3.7446786546693343,3.5734565485699425,3.917944687417894,17.046166666666664,16.26674583333333,17.834891666666667,1.0,0.62,0.0,0.21967863672200014,reference
44,O,oracle (upper reference),3,0.1,first100,100,3.6375487061612386,3.3284416424126717,3.9835617808791017,16.5585,15.1514125,18.133587499999997,1.0,0.58,0.0,0.21967863672200014,reference
44,O,oracle (upper reference),3,0.3,all,300,5.0772164595257765,4.854412834273472,5.293830425459234,23.112017332622628,22.097792059847198,24.098066632480485,1.0,0.8966666666666666,0.01666666666666672,0.21967863672200014,reference
44,O,oracle (upper reference),3,0.3,first100,100,4.904701303065226,4.532443740151102,5.308427395721391,22.326710399573575,20.632155259989336,24.164513559136488,1.0,0.86,0.010000000000000009,0.21967863672200014,reference
44,O,oracle (upper reference),6,0.1,all,300,3.7795343316958916,3.6024111082175545,3.9535756469665495,17.20483333333333,16.398549999999997,17.9970875,1.0,0.5766666666666667,0.0,0.21967863672200014,reference
44,O,oracle (upper reference),6,0.1,first100,100,3.577576438336132,3.274562710773642,3.890508656346622,16.285499999999995,14.906149999999998,17.709999999999997,1.0,0.51,0.0,0.21967863672200014,reference
44,O,oracle (upper reference),6,0.3,all,300,5.127705932865715,4.917176303648076,5.3404819299501085,23.341850665955956,22.383497899573573,24.310429132480483,1.0,0.9333333333333333,0.01666666666666672,0.21967863672200014,reference
44,O,oracle (upper reference),6,0.3,first100,100,4.886294517872067,4.5171227457154135,5.24934479992458,22.24292079914715,20.562412499999994,23.895563438731383,1.0,0.92,0.020000000000000018,0.21967863672200014,reference
44,O,oracle (upper reference),11,0.1,all,300,3.739809111555331,3.559379724594328,3.92331399943044,17.024,16.20266666666667,17.85933333333333,1.0,0.56,0.0,0.21967863672200014,reference
44,O,oracle (upper reference),11,0.1,first100,100,3.655232836417359,3.36457877815344,3.9366411700582415,16.638999999999996,15.315912499999996,17.919999999999995,1.0,0.56,0.0,0.21967863672200014,reference
44,O,oracle (upper reference),11,0.3,all,300,5.0101758702478945,4.796140681108695,5.231898375002965,22.806841598294298,21.83253115858569,23.816145498134397,1.0,0.9066666666666666,0.040000000000000036,0.21967863672200014,reference
44,O,oracle (upper reference),11,0.3,first100,100,4.947081881217191,4.588737493417544,5.305396959591485,22.519631198720724,20.888410279168472,24.150718698720723,1.0,0.95,0.030000000000000027,0.21967863672200014,reference
44,O,oracle (upper reference),23,0.1,all,300,3.7452066449188486,3.572703080105246,3.9266923975479764,17.048570133191188,16.263315966524527,17.874712152903353,1.0,0.58,0.0033333333333332993,0.21967863672200014,reference
44,O,oracle (upper reference),23,0.1,first100,100,3.692907722615183,3.401407901599884,3.9820048085413347,16.8105,15.483562499999998,18.126499999999997,1.0,0.61,0.0,0.21967863672200014,reference
44,O,oracle (upper reference),23,0.3,all,300,5.0405975538269825,4.841692962154834,5.244507439574728,22.945324265671676,22.0398898791507,23.87354327135401,1.0,0.9266666666666666,0.023333333333333317,0.21967863672200014,reference
44,O,oracle (upper reference),23,0.3,first100,100,4.9408384388059945,4.5978546447107504,5.290694734159206,22.49121039957357,20.929912500000004,24.083792639584235,1.0,0.91,0.010000000000000009,0.21967863672200014,reference
44,P1,identification,3,0.1,all,300,0.5007940655139196,0.4938741884571766,0.5082265260563472,2.2796666666666665,2.2481666666666666,2.3134999999999994,0.0,0.0,0.0,0.21967863672200014,reference
44,P1,identification,3,0.1,first100,100,0.5051510251422393,0.49208014625728025,0.5182219040271983,2.2995,2.2399999999999998,2.3589999999999995,0.0,0.0,0.0,0.21967863672200014,reference
44,P1,identification,3,0.3,all,300,1.0072265493703705,0.9833850099924623,1.0333747144338596,4.584999999999999,4.476470833333332,4.7040291666666665,0.3333333333333333,0.0,0.0,0.21967863672200014,reference
44,P1,identification,3,0.3,first100,100,1.0095331750559515,0.9641503146921452,1.0548968135390444,4.5954999999999995,4.388912499999999,4.801999999999999,0.32,0.0,0.0,0.21967863672200014,reference
44,P1,identification,6,0.1,all,300,0.5097642765134013,0.5025881077138159,0.517196737055829,2.3205,2.287833333333333,2.3543333333333334,0.0,0.0,0.0,0.21967863672200014,reference
44,P1,identification,6,0.1,first100,100,0.5082265260563473,0.4951556471713882,0.5212974049413063,2.3135,2.2539999999999996,2.3729999999999998,0.0,0.0,0.0,0.21967863672200014,reference
44,P1,identification,6,0.3,all,300,1.0213225952266989,0.9961995971345791,1.048489519967986,4.649166666666666,4.534804166666666,4.772833333333332,0.35,0.0,0.0,0.21967863672200014,reference
44,P1,identification,6,0.3,first100,100,1.0226040539409105,0.9810655697197392,1.0664299419669496,4.654999999999999,4.465912499999999,4.8545,0.36,0.0,0.0,0.21967863672200014,reference
44,P1,identification,11,0.1,all,300,0.4992563150568656,0.49131127102875327,0.5074576508278204,2.2726666666666664,2.2365,2.31,0.0,0.0,0.0,0.21967863672200014,reference
44,P1,identification,11,0.1,first100,100,0.49669339762844233,0.48285364351495624,0.5105331517419284,2.261,2.198,2.3240000000000003,0.0,0.0,0.0,0.21967863672200014,reference
44,P1,identification,11,0.3,all,300,1.0210663034838563,0.9954371291996233,1.0451641346046068,4.647999999999999,4.531333333333333,4.757695833333332,0.3566666666666667,0.0,0.0,0.21967863672200014,reference
44,P1,identification,11,0.3,first100,100,1.0072265493703705,0.9656880651491992,1.0495339088200686,4.584999999999999,4.395912499999999,4.777587499999999,0.3,0.0,0.0,0.21967863672200014,reference
44,P1,identification,23,0.1,all,300,0.3744422362926492,0.35855214823642456,0.3887945738918199,1.7045,1.6321666666666668,1.7698333333333331,0.0,0.0,0.0,0.21967863672200014,reference
44,P1,identification,23,0.1,first100,100,0.3859753647205542,0.35983360695063626,0.4121171224904721,1.757,1.6380000000000001,1.8759999999999992,0.0,0.0,0.0,0.21967863672200014,reference
44,P1,identification,23,0.3,all,300,1.0036384649705778,0.9710830063360303,1.0382378502542928,4.568666666666666,4.420470833333332,4.726166666666666,0.3466666666666667,0.0,0.0,0.21967863672200014,reference
44,P1,identification,23,0.3,first100,100,0.9987689218565734,0.9464854063167374,1.0549160354197578,4.546499999999999,4.308499999999999,4.8020875,0.36,0.0,0.0,0.21967863672200014,reference
44,P1x,identification diagnostic (drag known),3,0.1,all,300,3.7403216950410143,3.561673535692766,3.918194571867165,17.02633333333333,16.21310833333333,17.836029166666663,1.0,0.6066666666666667,0.0,0.21967863672200014,reference
44,P1x,identification diagnostic (drag known),3,0.1,first100,100,3.6290910786474417,3.3253469196178504,3.9689723734178033,16.519999999999996,15.137324999999999,18.067175000000002,1.0,0.56,0.0,0.21967863672200014,reference
44,P1x,identification diagnostic (drag known),3,0.3,all,300,5.053622212420451,4.832656923814054,5.2773514230034575,23.004613866098097,21.998756892914013,24.023052499555806,1.0,0.89,0.013333333333333308,0.21967863672200014,reference
44,P1x,identification diagnostic (drag known),3,0.3,first100,100,4.909314554436388,4.531712153176714,5.324528710736256,22.347710399573575,20.628824999999996,24.237808419552255,1.0,0.85,0.010000000000000009,0.21967863672200014,reference
44,P1x,identification diagnostic (drag known),6,0.1,all,300,3.7464726968692306,3.5775764383361337,3.910396895591186,17.054333333333332,16.285500000000003,17.800533333333327,1.0,0.5766666666666667,0.0,0.21967863672200014,reference
44,P1x,identification diagnostic (drag known),6,0.1,first100,100,3.5645055594511734,3.260780622302295,3.8805132783757714,16.225999999999996,14.843412499999996,17.6645,1.0,0.52,0.0,0.21967863672200014,reference
44,P1x,identification diagnostic (drag known),6,0.3,all,300,5.113609887009388,4.894214599057105,5.325550832928933,23.277683999289295,22.27897383235611,24.24246122606967,1.0,0.93,0.01666666666666672,0.21967863672200014,reference
44,P1x,identification diagnostic (drag known),6,0.3,first100,100,4.881681266500904,4.507897398480377,5.254586907843788,22.221920799147142,20.520417759989336,23.91942605913649,1.0,0.92,0.020000000000000018,0.21967863672200014,reference
44,P1x,identification diagnostic (drag known),11,0.1,all,300,3.710350967892291,3.530677256403578,3.8949134443757223,16.88990346652452,16.072010046528078,17.730051053187633,1.0,0.5633333333333334,0.0033333333333332993,0.21967863672200014,reference
44,P1x,identification diagnostic (drag known),11,0.1,first100,100,3.619864575905117,3.337668145154996,3.8951795733599233,16.477999999999994,15.193412499999999,17.731262499999996,1.0,0.58,0.0,0.21967863672200014,reference
44,P1x,identification diagnostic (drag known),11,0.3,all,300,5.000149678749383,4.782270113467549,5.221603462343564,22.761201331911916,21.769390892203308,23.769281985081786,1.0,0.9,0.033333333333333326,0.21967863672200014,reference
44,P1x,identification diagnostic (drag known),11,0.3,first100,100,4.927860000504015,4.574731877720087,5.294718525952312,22.432131198720725,20.824655259989335,24.102109358283645,1.0,0.95,0.030000000000000027,0.21967863672200014,reference
44,P1x,identification diagnostic (drag known),23,0.1,all,300,3.653710492724137,3.4886307741517975,3.8326085365216556,16.632070133191196,15.880610086663115,17.44643263319119,1.0,0.52,0.0033333333333332993,0.21967863672200014,reference
44,P1x,identification diagnostic (drag known),23,0.1,first100,100,3.660614963017049,3.334573422360175,3.977545332215878,16.6635,15.179325000000002,18.106199999999998,1.0,0.53,0.0,0.21967863672200014,reference
44,P1x,identification diagnostic (drag known),23,0.3,all,300,4.940131190632787,4.7426935880263,5.145437053751518,22.487990932338338,21.589234432604858,23.422564572189092,1.0,0.9166666666666666,0.023333333333333317,0.21967863672200014,reference
44,P1x,identification diagnostic (drag known),23,0.3,first100,100,4.869425483135964,4.494046199016242,5.24169082258015,22.166131198720727,20.457365659562914,23.86072173787853,1.0,0.88,0.030000000000000027,0.21967863672200014,reference
44,L_param_P1,identification (hybrid),3,0.1,all,300,0.7422208872713977,0.7142850873015835,0.7704193862776255,3.3786666666666663,3.2515,3.5070291666666664,0.13666666666666666,0.0,0.0,0.21967863672200014,learned
44,L_param_P1,identification (hybrid),3,0.1,first100,100,0.7288937166435965,0.6743035754181793,0.7842527330975403,3.318,3.0694999999999997,3.569999999999999,0.14,0.0,0.0,0.21967863672200014,learned
44,L_param_P1,identification (hybrid),3,0.3,all,300,1.9109112346324386,1.8214654163804638,2.0026764931571357,8.698666666666668,8.2915,9.116391666666665,0.9633333333333334,0.08666666666666667,0.0,0.21967863672200014,learned
44,L_param_P1,identification (hybrid),3,0.3,first100,100,1.8683668053206108,1.6961195322498501,2.043708801186193,8.504999999999999,7.720912500000001,9.303174999999998,0.93,0.1,0.0,0.21967863672200014,learned
44,L_param_P1,identification (hybrid),6,0.1,all,300,0.6107432231932808,0.5876705590438996,0.6353472305061446,2.780166666666667,2.6751375,2.8921666666666663,0.03333333333333333,0.0,0.0,0.21967863672200014,learned
44,L_param_P1,identification (hybrid),6,0.1,first100,100,0.5958783021084254,0.5474391627112244,0.6427989129292854,2.7125000000000004,2.4920000000000004,2.926087499999999,0.04,0.0,0.0,0.21967863672200014,learned
44,L_param_P1,identification (hybrid),6,0.3,all,300,1.7566236054413538,1.6689526075085626,1.8432822509899178,7.996333333333333,7.597245833333333,8.390812500000001,0.9166666666666666,0.07333333333333333,0.0,0.21967863672200014,learned
44,L_param_P1,identification (hybrid),6,0.3,first100,100,1.7069030073299407,1.561585589138338,1.8676171519727975,7.769999999999999,7.108499999999999,8.501587500000001,0.9,0.08,0.0,0.21967863672200014,learned
44,L_param_P1,identification (hybrid),11,0.1,all,300,0.5020755242281313,0.478752975629479,0.5251481883775124,2.2855,2.1793333333333336,2.390529166666667,0.02,0.0,0.0,0.21967863672200014,learned
44,L_param_P1,identification (hybrid),11,0.1,first100,100,0.4928490214858073,0.44902313345976835,0.5351563809355054,2.2435,2.0440000000000005,2.4360874999999997,0.01,0.0,0.0,0.21967863672200014,learned
44,L_param_P1,identification (hybrid),11,0.3,all,300,1.621557856963444,1.5341623726542082,1.7135665926438415,7.381499999999999,6.983666666666666,7.800333333333332,0.8166666666666667,0.056666666666666664,0.0,0.21967863672200014,learned
44,L_param_P1,identification (hybrid),11,0.3,first100,100,1.6000293505646876,1.4639384351154086,1.7522666458130336,7.283499999999998,6.663999999999999,7.976499999999998,0.81,0.06,0.0,0.21967863672200014,learned
44,L_param_P1,identification (hybrid),23,0.1,all,300,0.31549513543891256,0.29704212995426443,0.3344607244092451,1.4361666666666668,1.3521666666666663,1.5224999999999995,0.01,0.0,0.0,0.21967863672200014,learned
44,L_param_P1,identification (hybrid),23,0.1,first100,100,0.32984747303808326,0.29909246389700317,0.36139057928840346,1.5015000000000003,1.3615,1.6450875000000003,0.0,0.0,0.0,0.21967863672200014,learned
44,L_param_P1,identification (hybrid),23,0.3,all,300,1.2842779233829331,1.2061025345224503,1.367316448063849,5.846166666666667,5.490304166666666,6.224166666666666,0.56,0.03333333333333333,0.0,0.21967863672200014,learned
44,L_param_P1,identification (hybrid),23,0.3,first100,100,1.3078567637244276,1.1686903473610408,1.4539430571445577,5.953499999999999,5.32,6.618499999999999,0.58,0.04,0.0,0.21967863672200014,learned
44,L_param_true,hybrid diagnostic (true Re),3,0.1,all,300,3.2062097029575916,3.0431697107484412,3.3730556275479504,14.594999999999999,13.852825,15.354499999999996,1.0,0.42,0.0,0.21967863672200014,learned
44,L_param_true,hybrid diagnostic (true Re),3,0.1,first100,100,3.1077936737061354,2.8309601476749897,3.383839102628043,14.146999999999997,12.886825000000002,15.403587500000004,1.0,0.4,0.0,0.21967863672200014,learned
44,L_param_true,hybrid diagnostic (true Re),3,0.3,all,300,4.47566892554716,4.275751143719685,4.680166100439444,20.373710399573575,19.4636638660981,21.304602806517416,1.0,0.7733333333333333,0.010000000000000009,0.21967863672200014,learned
44,L_param_true,hybrid diagnostic (true Re),3,0.3,first100,100,4.39339927609477,4.01501655425592,4.749484616306337,19.99921039957357,18.276772899573576,21.620147899573574,1.0,0.74,0.010000000000000009,0.21967863672200014,learned
44,L_param_true,hybrid diagnostic (true Re),6,0.1,all,300,3.14675001861817,2.9845173453989733,3.306676066151786,14.32433333333333,13.585833333333332,15.052333333333332,1.0,0.39666666666666667,0.0,0.21967863672200014,learned
44,L_param_true,hybrid diagnostic (true Re),6,0.1,first100,100,3.0316750260819623,2.758724319954878,3.3200224586603007,13.800499999999998,12.558000000000002,15.113087499999997,1.0,0.39,0.0,0.21967863672200014,learned
44,L_param_true,hybrid diagnostic (true Re),6,0.3,all,300,4.489011502938791,4.274731613703696,4.703069276473583,20.434447199431432,19.45902285943854,21.40886044565746,1.0,0.74,0.013333333333333308,0.21967863672200014,learned
44,L_param_true,hybrid diagnostic (true Re),6,0.3,first100,100,4.295029467134803,3.9466635464398694,4.650336797781768,19.551420799147145,17.96562289957357,21.168816718699397,1.0,0.71,0.020000000000000018,0.21967863672200014,learned
44,L_param_true,hybrid diagnostic (true Re),11,0.1,all,300,3.1136883837915095,2.950923905205914,3.275671172561435,14.173833333333333,13.432912499999999,14.91119583333333,0.9966666666666667,0.41,0.0,0.21967863672200014,learned
44,L_param_true,hybrid diagnostic (true Re),11,0.1,first100,100,3.0339816517675433,2.75486072193153,3.3177350548554334,13.810999999999998,12.540412500000002,15.102675,1.0,0.38,0.0,0.21967863672200014,learned
44,L_param_true,hybrid diagnostic (true Re),11,0.3,all,300,4.410027425851863,4.20141417631027,4.626621399566415,20.074903466524525,19.125274259722822,21.060861759722822,1.0,0.7066666666666667,0.0033333333333332993,0.21967863672200014,learned
44,L_param_true,hybrid diagnostic (true Re),11,0.3,first100,100,4.304163529294147,3.9412351995486907,4.653271326806832,19.592999999999993,17.940912499999996,21.182174999999997,1.0,0.66,0.0,0.21967863672200014,learned
44,L_param_true,hybrid diagnostic (true Re),23,0.1,all,300,3.1180453434198294,2.9509431270866275,3.282110502600349,14.193666666666667,13.432999999999998,14.940508333333334,1.0,0.37666666666666665,0.0,0.21967863672200014,learned
44,L_param_true,hybrid diagnostic (true Re),23,0.1,first100,100,3.0939539195926486,2.8147176584723574,3.364655665676294,14.083999999999994,12.812887500000004,15.316262500000002,1.0,0.4,0.0,0.21967863672200014,learned
44,L_param_true,hybrid diagnostic (true Re),23,0.3,all,300,4.433380787978175,4.228582256558844,4.64098312180494,20.181210399573576,19.248946186378824,21.12623781291046,1.0,0.7433333333333333,0.010000000000000009,0.21967863672200014,learned
44,L_param_true,hybrid diagnostic (true Re),23,0.3,first100,100,4.3687952687819065,4.026625414699391,4.699448905302655,19.887210399573576,18.32961763958424,21.392380139584233,1.0,0.75,0.010000000000000009,0.21967863672200014,learned
44,L_range,opponent (context adaptation),3,0.1,all,300,2.0569975280525683,1.9467920786303647,2.1715727516902334,9.363666666666665,8.861999999999998,9.885224999999998,0.97,0.12,0.0,0.21967863672200014,learned
44,L_range,opponent (context adaptation),3,0.1,first100,100,1.999844469398728,1.80455016135287,2.206691127753204,9.103499999999999,8.2145,10.045087499999998,0.95,0.1,0.0,0.21967863672200014,learned
44,L_range,opponent (context adaptation),3,0.3,all,300,3.365366875262681,3.2146481085906755,3.5237615796328137,15.3195,14.633412499999999,16.040529166666666,1.0,0.4533333333333333,0.0,0.21967863672200014,learned
44,L_range,opponent (context adaptation),3,0.3,first100,100,3.283097225810292,3.012453145368789,3.562198933765593,14.945,13.713000000000005,16.2155,1.0,0.43,0.0,0.21967863672200014,learned
44,L_range,opponent (context adaptation),6,0.1,all,300,2.3030376011812086,2.1836056490166813,2.4306837037038327,10.483666666666666,9.94,11.064725,0.9866666666666667,0.19333333333333333,0.0,0.21967863672200014,learned
44,L_range,opponent (context adaptation),6,0.1,first100,100,2.245115667298841,2.0528776382863776,2.445023226715861,10.219999999999997,9.344912499999998,11.129999999999999,0.98,0.17,0.0,0.21967863672200014,learned
44,L_range,opponent (context adaptation),6,0.3,all,300,3.5850088988785607,3.4266013799212858,3.7480104473262843,16.319333333333333,15.598245833333333,17.06133333333333,1.0,0.5266666666666666,0.0,0.21967863672200014,learned
44,L_range,opponent (context adaptation),6,0.3,first100,100,3.543745928280945,3.2707952221538594,3.827480109488121,16.1315,14.888999999999998,17.423087499999998,1.0,0.51,0.0,0.21967863672200014,learned
44,L_range,opponent (context adaptation),11,0.1,all,300,2.4209318028886817,2.302255911365539,2.5398511715675247,11.020333333333332,10.480108333333332,11.561666666666666,0.99,0.25333333333333335,0.0,0.21967863672200014,learned
44,L_range,opponent (context adaptation),11,0.1,first100,100,2.394277461633079,2.1805109262218605,2.615002317862468,10.898999999999997,9.9259125,11.9037625,0.99,0.25,0.0,0.21967863672200014,learned
44,L_range,opponent (context adaptation),11,0.3,all,300,3.715733094491981,3.5501343851403857,3.8844140972203505,16.914403466524526,16.160580919996445,17.68225693304905,1.0,0.59,0.0033333333333332993,0.21967863672200014,learned
44,L_range,opponent (context adaptation),11,0.3,first100,100,3.6237089520477515,3.3323052404360194,3.918957039802121,16.495499999999993,15.168999999999997,17.839499999999997,1.0,0.57,0.0,0.21967863672200014,learned
44,L_range,opponent (context adaptation),23,0.1,all,300,2.458606689086505,2.345050225126638,2.577276173316076,11.191833333333332,10.674912499999998,11.732029166666663,0.9966666666666667,0.23666666666666666,0.0,0.21967863672200014,learned
44,L_range,opponent (context adaptation),23,0.1,first100,100,2.4058105900609843,2.215879186734102,2.5972605219642078,10.9515,10.0869125,11.823,1.0,0.22,0.0,0.21967863672200014,learned
44,L_range,opponent (context adaptation),23,0.3,all,300,3.7346832766984837,3.587309117270571,3.8961598892762956,17.000666666666667,16.329804166666666,17.735725,1.0,0.6133333333333333,0.0,0.21967863672200014,learned
44,L_range,opponent (context adaptation),23,0.3,first100,100,3.721356106070682,3.456824583695968,3.9858684065646837,16.939999999999998,15.735825000000002,18.1440875,1.0,0.61,0.0,0.21967863672200014,learned
44,L_ft,opponent (fine-tuning),3,0.1,all,100,0.44517875731713324,0.41980587477574227,0.4720893903155782,2.0265,1.911,2.1489999999999996,0.0,0.0,0.0,0.21967863672200014,learned
44,L_ft,opponent (fine-tuning),3,0.1,first100,100,0.44517875731713324,0.41980587477574227,0.4720893903155782,2.0265,1.911,2.1489999999999996,0.0,0.0,0.0,0.21967863672200014,learned
44,L_ft,opponent (fine-tuning),3,0.3,all,100,1.0425948098826123,0.9741649145437095,1.1125624556785694,4.745999999999999,4.434499999999999,5.064499999999999,0.43,0.0,0.0,0.21967863672200014,learned
44,L_ft,opponent (fine-tuning),3,0.3,first100,100,1.0425948098826123,0.9741649145437095,1.1125624556785694,4.745999999999999,4.434499999999999,5.064499999999999,0.43,0.0,0.0,0.21967863672200014,learned
44,L_ft,opponent (fine-tuning),6,0.1,all,100,0.5812696727664124,0.5443636617971163,0.6181756837357084,2.6460000000000004,2.4779999999999998,2.814,0.04,0.0,0.0,0.21967863672200014,learned
44,L_ft,opponent (fine-tuning),6,0.1,first100,100,0.5812696727664124,0.5443636617971163,0.6181756837357084,2.6460000000000004,2.4779999999999998,2.814,0.04,0.0,0.0,0.21967863672200014,learned
44,L_ft,opponent (fine-tuning),6,0.3,all,100,1.2609553747842808,1.1879122280742156,1.341687273779616,5.74,5.4075,6.107500000000001,0.7,0.0,0.0,0.21967863672200014,learned
44,L_ft,opponent (fine-tuning),6,0.3,first100,100,1.2609553747842808,1.1879122280742156,1.341687273779616,5.74,5.4075,6.107500000000001,0.7,0.0,0.0,0.21967863672200014,learned
44,L_ft,opponent (fine-tuning),11,0.1,all,100,0.7165917129871646,0.6704399773948312,0.7657997276128924,3.262000000000001,3.0519125,3.4859999999999998,0.08,0.0,0.0,0.21967863672200014,learned
44,L_ft,opponent (fine-tuning),11,0.1,first100,100,0.7165917129871646,0.6704399773948312,0.7657997276128924,3.262000000000001,3.0519125,3.4859999999999998,0.08,0.0,0.0,0.21967863672200014,learned
44,L_ft,opponent (fine-tuning),11,0.3,all,100,1.5646610900524462,1.4654761855724627,1.6761479981888607,7.122500000000001,6.670999999999999,7.629999999999999,0.85,0.01,0.0,0.21967863672200014,learned
44,L_ft,opponent (fine-tuning),11,0.3,first100,100,1.5646610900524462,1.4654761855724627,1.6761479981888607,7.122500000000001,6.670999999999999,7.629999999999999,0.85,0.01,0.0,0.21967863672200014,learned
44,L_ft,opponent (fine-tuning),23,0.1,all,100,0.9826225420575065,0.9072727696618604,1.0587411896816794,4.473,4.129999999999999,4.819499999999999,0.32,0.0,0.0,0.21967863672200014,learned
44,L_ft,opponent (fine-tuning),23,0.1,first100,100,0.9826225420575065,0.9072727696618604,1.0587411896816794,4.473,4.129999999999999,4.819499999999999,0.32,0.0,0.0,0.21967863672200014,learned
44,L_ft,opponent (fine-tuning),23,0.3,all,100,2.038288230825078,1.8768052109536946,2.20436528018691,9.278499999999998,8.543412499999999,10.034499999999998,0.98,0.12,0.0,0.21967863672200014,learned
44,L_ft,opponent (fine-tuning),23,0.3,first100,100,2.038288230825078,1.8768052109536946,2.20436528018691,9.278499999999998,8.543412499999999,10.034499999999998,0.98,0.12,0.0,0.21967863672200014,learned
44,L0,diagnostic (frozen nominal),3,0.1,all,300,1.1943195216452738,1.1448488079831325,1.2432776518217306,5.436666666666666,5.211470833333332,5.659529166666665,0.5433333333333333,0.0033333333333333335,0.0,0.21967863672200014,learned
44,L0,diagnostic (frozen nominal),3,0.1,first100,100,1.1479307161908117,1.0656418448577092,1.2294507122953868,5.225499999999999,4.850912499999999,5.596587499999999,0.51,0.0,0.0,0.21967863672200014,learned
44,L0,diagnostic (frozen nominal),3,0.3,all,300,2.407092048775196,2.2986806415528886,2.5196105311765513,10.957333333333333,10.463833333333332,11.469529166666666,1.0,0.18333333333333332,0.0,0.21967863672200014,learned
44,L0,diagnostic (frozen nominal),3,0.3,first100,100,2.3958152120901333,2.1989447098257946,2.5972605219642078,10.905999999999999,10.009824999999998,11.823,1.0,0.19,0.0,0.21967863672200014,learned
44,L0,diagnostic (frozen nominal),6,0.1,all,300,1.1745850574464143,1.127664446625554,1.222767905100773,5.346833333333333,5.133245833333333,5.566166666666666,0.52,0.006666666666666667,0.0,0.21967863672200014,learned
44,L0,diagnostic (frozen nominal),6,0.1,first100,100,1.1287088354776365,1.0456703107967205,1.2102096097014985,5.137999999999999,4.759999999999999,5.508999999999999,0.47,0.0,0.0,0.21967863672200014,learned
44,L0,diagnostic (frozen nominal),6,0.3,all,300,2.4076046322608806,2.301448592375586,2.517810081683084,10.959666666666665,10.476433333333333,11.461333333333332,1.0,0.16666666666666666,0.0,0.21967863672200014,learned
44,L0,diagnostic (frozen nominal),6,0.3,first100,100,2.4088860909750918,2.2089785315580723,2.6111002760776927,10.965499999999997,10.0555,11.885999999999996,1.0,0.2,0.0,0.21967863672200014,learned
44,L0,diagnostic (frozen nominal),11,0.1,all,300,1.1868870611028464,1.1333220868487985,1.2453215784708982,5.402833333333333,5.158999999999999,5.668833333333332,0.5433333333333333,0.006666666666666667,0.0,0.21967863672200014,learned
44,L0,diagnostic (frozen nominal),11,0.1,first100,100,1.1633082207613514,1.0825763217660165,1.2471348425515079,5.295499999999999,4.927999999999999,5.6770875,0.51,0.0,0.0,0.21967863672200014,learned
44,L0,diagnostic (frozen nominal),11,0.3,all,300,2.3927397111760254,2.2912033299554637,2.4991328209234487,10.892,10.429795833333332,11.376312499999997,1.0,0.19,0.0,0.21967863672200014,learned
44,L0,diagnostic (frozen nominal),11,0.3,first100,100,2.3881264598048633,2.2012897792728023,2.5742134869891107,10.870999999999999,10.0205,11.7180875,1.0,0.22,0.0,0.21967863672200014,learned
44,L0,diagnostic (frozen nominal),23,0.1,all,300,1.1733035987322027,1.1181944667275299,1.2320200370173813,5.341,5.090137499999999,5.6082833333333335,0.48,0.013333333333333334,0.0,0.21967863672200014,learned
44,L0,diagnostic (frozen nominal),23,0.1,first100,100,1.1633082207613514,1.0771941951663275,1.2525169691511968,5.295499999999999,4.903499999999999,5.7015875,0.5,0.01,0.0,0.21967863672200014,learned
44,L0,diagnostic (frozen nominal),23,0.3,all,300,2.4065794652895116,2.303274671043338,2.5137158210911776,10.955,10.484745833333333,11.442695833333332,1.0,0.21666666666666667,0.0,0.21967863672200014,learned
44,L0,diagnostic (frozen nominal),23,0.3,first100,100,2.3496826983785133,2.1751287996221706,2.522698846677801,10.696,9.901412499999998,11.483587499999995,1.0,0.22,0.0,0.21967863672200014,learned
44,P0,null (nominal solver),3,0.1,all,300,0.4349270876034399,0.4280072105466969,0.44235954814586753,1.9798333333333331,1.948333333333333,2.0136666666666665,0.0,0.0,0.0,0.21967863672200014,reference
44,P0,null (nominal solver),3,0.1,first100,100,0.4351833793462822,0.4221125004613232,0.4482542582312412,1.9809999999999997,1.9214999999999998,2.0404999999999998,0.0,0.0,0.0,0.21967863672200014,reference
44,P0,null (nominal solver),3,0.3,all,300,0.932389360460409,0.9088105201189145,0.9582812337810558,4.244333333333332,4.137,4.362195833333333,0.2633333333333333,0.0,0.0,0.21967863672200014,reference
44,P0,null (nominal solver),3,0.3,first100,100,0.9334145274317782,0.8857442632631043,0.9810847916004523,4.248999999999999,4.031999999999999,4.465999999999998,0.28,0.0,0.0,0.21967863672200014,reference
44,P0,null (nominal solver),6,0.1,all,300,0.43133900320364715,0.4239001353676485,0.43902775548891715,1.9634999999999996,1.9296374999999997,1.9984999999999995,0.0,0.0,0.0,0.21967863672200014,reference
44,P0,null (nominal solver),6,0.1,first100,100,0.4282635022895392,0.4136548729475262,0.4421224782837383,1.9494999999999996,1.8829999999999996,2.012587499999999,0.0,0.0,0.0,0.21967863672200014,reference
44,P0,null (nominal solver),6,0.3,all,300,0.9254694834036661,0.901634351319329,0.9518675329164266,4.212833333333332,4.104333333333332,4.333,0.24666666666666667,0.0,0.0,0.21967863672200014,reference
44,P0,null (nominal solver),6,0.3,first100,100,0.9257257751465084,0.8842065128060501,0.9680139127154933,4.2139999999999995,4.024999999999998,4.4064999999999985,0.27,0.0,0.0,0.21967863672200014,reference
44,P0,null (nominal solver),11,0.1,all,300,0.4303138362322778,0.4233875518819638,0.43724012058259193,1.9588333333333328,1.9273041666666664,1.9903624999999996,0.0,0.0,0.0,0.21967863672200014,reference
44,P0,null (nominal solver),11,0.1,first100,100,0.42903237751806617,0.41596149863310716,0.44210325640302517,1.9529999999999996,1.8934999999999995,2.0124999999999997,0.0,0.0,0.0,0.21967863672200014,reference
44,P0,null (nominal solver),11,0.3,all,300,0.9059913109476487,0.882412470606154,0.9295765585827145,4.124166666666666,4.016833333333333,4.231529166666666,0.23666666666666666,0.0,0.0,0.21967863672200014,reference
44,P0,null (nominal solver),11,0.3,first100,100,0.8934330155483744,0.8542011570127841,0.9334337493124915,4.066999999999999,3.888412499999999,4.249087499999999,0.21,0.0,0.0,0.21967863672200014,reference
44,P0,null (nominal solver),23,0.1,all,300,0.4221125004613232,0.4149363316617378,0.4292886692609085,1.9214999999999998,1.888833333333333,1.9541666666666662,0.0,0.0,0.0,0.21967863672200014,reference
44,P0,null (nominal solver),23,0.1,first100,100,0.41980587477574216,0.407484649238597,0.4321078784321742,1.9109999999999996,1.8549124999999997,1.9669999999999996,0.0,0.0,0.0,0.21967863672200014,reference
44,P0,null (nominal solver),23,0.3,all,300,0.8977899751766942,0.8734422596066724,0.9218813990038734,4.086833333333334,3.9759999999999995,4.1964999999999995,0.21666666666666667,0.0,0.0,0.21967863672200014,reference
44,P0,null (nominal solver),23,0.3,first100,100,0.8842065128060503,0.8457627513797001,0.9234383713416405,4.0249999999999995,3.8499999999999983,4.203587499999999,0.22,0.0,0.0,0.21967863672200014,reference
44,persistence,null,3,0.1,all,300,0.10507961456535675,0.09969108067209669,0.11097432465073041,0.4783333333333334,0.45380416666666673,0.5051666666666668,0.0,0.0,0.0,0.21967863672200014,reference
44,persistence,null,3,0.1,first100,100,0.10687365676525305,0.0968782787944021,0.11686903473610409,0.48649999999999993,0.44100000000000017,0.532,0.0,0.0,0.0,0.21967863672200014,reference
44,persistence,null,3,0.3,all,300,0.2596235354992838,0.23758244561484312,0.2826961996486649,1.1818333333333333,1.0815,1.2868624999999998,0.006666666666666667,0.0,0.0,0.21967863672200014,reference
44,persistence,null,3,0.3,first100,100,0.27525733181266615,0.23143144378662714,0.32292759598134013,1.253,1.0534999999999999,1.4699999999999998,0.02,0.0,0.0,0.21967863672200014,reference
44,persistence,null,6,0.1,all,300,0.10379815585114507,0.09841602925145605,0.10943657419367642,0.47250000000000003,0.44799999999999995,0.49816666666666676,0.0,0.0,0.0,0.21967863672200014,reference
44,persistence,null,6,0.1,first100,100,0.10841140722230706,0.09841602925145607,0.11917566042168509,0.4935,0.448,0.5425000000000001,0.0,0.0,0.0,0.21967863672200014,reference
44,persistence,null,6,0.3,all,300,0.2555228676138065,0.23425065295789282,0.27833924002034527,1.1631666666666667,1.0663333333333334,1.2670291666666669,0.01,0.0,0.0,0.21967863672200014,reference
44,persistence,null,6,0.3,first100,100,0.27525733181266615,0.22912481810104615,0.32754084735250216,1.253,1.0430000000000001,1.4909999999999999,0.03,0.0,0.0,0.21967863672200014,reference
44,persistence,null,11,0.1,all,300,0.10200411365124874,0.0971345705372444,0.10738624025093772,0.4643333333333334,0.4421666666666667,0.4888333333333333,0.0,0.0,0.0,0.21967863672200014,reference
44,persistence,null,11,0.1,first100,100,0.10610478153672608,0.0968590569136889,0.11610015950757707,0.48300000000000004,0.4409125000000001,0.5285,0.0,0.0,0.0,0.21967863672200014,reference
44,persistence,null,11,0.3,all,300,0.24988444927127512,0.23040627681525783,0.2716692474128735,1.1375,1.0488333333333335,1.2366666666666668,0.0033333333333333335,0.0,0.0,0.21967863672200014,reference
44,persistence,null,11,0.3,first100,100,0.2683374547559231,0.22297381627283014,0.3175454693816512,1.2214999999999996,1.015,1.4455,0.01,0.0,0.0,0.21967863672200014,reference
44,persistence,null,23,0.1,all,300,0.09918490447998307,0.09457165310882107,0.10431073933682974,0.45150000000000007,0.43050000000000005,0.4748333333333334,0.0,0.0,0.0,0.21967863672200014,reference
44,persistence,null,23,0.1,first100,100,0.10302928062261808,0.09303390265176709,0.11304388047418217,0.4690000000000001,0.42350000000000015,0.5145874999999996,0.0,0.0,0.0,0.21967863672200014,reference
44,persistence,null,23,0.3,all,300,0.2268181924154651,0.21067181261639814,0.24424603092874378,1.0324999999999998,0.9590000000000001,1.1118333333333332,0.0033333333333333335,0.0,0.0,0.21967863672200014,reference
44,persistence,null,23,0.3,first100,100,0.23296919424368112,0.20144530987407414,0.2667997042988691,1.0605,0.917,1.2144999999999997,0.0,0.0,0.0,0.21967863672200014,reference
50,O,oracle (upper reference),3,0.1,all,300,3.4687991040869965,3.324405792834141,3.624233436168558,13.426690090310998,12.867786509235442,14.028330180621998,1.0,0.5366666666666666,0.0033333333333332993,0.2583510217898125,reference
50,O,oracle (upper reference),3,0.1,first100,100,3.5635648190577784,3.2995074690741832,3.8411629919709314,13.793499999999998,12.771412499999999,14.867999999999997,1.0,0.53,0.0,0.2583510217898125,reference
50,O,oracle (upper reference),3,0.3,all,300,4.660024710101085,4.480984373901034,4.835510828782741,18.037570270933,17.344558356524107,18.71682486596389,1.0,0.9033333333333333,0.010000000000000009,0.2583510217898125,reference
50,O,oracle (upper reference),3,0.3,first100,100,4.811565738948153,4.493089189743118,5.125511910972733,18.624140541865998,17.391412500000005,19.83933284050532,1.0,0.93,0.020000000000000018,0.2583510217898125,reference
50,O,oracle (upper reference),6,0.1,all,300,3.4505362470247354,3.3130708977181484,3.591053367776215,13.355999999999998,12.823912499999999,13.8999,1.0,0.5133333333333333,0.0,0.2583510217898125,reference
50,O,oracle (upper reference),6,0.1,first100,100,3.517449161668297,3.2705947603481316,3.774317894470591,13.614999999999998,12.659500000000001,14.6092625,1.0,0.55,0.0,0.2583510217898125,reference
50,O,oracle (upper reference),6,0.3,all,300,4.674437205772788,4.500030523104659,4.854705785788931,18.093356756977666,17.41828033784888,18.79112283805322,1.0,0.93,0.0033333333333332993,0.2583510217898125,reference
50,O,oracle (upper reference),6,0.3,first100,100,4.720977396676139,4.431624252271549,5.0185138096959205,18.2735,17.1535,19.425174999999996,1.0,0.91,0.0,0.2583510217898125,reference
50,O,oracle (upper reference),11,0.1,all,300,3.3676486275338378,3.2401523982805647,3.499982479670124,13.035166666666667,12.541666666666664,13.547391666666666,1.0,0.5133333333333333,0.0,0.2583510217898125,reference
50,O,oracle (upper reference),11,0.1,first100,100,3.4098459610928398,3.170157571239569,3.6531060538223556,13.198499999999997,12.2707375,14.1400875,1.0,0.5,0.0,0.2583510217898125,reference
50,O,oracle (upper reference),11,0.3,all,300,4.566354310134936,4.407496419761561,4.726146570037116,17.675,17.06010833333333,18.29350833333333,1.0,0.9166666666666666,0.0,0.2583510217898125,reference
50,O,oracle (upper reference),11,0.3,first100,100,4.670340596405336,4.352052137560287,4.983248895221611,18.0775,16.8455,19.288674999999998,1.0,0.95,0.0,0.2583510217898125,reference
50,O,oracle (upper reference),23,0.1,all,300,3.308572360551234,3.1720263102971815,3.4475296870086565,12.806500000000002,12.27797083333333,13.344362499999999,1.0,0.54,0.0,0.2583510217898125,reference
50,O,oracle (upper reference),23,0.1,first100,100,3.2479890459415217,3.038185410533788,3.456888452772993,12.571999999999996,11.759912499999999,13.3805875,1.0,0.55,0.0,0.2583510217898125,reference
50,O,oracle (upper reference),23,0.3,all,300,4.491180214316548,4.321293295491027,4.6636628510818365,17.38402342364433,16.726441666666663,18.051652433084115,1.0,0.87,0.0033333333333332993,0.2583510217898125,reference
50,O,oracle (upper reference),23,0.3,first100,100,4.446626766102701,4.1575885479355055,4.731112001375033,17.211570270933,16.092789256773322,18.312728041866,1.0,0.87,0.010000000000000009,0.2583510217898125,reference
50,P1,identification,3,0.1,all,300,0.5588132601313643,0.5503737934195639,0.5681569554194292,2.1629999999999994,2.1303333333333336,2.1991666666666663,0.0,0.0,0.0,0.2583510217898125,reference
50,P1,identification,3,0.1,first100,100,0.5714724601990653,0.5570048029788358,0.5868443459955591,2.212,2.156,2.2715,0.0,0.0,0.0,0.2583510217898125,reference
50,P1,identification,3,0.3,all,300,1.0871841581951627,1.0633652704487329,1.1113044554670142,4.208166666666667,4.115970833333334,4.3015291666666675,0.4666666666666667,0.0,0.0,0.2583510217898125,reference
50,P1,identification,3,0.3,first100,100,1.1275730346016366,1.0850742915172125,1.173688691991118,4.3645,4.2,4.542999999999999,0.5,0.0,0.0,0.2583510217898125,reference
50,P1,identification,6,0.1,all,300,0.5648414506397934,0.5567033934534145,0.5729795078261725,2.1863333333333332,2.154833333333334,2.217833333333333,0.0,0.0,0.0,0.2583510217898125,reference
50,P1,identification,6,0.1,first100,100,0.5768978316566514,0.5615259458601576,0.5922697174531453,2.2330000000000005,2.1735,2.2925000000000004,0.0,0.0,0.0,0.2583510217898125,reference
50,P1,identification,6,0.3,all,300,1.0938151677544345,1.0718122723986687,1.1164284173991785,4.233833333333333,4.148666666666666,4.321362499999999,0.49666666666666665,0.0,0.0,0.2583510217898125,reference
50,P1,identification,6,0.3,first100,100,1.1275730346016368,1.0914038915510629,1.1673590919572678,4.3645000000000005,4.2245,4.5185,0.56,0.0,0.0,0.2583510217898125,reference
50,P1,identification,11,0.1,all,300,0.549770974368721,0.5413315076569204,0.5582104410805215,2.128,2.095333333333333,2.1606666666666667,0.0,0.0,0.0,0.2583510217898125,reference
50,P1,identification,11,0.1,first100,100,0.567855545894008,0.5524836600975142,0.5832274316905017,2.1980000000000004,2.1385000000000005,2.2575,0.0,0.0,0.0,0.2583510217898125,reference
50,P1,identification,11,0.3,all,300,1.0989391296865991,1.0769362343308335,1.1233533012457364,4.253666666666667,4.168500000000001,4.348166666666667,0.5133333333333333,0.0,0.0,0.2583510217898125,reference
50,P1,identification,11,0.3,first100,100,1.1212434345677864,1.0841700629409483,1.1646690119428813,4.340000000000001,4.1965,4.508087499999999,0.59,0.0,0.0,0.2583510217898125,reference
50,P1,identification,23,0.1,all,300,0.3966549354546254,0.3812830496581316,0.4126296403019622,1.535333333333333,1.475833333333333,1.5971666666666666,0.0,0.0,0.0,0.2583510217898125,reference
50,P1,identification,23,0.1,first100,100,0.41956205938665553,0.3942436592512539,0.44578468809832145,1.624,1.526,1.7254999999999998,0.0,0.0,0.0,0.2583510217898125,reference
50,P1,identification,23,0.3,all,300,1.0380544055514667,1.0106261387381148,1.0669897199919256,4.018,3.911833333333333,4.13,0.4,0.0,0.0,0.2583510217898125,reference
50,P1,identification,23,0.3,first100,100,1.0308205769413519,0.9874176052806635,1.076032005754569,3.9899999999999998,3.822,4.164999999999999,0.4,0.0,0.0,0.2583510217898125,reference
50,P1x,identification diagnostic (drag known),3,0.1,all,300,3.429437580245234,3.292582585227626,3.5762390896017506,13.274333333333333,12.744608333333332,13.842558333333333,1.0,0.5366666666666666,0.0,0.2583510217898125,reference
50,P1x,identification diagnostic (drag known),3,0.1,first100,100,3.5138322473632395,3.2651467831761383,3.78238813451375,13.600999999999999,12.638412499999998,14.6405,1.0,0.53,0.0,0.2583510217898125,reference
50,P1x,identification diagnostic (drag known),3,0.3,all,300,4.625485738666066,4.449813310716752,4.796799750302212,17.903880180622,17.22390443780401,18.56698578960822,1.0,0.9033333333333333,0.00666666666666671,0.2583510217898125,reference
50,P1x,identification diagnostic (drag known),3,0.3,first100,100,4.745926424846199,4.452389669512088,5.043952483048089,18.370070270933002,17.23387675677332,19.523640541865994,1.0,0.93,0.010000000000000009,0.2583510217898125,reference
50,P1x,identification diagnostic (drag known),6,0.1,all,300,3.4493306089230495,3.310071872940205,3.593118023025351,13.351333333333331,12.812304166666665,13.907891666666664,1.0,0.52,0.0,0.2583510217898125,reference
50,P1x,identification diagnostic (drag known),6,0.1,first100,100,3.5138322473632395,3.2669778460430736,3.767943083007927,13.600999999999999,12.645499999999998,14.5845875,1.0,0.54,0.0,0.2583510217898125,reference
50,P1x,identification diagnostic (drag known),6,0.3,all,300,4.673711262733499,4.495816945948181,4.852237160483485,18.090546847288667,17.40197083333333,18.78156752339511,1.0,0.9266666666666666,0.00666666666666671,0.2583510217898125,reference
50,P1x,identification diagnostic (drag known),6,0.3,first100,100,4.7137435680660245,4.416207155046242,5.017654792548468,18.2455,17.093825,19.421849999999992,1.0,0.91,0.0,0.2583510217898125,reference
50,P1x,identification diagnostic (drag known),11,0.1,all,300,3.3456457321780717,3.220244299126478,3.477987119552494,12.95,12.46460833333333,13.462254166666666,1.0,0.5,0.0,0.2583510217898125,reference
50,P1x,identification diagnostic (drag known),11,0.1,first100,100,3.401707903906461,3.167512702653996,3.6449906023503824,13.166999999999998,12.2605,14.108674999999998,1.0,0.48,0.0,0.2583510217898125,reference
50,P1x,identification diagnostic (drag known),11,0.3,all,300,4.537418995694476,4.380949775810068,4.69717357940598,17.562999999999995,16.95735416666667,18.181362500000002,1.0,0.9133333333333333,0.0,0.2583510217898125,reference
50,P1x,identification diagnostic (drag known),11,0.3,first100,100,4.665819453524014,4.350175863264537,4.977823523764026,18.06,16.838237499999998,19.267675,1.0,0.94,0.0,0.2583510217898125,reference
50,P1x,identification diagnostic (drag known),23,0.1,all,300,3.2392481697043007,3.105422340417178,3.372772589466002,12.538166666666665,12.020166666666666,13.055,1.0,0.4866666666666667,0.0,0.2583510217898125,reference
50,P1x,identification diagnostic (drag known),23,0.1,first100,100,3.1801719027216966,2.9649202901419693,3.3863586238243735,12.309499999999998,11.476324999999997,13.107587499999998,1.0,0.48,0.0,0.2583510217898125,reference
50,P1x,identification diagnostic (drag known),23,0.3,all,300,4.397263566373503,4.235685455033201,4.561546828204464,17.0205,16.395079166666665,17.656391666666668,1.0,0.8633333333333333,0.0,0.2583510217898125,reference
50,P1x,identification diagnostic (drag known),23,0.3,first100,100,4.336680251763792,4.05634678740744,4.610729327515107,16.785999999999998,15.700912500000003,17.846762499999993,1.0,0.87,0.0,0.2583510217898125,reference
50,L_param_P1,identification (hybrid),3,0.1,all,300,0.7773351660619141,0.7490026706722981,0.806270480502373,3.008833333333333,2.8991666666666664,3.1208333333333327,0.15666666666666668,0.0,0.0,0.2583510217898125,learned
50,L_param_P1,identification (hybrid),3,0.1,first100,100,0.8092845757565874,0.7595293983476419,0.8608256046036551,3.132499999999999,2.939912499999999,3.3319999999999994,0.19,0.0,0.0,0.2583510217898125,learned
50,L_param_P1,identification (hybrid),3,0.3,all,300,1.8729587909688772,1.8066486953761587,1.9452970770700249,7.249666666666665,6.992999999999999,7.5296666666666665,0.9933333333333333,0.06333333333333334,0.0,0.2583510217898125,learned
50,L_param_P1,identification (hybrid),3,0.3,first100,100,1.9359533817819596,1.817476832576924,2.0571200110013823,7.493499999999998,7.034912499999998,7.962500000000001,1.0,0.07,0.0,0.2583510217898125,learned
50,L_param_P1,identification (hybrid),6,0.1,all,300,0.639289603418891,0.6157721251978824,0.6624981368763425,2.4744999999999995,2.3834708333333325,2.5643333333333334,0.04,0.0,0.0,0.2583510217898125,learned
50,L_param_P1,identification (hybrid),6,0.1,first100,100,0.6555657177916491,0.6121627461309607,0.6980644608760734,2.537499999999999,2.3695,2.702,0.06,0.0,0.0,0.2583510217898125,learned
50,L_param_P1,identification (hybrid),6,0.3,all,300,1.681563742326258,1.6200761991402823,1.7457790417172974,6.5088333333333335,6.270833333333332,6.757391666666666,0.9633333333333334,0.03333333333333333,0.0,0.2583510217898125,learned
50,L_param_P1,identification (hybrid),6,0.3,first100,100,1.734310409275011,1.623090294394497,1.8509558956131116,6.712999999999998,6.2825,7.164499999999999,0.96,0.04,0.0,0.2583510217898125,learned
50,L_param_P1,identification (hybrid),11,0.1,all,300,0.5117933741656185,0.4873792026064812,0.5383174124027059,1.9809999999999999,1.8864999999999996,2.0836666666666663,0.03666666666666667,0.0,0.0,0.2583510217898125,learned
50,L_param_P1,identification (hybrid),11,0.1,first100,100,0.549770974368721,0.5054637741317681,0.5949824031819381,2.128,1.9565,2.3029999999999995,0.04,0.0,0.0,0.2583510217898125,learned
50,L_param_P1,identification (hybrid),11,0.3,all,300,1.4910729222599028,1.4295627733595206,1.5546703321238282,5.7715,5.533412499999999,6.017666666666666,0.8033333333333333,0.02,0.0,0.2583510217898125,learned
50,L_param_P1,identification (hybrid),11,0.3,first100,100,1.548039322564556,1.4395092876984283,1.663780580326392,5.991999999999997,5.571912499999999,6.439999999999999,0.84,0.03,0.0,0.2583510217898125,learned
50,L_param_P1,identification (hybrid),23,0.1,all,300,0.32100114457384205,0.30231375399771226,0.34270263040418625,1.2425,1.1701666666666666,1.3264999999999998,0.0033333333333333335,0.0,0.0,0.2583510217898125,learned
50,L_param_P1,identification (hybrid),23,0.1,first100,100,0.3282349731839567,0.30562925877734815,0.35174491616682974,1.2704999999999997,1.1829999999999998,1.3615,0.0,0.0,0.0,0.2583510217898125,learned
50,L_param_P1,identification (hybrid),23,0.3,all,300,1.125161758398265,1.0745249581274618,1.1770117320088895,4.355166666666666,4.159166666666667,4.555862499999999,0.5,0.0,0.0,0.2583510217898125,learned
50,L_param_P1,identification (hybrid),23,0.3,first100,100,1.1465618347031878,1.06515865712499,1.2324861551627069,4.438,4.122912499999999,4.770587499999999,0.55,0.0,0.0,0.2583510217898125,learned
50,L_param_true,hybrid diagnostic (true Re),3,0.1,all,300,2.4290593653714487,2.3307697191315144,2.530340501151191,9.402166666666666,9.021716666666666,9.794195833333333,1.0,0.19666666666666666,0.0,0.2583510217898125,learned
50,L_param_true,hybrid diagnostic (true Re),3,0.1,first100,100,2.48753281330321,2.331982892471336,2.6521250198977264,9.6285,9.0264125,10.265587499999999,1.0,0.2,0.0,0.2583510217898125,learned
50,L_param_true,hybrid diagnostic (true Re),3,0.3,all,300,3.687444134005994,3.553610769480735,3.8279085080905237,14.273,13.754970833333331,14.816695833333332,1.0,0.6466666666666666,0.0,0.2583510217898125,learned
50,L_param_true,hybrid diagnostic (true Re),3,0.3,first100,100,3.7326555628192115,3.5092884987675115,3.9686592212242044,14.448000000000002,13.5834125,15.361499999999998,1.0,0.67,0.0,0.2583510217898125,learned
50,L_param_true,hybrid diagnostic (true Re),6,0.1,all,300,2.3925888127954535,2.297637277049562,2.494766641913324,9.261,8.893470833333334,9.656499999999998,1.0,0.21,0.0,0.2583510217898125,learned
50,L_param_true,hybrid diagnostic (true Re),6,0.1,first100,100,2.4558848131339577,2.303974412321548,2.613220585403953,9.506,8.918000000000001,10.114999999999998,1.0,0.23,0.0,0.2583510217898125,learned
50,L_param_true,hybrid diagnostic (true Re),6,0.3,all,300,3.665441238650228,3.5282999045834695,3.8203883404312586,14.187833333333332,13.657,14.787587499999999,1.0,0.6,0.0,0.2583510217898125,learned
50,L_param_true,hybrid diagnostic (true Re),6,0.3,first100,100,3.6494665338028915,3.4306206126325143,3.8882054836510838,14.126,13.278912500000002,15.050087499999997,1.0,0.63,0.0,0.2583510217898125,learned
50,L_param_true,hybrid diagnostic (true Re),11,0.1,all,300,2.330197041033214,2.2379506557779796,2.425449986304527,9.019499999999999,8.662441666666666,9.388195833333333,0.9966666666666667,0.19666666666666666,0.0,0.2583510217898125,learned
50,L_param_true,hybrid diagnostic (true Re),11,0.1,first100,100,2.470352470354187,2.3048560351834055,2.6376799683919034,9.562,8.921412499999999,10.209674999999997,1.0,0.23,0.0,0.2583510217898125,learned
50,L_param_true,hybrid diagnostic (true Re),11,0.3,all,300,3.5608521333289853,3.430025328819806,3.693479859752559,13.782999999999998,13.276608333333332,14.296362500000003,1.0,0.5766666666666667,0.0,0.2583510217898125,learned
50,L_param_true,hybrid diagnostic (true Re),11,0.3,first100,100,3.6937737340398438,3.4685982128356154,3.9442450496650667,14.297499999999998,13.425912499999997,15.266999999999998,1.0,0.63,0.0,0.2583510217898125,learned
50,L_param_true,hybrid diagnostic (true Re),23,0.1,all,300,2.2503235167965303,2.15869502106841,2.344378359204293,8.710333333333335,8.355666666666666,9.074391666666665,0.9933333333333333,0.19333333333333333,0.0,0.2583510217898125,learned
50,L_param_true,hybrid diagnostic (true Re),23,0.1,first100,100,2.256954526355802,2.0905538626087563,2.4242594186791124,8.735999999999999,8.091912500000001,9.3835875,1.0,0.18,0.0,0.2583510217898125,learned
50,L_param_true,hybrid diagnostic (true Re),23,0.3,all,300,3.4116544182453694,3.2793281013472173,3.542187348467262,13.2055,12.693304166666664,13.710754166666664,1.0,0.5233333333333333,0.0,0.2583510217898125,learned
50,L_param_true,hybrid diagnostic (true Re),23,0.3,first100,100,3.3781979609235884,3.154808291157482,3.6006607963990227,13.076,12.211325,13.937087499999997,1.0,0.48,0.0,0.2583510217898125,learned
50,L_range,opponent (context adaptation),3,0.1,all,300,1.3066102927019767,1.2508495304990088,1.3668997330244017,5.0575,4.841666666666667,5.290862499999999,0.6833333333333333,0.01,0.0,0.2583510217898125,learned
50,L_range,opponent (context adaptation),3,0.1,first100,100,1.3861824074132385,1.2821961211428397,1.49468983656496,5.365499999999998,4.963000000000001,5.785499999999999,0.72,0.02,0.0,0.2583510217898125,learned
50,L_range,opponent (context adaptation),3,0.3,all,300,2.450760851201793,2.3588234107101154,2.5502410650671417,9.486166666666666,9.130304166666665,9.871224999999999,1.0,0.18666666666666668,0.0,0.2583510217898125,learned
50,L_range,opponent (context adaptation),3,0.3,first100,100,2.5671049280144724,2.3916845842191896,2.7434295003860187,9.936500000000002,9.257500000000002,10.619,1.0,0.21,0.0,0.2583510217898125,learned
50,L_range,opponent (context adaptation),6,0.1,all,300,1.598977532360781,1.5257350176833695,1.680079300413557,6.189166666666666,5.905666666666667,6.503087499999999,0.9,0.04,0.0,0.2583510217898125,learned
50,L_range,opponent (context adaptation),6,0.1,first100,100,1.6945243519193798,1.554301105455187,1.8437220670029963,6.558999999999998,6.016237499999999,7.136499999999998,0.94,0.04,0.0,0.2583510217898125,learned
50,L_range,opponent (context adaptation),6,0.3,all,300,2.7916550244534504,2.6809925171949662,2.9164762441686074,10.805666666666665,10.377325,11.288812499999999,1.0,0.3,0.0,0.2583510217898125,learned
50,L_range,opponent (context adaptation),6,0.3,first100,100,2.9052864155373364,2.696409614420273,3.1124225766450904,11.2455,10.437,12.047262499999997,1.0,0.34,0.0,0.2583510217898125,learned
50,L_range,opponent (context adaptation),11,0.1,all,300,1.7608344475120987,1.683967483291494,1.8446413660555323,6.815666666666666,6.5181375,7.140058333333333,0.96,0.06333333333333334,0.0,0.2583510217898125,learned
50,L_range,opponent (context adaptation),11,0.1,first100,100,1.863615095680812,1.7252681235123677,2.005578982154314,7.213499999999998,6.677999999999999,7.762999999999999,0.97,0.08,0.0,0.2583510217898125,learned
50,L_range,opponent (context adaptation),11,0.3,all,300,2.944771063367546,2.8344401065870253,3.063225006858175,11.398333333333333,10.971275,11.856833333333332,1.0,0.34,0.0,0.2583510217898125,learned
50,L_range,opponent (context adaptation),11,0.3,first100,100,3.0255488161804935,2.8311396722836593,3.2217890229442627,11.710999999999997,10.958499999999995,12.470587499999997,1.0,0.38,0.0,0.2583510217898125,learned
50,L_range,opponent (context adaptation),23,0.1,all,300,1.7973050000880941,1.7255695330377891,1.8816996672060995,6.956833333333334,6.679166666666666,7.2835,0.96,0.06333333333333334,0.0,0.2583510217898125,learned
50,L_range,opponent (context adaptation),23,0.1,first100,100,1.8482432098843184,1.6972370376481731,2.0064832107305786,7.153999999999999,6.5695,7.766499999999999,0.95,0.09,0.0,0.2583510217898125,learned
50,L_range,opponent (context adaptation),23,0.3,all,300,2.9372358252320097,2.8326391846726318,3.0508822867921666,11.369166666666665,10.964304166666665,11.809058333333331,1.0,0.34,0.0,0.2583510217898125,learned
50,L_range,opponent (context adaptation),23,0.3,first100,100,2.9803373873672765,2.7732690434027414,3.181098737012367,11.535999999999998,10.734499999999997,12.313087499999996,1.0,0.37,0.0,0.2583510217898125,learned
50,L_ft,opponent (fine-tuning),3,0.1,all,100,0.49913417409791777,0.47379316824810946,0.5271652599621123,1.932,1.8339124999999998,2.0404999999999993,0.01,0.0,0.0,0.2583510217898125,learned
50,L_ft,opponent (fine-tuning),3,0.1,first100,100,0.49913417409791777,0.47379316824810946,0.5271652599621123,1.932,1.8339124999999998,2.0404999999999993,0.01,0.0,0.0,0.2583510217898125,learned
50,L_ft,opponent (fine-tuning),3,0.3,all,100,1.1528914347370383,1.0760094000401623,1.2351762351770936,4.4624999999999995,4.1649125,4.781,0.56,0.01,0.0,0.2583510217898125,learned
50,L_ft,opponent (fine-tuning),3,0.3,first100,100,1.1528914347370383,1.0760094000401623,1.2351762351770936,4.4624999999999995,4.1649125,4.781,0.56,0.01,0.0,0.2583510217898125,learned
50,L_ft,opponent (fine-tuning),6,0.1,all,100,0.6483318891815344,0.6112585175546964,0.6863094893846369,2.5094999999999996,2.366,2.6565,0.05,0.0,0.0,0.2583510217898125,learned
50,L_ft,opponent (fine-tuning),6,0.1,first100,100,0.6483318891815344,0.6112585175546964,0.6863094893846369,2.5094999999999996,2.366,2.6565,0.05,0.0,0.0,0.2583510217898125,learned
50,L_ft,opponent (fine-tuning),6,0.3,all,100,1.3979373789046752,1.3219595727840636,1.477532099330344,5.410999999999999,5.116912499999999,5.719087499999999,0.77,0.0,0.0,0.2583510217898125,learned
50,L_ft,opponent (fine-tuning),6,0.3,first100,100,1.3979373789046752,1.3219595727840636,1.477532099330344,5.410999999999999,5.116912499999999,5.719087499999999,0.77,0.0,0.0,0.2583510217898125,learned
50,L_ft,opponent (fine-tuning),11,0.1,all,100,0.7957211471126224,0.7514139468756695,0.8400283473495753,3.0799999999999996,2.9084999999999996,3.2514999999999996,0.14,0.0,0.0,0.2583510217898125,learned
50,L_ft,opponent (fine-tuning),11,0.1,first100,100,0.7957211471126224,0.7514139468756695,0.8400283473495753,3.0799999999999996,2.9084999999999996,3.2514999999999996,0.14,0.0,0.0,0.2583510217898125,learned
50,L_ft,opponent (fine-tuning),11,0.3,all,100,1.6068141800217388,1.5154644881046333,1.7053750948345519,6.2195,5.865912499999999,6.600999999999998,0.94,0.01,0.0,0.2583510217898125,learned
50,L_ft,opponent (fine-tuning),11,0.3,first100,100,1.6068141800217388,1.5154644881046333,1.7053750948345519,6.2195,5.865912499999999,6.600999999999998,0.94,0.01,0.0,0.2583510217898125,learned
50,L_ft,opponent (fine-tuning),23,0.1,all,100,0.9331638907048025,0.8770791132620066,0.9955556624670424,3.611999999999999,3.394912499999999,3.8534999999999995,0.26,0.0,0.0,0.2583510217898125,learned
50,L_ft,opponent (fine-tuning),23,0.1,first100,100,0.9331638907048025,0.8770791132620066,0.9955556624670424,3.611999999999999,3.394912499999999,3.8534999999999995,0.26,0.0,0.0,0.2583510217898125,learned
50,L_ft,opponent (fine-tuning),23,0.3,all,100,1.8816996672060993,1.7596288094104127,2.0101227307500427,7.283499999999999,6.810999999999999,7.780587499999999,0.98,0.05,0.0,0.2583510217898125,learned
50,L_ft,opponent (fine-tuning),23,0.3,first100,100,1.8816996672060993,1.7596288094104127,2.0101227307500427,7.283499999999999,6.810999999999999,7.780587499999999,0.98,0.05,0.0,0.2583510217898125,learned
50,L0,diagnostic (frozen nominal),3,0.1,all,300,0.5657456792160577,0.5470582886399279,0.5859476526574302,2.189833333333333,2.1174999999999997,2.268029166666666,0.01,0.0,0.0,0.2583510217898125,learned
50,L0,diagnostic (frozen nominal),3,0.1,first100,100,0.5904612603006165,0.5551963458263071,0.6257487804893324,2.2855000000000003,2.149,2.4220874999999995,0.02,0.0,0.0,0.2583510217898125,learned
50,L0,diagnostic (frozen nominal),3,0.3,all,300,1.6453945992756842,1.5838919856134375,1.7120287101082305,6.368833333333333,6.130774999999999,6.626754166666665,0.9433333333333334,0.03333333333333333,0.0,0.2583510217898125,learned
50,L0,diagnostic (frozen nominal),3,0.3,first100,100,1.7243638949361035,1.6167154829318335,1.8364882383928822,6.6745,6.257825,7.1085,0.98,0.05,0.0,0.2583510217898125,learned
50,L0,diagnostic (frozen nominal),6,0.1,all,300,0.563937222063529,0.5446470124365564,0.5829260221650803,2.1828333333333334,2.108166666666667,2.256333333333333,0.01,0.0,0.0,0.2583510217898125,learned
50,L0,diagnostic (frozen nominal),6,0.1,first100,100,0.5814189745379731,0.5470582886399279,0.6166838890122824,2.2505,2.1174999999999997,2.387,0.01,0.0,0.0,0.2583510217898125,learned
50,L0,diagnostic (frozen nominal),6,0.3,all,300,1.6019916276149957,1.5438045187323848,1.662876351750128,6.200833333333334,5.975608333333332,6.436499999999999,0.9333333333333333,0.02666666666666667,0.0,0.2583510217898125,learned
50,L0,diagnostic (frozen nominal),6,0.3,first100,100,1.660163666021335,1.5561773797509357,1.7686937008874628,6.425999999999999,6.0235,6.846087499999999,0.95,0.04,0.0,0.2583510217898125,learned
50,L0,diagnostic (frozen nominal),11,0.1,all,300,0.5582104410805215,0.5401258695552347,0.5768978316566513,2.1606666666666667,2.0906666666666665,2.233,0.006666666666666667,0.0,0.0,0.2583510217898125,learned
50,L0,diagnostic (frozen nominal),11,0.1,first100,100,0.5859401174192947,0.5551963458263071,0.6175881175885468,2.268,2.149,2.3905,0.0,0.0,0.0,0.2583510217898125,learned
50,L0,diagnostic (frozen nominal),11,0.3,all,300,1.576673227479594,1.5211988043257767,1.634543856360512,6.102833333333333,5.888108333333333,6.326833333333332,0.9333333333333333,0.016666666666666666,0.0,0.2583510217898125,learned
50,L0,diagnostic (frozen nominal),11,0.3,first100,100,1.6267072086995542,1.5299321453248627,1.7297892663936896,6.296499999999999,5.921912499999999,6.6955,0.95,0.02,0.0,0.2583510217898125,learned
50,L0,diagnostic (frozen nominal),23,0.1,all,300,0.5362075457247558,0.5184243837248904,0.5539907077246212,2.0755,2.006666666666667,2.144333333333333,0.0033333333333333335,0.0,0.0,0.2583510217898125,learned
50,L0,diagnostic (frozen nominal),23,0.1,first100,100,0.5434413743348706,0.5163145170469403,0.5714950659134718,2.1035,1.9985000000000002,2.2120874999999995,0.0,0.0,0.0,0.2583510217898125,learned
50,L0,diagnostic (frozen nominal),23,0.3,all,300,1.533571665344327,1.4790014707667738,1.5896865837396648,5.936,5.724774999999999,6.153204166666665,0.9333333333333333,0.013333333333333334,0.0,0.2583510217898125,learned
50,L0,diagnostic (frozen nominal),23,0.3,first100,100,1.5353801224968555,1.4395092876984283,1.6357494944621982,5.942999999999999,5.571912499999999,6.331500000000001,0.94,0.02,0.0,0.2583510217898125,learned
50,P0,null (nominal solver),3,0.1,all,300,0.57659642213123,0.5684583649448508,0.5850434240811658,2.231833333333334,2.2003333333333335,2.2645291666666663,0.0,0.0,0.0,0.2583510217898125,reference
50,P0,null (nominal solver),3,0.1,first100,100,0.5886528031480878,0.573280917351594,0.6040246889445817,2.2784999999999997,2.2190000000000003,2.3380000000000005,0.0,0.0,0.0,0.2583510217898125,reference
50,P0,null (nominal solver),3,0.3,all,300,1.1242575298220008,1.1004461773137064,1.1483702918557166,4.351666666666667,4.2595,4.445,0.54,0.0,0.0,0.2583510217898125,reference
50,P0,null (nominal solver),3,0.3,first100,100,1.1610294919234176,1.1176265202627291,1.2053366921603703,4.494000000000001,4.3260000000000005,4.665500000000001,0.56,0.0,0.0,0.2583510217898125,reference
50,P0,null (nominal solver),6,0.1,all,300,0.5666499077923219,0.558511850605943,0.5750893745041226,2.193333333333333,2.1618333333333335,2.2259999999999995,0.0,0.0,0.0,0.2583510217898125,reference
50,P0,null (nominal solver),6,0.1,first100,100,0.5787062888091801,0.5633344030126862,0.5940781746056739,2.24,2.1805000000000003,2.2995,0.0,0.0,0.0,0.2583510217898125,reference
50,P0,null (nominal solver),6,0.3,all,300,1.104967320195028,1.082060196262998,1.1287786727033224,4.277,4.1883333333333335,4.369166666666667,0.52,0.0,0.0,0.2583510217898125,reference
50,P0,null (nominal solver),6,0.3,first100,100,1.1402322346693377,1.1031362573280927,1.180922520601233,4.413500000000001,4.269912499999999,4.571000000000001,0.58,0.0,0.0,0.2583510217898125,reference
50,P0,null (nominal solver),11,0.1,all,300,0.5570048029788359,0.5491681553178781,0.5651428601652149,2.1560000000000006,2.1256666666666666,2.1875,0.0,0.0,0.0,0.2583510217898125,reference
50,P0,null (nominal solver),11,0.1,first100,100,0.573280917351594,0.5588132601313646,0.5877485745718234,2.2190000000000003,2.1630000000000003,2.275,0.0,0.0,0.0,0.2583510217898125,reference
50,P0,null (nominal solver),11,0.3,all,300,1.0778404629070977,1.0552347485004892,1.1025560439916566,4.172,4.0845,4.267666666666667,0.48,0.0,0.0,0.2583510217898125,reference
50,P0,null (nominal solver),11,0.3,first100,100,1.1022546344662352,1.0633501999724617,1.1465618347031878,4.266500000000001,4.1159125,4.438,0.55,0.0,0.0,0.2583510217898125,reference
50,P0,null (nominal solver),23,0.1,all,300,0.5428385552840277,0.5350019076230701,0.5506752029449854,2.1011666666666664,2.0708333333333333,2.1315,0.0,0.0,0.0,0.2583510217898125,reference
50,P0,null (nominal solver),23,0.1,first100,100,0.5434413743348706,0.5298779456909055,0.5570048029788359,2.1035,2.051,2.1560000000000006,0.0,0.0,0.0,0.2583510217898125,reference
50,P0,null (nominal solver),23,0.3,all,300,1.0534262913479604,1.0311219864667733,1.0772376438562548,4.0775,3.9911666666666665,4.169666666666666,0.39666666666666667,0.0,0.0,0.2583510217898125,reference
50,P0,null (nominal solver),23,0.3,first100,100,1.0407670912802598,1.004597948229686,1.077840462907098,4.0285,3.8885000000000005,4.172000000000001,0.39,0.0,0.0,0.2583510217898125,reference
50,persistence,null,3,0.1,all,300,0.11363139108388585,0.10820601962629979,0.11935817206689336,0.4398333333333333,0.4188333333333333,0.46199999999999997,0.0,0.0,0.0,0.2583510217898125,reference
50,persistence,null,3,0.1,first100,100,0.11935817206689334,0.10850742915172122,0.13111314355832981,0.46199999999999986,0.4199999999999999,0.5074999999999998,0.0,0.0,0.0,0.2583510217898125,reference
50,persistence,null,3,0.3,all,300,0.2574037347099165,0.23871634413378673,0.27789958243857493,0.9963333333333333,0.9239999999999999,1.0756666666666665,0.0033333333333333335,0.0,0.0,0.2583510217898125,reference
50,persistence,null,3,0.3,first100,100,0.27940663006568217,0.24504594416763711,0.31557577311625595,1.0814999999999997,0.9484999999999998,1.2214999999999998,0.01,0.0,0.0,0.2583510217898125,reference
50,persistence,null,6,0.1,all,300,0.11302857203304294,0.10790461010087835,0.11876288825418597,0.4374999999999999,0.41766666666666663,0.45969583333333314,0.0,0.0,0.0,0.2583510217898125,reference
50,persistence,null,6,0.1,first100,100,0.11935817206689334,0.10941165772798556,0.13111314355832981,0.46199999999999986,0.4234999999999998,0.5074999999999998,0.0,0.0,0.0,0.2583510217898125,reference
50,persistence,null,6,0.3,all,300,0.2414290298625798,0.22485150596440012,0.25981501091328807,0.9345000000000001,0.8703333333333332,1.0056666666666665,0.0,0.0,0.0,0.2583510217898125,reference
50,persistence,null,6,0.3,first100,100,0.2613220585403953,0.23055568123300102,0.2929700587096474,1.0114999999999998,0.8924124999999998,1.134,0.0,0.0,0.0,0.2583510217898125,reference
50,persistence,null,11,0.1,all,300,0.10700038152461398,0.10278064816871374,0.11152152440593573,0.41416666666666657,0.3978333333333333,0.43166666666666664,0.0,0.0,0.0,0.2583510217898125,reference
50,persistence,null,11,0.1,first100,100,0.11122011488051425,0.10308205769413516,0.11935817206689334,0.4304999999999999,0.39899999999999985,0.46199999999999986,0.0,0.0,0.0,0.2583510217898125,reference
50,persistence,null,11,0.3,all,300,0.2221388202356071,0.20706834396453472,0.2381135250829438,0.8598333333333332,0.8015,0.9216666666666665,0.0,0.0,0.0,0.2583510217898125,reference
50,persistence,null,11,0.3,first100,100,0.23057828694740767,0.20525988681200602,0.25589668708280927,0.8925000000000001,0.7945,0.9904999999999999,0.0,0.0,0.0,0.2583510217898125,reference
50,persistence,null,23,0.1,all,300,0.09976655291449925,0.09675245766028477,0.10308205769413516,0.3861666666666666,0.37449999999999994,0.39899999999999985,0.0,0.0,0.0,0.2583510217898125,reference
50,persistence,null,23,0.1,first100,100,0.10217782911787081,0.09675245766028474,0.10850742915172122,0.39549999999999985,0.37449999999999983,0.4199999999999999,0.0,0.0,0.0,0.2583510217898125,reference
50,persistence,null,23,0.3,all,300,0.19561478199851967,0.1814409990655761,0.21249371542212075,0.7571666666666665,0.7023041666666666,0.8224999999999999,0.0033333333333333335,0.0,0.0,0.2583510217898125,reference
50,persistence,null,23,0.3,first100,100,0.20345142965947738,0.18355840098166176,0.2242486869135572,0.7875000000000001,0.7104999999999999,0.8679999999999998,0.0,0.0,0.0,0.2583510217898125,reference
