# git_sha=338a7ef3b83b5002c56d296925672c7e956bda25-dirty; POST-FREEZE EXTENSION
system,family,tokenizer,P,b,total_bits,delta,eps,start,kind,label,restricted_mean,ci95_lo,ci95_hi,frac_no_cross,median,p0,S1,S3,S10,n,layout
kolmo40,patch,kolmo_patch_L16_b10,256,10,2560,0.14,0.1,future,bound,bound,0.0179160058,0.0177562,0.0182356174,0.0,0.0177562,1.0,0.0,0.0,0.0,1000,16x16
kolmo40,patch,kolmo_patch_L16_b10,256,10,2560,0.14,0.1,from_t0,bound,bound,0.0,0.0,0.0,0.0,0.0,1.0,0.0,0.0,0.0,1000,16x16
kolmo40,patch,kolmo_patch_L16_b10,256,10,2560,0.14,0.3,future,bound,bound,26.9197423646,26.834352221869995,26.982542524000003,0.995,27.0,0.0,0.999,0.999,0.998,1000,16x16
kolmo40,patch,kolmo_patch_L16_b10,256,10,2560,0.14,0.3,from_t0,bound,bound,26.9197423646,26.834352221869995,26.982542524000003,0.995,27.0,0.0,0.999,0.999,0.998,1000,16x16
kolmo40,patch,kolmo_patch_L16_b10,256,10,2560,0.14,0.5,future,bound,bound,27.0,27.0,27.0,1.0,27.0,0.0,1.0,1.0,1.0,1000,16x16
kolmo40,patch,kolmo_patch_L16_b10,256,10,2560,0.14,0.5,from_t0,bound,bound,27.0,27.0,27.0,1.0,27.0,0.0,1.0,1.0,1.0,1000,16x16
kolmo40,patch,kolmo_patch_L16_b10,256,10,2560,0.35,0.1,future,bound,bound,0.044568062,0.044390500000000006,0.044878795500000006,0.0,0.0443905,1.0,0.0,0.0,0.0,1000,16x16
kolmo40,patch,kolmo_patch_L16_b10,256,10,2560,0.35,0.1,from_t0,bound,bound,0.0,0.0,0.0,0.0,0.0,1.0,0.0,0.0,0.0,1000,16x16
kolmo40,patch,kolmo_patch_L16_b10,256,10,2560,0.35,0.3,future,bound,bound,26.907915037500004,26.8210658031,26.975297729999998,0.994,27.0,0.0,0.999,0.999,0.998,1000,16x16
kolmo40,patch,kolmo_patch_L16_b10,256,10,2560,0.35,0.3,from_t0,bound,bound,26.907915037500004,26.8210658031,26.975297729999998,0.994,27.0,0.0,0.999,0.999,0.998,1000,16x16
kolmo40,patch,kolmo_patch_L16_b10,256,10,2560,0.35,0.5,future,bound,bound,27.0,27.0,27.0,1.0,27.0,0.0,1.0,1.0,1.0,1000,16x16
kolmo40,patch,kolmo_patch_L16_b10,256,10,2560,0.35,0.5,from_t0,bound,bound,27.0,27.0,27.0,1.0,27.0,0.0,1.0,1.0,1.0,1000,16x16
kolmo40,patch,kolmo_patch_L16_b10,256,10,2560,0.7,0.1,future,bound,bound,0.08886978100000001,0.08878100000000001,0.08904734300000001,0.0,0.088781,1.0,0.0,0.0,0.0,1000,16x16
kolmo40,patch,kolmo_patch_L16_b10,256,10,2560,0.7,0.1,from_t0,bound,bound,0.0,0.0,0.0,0.0,0.0,1.0,0.0,0.0,0.0,1000,16x16
kolmo40,patch,kolmo_patch_L16_b10,256,10,2560,0.7,0.3,future,bound,bound,26.955488991,26.898449285,27.0,0.997,27.0,0.0,1.0,1.0,0.999,1000,16x16
kolmo40,patch,kolmo_patch_L16_b10,256,10,2560,0.7,0.3,from_t0,bound,bound,26.955488991,26.898449285,27.0,0.997,27.0,0.0,1.0,1.0,0.999,1000,16x16
kolmo40,patch,kolmo_patch_L16_b10,256,10,2560,0.7,0.5,future,bound,bound,27.0,27.0,27.0,1.0,27.0,0.0,1.0,1.0,1.0,1000,16x16
kolmo40,patch,kolmo_patch_L16_b10,256,10,2560,0.7,0.5,from_t0,bound,bound,27.0,27.0,27.0,1.0,27.0,0.0,1.0,1.0,1.0,1000,16x16
kolmo40,patch,kolmo_patch_L16_b10,256,10,2560,0.14,0.1,future,persistence,reference,0.0177562,0.0177562,0.0177562,0.0,0.0177562,,0.0,0.0,0.0,1000,16x16
kolmo40,patch,kolmo_patch_L16_b10,256,10,2560,0.14,0.1,from_t0,persistence,reference,0.0,0.0,0.0,0.0,0.0,,0.0,0.0,0.0,1000,16x16
kolmo40,patch,kolmo_patch_L16_b10,256,10,2560,0.14,0.3,future,persistence,reference,0.13768157479999998,0.132727595,0.14322195310500002,0.0,0.12429340000000001,,0.0,0.0,0.0,1000,16x16
kolmo40,patch,kolmo_patch_L16_b10,256,10,2560,0.14,0.3,from_t0,persistence,reference,0.13768157479999998,0.132727595,0.14322195310500002,0.0,0.12429340000000001,,0.0,0.0,0.0,1000,16x16
kolmo40,patch,kolmo_patch_L16_b10,256,10,2560,0.14,0.5,future,persistence,reference,0.34273017240000003,0.32815144439000005,0.35938548800000003,0.0,0.266343,,0.029,0.0,0.0,1000,16x16
kolmo40,patch,kolmo_patch_L16_b10,256,10,2560,0.14,0.5,from_t0,persistence,reference,0.34273017240000003,0.32815144439000005,0.35938548800000003,0.0,0.266343,,0.029,0.0,0.0,1000,16x16
kolmo40,patch,kolmo_patch_L16_b10,256,10,2560,0.35,0.1,future,persistence,reference,0.044390500000000006,0.044390500000000006,0.044390500000000006,0.0,0.0443905,,0.0,0.0,0.0,1000,16x16
kolmo40,patch,kolmo_patch_L16_b10,256,10,2560,0.35,0.1,from_t0,persistence,reference,0.0,0.0,0.0,0.0,0.0,,0.0,0.0,0.0,1000,16x16
kolmo40,patch,kolmo_patch_L16_b10,256,10,2560,0.35,0.3,future,persistence,reference,0.1514159955,0.14644314973749997,0.15701030826250004,0.0,0.1331715,,0.0,0.0,0.0,1000,16x16
kolmo40,patch,kolmo_patch_L16_b10,256,10,2560,0.35,0.3,from_t0,persistence,reference,0.1514159955,0.14644314973749997,0.15701030826250004,0.0,0.1331715,,0.0,0.0,0.0,1000,16x16
kolmo40,patch,kolmo_patch_L16_b10,256,10,2560,0.35,0.5,future,persistence,reference,0.355745467,0.34109438247499996,0.3724817952624999,0.0,0.266343,,0.032,0.0,0.0,1000,16x16
kolmo40,patch,kolmo_patch_L16_b10,256,10,2560,0.35,0.5,from_t0,persistence,reference,0.355745467,0.34109438247499996,0.3724817952624999,0.0,0.266343,,0.032,0.0,0.0,1000,16x16
kolmo40,patch,kolmo_patch_L16_b10,256,10,2560,0.7,0.1,future,persistence,reference,0.08878100000000001,0.08878100000000001,0.08878100000000001,0.0,0.088781,,0.0,0.0,0.0,1000,16x16
kolmo40,patch,kolmo_patch_L16_b10,256,10,2560,0.7,0.1,from_t0,persistence,reference,0.0,0.0,0.0,0.0,0.0,,0.0,0.0,0.0,1000,16x16
kolmo40,patch,kolmo_patch_L16_b10,256,10,2560,0.7,0.3,future,persistence,reference,0.174632227,0.16948292899999998,0.180314211,0.0,0.177562,,0.0,0.0,0.0,1000,16x16
kolmo40,patch,kolmo_patch_L16_b10,256,10,2560,0.7,0.3,from_t0,persistence,reference,0.174632227,0.16948292899999998,0.180314211,0.0,0.177562,,0.0,0.0,0.0,1000,16x16
kolmo40,patch,kolmo_patch_L16_b10,256,10,2560,0.7,0.5,future,persistence,reference,0.378384622,0.363735757,0.394986669,0.0,0.266343,,0.033,0.0,0.0,1000,16x16
kolmo40,patch,kolmo_patch_L16_b10,256,10,2560,0.7,0.5,from_t0,persistence,reference,0.378384622,0.363735757,0.394986669,0.0,0.266343,,0.033,0.0,0.0,1000,16x16
kolmo40,patch,kolmo_patch_L16_b10,256,10,2560,0.14,0.1,future,decode_and_integrate,reference,1.0347958236000003,0.9888951587900001,1.0824889768000001,0.0,0.8966881000000001,,0.427,0.025,0.0,1000,16x16
kolmo40,patch,kolmo_patch_L16_b10,256,10,2560,0.14,0.1,from_t0,decode_and_integrate,reference,0.0,0.0,0.0,0.0,0.0,,0.0,0.0,0.0,1000,16x16
kolmo40,patch,kolmo_patch_L16_b10,256,10,2560,0.14,0.3,future,decode_and_integrate,reference,2.2727580876,2.2016795750950005,2.347875247795,0.0,2.1129878,,0.864,0.228,0.0,1000,16x16
kolmo40,patch,kolmo_patch_L16_b10,256,10,2560,0.14,0.3,from_t0,decode_and_integrate,reference,2.2727580876,2.2016795750950005,2.347875247795,0.0,2.1129878,,0.864,0.228,0.0,1000,16x16
kolmo40,patch,kolmo_patch_L16_b10,256,10,2560,0.14,0.5,future,decode_and_integrate,reference,2.9548269982,2.868411567945,3.043155659005,0.0,2.8054796000000004,,0.921,0.447,0.001,1000,16x16
kolmo40,patch,kolmo_patch_L16_b10,256,10,2560,0.14,0.5,from_t0,decode_and_integrate,reference,2.9548269982,2.868411567945,3.043155659005,0.0,2.8054796000000004,,0.921,0.447,0.001,1000,16x16
kolmo40,patch,kolmo_patch_L16_b10,256,10,2560,0.35,0.1,future,decode_and_integrate,reference,1.0555616995000001,1.0102789504499998,1.1024380675,0.0,0.9100052499999999,,0.438,0.025,0.0,1000,16x16
kolmo40,patch,kolmo_patch_L16_b10,256,10,2560,0.35,0.1,from_t0,decode_and_integrate,reference,0.0,0.0,0.0,0.0,0.0,,0.0,0.0,0.0,1000,16x16
kolmo40,patch,kolmo_patch_L16_b10,256,10,2560,0.35,0.3,future,decode_and_integrate,reference,2.2876644175000003,2.216632958925,2.3625978010249997,0.0,2.130744,,0.868,0.232,0.0,1000,16x16
kolmo40,patch,kolmo_patch_L16_b10,256,10,2560,0.35,0.3,from_t0,decode_and_integrate,reference,2.2876644175000003,2.216632958925,2.3625978010249997,0.0,2.130744,,0.868,0.232,0.0,1000,16x16
kolmo40,patch,kolmo_patch_L16_b10,256,10,2560,0.35,0.5,future,decode_and_integrate,reference,2.9679044395000003,2.8816614663375,3.05615719255,0.0,2.7966015,,0.924,0.45,0.001,1000,16x16
kolmo40,patch,kolmo_patch_L16_b10,256,10,2560,0.35,0.5,from_t0,decode_and_integrate,reference,2.9679044395000003,2.8816614663375,3.05615719255,0.0,2.7966015,,0.924,0.45,0.001,1000,16x16
kolmo40,patch,kolmo_patch_L16_b10,256,10,2560,0.7,0.1,future,decode_and_integrate,reference,1.079843303,1.03447177295,1.12681289105,0.0,0.9765909999999999,,0.439,0.025,0.0,1000,16x16
kolmo40,patch,kolmo_patch_L16_b10,256,10,2560,0.7,0.1,from_t0,decode_and_integrate,reference,0.0,0.0,0.0,0.0,0.0,,0.0,0.0,0.0,1000,16x16
kolmo40,patch,kolmo_patch_L16_b10,256,10,2560,0.7,0.3,future,decode_and_integrate,reference,2.31008162,2.2390390638,2.3856364705249997,0.0,2.130744,,0.868,0.247,0.0,1000,16x16
kolmo40,patch,kolmo_patch_L16_b10,256,10,2560,0.7,0.3,from_t0,decode_and_integrate,reference,2.31008162,2.2390390638,2.3856364705249997,0.0,2.130744,,0.868,0.247,0.0,1000,16x16
kolmo40,patch,kolmo_patch_L16_b10,256,10,2560,0.7,0.5,future,decode_and_integrate,reference,2.991387014,2.904468195475,3.0796508646749996,0.0,2.840992,,0.924,0.46,0.001,1000,16x16
kolmo40,patch,kolmo_patch_L16_b10,256,10,2560,0.7,0.5,from_t0,decode_and_integrate,reference,2.991387014,2.904468195475,3.0796508646749996,0.0,2.840992,,0.924,0.46,0.001,1000,16x16
kolmo40,patch,kolmo_patch_L16_b12,256,12,3072,0.14,0.1,future,bound,bound,2.3737020846000005,2.2099748278300004,2.5514296611650003,0.0,1.4471303000000002,0.217,0.573,0.313,0.025,1000,16x16
kolmo40,patch,kolmo_patch_L16_b12,256,12,3072,0.14,0.1,from_t0,bound,bound,2.3585560460000004,2.196953762465,2.534309133125,0.0,1.4204960000000002,0.217,0.571,0.312,0.025,1000,16x16
kolmo40,patch,kolmo_patch_L16_b12,256,12,3072,0.14,0.3,future,bound,bound,27.0,27.0,27.0,1.0,27.0,0.0,1.0,1.0,1.0,1000,16x16
kolmo40,patch,kolmo_patch_L16_b12,256,12,3072,0.14,0.3,from_t0,bound,bound,27.0,27.0,27.0,1.0,27.0,0.0,1.0,1.0,1.0,1000,16x16
kolmo40,patch,kolmo_patch_L16_b12,256,12,3072,0.14,0.5,future,bound,bound,27.0,27.0,27.0,1.0,27.0,0.0,1.0,1.0,1.0,1000,16x16
kolmo40,patch,kolmo_patch_L16_b12,256,12,3072,0.14,0.5,from_t0,bound,bound,27.0,27.0,27.0,1.0,27.0,0.0,1.0,1.0,1.0,1000,16x16
kolmo40,patch,kolmo_patch_L16_b12,256,12,3072,0.35,0.1,future,bound,bound,2.5549396179999997,2.370472675725,2.7493344956,0.0,1.5536675,0.217,0.587,0.33,0.033,1000,16x16
kolmo40,patch,kolmo_patch_L16_b12,256,12,3072,0.35,0.1,from_t0,bound,bound,2.5152989015,2.3327107871374997,2.7098280603625,0.0,1.509277,0.217,0.58,0.327,0.033,1000,16x16
kolmo40,patch,kolmo_patch_L16_b12,256,12,3072,0.35,0.3,future,bound,bound,27.0,27.0,27.0,1.0,27.0,0.0,1.0,1.0,1.0,1000,16x16
kolmo40,patch,kolmo_patch_L16_b12,256,12,3072,0.35,0.3,from_t0,bound,bound,27.0,27.0,27.0,1.0,27.0,0.0,1.0,1.0,1.0,1000,16x16
kolmo40,patch,kolmo_patch_L16_b12,256,12,3072,0.35,0.5,future,bound,bound,27.0,27.0,27.0,1.0,27.0,0.0,1.0,1.0,1.0,1000,16x16
kolmo40,patch,kolmo_patch_L16_b12,256,12,3072,0.35,0.5,from_t0,bound,bound,27.0,27.0,27.0,1.0,27.0,0.0,1.0,1.0,1.0,1000,16x16
kolmo40,patch,kolmo_patch_L16_b12,256,12,3072,0.7,0.1,future,bound,bound,2.814890386,2.6214166112750004,3.026950463074999,0.0,1.7756199999999998,0.217,0.611,0.361,0.039,1000,16x16
kolmo40,patch,kolmo_patch_L16_b12,256,12,3072,0.7,0.1,from_t0,bound,bound,2.693437978,2.503608663325,2.9016383010999998,0.0,1.686839,0.217,0.595,0.349,0.037,1000,16x16
kolmo40,patch,kolmo_patch_L16_b12,256,12,3072,0.7,0.3,future,bound,bound,27.0,27.0,27.0,1.0,27.0,0.0,1.0,1.0,1.0,1000,16x16
kolmo40,patch,kolmo_patch_L16_b12,256,12,3072,0.7,0.3,from_t0,bound,bound,27.0,27.0,27.0,1.0,27.0,0.0,1.0,1.0,1.0,1000,16x16
kolmo40,patch,kolmo_patch_L16_b12,256,12,3072,0.7,0.5,future,bound,bound,27.0,27.0,27.0,1.0,27.0,0.0,1.0,1.0,1.0,1000,16x16
kolmo40,patch,kolmo_patch_L16_b12,256,12,3072,0.7,0.5,from_t0,bound,bound,27.0,27.0,27.0,1.0,27.0,0.0,1.0,1.0,1.0,1000,16x16
kolmo40,patch,kolmo_patch_L16_b12,256,12,3072,0.14,0.1,future,persistence,reference,0.029031387,0.0281790894,0.029919197,0.0,0.0177562,,0.0,0.0,0.0,1000,16x16
kolmo40,patch,kolmo_patch_L16_b12,256,12,3072,0.14,0.1,from_t0,persistence,reference,0.0251782916,0.0240774072,0.026297376105,0.0,0.0177562,,0.0,0.0,0.0,1000,16x16
kolmo40,patch,kolmo_patch_L16_b12,256,12,3072,0.14,0.3,future,persistence,reference,0.1431682406,0.138143236,0.148868424705,0.0,0.12429340000000001,,0.0,0.0,0.0,1000,16x16
kolmo40,patch,kolmo_patch_L16_b12,256,12,3072,0.14,0.3,from_t0,persistence,reference,0.1431682406,0.138143236,0.148868424705,0.0,0.12429340000000001,,0.0,0.0,0.0,1000,16x16
kolmo40,patch,kolmo_patch_L16_b12,256,12,3072,0.14,0.5,future,persistence,reference,0.34786171420000006,0.33305304339999997,0.36492808582999997,0.0,0.2752211,,0.028,0.0,0.0,1000,16x16
kolmo40,patch,kolmo_patch_L16_b12,256,12,3072,0.14,0.5,from_t0,persistence,reference,0.34786171420000006,0.33305304339999997,0.36492808582999997,0.0,0.2752211,,0.028,0.0,0.0,1000,16x16
kolmo40,patch,kolmo_patch_L16_b12,256,12,3072,0.35,0.1,future,persistence,reference,0.046743196499999994,0.04616611999999999,0.047409054,0.0,0.0443905,,0.0,0.0,0.0,1000,16x16
kolmo40,patch,kolmo_patch_L16_b12,256,12,3072,0.35,0.1,from_t0,persistence,reference,0.037110458,0.035778743,0.03853095399999999,0.0,0.0443905,,0.0,0.0,0.0,1000,16x16
kolmo40,patch,kolmo_patch_L16_b12,256,12,3072,0.35,0.3,future,persistence,reference,0.1561213885,0.1510608715,0.1617600917625,0.0,0.1331715,,0.0,0.0,0.0,1000,16x16
kolmo40,patch,kolmo_patch_L16_b12,256,12,3072,0.35,0.3,from_t0,persistence,reference,0.1561213885,0.1510608715,0.1617600917625,0.0,0.1331715,,0.0,0.0,0.0,1000,16x16
kolmo40,patch,kolmo_patch_L16_b12,256,12,3072,0.35,0.5,future,persistence,reference,0.361605013,0.34695503823749996,0.3785211227874999,0.0,0.3107335,,0.035,0.0,0.0,1000,16x16
kolmo40,patch,kolmo_patch_L16_b12,256,12,3072,0.35,0.5,from_t0,persistence,reference,0.361605013,0.34695503823749996,0.3785211227874999,0.0,0.3107335,,0.035,0.0,0.0,1000,16x16
kolmo40,patch,kolmo_patch_L16_b12,256,12,3072,0.7,0.1,future,persistence,reference,0.088958562,0.08878100000000001,0.08922490500000001,0.0,0.088781,,0.0,0.0,0.0,1000,16x16
kolmo40,patch,kolmo_patch_L16_b12,256,12,3072,0.7,0.1,from_t0,persistence,reference,0.069693085,0.06747355999999999,0.07191261,0.0,0.088781,,0.0,0.0,0.0,1000,16x16
kolmo40,patch,kolmo_patch_L16_b12,256,12,3072,0.7,0.3,future,persistence,reference,0.17995908700000002,0.174543446,0.185554509525,0.0,0.177562,,0.0,0.0,0.0,1000,16x16
kolmo40,patch,kolmo_patch_L16_b12,256,12,3072,0.7,0.3,from_t0,persistence,reference,0.17995908700000002,0.174543446,0.185554509525,0.0,0.177562,,0.0,0.0,0.0,1000,16x16
kolmo40,patch,kolmo_patch_L16_b12,256,12,3072,0.7,0.5,future,persistence,reference,0.38477685399999995,0.36986164600000004,0.40191602605,0.0,0.355124,,0.035,0.0,0.0,1000,16x16
kolmo40,patch,kolmo_patch_L16_b12,256,12,3072,0.7,0.5,from_t0,persistence,reference,0.38477685399999995,0.36986164600000004,0.40191602605,0.0,0.355124,,0.035,0.0,0.0,1000,16x16
kolmo40,patch,kolmo_patch_L16_b12,256,12,3072,0.14,0.1,future,decode_and_integrate,reference,1.4165541236,1.3659942319100002,1.4704175563000002,0.0,1.2429340000000002,,0.626,0.055,0.0,1000,16x16
kolmo40,patch,kolmo_patch_L16_b12,256,12,3072,0.14,0.1,from_t0,decode_and_integrate,reference,1.252966253,1.1937186965550002,1.3144999201950003,0.0,1.1896654000000002,,0.58,0.052,0.0,1000,16x16
kolmo40,patch,kolmo_patch_L16_b12,256,12,3072,0.14,0.3,future,decode_and_integrate,reference,2.6474494200000005,2.5766545627900004,2.727709663525,0.0,2.6101614000000004,,0.909,0.364,0.001,1000,16x16
kolmo40,patch,kolmo_patch_L16_b12,256,12,3072,0.14,0.3,from_t0,decode_and_integrate,reference,2.6474494200000005,2.5766545627900004,2.727709663525,0.0,2.6101614000000004,,0.909,0.364,0.001,1000,16x16
kolmo40,patch,kolmo_patch_L16_b12,256,12,3072,0.14,0.5,future,decode_and_integrate,reference,3.3143900482,3.2273092043500005,3.406175841145,0.0,3.3292875000000004,,0.947,0.588,0.001,1000,16x16
kolmo40,patch,kolmo_patch_L16_b12,256,12,3072,0.14,0.5,from_t0,decode_and_integrate,reference,3.3143900482,3.2273092043500005,3.406175841145,0.0,3.3292875000000004,,0.947,0.588,0.001,1000,16x16
kolmo40,patch,kolmo_patch_L16_b12,256,12,3072,0.35,0.1,future,decode_and_integrate,reference,1.432658997,1.382628683975,1.4866456133375,0.0,1.242934,,0.644,0.056,0.0,1000,16x16
kolmo40,patch,kolmo_patch_L16_b12,256,12,3072,0.35,0.1,from_t0,decode_and_integrate,reference,1.2649072975,1.2046238887375,1.3273036940624996,0.0,1.1985435,,0.595,0.053,0.0,1000,16x16
kolmo40,patch,kolmo_patch_L16_b12,256,12,3072,0.35,0.3,future,decode_and_integrate,reference,2.662098285,2.5913342791874996,2.7430221665,0.0,2.6190395,,0.916,0.364,0.001,1000,16x16
kolmo40,patch,kolmo_patch_L16_b12,256,12,3072,0.35,0.3,from_t0,decode_and_integrate,reference,2.662098285,2.5913342791874996,2.7430221665,0.0,2.6190395,,0.916,0.364,0.001,1000,16x16
kolmo40,patch,kolmo_patch_L16_b12,256,12,3072,0.35,0.5,future,decode_and_integrate,reference,3.3287104234999996,3.2411712477374994,3.4221579748125,0.0,3.3292875,,0.95,0.589,0.001,1000,16x16
kolmo40,patch,kolmo_patch_L16_b12,256,12,3072,0.35,0.5,from_t0,decode_and_integrate,reference,3.3287104234999996,3.2411712477374994,3.4221579748125,0.0,3.3292875,,0.95,0.589,0.001,1000,16x16
kolmo40,patch,kolmo_patch_L16_b12,256,12,3072,0.7,0.1,future,decode_and_integrate,reference,1.455209371,1.4051346674749998,1.508833095,0.0,1.2873245,,0.644,0.058,0.0,1000,16x16
kolmo40,patch,kolmo_patch_L16_b12,256,12,3072,0.7,0.1,from_t0,decode_and_integrate,reference,1.282619107,1.2221570264750001,1.3458356180499997,0.0,1.242934,,0.595,0.055,0.0,1000,16x16
kolmo40,patch,kolmo_patch_L16_b12,256,12,3072,0.7,0.3,future,decode_and_integrate,reference,2.685891593,2.61450722995,2.7663560328249996,0.0,2.66343,,0.916,0.377,0.001,1000,16x16
kolmo40,patch,kolmo_patch_L16_b12,256,12,3072,0.7,0.3,from_t0,decode_and_integrate,reference,2.685891593,2.61450722995,2.7663560328249996,0.0,2.66343,,0.916,0.377,0.001,1000,16x16
kolmo40,patch,kolmo_patch_L16_b12,256,12,3072,0.7,0.5,future,decode_and_integrate,reference,3.3509500639999996,3.263764902475,3.4427829108749997,0.0,3.373678,,0.95,0.606,0.001,1000,16x16
kolmo40,patch,kolmo_patch_L16_b12,256,12,3072,0.7,0.5,from_t0,decode_and_integrate,reference,3.3509500639999996,3.263764902475,3.4427829108749997,0.0,3.373678,,0.95,0.606,0.001,1000,16x16
kolmo40,patch,kolmo_patch_L16_b14,256,14,3584,0.14,0.1,future,bound,bound,12.2666746568,11.685066143085,12.88572250967,0.19299999999999995,9.703763300000002,0.078,0.858,0.777,0.493,1000,16x16
kolmo40,patch,kolmo_patch_L16_b14,256,14,3584,0.14,0.1,from_t0,bound,bound,12.2652364046,11.683541773315,12.884445394985,0.19299999999999995,9.703763300000002,0.078,0.858,0.777,0.493,1000,16x16
kolmo40,patch,kolmo_patch_L16_b14,256,14,3584,0.14,0.3,future,bound,bound,27.0,27.0,27.0,1.0,27.0,0.0,1.0,1.0,1.0,1000,16x16
kolmo40,patch,kolmo_patch_L16_b14,256,14,3584,0.14,0.3,from_t0,bound,bound,27.0,27.0,27.0,1.0,27.0,0.0,1.0,1.0,1.0,1000,16x16
kolmo40,patch,kolmo_patch_L16_b14,256,14,3584,0.14,0.5,future,bound,bound,27.0,27.0,27.0,1.0,27.0,0.0,1.0,1.0,1.0,1000,16x16
kolmo40,patch,kolmo_patch_L16_b14,256,14,3584,0.14,0.5,from_t0,bound,bound,27.0,27.0,27.0,1.0,27.0,0.0,1.0,1.0,1.0,1000,16x16
kolmo40,patch,kolmo_patch_L16_b14,256,14,3584,0.35,0.1,future,bound,bound,12.449488319,11.865799549875,13.079518591425,0.20099999999999996,9.943472,0.078,0.861,0.778,0.498,1000,16x16
kolmo40,patch,kolmo_patch_L16_b14,256,14,3584,0.35,0.1,from_t0,bound,bound,12.4454487835,11.86147369565,13.075828634699999,0.20099999999999996,9.943472,0.078,0.861,0.778,0.498,1000,16x16
kolmo40,patch,kolmo_patch_L16_b14,256,14,3584,0.35,0.3,future,bound,bound,27.0,27.0,27.0,1.0,27.0,0.0,1.0,1.0,1.0,1000,16x16
kolmo40,patch,kolmo_patch_L16_b14,256,14,3584,0.35,0.3,from_t0,bound,bound,27.0,27.0,27.0,1.0,27.0,0.0,1.0,1.0,1.0,1000,16x16
kolmo40,patch,kolmo_patch_L16_b14,256,14,3584,0.35,0.5,future,bound,bound,27.0,27.0,27.0,1.0,27.0,0.0,1.0,1.0,1.0,1000,16x16
kolmo40,patch,kolmo_patch_L16_b14,256,14,3584,0.35,0.5,from_t0,bound,bound,27.0,27.0,27.0,1.0,27.0,0.0,1.0,1.0,1.0,1000,16x16
kolmo40,patch,kolmo_patch_L16_b14,256,14,3584,0.7,0.1,future,bound,bound,12.584446015,12.0062694779,13.205908838124998,0.20199999999999996,10.298596,0.078,0.865,0.784,0.505,1000,16x16
kolmo40,patch,kolmo_patch_L16_b14,256,14,3584,0.7,0.1,from_t0,bound,bound,12.545293593999999,11.9750897116,13.1592172068,0.20199999999999996,10.2542055,0.078,0.861,0.783,0.504,1000,16x16
kolmo40,patch,kolmo_patch_L16_b14,256,14,3584,0.7,0.3,future,bound,bound,27.0,27.0,27.0,1.0,27.0,0.0,1.0,1.0,1.0,1000,16x16
kolmo40,patch,kolmo_patch_L16_b14,256,14,3584,0.7,0.3,from_t0,bound,bound,27.0,27.0,27.0,1.0,27.0,0.0,1.0,1.0,1.0,1000,16x16
kolmo40,patch,kolmo_patch_L16_b14,256,14,3584,0.7,0.5,future,bound,bound,27.0,27.0,27.0,1.0,27.0,0.0,1.0,1.0,1.0,1000,16x16
kolmo40,patch,kolmo_patch_L16_b14,256,14,3584,0.7,0.5,from_t0,bound,bound,27.0,27.0,27.0,1.0,27.0,0.0,1.0,1.0,1.0,1000,16x16
kolmo40,patch,kolmo_patch_L16_b14,256,14,3584,0.14,0.1,future,persistence,reference,0.039099152400000003,0.037980511800000005,0.040288817799999994,0.0,0.0355124,,0.0,0.0,0.0,1000,16x16
kolmo40,patch,kolmo_patch_L16_b14,256,14,3584,0.14,0.1,from_t0,persistence,reference,0.0377141688,0.036453034695,0.039046327704999995,0.0,0.0355124,,0.0,0.0,0.0,1000,16x16
kolmo40,patch,kolmo_patch_L16_b14,256,14,3584,0.14,0.3,future,persistence,reference,0.14574288959999998,0.140575391495,0.15153141080000002,0.0,0.12429340000000001,,0.0,0.0,0.0,1000,16x16
kolmo40,patch,kolmo_patch_L16_b14,256,14,3584,0.14,0.3,from_t0,persistence,reference,0.14574288959999998,0.140575391495,0.15153141080000002,0.0,0.12429340000000001,,0.0,0.0,0.0,1000,16x16
kolmo40,patch,kolmo_patch_L16_b14,256,14,3584,0.14,0.5,future,persistence,reference,0.3497616276,0.33510743574,0.36673833042,0.0,0.2840992,,0.031,0.0,0.0,1000,16x16
kolmo40,patch,kolmo_patch_L16_b14,256,14,3584,0.14,0.5,from_t0,persistence,reference,0.3497616276,0.33510743574,0.36673833042,0.0,0.2840992,,0.031,0.0,0.0,1000,16x16
kolmo40,patch,kolmo_patch_L16_b14,256,14,3584,0.35,0.1,future,persistence,reference,0.053845676499999995,0.052647133,0.0550453297625,0.0,0.0443905,,0.0,0.0,0.0,1000,16x16
kolmo40,patch,kolmo_patch_L16_b14,256,14,3584,0.35,0.1,from_t0,persistence,reference,0.0503832175,0.048918330999999995,0.052025666,0.0,0.0443905,,0.0,0.0,0.0,1000,16x16
kolmo40,patch,kolmo_patch_L16_b14,256,14,3584,0.35,0.3,future,persistence,reference,0.1591399425,0.15390075373749998,0.1648674267625,0.0,0.1331715,,0.0,0.0,0.0,1000,16x16
kolmo40,patch,kolmo_patch_L16_b14,256,14,3584,0.35,0.3,from_t0,persistence,reference,0.1591399425,0.15390075373749998,0.1648674267625,0.0,0.1331715,,0.0,0.0,0.0,1000,16x16
kolmo40,patch,kolmo_patch_L16_b14,256,14,3584,0.35,0.5,future,persistence,reference,0.363646976,0.3487750487374999,0.38091931954999997,0.0,0.3107335,,0.036,0.0,0.0,1000,16x16
kolmo40,patch,kolmo_patch_L16_b14,256,14,3584,0.35,0.5,from_t0,persistence,reference,0.363646976,0.3487750487374999,0.38091931954999997,0.0,0.3107335,,0.036,0.0,0.0,1000,16x16
kolmo40,patch,kolmo_patch_L16_b14,256,14,3584,0.7,0.1,future,persistence,reference,0.089757591,0.08922490500000001,0.090379058,0.0,0.088781,,0.0,0.0,0.0,1000,16x16
kolmo40,patch,kolmo_patch_L16_b14,256,14,3584,0.7,0.1,from_t0,persistence,reference,0.082832673,0.081323396,0.084432950525,0.0,0.088781,,0.0,0.0,0.0,1000,16x16
kolmo40,patch,kolmo_patch_L16_b14,256,14,3584,0.7,0.3,future,persistence,reference,0.182711298,0.177206876,0.18848206299999998,0.0,0.177562,,0.0,0.0,0.0,1000,16x16
kolmo40,patch,kolmo_patch_L16_b14,256,14,3584,0.7,0.3,from_t0,persistence,reference,0.182711298,0.177206876,0.18848206299999998,0.0,0.177562,,0.0,0.0,0.0,1000,16x16
kolmo40,patch,kolmo_patch_L16_b14,256,14,3584,0.7,0.5,future,persistence,reference,0.38566466399999993,0.37074945600000003,0.402976959,0.0,0.355124,,0.036,0.0,0.0,1000,16x16
kolmo40,patch,kolmo_patch_L16_b14,256,14,3584,0.7,0.5,from_t0,persistence,reference,0.38566466399999993,0.37074945600000003,0.402976959,0.0,0.355124,,0.036,0.0,0.0,1000,16x16
kolmo40,patch,kolmo_patch_L16_b14,256,14,3584,0.14,0.1,future,decode_and_integrate,reference,1.7160301928000004,1.6581942542550003,1.7768451778000003,0.0,1.5714237000000002,,0.75,0.101,0.0,1000,16x16
kolmo40,patch,kolmo_patch_L16_b14,256,14,3584,0.14,0.1,from_t0,decode_and_integrate,reference,1.6808196482000004,1.62186817639,1.7452595614300002,0.0,1.5625456000000002,,0.743,0.101,0.0,1000,16x16
kolmo40,patch,kolmo_patch_L16_b14,256,14,3584,0.14,0.3,future,decode_and_integrate,reference,2.9759036076000003,2.8922830032250006,3.0661650307750006,0.0,2.8942606000000004,,0.92,0.475,0.001,1000,16x16
kolmo40,patch,kolmo_patch_L16_b14,256,14,3584,0.14,0.3,from_t0,decode_and_integrate,reference,2.9759036076000003,2.8922830032250006,3.0661650307750006,0.0,2.8942606000000004,,0.92,0.475,0.001,1000,16x16
kolmo40,patch,kolmo_patch_L16_b14,256,14,3584,0.14,0.5,future,decode_and_integrate,reference,3.6142745100000004,3.5211680996800006,3.7147408652200005,0.0,3.5512400000000004,,0.962,0.646,0.003,1000,16x16
kolmo40,patch,kolmo_patch_L16_b14,256,14,3584,0.14,0.5,from_t0,decode_and_integrate,reference,3.6142745100000004,3.5211680996800006,3.7147408652200005,0.0,3.5512400000000004,,0.962,0.646,0.003,1000,16x16
kolmo40,patch,kolmo_patch_L16_b14,256,14,3584,0.35,0.1,future,decode_and_integrate,reference,1.73034169,1.6723676969999999,1.7912532243375,0.0,1.598058,,0.762,0.101,0.0,1000,16x16
kolmo40,patch,kolmo_patch_L16_b14,256,14,3584,0.35,0.1,from_t0,decode_and_integrate,reference,1.6942522135,1.6348499561625003,1.7590201725249999,0.0,1.57586275,,0.755,0.101,0.0,1000,16x16
kolmo40,patch,kolmo_patch_L16_b14,256,14,3584,0.35,0.3,future,decode_and_integrate,reference,2.98925627,2.9060063263,3.0796608525374998,0.0,2.929773,,0.925,0.476,0.001,1000,16x16
kolmo40,patch,kolmo_patch_L16_b14,256,14,3584,0.35,0.3,from_t0,decode_and_integrate,reference,2.98925627,2.9060063263,3.0796608525374998,0.0,2.929773,,0.925,0.476,0.001,1000,16x16
kolmo40,patch,kolmo_patch_L16_b14,256,14,3584,0.35,0.5,future,decode_and_integrate,reference,3.6291453274999994,3.5361905107375,3.7302668864999995,0.0,3.5512399999999995,,0.964,0.647,0.003,1000,16x16
kolmo40,patch,kolmo_patch_L16_b14,256,14,3584,0.35,0.5,from_t0,decode_and_integrate,reference,3.6291453274999994,3.5361905107375,3.7302668864999995,0.0,3.5512399999999995,,0.964,0.647,0.003,1000,16x16
kolmo40,patch,kolmo_patch_L16_b14,256,14,3584,0.7,0.1,future,decode_and_integrate,reference,1.7536023119999997,1.6956283189999999,1.813545023675,0.0,1.598058,,0.763,0.107,0.0,1000,16x16
kolmo40,patch,kolmo_patch_L16_b14,256,14,3584,0.7,0.1,from_t0,decode_and_integrate,reference,1.7149825769999998,1.6556768689999999,1.7798903661,0.0,1.598058,,0.755,0.107,0.0,1000,16x16
kolmo40,patch,kolmo_patch_L16_b14,256,14,3584,0.7,0.3,future,decode_and_integrate,reference,3.011984206,2.9287054084750004,3.1019415542499993,0.0,2.929773,,0.925,0.489,0.001,1000,16x16
kolmo40,patch,kolmo_patch_L16_b14,256,14,3584,0.7,0.3,from_t0,decode_and_integrate,reference,3.011984206,2.9287054084750004,3.1019415542499993,0.0,2.929773,,0.925,0.489,0.001,1000,16x16
kolmo40,patch,kolmo_patch_L16_b14,256,14,3584,0.7,0.5,future,decode_and_integrate,reference,3.6530718070000003,3.560382223475,3.7539270229999997,0.0,3.5512399999999995,,0.964,0.656,0.003,1000,16x16
kolmo40,patch,kolmo_patch_L16_b14,256,14,3584,0.7,0.5,from_t0,decode_and_integrate,reference,3.6530718070000003,3.560382223475,3.7539270229999997,0.0,3.5512399999999995,,0.964,0.656,0.003,1000,16x16
kolmo40,patch,kolmo_patch_L16_b16,256,16,4096,0.14,0.1,future,bound,bound,14.1638629106,13.563138004979999,14.760339553745002,0.256,12.624658200000002,0.048,0.902,0.822,0.568,1000,16x16
kolmo40,patch,kolmo_patch_L16_b16,256,16,4096,0.14,0.1,from_t0,bound,bound,14.1619807534,13.56118803134,14.759134760145,0.256,12.624658200000002,0.048,0.902,0.822,0.568,1000,16x16
kolmo40,patch,kolmo_patch_L16_b16,256,16,4096,0.14,0.3,future,bound,bound,27.0,27.0,27.0,1.0,27.0,0.0,1.0,1.0,1.0,1000,16x16
kolmo40,patch,kolmo_patch_L16_b16,256,16,4096,0.14,0.3,from_t0,bound,bound,27.0,27.0,27.0,1.0,27.0,0.0,1.0,1.0,1.0,1000,16x16
kolmo40,patch,kolmo_patch_L16_b16,256,16,4096,0.14,0.5,future,bound,bound,27.0,27.0,27.0,1.0,27.0,0.0,1.0,1.0,1.0,1000,16x16
kolmo40,patch,kolmo_patch_L16_b16,256,16,4096,0.14,0.5,from_t0,bound,bound,27.0,27.0,27.0,1.0,27.0,0.0,1.0,1.0,1.0,1000,16x16
kolmo40,patch,kolmo_patch_L16_b16,256,16,4096,0.35,0.1,future,bound,bound,14.167005758,13.559615487875,14.771099492287501,0.256,12.606902,0.048,0.904,0.822,0.567,1000,16x16
kolmo40,patch,kolmo_patch_L16_b16,256,16,4096,0.35,0.1,from_t0,bound,bound,14.163809642,13.556436018312498,14.768787857,0.256,12.606902,0.048,0.903,0.822,0.567,1000,16x16
kolmo40,patch,kolmo_patch_L16_b16,256,16,4096,0.35,0.3,future,bound,bound,27.0,27.0,27.0,1.0,27.0,0.0,1.0,1.0,1.0,1000,16x16
kolmo40,patch,kolmo_patch_L16_b16,256,16,4096,0.35,0.3,from_t0,bound,bound,27.0,27.0,27.0,1.0,27.0,0.0,1.0,1.0,1.0,1000,16x16
kolmo40,patch,kolmo_patch_L16_b16,256,16,4096,0.35,0.5,future,bound,bound,27.0,27.0,27.0,1.0,27.0,0.0,1.0,1.0,1.0,1000,16x16
kolmo40,patch,kolmo_patch_L16_b16,256,16,4096,0.35,0.5,from_t0,bound,bound,27.0,27.0,27.0,1.0,27.0,0.0,1.0,1.0,1.0,1000,16x16
kolmo40,patch,kolmo_patch_L16_b16,256,16,4096,0.7,0.1,future,bound,bound,14.370367128000002,13.755017119600002,14.968975507724998,0.261,12.873244999999997,0.048,0.906,0.827,0.576,1000,16x16
kolmo40,patch,kolmo_patch_L16_b16,256,16,4096,0.7,0.1,from_t0,bound,bound,14.31121783,13.709249942249999,14.904344981524998,0.259,12.873244999999997,0.048,0.903,0.825,0.574,1000,16x16
kolmo40,patch,kolmo_patch_L16_b16,256,16,4096,0.7,0.3,future,bound,bound,27.0,27.0,27.0,1.0,27.0,0.0,1.0,1.0,1.0,1000,16x16
kolmo40,patch,kolmo_patch_L16_b16,256,16,4096,0.7,0.3,from_t0,bound,bound,27.0,27.0,27.0,1.0,27.0,0.0,1.0,1.0,1.0,1000,16x16
kolmo40,patch,kolmo_patch_L16_b16,256,16,4096,0.7,0.5,future,bound,bound,27.0,27.0,27.0,1.0,27.0,0.0,1.0,1.0,1.0,1000,16x16
kolmo40,patch,kolmo_patch_L16_b16,256,16,4096,0.7,0.5,from_t0,bound,bound,27.0,27.0,27.0,1.0,27.0,0.0,1.0,1.0,1.0,1000,16x16
kolmo40,patch,kolmo_patch_L16_b16,256,16,4096,0.14,0.1,future,persistence,reference,0.0431830784,0.0419223882,0.04453299350499999,0.0,0.0355124,,0.0,0.0,0.0,1000,16x16
kolmo40,patch,kolmo_patch_L16_b16,256,16,4096,0.14,0.1,from_t0,persistence,reference,0.0423307808,0.041034134295,0.0437867892,0.0,0.0355124,,0.0,0.0,0.0,1000,16x16
kolmo40,patch,kolmo_patch_L16_b16,256,16,4096,0.14,0.3,future,persistence,reference,0.14684377400000004,0.141639875685,0.152650495305,0.0,0.12429340000000001,,0.0,0.0,0.0,1000,16x16
kolmo40,patch,kolmo_patch_L16_b16,256,16,4096,0.14,0.3,from_t0,persistence,reference,0.14684377400000004,0.141639875685,0.152650495305,0.0,0.12429340000000001,,0.0,0.0,0.0,1000,16x16
kolmo40,patch,kolmo_patch_L16_b16,256,16,4096,0.14,0.5,future,persistence,reference,0.3505429004,0.33571469778000007,0.367753541155,0.0,0.2840992,,0.031,0.0,0.0,1000,16x16
kolmo40,patch,kolmo_patch_L16_b16,256,16,4096,0.14,0.5,from_t0,persistence,reference,0.3505429004,0.33571469778000007,0.367753541155,0.0,0.2840992,,0.031,0.0,0.0,1000,16x16
kolmo40,patch,kolmo_patch_L16_b16,256,16,4096,0.35,0.1,future,persistence,reference,0.0571305735,0.055754468,0.058551069500000004,0.0,0.0443905,,0.0,0.0,0.0,1000,16x16
kolmo40,patch,kolmo_patch_L16_b16,256,16,4096,0.35,0.1,from_t0,persistence,reference,0.0549998295,0.053534943,0.05659899726249999,0.0,0.0443905,,0.0,0.0,0.0,1000,16x16
kolmo40,patch,kolmo_patch_L16_b16,256,16,4096,0.35,0.3,future,persistence,reference,0.1601165335,0.154876234975,0.16588729849999997,0.0,0.1331715,,0.0,0.0,0.0,1000,16x16
kolmo40,patch,kolmo_patch_L16_b16,256,16,4096,0.35,0.3,from_t0,persistence,reference,0.1601165335,0.154876234975,0.16588729849999997,0.0,0.1331715,,0.0,0.0,0.0,1000,16x16
kolmo40,patch,kolmo_patch_L16_b16,256,16,4096,0.35,0.5,future,persistence,reference,0.364357224,0.349619578,0.38180491002499994,0.0,0.3107335,,0.036,0.0,0.0,1000,16x16
kolmo40,patch,kolmo_patch_L16_b16,256,16,4096,0.35,0.5,from_t0,persistence,reference,0.364357224,0.349619578,0.38180491002499994,0.0,0.3107335,,0.036,0.0,0.0,1000,16x16
kolmo40,patch,kolmo_patch_L16_b16,256,16,4096,0.7,0.1,future,persistence,reference,0.09055661999999999,0.08984637200000001,0.091355649,0.0,0.088781,,0.0,0.0,0.0,1000,16x16
kolmo40,patch,kolmo_patch_L16_b16,256,16,4096,0.7,0.1,from_t0,persistence,reference,0.086295132,0.084874636,0.087715628,0.0,0.088781,,0.0,0.0,0.0,1000,16x16
kolmo40,patch,kolmo_patch_L16_b16,256,16,4096,0.7,0.3,future,persistence,reference,0.183510327,0.17809246647500002,0.189281092,0.0,0.177562,,0.0,0.0,0.0,1000,16x16
kolmo40,patch,kolmo_patch_L16_b16,256,16,4096,0.7,0.3,from_t0,persistence,reference,0.183510327,0.17809246647500002,0.189281092,0.0,0.177562,,0.0,0.0,0.0,1000,16x16
kolmo40,patch,kolmo_patch_L16_b16,256,16,4096,0.7,0.5,future,persistence,reference,0.386374912,0.37128214200000004,0.403689426525,0.0,0.355124,,0.036,0.0,0.0,1000,16x16
kolmo40,patch,kolmo_patch_L16_b16,256,16,4096,0.7,0.5,from_t0,persistence,reference,0.386374912,0.37128214200000004,0.403689426525,0.0,0.355124,,0.036,0.0,0.0,1000,16x16
kolmo40,patch,kolmo_patch_L16_b16,256,16,4096,0.14,0.1,future,decode_and_integrate,reference,2.0466506368000004,1.9790297003400001,2.117129877555,0.0,1.8644010000000002,,0.828,0.184,0.0,1000,16x16
kolmo40,patch,kolmo_patch_L16_b16,256,16,4096,0.14,0.1,from_t0,decode_and_integrate,reference,2.0257693456000005,1.9572059988250001,2.09688470222,0.0,1.8644010000000002,,0.825,0.184,0.0,1000,16x16
kolmo40,patch,kolmo_patch_L16_b16,256,16,4096,0.14,0.3,future,decode_and_integrate,reference,3.2424419258000006,3.1582930744750004,3.33650184406,0.0,3.1783598000000004,,0.958,0.543,0.0,1000,16x16
kolmo40,patch,kolmo_patch_L16_b16,256,16,4096,0.14,0.3,from_t0,decode_and_integrate,reference,3.2424419258000006,3.1582930744750004,3.33650184406,0.0,3.1783598000000004,,0.958,0.543,0.0,1000,16x16
kolmo40,patch,kolmo_patch_L16_b16,256,16,4096,0.14,0.5,future,decode_and_integrate,reference,3.9139814098000008,3.81516282994,4.013771253800001,0.0,3.8530954,,0.98,0.706,0.003,1000,16x16
kolmo40,patch,kolmo_patch_L16_b16,256,16,4096,0.14,0.5,from_t0,decode_and_integrate,reference,3.9139814098000008,3.81516282994,4.013771253800001,0.0,3.8530954,,0.98,0.706,0.003,1000,16x16
kolmo40,patch,kolmo_patch_L16_b16,256,16,4096,0.35,0.1,future,decode_and_integrate,reference,2.0596748094999997,1.991888296475,2.1302246311500004,0.0,1.8644009999999998,,0.833,0.187,0.0,1000,16x16
kolmo40,patch,kolmo_patch_L16_b16,256,16,4096,0.35,0.1,from_t0,decode_and_integrate,reference,2.0383673695,1.970389977325,2.1098371842625,0.0,1.8644009999999998,,0.83,0.187,0.0,1000,16x16
kolmo40,patch,kolmo_patch_L16_b16,256,16,4096,0.35,0.3,future,decode_and_integrate,reference,3.2556880509999995,3.171168539,3.3500189732625,0.0,3.196116,,0.959,0.544,0.0,1000,16x16
kolmo40,patch,kolmo_patch_L16_b16,256,16,4096,0.35,0.3,from_t0,decode_and_integrate,reference,3.2556880509999995,3.171168539,3.3500189732625,0.0,3.196116,,0.959,0.544,0.0,1000,16x16
kolmo40,patch,kolmo_patch_L16_b16,256,16,4096,0.35,0.5,future,decode_and_integrate,reference,3.9271387539999996,3.8281013289749994,4.026519095637499,0.0,3.8619734999999995,,0.98,0.709,0.003,1000,16x16
kolmo40,patch,kolmo_patch_L16_b16,256,16,4096,0.35,0.5,from_t0,decode_and_integrate,reference,3.9271387539999996,3.8281013289749994,4.026519095637499,0.0,3.8619734999999995,,0.98,0.709,0.003,1000,16x16
kolmo40,patch,kolmo_patch_L16_b16,256,16,4096,0.7,0.1,future,decode_and_integrate,reference,2.0832461649999994,2.015592823475,2.1536539370499996,0.0,1.8644009999999998,,0.833,0.192,0.0,1000,16x16
kolmo40,patch,kolmo_patch_L16_b16,256,16,4096,0.7,0.1,from_t0,decode_and_integrate,reference,2.0610509149999996,1.9930269128,2.1323553751500004,0.0,1.8644009999999998,,0.83,0.192,0.0,1000,16x16
kolmo40,patch,kolmo_patch_L16_b16,256,16,4096,0.7,0.3,future,decode_and_integrate,reference,3.281967227,3.19573868075,3.376632187775,0.0,3.196116,,0.959,0.559,0.0,1000,16x16
kolmo40,patch,kolmo_patch_L16_b16,256,16,4096,0.7,0.3,from_t0,decode_and_integrate,reference,3.281967227,3.19573868075,3.376632187775,0.0,3.196116,,0.959,0.559,0.0,1000,16x16
kolmo40,patch,kolmo_patch_L16_b16,256,16,4096,0.7,0.5,future,decode_and_integrate,reference,3.954039397,3.85556795085,4.052588526525,0.0,3.9063639999999995,,0.98,0.716,0.003,1000,16x16
kolmo40,patch,kolmo_patch_L16_b16,256,16,4096,0.7,0.5,from_t0,decode_and_integrate,reference,3.954039397,3.85556795085,4.052588526525,0.0,3.9063639999999995,,0.98,0.716,0.003,1000,16x16
kolmo40,patch,kolmo_patch_L16_b8,256,8,2048,0.14,0.1,future,bound,bound,0.0177562,0.0177562,0.0177562,0.0,0.0177562,1.0,0.0,0.0,0.0,1000,16x16
kolmo40,patch,kolmo_patch_L16_b8,256,8,2048,0.14,0.1,from_t0,bound,bound,0.0,0.0,0.0,0.0,0.0,1.0,0.0,0.0,0.0,1000,16x16
kolmo40,patch,kolmo_patch_L16_b8,256,8,2048,0.14,0.3,future,bound,bound,18.010651446,17.41826712673,18.595882262354998,0.43700000000000006,21.6714421,0.008,0.954,0.891,0.711,1000,16x16
kolmo40,patch,kolmo_patch_L16_b8,256,8,2048,0.14,0.3,from_t0,bound,bound,18.0098879294,17.416845742919996,18.59578308232,0.43700000000000006,21.6714421,0.008,0.954,0.891,0.711,1000,16x16
kolmo40,patch,kolmo_patch_L16_b8,256,8,2048,0.14,0.5,future,bound,bound,27.0,27.0,27.0,1.0,27.0,0.0,1.0,1.0,1.0,1000,16x16
kolmo40,patch,kolmo_patch_L16_b8,256,8,2048,0.14,0.5,from_t0,bound,bound,27.0,27.0,27.0,1.0,27.0,0.0,1.0,1.0,1.0,1000,16x16
kolmo40,patch,kolmo_patch_L16_b8,256,8,2048,0.35,0.1,future,bound,bound,0.044390500000000006,0.044390500000000006,0.044390500000000006,0.0,0.0443905,1.0,0.0,0.0,0.0,1000,16x16
kolmo40,patch,kolmo_patch_L16_b8,256,8,2048,0.35,0.1,from_t0,bound,bound,0.0,0.0,0.0,0.0,0.0,1.0,0.0,0.0,0.0,1000,16x16
kolmo40,patch,kolmo_patch_L16_b8,256,8,2048,0.35,0.3,future,bound,bound,18.277675196,17.670945420037498,18.8612882669375,0.45099999999999996,22.727936,0.008,0.958,0.897,0.721,1000,16x16
kolmo40,patch,kolmo_patch_L16_b8,256,8,2048,0.35,0.3,from_t0,bound,bound,18.276698604999996,17.66989248725,18.86033942,0.45099999999999996,22.727936,0.008,0.958,0.897,0.721,1000,16x16
kolmo40,patch,kolmo_patch_L16_b8,256,8,2048,0.35,0.5,future,bound,bound,27.0,27.0,27.0,1.0,27.0,0.0,1.0,1.0,1.0,1000,16x16
kolmo40,patch,kolmo_patch_L16_b8,256,8,2048,0.35,0.5,from_t0,bound,bound,27.0,27.0,27.0,1.0,27.0,0.0,1.0,1.0,1.0,1000,16x16
kolmo40,patch,kolmo_patch_L16_b8,256,8,2048,0.7,0.1,future,bound,bound,0.08878100000000001,0.08878100000000001,0.08878100000000001,0.0,0.088781,1.0,0.0,0.0,0.0,1000,16x16
kolmo40,patch,kolmo_patch_L16_b8,256,8,2048,0.7,0.1,from_t0,bound,bound,0.0,0.0,0.0,0.0,0.0,1.0,0.0,0.0,0.0,1000,16x16
kolmo40,patch,kolmo_patch_L16_b8,256,8,2048,0.7,0.3,future,bound,bound,18.542688711000004,17.949723022349996,19.1262388688,0.46799999999999997,24.414775,0.008,0.96,0.904,0.731,1000,16x16
kolmo40,patch,kolmo_patch_L16_b8,256,8,2048,0.7,0.3,from_t0,bound,bound,18.514356996,17.90768554065,19.09994754475,0.46699999999999997,24.370384499999997,0.008,0.959,0.903,0.73,1000,16x16
kolmo40,patch,kolmo_patch_L16_b8,256,8,2048,0.7,0.5,future,bound,bound,27.0,27.0,27.0,1.0,27.0,0.0,1.0,1.0,1.0,1000,16x16
kolmo40,patch,kolmo_patch_L16_b8,256,8,2048,0.7,0.5,from_t0,bound,bound,27.0,27.0,27.0,1.0,27.0,0.0,1.0,1.0,1.0,1000,16x16
kolmo40,patch,kolmo_patch_L16_b8,256,8,2048,0.14,0.1,future,persistence,reference,0.0177562,0.0177562,0.0177562,0.0,0.0177562,,0.0,0.0,0.0,1000,16x16
kolmo40,patch,kolmo_patch_L16_b8,256,8,2048,0.14,0.1,from_t0,persistence,reference,0.0,0.0,0.0,0.0,0.0,,0.0,0.0,0.0,1000,16x16
kolmo40,patch,kolmo_patch_L16_b8,256,8,2048,0.14,0.3,future,persistence,reference,0.12441769340000002,0.1198188376,0.12953192290499999,0.0,0.10653720000000001,,0.0,0.0,0.0,1000,16x16
kolmo40,patch,kolmo_patch_L16_b8,256,8,2048,0.14,0.3,from_t0,persistence,reference,0.12427564380000002,0.11965903180000001,0.12935524871499998,0.0,0.10653720000000001,,0.0,0.0,0.0,1000,16x16
kolmo40,patch,kolmo_patch_L16_b8,256,8,2048,0.14,0.5,future,persistence,reference,0.3347576386000001,0.32026857940000003,0.35137788570499995,0.0,0.266343,,0.025,0.0,0.0,1000,16x16
kolmo40,patch,kolmo_patch_L16_b8,256,8,2048,0.14,0.5,from_t0,persistence,reference,0.3347576386000001,0.32026857940000003,0.35137788570499995,0.0,0.266343,,0.025,0.0,0.0,1000,16x16
kolmo40,patch,kolmo_patch_L16_b8,256,8,2048,0.35,0.1,future,persistence,reference,0.044390500000000006,0.044390500000000006,0.044390500000000006,0.0,0.0443905,,0.0,0.0,0.0,1000,16x16
kolmo40,patch,kolmo_patch_L16_b8,256,8,2048,0.35,0.1,from_t0,persistence,reference,0.0,0.0,0.0,0.0,0.0,,0.0,0.0,0.0,1000,16x16
kolmo40,patch,kolmo_patch_L16_b8,256,8,2048,0.35,0.3,future,persistence,reference,0.1377437215,0.13321478073749998,0.14275984799999997,0.0,0.1331715,,0.0,0.0,0.0,1000,16x16
kolmo40,patch,kolmo_patch_L16_b8,256,8,2048,0.35,0.3,from_t0,persistence,reference,0.13738859750000001,0.13281637599999999,0.14240472399999998,0.0,0.1331715,,0.0,0.0,0.0,1000,16x16
kolmo40,patch,kolmo_patch_L16_b8,256,8,2048,0.35,0.5,future,persistence,reference,0.348199082,0.33346032623749994,0.3648044582874999,0.0,0.266343,,0.029,0.0,0.0,1000,16x16
kolmo40,patch,kolmo_patch_L16_b8,256,8,2048,0.35,0.5,from_t0,persistence,reference,0.348199082,0.33346032623749994,0.3648044582874999,0.0,0.266343,,0.029,0.0,0.0,1000,16x16
kolmo40,patch,kolmo_patch_L16_b8,256,8,2048,0.7,0.1,future,persistence,reference,0.08878100000000001,0.08878100000000001,0.08878100000000001,0.0,0.088781,,0.0,0.0,0.0,1000,16x16
kolmo40,patch,kolmo_patch_L16_b8,256,8,2048,0.7,0.1,from_t0,persistence,reference,0.0,0.0,0.0,0.0,0.0,,0.0,0.0,0.0,1000,16x16
kolmo40,patch,kolmo_patch_L16_b8,256,8,2048,0.7,0.3,future,persistence,reference,0.161403858,0.156787246,0.16646437500000003,0.0,0.177562,,0.0,0.0,0.0,1000,16x16
kolmo40,patch,kolmo_patch_L16_b8,256,8,2048,0.7,0.3,from_t0,persistence,reference,0.16069361000000001,0.155899436,0.16584290799999998,0.0,0.177562,,0.0,0.0,0.0,1000,16x16
kolmo40,patch,kolmo_patch_L16_b8,256,8,2048,0.7,0.5,future,persistence,reference,0.370660675,0.356275933475,0.386996379,0.0,0.266343,,0.029,0.0,0.0,1000,16x16
kolmo40,patch,kolmo_patch_L16_b8,256,8,2048,0.7,0.5,from_t0,persistence,reference,0.370660675,0.356275933475,0.386996379,0.0,0.266343,,0.029,0.0,0.0,1000,16x16
kolmo40,patch,kolmo_patch_L16_b8,256,8,2048,0.14,0.1,future,decode_and_integrate,reference,0.39885752060000007,0.3676110476500001,0.43556224943,0.0,0.0177562,,0.115,0.006,0.0,1000,16x16
kolmo40,patch,kolmo_patch_L16_b8,256,8,2048,0.14,0.1,from_t0,decode_and_integrate,reference,0.0,0.0,0.0,0.0,0.0,,0.0,0.0,0.0,1000,16x16
kolmo40,patch,kolmo_patch_L16_b8,256,8,2048,0.14,0.3,future,decode_and_integrate,reference,1.9193386828000003,1.8518291664950002,1.9859803648300003,0.0,1.7223514000000002,,0.809,0.142,0.0,1000,16x16
kolmo40,patch,kolmo_patch_L16_b8,256,8,2048,0.14,0.3,from_t0,decode_and_integrate,reference,1.9171191578000002,1.8493961231900002,1.9840959881050002,0.0,1.7223514000000002,,0.809,0.142,0.0,1000,16x16
kolmo40,patch,kolmo_patch_L16_b8,256,8,2048,0.14,0.5,future,decode_and_integrate,reference,2.6307585920000003,2.5480115926650004,2.719309649210001,0.0,2.4592337000000004,,0.891,0.344,0.0,1000,16x16
kolmo40,patch,kolmo_patch_L16_b8,256,8,2048,0.14,0.5,from_t0,decode_and_integrate,reference,2.6307585920000003,2.5480115926650004,2.719309649210001,0.0,2.4592337000000004,,0.891,0.344,0.0,1000,16x16
kolmo40,patch,kolmo_patch_L16_b8,256,8,2048,0.35,0.1,future,decode_and_integrate,reference,0.65076473,0.6195570987375,0.6862405078374999,0.0,0.532686,,0.179,0.008,0.0,1000,16x16
kolmo40,patch,kolmo_patch_L16_b8,256,8,2048,0.35,0.1,from_t0,decode_and_integrate,reference,0.0,0.0,0.0,0.0,0.0,,0.0,0.0,0.0,1000,16x16
kolmo40,patch,kolmo_patch_L16_b8,256,8,2048,0.35,0.3,future,decode_and_integrate,reference,1.934804333,1.8672808336875,2.0017895974999997,0.0,1.7312295,,0.813,0.144,0.0,1000,16x16
kolmo40,patch,kolmo_patch_L16_b8,256,8,2048,0.35,0.3,from_t0,decode_and_integrate,reference,1.9324072459999997,1.8645730131875,1.9995267917625,0.0,1.7312295,,0.813,0.144,0.0,1000,16x16
kolmo40,patch,kolmo_patch_L16_b8,256,8,2048,0.35,0.5,future,decode_and_integrate,reference,2.6454074569999997,2.5629731887375,2.734390433775,0.0,2.485868,,0.897,0.346,0.0,1000,16x16
kolmo40,patch,kolmo_patch_L16_b8,256,8,2048,0.35,0.5,from_t0,decode_and_integrate,reference,2.6454074569999997,2.5629731887375,2.734390433775,0.0,2.485868,,0.897,0.346,0.0,1000,16x16
kolmo40,patch,kolmo_patch_L16_b8,256,8,2048,0.7,0.1,future,decode_and_integrate,reference,0.6766887819999999,0.6452603079999999,0.7117683746249999,0.0,0.532686,,0.18,0.008,0.0,1000,16x16
kolmo40,patch,kolmo_patch_L16_b8,256,8,2048,0.7,0.1,from_t0,decode_and_integrate,reference,0.0,0.0,0.0,0.0,0.0,,0.0,0.0,0.0,1000,16x16
kolmo40,patch,kolmo_patch_L16_b8,256,8,2048,0.7,0.3,future,decode_and_integrate,reference,1.9640132819999998,1.896781650225,2.03070113015,0.0,1.7756199999999998,,0.813,0.155,0.0,1000,16x16
kolmo40,patch,kolmo_patch_L16_b8,256,8,2048,0.7,0.3,from_t0,decode_and_integrate,reference,1.9615274139999999,1.893332508375,2.029535879525,0.0,1.7756199999999998,,0.813,0.155,0.0,1000,16x16
kolmo40,patch,kolmo_patch_L16_b8,256,8,2048,0.7,0.5,future,decode_and_integrate,reference,2.669733451,2.587699807,2.757921837825,0.0,2.485868,,0.897,0.357,0.0,1000,16x16
kolmo40,patch,kolmo_patch_L16_b8,256,8,2048,0.7,0.5,from_t0,decode_and_integrate,reference,2.669733451,2.587699807,2.757921837825,0.0,2.485868,,0.897,0.357,0.0,1000,16x16
kolmo40,patch,kolmo_patch_L4_b10,16,10,160,0.14,0.1,future,bound,bound,0.0177562,0.0177562,0.0177562,0.0,0.0177562,1.0,0.0,0.0,0.0,1000,4x4
kolmo40,patch,kolmo_patch_L4_b10,16,10,160,0.14,0.1,from_t0,bound,bound,0.0,0.0,0.0,0.0,0.0,1.0,0.0,0.0,0.0,1000,4x4
kolmo40,patch,kolmo_patch_L4_b10,16,10,160,0.14,0.3,future,bound,bound,1.9497195410000003,1.8142037786950003,2.10191858492,0.0,1.0831282,0.266,0.519,0.257,0.014,1000,4x4
kolmo40,patch,kolmo_patch_L4_b10,16,10,160,0.14,0.3,from_t0,bound,bound,1.9371481514000002,1.8009154825200004,2.090483148215,0.0,1.065372,0.266,0.514,0.257,0.014,1000,4x4
kolmo40,patch,kolmo_patch_L4_b10,16,10,160,0.14,0.5,future,bound,bound,12.616467623800002,12.042400226644999,13.233267067365002,0.20099999999999996,10.405133200000002,0.072,0.868,0.787,0.508,1000,4x4
kolmo40,patch,kolmo_patch_L4_b10,16,10,160,0.14,0.5,from_t0,bound,bound,12.615153665,12.041219439345,13.231979443925,0.20099999999999996,10.405133200000002,0.072,0.868,0.787,0.508,1000,4x4
kolmo40,patch,kolmo_patch_L4_b10,16,10,160,0.35,0.1,future,bound,bound,0.044390500000000006,0.044390500000000006,0.044390500000000006,0.0,0.0443905,1.0,0.0,0.0,0.0,1000,4x4
kolmo40,patch,kolmo_patch_L4_b10,16,10,160,0.35,0.1,from_t0,bound,bound,0.0,0.0,0.0,0.0,0.0,1.0,0.0,0.0,0.0,1000,4x4
kolmo40,patch,kolmo_patch_L4_b10,16,10,160,0.35,0.3,future,bound,bound,2.1011355364999997,1.9513997214249998,2.2641529891749994,0.0,1.1985435,0.266,0.535,0.277,0.019,1000,4x4
kolmo40,patch,kolmo_patch_L4_b10,16,10,160,0.35,0.3,from_t0,bound,bound,2.0420073905,1.8936066197124999,2.2031548933625,0.0,1.154153,0.266,0.523,0.273,0.017,1000,4x4
kolmo40,patch,kolmo_patch_L4_b10,16,10,160,0.35,0.5,future,bound,bound,12.633131817499999,12.062928641625,13.249296809162498,0.20099999999999996,10.4317675,0.072,0.869,0.787,0.508,1000,4x4
kolmo40,patch,kolmo_patch_L4_b10,16,10,160,0.35,0.5,from_t0,bound,bound,12.629580577499999,12.058785898212498,13.246177266774998,0.20099999999999996,10.4317675,0.072,0.869,0.787,0.508,1000,4x4
kolmo40,patch,kolmo_patch_L4_b10,16,10,160,0.7,0.1,future,bound,bound,0.08878100000000001,0.08878100000000001,0.08878100000000001,0.0,0.088781,1.0,0.0,0.0,0.0,1000,4x4
kolmo40,patch,kolmo_patch_L4_b10,16,10,160,0.7,0.1,from_t0,bound,bound,0.0,0.0,0.0,0.0,0.0,1.0,0.0,0.0,0.0,1000,4x4
kolmo40,patch,kolmo_patch_L4_b10,16,10,160,0.7,0.3,future,bound,bound,2.256191553,2.098776181425,2.4227491480499994,0.0,1.331715,0.266,0.551,0.301,0.02,1000,4x4
kolmo40,patch,kolmo_patch_L4_b10,16,10,160,0.7,0.3,from_t0,bound,bound,2.1668778669999997,2.01148892175,2.3347693965749996,0.0,1.242934,0.266,0.533,0.296,0.018,1000,4x4
kolmo40,patch,kolmo_patch_L4_b10,16,10,160,0.7,0.5,future,bound,bound,12.759966051999998,12.181604317875,13.377103888074998,0.20199999999999996,10.698110499999999,0.072,0.873,0.792,0.514,1000,4x4
kolmo40,patch,kolmo_patch_L4_b10,16,10,160,0.7,0.5,from_t0,bound,bound,12.703579541,12.125552142075,13.32164714,0.20099999999999996,10.6093295,0.072,0.871,0.79,0.512,1000,4x4
kolmo40,patch,kolmo_patch_L4_b10,16,10,160,0.14,0.1,future,persistence,reference,0.0177562,0.0177562,0.0177562,0.0,0.0177562,,0.0,0.0,0.0,1000,4x4
kolmo40,patch,kolmo_patch_L4_b10,16,10,160,0.14,0.1,from_t0,persistence,reference,0.0,0.0,0.0,0.0,0.0,,0.0,0.0,0.0,1000,4x4
kolmo40,patch,kolmo_patch_L4_b10,16,10,160,0.14,0.3,future,persistence,reference,0.09884876540000001,0.0939480542,0.10435496301999998,0.0,0.08878100000000001,,0.0,0.0,0.0,1000,4x4
kolmo40,patch,kolmo_patch_L4_b10,16,10,160,0.14,0.3,from_t0,persistence,reference,0.09396581039999999,0.088815180685,0.09989638120000001,0.0,0.08878100000000001,,0.0,0.0,0.0,1000,4x4
kolmo40,patch,kolmo_patch_L4_b10,16,10,160,0.14,0.5,future,persistence,reference,0.35650898359999994,0.34011867928500006,0.373753361135,0.0,0.2840992,,0.028,0.0,0.0,1000,4x4
kolmo40,patch,kolmo_patch_L4_b10,16,10,160,0.14,0.5,from_t0,persistence,reference,0.3552305372000001,0.338804720485,0.37254638343999996,0.0,0.2840992,,0.028,0.0,0.0,1000,4x4
kolmo40,patch,kolmo_patch_L4_b10,16,10,160,0.35,0.1,future,persistence,reference,0.044390500000000006,0.044390500000000006,0.044390500000000006,0.0,0.0443905,,0.0,0.0,0.0,1000,4x4
kolmo40,patch,kolmo_patch_L4_b10,16,10,160,0.35,0.1,from_t0,persistence,reference,0.0,0.0,0.0,0.0,0.0,,0.0,0.0,0.0,1000,4x4
kolmo40,patch,kolmo_patch_L4_b10,16,10,160,0.35,0.3,future,persistence,reference,0.11537090950000001,0.1107542975,0.1206977695,0.0,0.088781,,0.0,0.0,0.0,1000,4x4
kolmo40,patch,kolmo_patch_L4_b10,16,10,160,0.35,0.3,from_t0,persistence,reference,0.10329669350000001,0.097925443,0.1092461302625,0.0,0.088781,,0.0,0.0,0.0,1000,4x4
kolmo40,patch,kolmo_patch_L4_b10,16,10,160,0.35,0.5,future,persistence,reference,0.37128214200000004,0.3549453282374999,0.38859554676249997,0.0,0.3107335,,0.032,0.0,0.0,1000,4x4
kolmo40,patch,kolmo_patch_L4_b10,16,10,160,0.35,0.5,from_t0,persistence,reference,0.36808602599999996,0.351483979,0.38549154104999994,0.0,0.3107335,,0.032,0.0,0.0,1000,4x4
kolmo40,patch,kolmo_patch_L4_b10,16,10,160,0.7,0.1,future,persistence,reference,0.08878100000000001,0.08878100000000001,0.08878100000000001,0.0,0.088781,,0.0,0.0,0.0,1000,4x4
kolmo40,patch,kolmo_patch_L4_b10,16,10,160,0.7,0.1,from_t0,persistence,reference,0.0,0.0,0.0,0.0,0.0,,0.0,0.0,0.0,1000,4x4
kolmo40,patch,kolmo_patch_L4_b10,16,10,160,0.7,0.3,future,persistence,reference,0.14320375300000002,0.138673702475,0.14835305099999999,0.0,0.088781,,0.0,0.0,0.0,1000,4x4
kolmo40,patch,kolmo_patch_L4_b10,16,10,160,0.7,0.3,from_t0,persistence,reference,0.11941044499999999,0.113462118,0.12606902,0.0,0.088781,,0.0,0.0,0.0,1000,4x4
kolmo40,patch,kolmo_patch_L4_b10,16,10,160,0.7,0.5,future,persistence,reference,0.395608136,0.37962755600000003,0.41256530699999994,0.0,0.355124,,0.033,0.0,0.0,1000,4x4
kolmo40,patch,kolmo_patch_L4_b10,16,10,160,0.7,0.5,from_t0,persistence,reference,0.389215904,0.372789199475,0.40644385704999997,0.0,0.355124,,0.033,0.0,0.0,1000,4x4
kolmo40,patch,kolmo_patch_L4_b10,16,10,160,0.14,0.1,future,decode_and_integrate,reference,0.0177562,0.0177562,0.0177562,0.0,0.0177562,,0.0,0.0,0.0,1000,4x4
kolmo40,patch,kolmo_patch_L4_b10,16,10,160,0.14,0.1,from_t0,decode_and_integrate,reference,0.0,0.0,0.0,0.0,0.0,,0.0,0.0,0.0,1000,4x4
kolmo40,patch,kolmo_patch_L4_b10,16,10,160,0.14,0.3,future,decode_and_integrate,reference,0.3957501856,0.371761115495,0.4210172582,0.0,0.2840992,,0.082,0.0,0.0,1000,4x4
kolmo40,patch,kolmo_patch_L4_b10,16,10,160,0.14,0.3,from_t0,decode_and_integrate,reference,0.3771772004000001,0.35244281380000003,0.40367566547,0.0,0.266343,,0.079,0.0,0.0,1000,4x4
kolmo40,patch,kolmo_patch_L4_b10,16,10,160,0.14,0.5,future,decode_and_integrate,reference,1.0651589256000003,1.0154974976300002,1.1169897173050003,0.0,0.8966881000000001,,0.446,0.029,0.0,1000,4x4
kolmo40,patch,kolmo_patch_L4_b10,16,10,160,0.14,0.5,from_t0,decode_and_integrate,reference,1.0626908138000004,1.0124185725500001,1.1148607489250002,0.0,0.8966881000000001,,0.446,0.029,0.0,1000,4x4
kolmo40,patch,kolmo_patch_L4_b10,16,10,160,0.35,0.1,future,decode_and_integrate,reference,0.044390500000000006,0.044390500000000006,0.044390500000000006,0.0,0.0443905,,0.0,0.0,0.0,1000,4x4
kolmo40,patch,kolmo_patch_L4_b10,16,10,160,0.35,0.1,from_t0,decode_and_integrate,reference,0.0,0.0,0.0,0.0,0.0,,0.0,0.0,0.0,1000,4x4
kolmo40,patch,kolmo_patch_L4_b10,16,10,160,0.35,0.3,future,decode_and_integrate,reference,0.41482922250000004,0.391433209475,0.44009185604999995,0.0,0.3107335,,0.084,0.0,0.0,1000,4x4
kolmo40,patch,kolmo_patch_L4_b10,16,10,160,0.35,0.3,from_t0,decode_and_integrate,reference,0.38704076949999994,0.36257716495,0.413766070025,0.0,0.266343,,0.081,0.0,0.0,1000,4x4
kolmo40,patch,kolmo_patch_L4_b10,16,10,160,0.35,0.5,future,decode_and_integrate,reference,1.079665741,1.02949115885,1.1309844882874998,0.0,0.9100052499999999,,0.451,0.029,0.0,1000,4x4
kolmo40,patch,kolmo_patch_L4_b10,16,10,160,0.35,0.5,from_t0,decode_and_integrate,reference,1.0750935194999998,1.0242619579499999,1.1272179543624996,0.0,0.9100052499999999,,0.451,0.029,0.0,1000,4x4
kolmo40,patch,kolmo_patch_L4_b10,16,10,160,0.7,0.1,future,decode_and_integrate,reference,0.08878100000000001,0.08878100000000001,0.08878100000000001,0.0,0.088781,,0.0,0.0,0.0,1000,4x4
kolmo40,patch,kolmo_patch_L4_b10,16,10,160,0.7,0.1,from_t0,decode_and_integrate,reference,0.0,0.0,0.0,0.0,0.0,,0.0,0.0,0.0,1000,4x4
kolmo40,patch,kolmo_patch_L4_b10,16,10,160,0.7,0.3,future,decode_and_integrate,reference,0.443638657,0.419576786475,0.46824209162499997,0.0,0.355124,,0.085,0.0,0.0,1000,4x4
kolmo40,patch,kolmo_patch_L4_b10,16,10,160,0.7,0.3,from_t0,decode_and_integrate,reference,0.40590673200000005,0.38095483194999996,0.432543251525,0.0,0.266343,,0.082,0.0,0.0,1000,4x4
kolmo40,patch,kolmo_patch_L4_b10,16,10,160,0.7,0.5,future,decode_and_integrate,reference,1.1056785740000001,1.0559545554249998,1.15682086905,0.0,0.9765909999999999,,0.452,0.033,0.0,1000,4x4
kolmo40,patch,kolmo_patch_L4_b10,16,10,160,0.7,0.5,from_t0,decode_and_integrate,reference,1.0983097509999997,1.0483216089499998,1.1503398560499998,0.0,0.9765909999999999,,0.452,0.033,0.0,1000,4x4
kolmo40,patch,kolmo_patch_L4_b12,16,12,192,0.14,0.1,future,bound,bound,0.0177562,0.0177562,0.0177562,0.0,0.0177562,1.0,0.0,0.0,0.0,1000,4x4
kolmo40,patch,kolmo_patch_L4_b12,16,12,192,0.14,0.1,from_t0,bound,bound,0.0,0.0,0.0,0.0,0.0,1.0,0.0,0.0,0.0,1000,4x4
kolmo40,patch,kolmo_patch_L4_b12,16,12,192,0.14,0.3,future,bound,bound,6.5822561322,6.11798777305,7.043069414914999,0.03500000000000003,4.456806200000001,0.157,0.744,0.588,0.231,1000,4x4
kolmo40,patch,kolmo_patch_L4_b12,16,12,192,0.14,0.3,from_t0,bound,bound,6.5770002970000006,6.113580937115001,7.037835262610001,0.03500000000000003,4.456806200000001,0.157,0.743,0.588,0.231,1000,4x4
kolmo40,patch,kolmo_patch_L4_b12,16,12,192,0.14,0.5,future,bound,bound,13.632559664200002,13.03479520452,14.234854229265,0.239,11.807873,0.058,0.891,0.808,0.544,1000,4x4
kolmo40,patch,kolmo_patch_L4_b12,16,12,192,0.14,0.5,from_t0,bound,bound,13.6313167302,13.033210463669999,14.23388163341,0.239,11.807873,0.058,0.891,0.808,0.544,1000,4x4
kolmo40,patch,kolmo_patch_L4_b12,16,12,192,0.35,0.1,future,bound,bound,0.044390500000000006,0.044390500000000006,0.044390500000000006,0.0,0.0443905,1.0,0.0,0.0,0.0,1000,4x4
kolmo40,patch,kolmo_patch_L4_b12,16,12,192,0.35,0.1,from_t0,bound,bound,0.0,0.0,0.0,0.0,0.0,1.0,0.0,0.0,0.0,1000,4x4
kolmo40,patch,kolmo_patch_L4_b12,16,12,192,0.35,0.3,future,bound,bound,6.7924908495,6.3407532233375,7.2747624361,0.041000000000000036,4.55002625,0.157,0.752,0.594,0.24,1000,4x4
kolmo40,patch,kolmo_patch_L4_b12,16,12,192,0.35,0.3,from_t0,bound,bound,6.7648355680000005,6.3039236738,7.2451250379125,0.041000000000000036,4.527831,0.157,0.748,0.592,0.24,1000,4x4
kolmo40,patch,kolmo_patch_L4_b12,16,12,192,0.35,0.5,future,bound,bound,13.728634678,13.133100511237501,14.331708465212499,0.242,11.896654,0.058,0.896,0.811,0.548,1000,4x4
kolmo40,patch,kolmo_patch_L4_b12,16,12,192,0.35,0.5,from_t0,bound,bound,13.671971247999998,13.077618300187499,14.277208332699999,0.24,11.830068249999998,0.058,0.894,0.809,0.546,1000,4x4
kolmo40,patch,kolmo_patch_L4_b12,16,12,192,0.7,0.1,future,bound,bound,0.08878100000000001,0.08878100000000001,0.08878100000000001,0.0,0.088781,1.0,0.0,0.0,0.0,1000,4x4
kolmo40,patch,kolmo_patch_L4_b12,16,12,192,0.7,0.1,from_t0,bound,bound,0.0,0.0,0.0,0.0,0.0,1.0,0.0,0.0,0.0,1000,4x4
kolmo40,patch,kolmo_patch_L4_b12,16,12,192,0.7,0.3,future,bound,bound,7.121731014999999,6.650052694074999,7.616948060374999,0.049000000000000044,4.7497834999999995,0.157,0.758,0.61,0.261,1000,4x4
kolmo40,patch,kolmo_patch_L4_b12,16,12,192,0.7,0.3,from_t0,bound,bound,7.08044785,6.606918563900001,7.5801014471,0.049000000000000044,4.705393,0.157,0.751,0.607,0.261,1000,4x4
kolmo40,patch,kolmo_patch_L4_b12,16,12,192,0.7,0.5,future,bound,bound,13.875620113,13.287512192900001,14.476544772125,0.247,12.074216,0.058,0.896,0.813,0.554,1000,4x4
kolmo40,patch,kolmo_patch_L4_b12,16,12,192,0.7,0.5,from_t0,bound,bound,13.815671786000001,13.222841939324999,14.422145559549998,0.245,12.029825500000001,0.058,0.894,0.811,0.552,1000,4x4
kolmo40,patch,kolmo_patch_L4_b12,16,12,192,0.14,0.1,future,persistence,reference,0.0177562,0.0177562,0.0177562,0.0,0.0177562,,0.0,0.0,0.0,1000,4x4
kolmo40,patch,kolmo_patch_L4_b12,16,12,192,0.14,0.1,from_t0,persistence,reference,0.0,0.0,0.0,0.0,0.0,,0.0,0.0,0.0,1000,4x4
kolmo40,patch,kolmo_patch_L4_b12,16,12,192,0.14,0.3,future,persistence,reference,0.1232990528,0.117989949,0.12901699310500003,0.0,0.10653720000000001,,0.0,0.0,0.0,1000,4x4
kolmo40,patch,kolmo_patch_L4_b12,16,12,192,0.14,0.3,from_t0,persistence,reference,0.12047581700000001,0.114917682495,0.126406831705,0.0,0.10653720000000001,,0.0,0.0,0.0,1000,4x4
kolmo40,patch,kolmo_patch_L4_b12,16,12,192,0.14,0.5,future,persistence,reference,0.35819582260000005,0.34205277337,0.37582861701000003,0.0,0.2840992,,0.032,0.0,0.0,1000,4x4
kolmo40,patch,kolmo_patch_L4_b12,16,12,192,0.14,0.5,from_t0,persistence,reference,0.35716596300000003,0.34088263979,0.3749044068,0.0,0.2840992,,0.032,0.0,0.0,1000,4x4
kolmo40,patch,kolmo_patch_L4_b12,16,12,192,0.35,0.1,future,persistence,reference,0.044390500000000006,0.044390500000000006,0.044390500000000006,0.0,0.0443905,,0.0,0.0,0.0,1000,4x4
kolmo40,patch,kolmo_patch_L4_b12,16,12,192,0.35,0.1,from_t0,persistence,reference,0.0,0.0,0.0,0.0,0.0,,0.0,0.0,0.0,1000,4x4
kolmo40,patch,kolmo_patch_L4_b12,16,12,192,0.35,0.3,future,persistence,reference,0.138675922,0.13348223350000002,0.144226954025,0.0,0.1331715,,0.0,0.0,0.0,1000,4x4
kolmo40,patch,kolmo_patch_L4_b12,16,12,192,0.35,0.3,from_t0,persistence,reference,0.131662223,0.125978019475,0.1379667837625,0.0,0.1331715,,0.0,0.0,0.0,1000,4x4
kolmo40,patch,kolmo_patch_L4_b12,16,12,192,0.35,0.5,future,persistence,reference,0.37221434249999996,0.35592302900000006,0.389972762025,0.0,0.3107335,,0.035,0.0,0.0,1000,4x4
kolmo40,patch,kolmo_patch_L4_b12,16,12,192,0.35,0.5,from_t0,persistence,reference,0.3696396935,0.35312531773749994,0.38748578426249997,0.0,0.3107335,,0.035,0.0,0.0,1000,4x4
kolmo40,patch,kolmo_patch_L4_b12,16,12,192,0.7,0.1,future,persistence,reference,0.08878100000000001,0.08878100000000001,0.08878100000000001,0.0,0.088781,,0.0,0.0,0.0,1000,4x4
kolmo40,patch,kolmo_patch_L4_b12,16,12,192,0.7,0.1,from_t0,persistence,reference,0.0,0.0,0.0,0.0,0.0,,0.0,0.0,0.0,1000,4x4
kolmo40,patch,kolmo_patch_L4_b12,16,12,192,0.7,0.3,future,persistence,reference,0.164955098,0.15989236147500002,0.17054830099999999,0.0,0.177562,,0.0,0.0,0.0,1000,4x4
kolmo40,patch,kolmo_patch_L4_b12,16,12,192,0.7,0.3,from_t0,persistence,reference,0.151016481,0.14497937300000002,0.15767505599999998,0.0,0.177562,,0.0,0.0,0.0,1000,4x4
kolmo40,patch,kolmo_patch_L4_b12,16,12,192,0.7,0.5,future,persistence,reference,0.395785698,0.379714117475,0.41292265052500005,0.0,0.355124,,0.035,0.0,0.0,1000,4x4
kolmo40,patch,kolmo_patch_L4_b12,16,12,192,0.7,0.5,from_t0,persistence,reference,0.3906364,0.37420969547499994,0.408665601575,0.0,0.355124,,0.035,0.0,0.0,1000,4x4
kolmo40,patch,kolmo_patch_L4_b12,16,12,192,0.14,0.1,future,decode_and_integrate,reference,0.0177562,0.0177562,0.0177562,0.0,0.0177562,,0.0,0.0,0.0,1000,4x4
kolmo40,patch,kolmo_patch_L4_b12,16,12,192,0.14,0.1,from_t0,decode_and_integrate,reference,0.0,0.0,0.0,0.0,0.0,,0.0,0.0,0.0,1000,4x4
kolmo40,patch,kolmo_patch_L4_b12,16,12,192,0.14,0.3,future,decode_and_integrate,reference,0.6621642104000001,0.6257098439900001,0.7002570301650001,0.0,0.5149298,,0.228,0.01,0.0,1000,4x4
kolmo40,patch,kolmo_patch_L4_b12,16,12,192,0.14,0.3,from_t0,decode_and_integrate,reference,0.6553280734000001,0.6183769772950001,0.6940938531449999,0.0,0.5060517,,0.228,0.01,0.0,1000,4x4
kolmo40,patch,kolmo_patch_L4_b12,16,12,192,0.14,0.5,future,decode_and_integrate,reference,1.3693759002,1.3144555296950002,1.4304261548500001,0.0,1.2251778000000002,,0.604,0.062,0.0,1000,4x4
kolmo40,patch,kolmo_patch_L4_b12,16,12,192,0.14,0.5,from_t0,decode_and_integrate,reference,1.366250809,1.31016873911,1.427077779435,0.0,1.2251778000000002,,0.604,0.062,0.0,1000,4x4
kolmo40,patch,kolmo_patch_L4_b12,16,12,192,0.35,0.1,future,decode_and_integrate,reference,0.044390500000000006,0.044390500000000006,0.044390500000000006,0.0,0.0443905,,0.0,0.0,0.0,1000,4x4
kolmo40,patch,kolmo_patch_L4_b12,16,12,192,0.35,0.1,from_t0,decode_and_integrate,reference,0.0,0.0,0.0,0.0,0.0,,0.0,0.0,0.0,1000,4x4
kolmo40,patch,kolmo_patch_L4_b12,16,12,192,0.35,0.3,future,decode_and_integrate,reference,0.6789970879999999,0.6424159867125,0.7169076847625,0.0,0.532686,,0.233,0.01,0.0,1000,4x4
kolmo40,patch,kolmo_patch_L4_b12,16,12,192,0.35,0.3,from_t0,decode_and_integrate,reference,0.6660794524999999,0.6289246039999999,0.7051442022625,0.0,0.532686,,0.233,0.01,0.0,1000,4x4
kolmo40,patch,kolmo_patch_L4_b12,16,12,192,0.35,0.5,future,decode_and_integrate,reference,1.3840070089999998,1.328605445475,1.445494510075,0.0,1.242934,,0.607,0.063,0.0,1000,4x4
kolmo40,patch,kolmo_patch_L4_b12,16,12,192,0.35,0.5,from_t0,decode_and_integrate,reference,1.379212835,1.3234972086875,1.440314138725,0.0,1.242934,,0.607,0.063,0.0,1000,4x4
kolmo40,patch,kolmo_patch_L4_b12,16,12,192,0.7,0.1,future,decode_and_integrate,reference,0.08878100000000001,0.08878100000000001,0.08878100000000001,0.0,0.088781,,0.0,0.0,0.0,1000,4x4
kolmo40,patch,kolmo_patch_L4_b12,16,12,192,0.7,0.1,from_t0,decode_and_integrate,reference,0.0,0.0,0.0,0.0,0.0,,0.0,0.0,0.0,1000,4x4
kolmo40,patch,kolmo_patch_L4_b12,16,12,192,0.7,0.3,future,decode_and_integrate,reference,0.704566016,0.6677219010000001,0.7422979409999999,0.0,0.532686,,0.234,0.01,0.0,1000,4x4
kolmo40,patch,kolmo_patch_L4_b12,16,12,192,0.7,0.3,from_t0,decode_and_integrate,reference,0.684412729,0.647035928,0.723478588525,0.0,0.532686,,0.234,0.01,0.0,1000,4x4
kolmo40,patch,kolmo_patch_L4_b12,16,12,192,0.7,0.5,future,decode_and_integrate,reference,1.407001288,1.35159750495,1.4685376186249999,0.0,1.242934,,0.607,0.064,0.0,1000,4x4
kolmo40,patch,kolmo_patch_L4_b12,16,12,192,0.7,0.5,from_t0,decode_and_integrate,reference,1.40007637,1.344410683,1.461253137575,0.0,1.242934,,0.607,0.064,0.0,1000,4x4
kolmo40,patch,kolmo_patch_L4_b14,16,14,224,0.14,0.1,future,bound,bound,0.0177562,0.0177562,0.0177562,0.0,0.0177562,1.0,0.0,0.0,0.0,1000,4x4
kolmo40,patch,kolmo_patch_L4_b14,16,14,224,0.14,0.1,from_t0,bound,bound,0.0,0.0,0.0,0.0,0.0,1.0,0.0,0.0,0.0,1000,4x4
kolmo40,patch,kolmo_patch_L4_b14,16,14,224,0.14,0.3,future,bound,bound,9.9258704524,9.367944305995001,10.499733093215,0.11199999999999999,7.1202362,0.116,0.81,0.721,0.391,1000,4x4
kolmo40,patch,kolmo_patch_L4_b14,16,14,224,0.14,0.3,from_t0,bound,bound,9.8891506308,9.338693820795001,10.459124163715,0.11199999999999999,7.093601900000001,0.116,0.807,0.718,0.389,1000,4x4
kolmo40,patch,kolmo_patch_L4_b14,16,14,224,0.14,0.5,future,bound,bound,14.568827009600001,13.966477521400002,15.15749402103,0.276,13.068563200000002,0.041,0.913,0.83,0.581,1000,4x4
kolmo40,patch,kolmo_patch_L4_b14,16,14,224,0.14,0.5,from_t0,bound,bound,14.568099005399999,13.965726878045,15.1567367191,0.276,13.068563200000002,0.041,0.913,0.83,0.581,1000,4x4
kolmo40,patch,kolmo_patch_L4_b14,16,14,224,0.35,0.1,future,bound,bound,0.044390500000000006,0.044390500000000006,0.044390500000000006,0.0,0.0443905,1.0,0.0,0.0,0.0,1000,4x4
kolmo40,patch,kolmo_patch_L4_b14,16,14,224,0.35,0.1,from_t0,bound,bound,0.0,0.0,0.0,0.0,0.0,1.0,0.0,0.0,0.0,1000,4x4
kolmo40,patch,kolmo_patch_L4_b14,16,14,224,0.35,0.3,future,bound,bound,10.161912108500001,9.60438726955,10.734031657087499,0.11699999999999999,7.280042,0.116,0.817,0.731,0.402,1000,4x4
kolmo40,patch,kolmo_patch_L4_b14,16,14,224,0.35,0.3,from_t0,bound,bound,10.100120532500002,9.555691175325002,10.66345055315,0.11699999999999999,7.191260999999999,0.116,0.812,0.726,0.399,1000,4x4
kolmo40,patch,kolmo_patch_L4_b14,16,14,224,0.35,0.5,future,bound,bound,14.637221805500001,14.024642609662498,15.234015190862497,0.28,13.183978499999998,0.041,0.915,0.834,0.584,1000,4x4
kolmo40,patch,kolmo_patch_L4_b14,16,14,224,0.35,0.5,from_t0,bound,bound,14.608401794999999,14.006771979925,15.211888849100001,0.279,13.11739275,0.041,0.914,0.833,0.583,1000,4x4
kolmo40,patch,kolmo_patch_L4_b14,16,14,224,0.7,0.1,future,bound,bound,0.08878100000000001,0.08878100000000001,0.08878100000000001,0.0,0.088781,1.0,0.0,0.0,0.0,1000,4x4
kolmo40,patch,kolmo_patch_L4_b14,16,14,224,0.7,0.1,from_t0,bound,bound,0.0,0.0,0.0,0.0,0.0,1.0,0.0,0.0,0.0,1000,4x4
kolmo40,patch,kolmo_patch_L4_b14,16,14,224,0.7,0.3,future,bound,bound,10.526873963999998,9.97191632945,11.094880446549999,0.128,7.7683374999999995,0.116,0.828,0.745,0.418,1000,4x4
kolmo40,patch,kolmo_patch_L4_b14,16,14,224,0.7,0.3,from_t0,bound,bound,10.368399879,9.807351902075,10.934210384724999,0.128,7.5907754999999995,0.116,0.817,0.734,0.412,1000,4x4
kolmo40,patch,kolmo_patch_L4_b14,16,14,224,0.7,0.5,future,bound,bound,14.736476877000001,14.12582128265,15.331447226724999,0.28400000000000003,13.31715,0.041,0.916,0.839,0.588,1000,4x4
kolmo40,patch,kolmo_patch_L4_b14,16,14,224,0.7,0.5,from_t0,bound,bound,14.705925637,14.1006187093,15.302781969724998,0.28300000000000003,13.31715,0.041,0.915,0.838,0.587,1000,4x4
kolmo40,patch,kolmo_patch_L4_b14,16,14,224,0.14,0.1,future,persistence,reference,0.0177562,0.0177562,0.0177562,0.0,0.0177562,,0.0,0.0,0.0,1000,4x4
kolmo40,patch,kolmo_patch_L4_b14,16,14,224,0.14,0.1,from_t0,persistence,reference,0.0,0.0,0.0,0.0,0.0,,0.0,0.0,0.0,1000,4x4
kolmo40,patch,kolmo_patch_L4_b14,16,14,224,0.14,0.3,future,persistence,reference,0.1345387274,0.12906848608500002,0.140540766905,0.0,0.12429340000000001,,0.0,0.0,0.0,1000,4x4
kolmo40,patch,kolmo_patch_L4_b14,16,14,224,0.14,0.3,from_t0,persistence,reference,0.1324790082,0.12681389259,0.13864218521999996,0.0,0.12429340000000001,,0.0,0.0,0.0,1000,4x4
kolmo40,patch,kolmo_patch_L4_b14,16,14,224,0.14,0.5,future,persistence,reference,0.35764538040000005,0.3422329988,0.37470997641,0.0,0.2840992,,0.035,0.0,0.0,1000,4x4
kolmo40,patch,kolmo_patch_L4_b14,16,14,224,0.14,0.5,from_t0,persistence,reference,0.35691737619999997,0.34141532579,0.37393092313500004,0.0,0.2840992,,0.035,0.0,0.0,1000,4x4
kolmo40,patch,kolmo_patch_L4_b14,16,14,224,0.35,0.1,future,persistence,reference,0.044390500000000006,0.044390500000000006,0.044390500000000006,0.0,0.0443905,,0.0,0.0,0.0,1000,4x4
kolmo40,patch,kolmo_patch_L4_b14,16,14,224,0.35,0.1,from_t0,persistence,reference,0.0,0.0,0.0,0.0,0.0,,0.0,0.0,0.0,1000,4x4
kolmo40,patch,kolmo_patch_L4_b14,16,14,224,0.35,0.3,future,persistence,reference,0.14946281349999999,0.144002782,0.15550214102499998,0.0,0.1331715,,0.0,0.0,0.0,1000,4x4
kolmo40,patch,kolmo_patch_L4_b14,16,14,224,0.35,0.3,from_t0,persistence,reference,0.1443135155,0.1384084692375,0.15079563826250003,0.0,0.1331715,,0.0,0.0,0.0,1000,4x4
kolmo40,patch,kolmo_patch_L4_b14,16,14,224,0.35,0.5,future,persistence,reference,0.3715928755,0.3560562004999999,0.3887287182625,0.0,0.3107335,,0.037,0.0,0.0,1000,4x4
kolmo40,patch,kolmo_patch_L4_b14,16,14,224,0.35,0.5,from_t0,persistence,reference,0.36977286499999995,0.35410079897499996,0.386821036525,0.0,0.3107335,,0.037,0.0,0.0,1000,4x4
kolmo40,patch,kolmo_patch_L4_b14,16,14,224,0.7,0.1,future,persistence,reference,0.08878100000000001,0.08878100000000001,0.08878100000000001,0.0,0.088781,,0.0,0.0,0.0,1000,4x4
kolmo40,patch,kolmo_patch_L4_b14,16,14,224,0.7,0.1,from_t0,persistence,reference,0.0,0.0,0.0,0.0,0.0,,0.0,0.0,0.0,1000,4x4
kolmo40,patch,kolmo_patch_L4_b14,16,14,224,0.7,0.3,future,persistence,reference,0.174632227,0.169216586,0.180491773,0.0,0.177562,,0.0,0.0,0.0,1000,4x4
kolmo40,patch,kolmo_patch_L4_b14,16,14,224,0.7,0.3,from_t0,persistence,reference,0.164333631,0.158118961,0.171169768,0.0,0.177562,,0.0,0.0,0.0,1000,4x4
kolmo40,patch,kolmo_patch_L4_b14,16,14,224,0.7,0.5,future,persistence,reference,0.39667350799999995,0.380249023,0.414609489525,0.0,0.355124,,0.037,0.0,0.0,1000,4x4
kolmo40,patch,kolmo_patch_L4_b14,16,14,224,0.7,0.5,from_t0,persistence,reference,0.393033487,0.376518001475,0.411499935,0.0,0.355124,,0.037,0.0,0.0,1000,4x4
kolmo40,patch,kolmo_patch_L4_b14,16,14,224,0.14,0.1,future,decode_and_integrate,reference,0.0177562,0.0177562,0.0177562,0.0,0.0177562,,0.0,0.0,0.0,1000,4x4
kolmo40,patch,kolmo_patch_L4_b14,16,14,224,0.14,0.1,from_t0,decode_and_integrate,reference,0.0,0.0,0.0,0.0,0.0,,0.0,0.0,0.0,1000,4x4
kolmo40,patch,kolmo_patch_L4_b14,16,14,224,0.14,0.3,future,decode_and_integrate,reference,0.8686155478,0.8271339572650002,0.9133287667350002,0.0,0.7102480000000001,,0.329,0.016,0.0,1000,4x4
kolmo40,patch,kolmo_patch_L4_b14,16,14,224,0.14,0.3,from_t0,decode_and_integrate,reference,0.8618149232000001,0.8191410038350002,0.9075948458500003,0.0,0.7013699000000001,,0.328,0.016,0.0,1000,4x4
kolmo40,patch,kolmo_patch_L4_b14,16,14,224,0.14,0.5,future,decode_and_integrate,reference,1.5397821516000003,1.480846216465,1.5998314004750003,0.0,1.4027398000000002,,0.675,0.09,0.0,1000,4x4
kolmo40,patch,kolmo_patch_L4_b14,16,14,224,0.14,0.5,from_t0,decode_and_integrate,reference,1.5382373622000003,1.4794399254250001,1.5986404033600001,0.0,1.4027398000000002,,0.675,0.09,0.0,1000,4x4
kolmo40,patch,kolmo_patch_L4_b14,16,14,224,0.35,0.1,future,decode_and_integrate,reference,0.049095892999999995,0.046876368,0.051848104,0.0,0.0443905,,0.0,0.0,0.0,1000,4x4
kolmo40,patch,kolmo_patch_L4_b14,16,14,224,0.35,0.1,from_t0,decode_and_integrate,reference,0.0,0.0,0.0,0.0,0.0,,0.0,0.0,0.0,1000,4x4
kolmo40,patch,kolmo_patch_L4_b14,16,14,224,0.35,0.3,future,decode_and_integrate,reference,0.8846138839999999,0.8432319501375001,0.9291408847875,0.0,0.710248,,0.341,0.016,0.0,1000,4x4
kolmo40,patch,kolmo_patch_L4_b14,16,14,224,0.35,0.3,from_t0,decode_and_integrate,reference,0.873427478,0.8308081589499999,0.9191541320499999,0.0,0.710248,,0.34,0.016,0.0,1000,4x4
kolmo40,patch,kolmo_patch_L4_b14,16,14,224,0.35,0.5,future,decode_and_integrate,reference,1.5534011569999997,1.4944017434499999,1.6134337594375,0.0,1.420496,,0.683,0.092,0.0,1000,4x4
kolmo40,patch,kolmo_patch_L4_b14,16,14,224,0.35,0.5,from_t0,decode_and_integrate,reference,1.5508265079999999,1.4919480585624998,1.6112863689999999,0.0,1.420496,,0.683,0.092,0.0,1000,4x4
kolmo40,patch,kolmo_patch_L4_b14,16,14,224,0.7,0.1,future,decode_and_integrate,reference,0.09943472,0.09588348,0.10360742699999999,0.0,0.088781,,0.001,0.0,0.0,1000,4x4
kolmo40,patch,kolmo_patch_L4_b14,16,14,224,0.7,0.1,from_t0,decode_and_integrate,reference,0.0,0.0,0.0,0.0,0.0,,0.0,0.0,0.0,1000,4x4
kolmo40,patch,kolmo_patch_L4_b14,16,14,224,0.7,0.3,future,decode_and_integrate,reference,0.9108042789999999,0.8697874569999999,0.9552857795249998,0.0,0.710248,,0.341,0.019,0.0,1000,4x4
kolmo40,patch,kolmo_patch_L4_b14,16,14,224,0.7,0.3,from_t0,decode_and_integrate,reference,0.8943797939999999,0.8511390079499999,0.940634695,0.0,0.710248,,0.34,0.019,0.0,1000,4x4
kolmo40,patch,kolmo_patch_L4_b14,16,14,224,0.7,0.5,future,decode_and_integrate,reference,1.5774608079999999,1.5185102240000001,1.63792510805,0.0,1.420496,,0.683,0.097,0.0,1000,4x4
kolmo40,patch,kolmo_patch_L4_b14,16,14,224,0.7,0.5,from_t0,decode_and_integrate,reference,1.573465663,1.5144152003749998,1.634020963575,0.0,1.420496,,0.683,0.097,0.0,1000,4x4
kolmo40,patch,kolmo_patch_L4_b16,16,16,256,0.14,0.1,future,bound,bound,0.0194607952,0.0186084976,0.0205261672,0.0,0.0177562,0.981,0.0,0.0,0.0,1000,4x4
kolmo40,patch,kolmo_patch_L4_b16,16,16,256,0.14,0.1,from_t0,bound,bound,0.0018111324,0.0008878099999999999,0.002912460704999997,0.0,0.0,0.981,0.0,0.0,0.0,1000,4x4
kolmo40,patch,kolmo_patch_L4_b16,16,16,256,0.14,0.3,future,bound,bound,11.732463566600002,11.158451548610001,12.331913557630001,0.16800000000000004,9.2864926,0.093,0.846,0.764,0.478,1000,4x4
kolmo40,patch,kolmo_patch_L4_b16,16,16,256,0.14,0.3,from_t0,bound,bound,11.73081224,11.156742958265001,12.33030218248,0.16800000000000004,9.2864926,0.093,0.846,0.764,0.478,1000,4x4
kolmo40,patch,kolmo_patch_L4_b16,16,16,256,0.14,0.5,future,bound,bound,15.686380595400001,15.098660913115,16.291772464395002,0.32599999999999996,15.6964808,0.033,0.927,0.855,0.629,1000,4x4
kolmo40,patch,kolmo_patch_L4_b16,16,16,256,0.14,0.5,from_t0,bound,bound,15.685794640800001,15.098173949330002,16.29127307127,0.32599999999999996,15.6964808,0.033,0.927,0.855,0.629,1000,4x4
kolmo40,patch,kolmo_patch_L4_b16,16,16,256,0.35,0.1,future,bound,bound,0.046521244,0.045367091000000005,0.04794174,0.0,0.0443905,0.981,0.0,0.0,0.0,1000,4x4
kolmo40,patch,kolmo_patch_L4_b16,16,16,256,0.35,0.1,from_t0,bound,bound,0.002485868,0.0011985435,0.004083926,0.0,0.0,0.981,0.0,0.0,0.0,1000,4x4
kolmo40,patch,kolmo_patch_L4_b16,16,16,256,0.35,0.3,future,bound,bound,11.819259268000001,11.239392661699998,12.4180750148875,0.17000000000000004,9.388590749999999,0.093,0.852,0.766,0.481,1000,4x4
kolmo40,patch,kolmo_patch_L4_b16,16,16,256,0.35,0.3,from_t0,bound,bound,11.795377178999999,11.222106769175,12.384663496037499,0.17000000000000004,9.3663955,0.093,0.851,0.765,0.48,1000,4x4
kolmo40,patch,kolmo_patch_L4_b16,16,16,256,0.35,0.5,future,bound,bound,15.854392767,15.246473859387498,16.4741812773,0.33299999999999996,16.047165749999998,0.033,0.929,0.858,0.635,1000,4x4
kolmo40,patch,kolmo_patch_L4_b16,16,16,256,0.35,0.5,from_t0,bound,bound,15.8520400705,15.243491035837499,16.473103697912496,0.33299999999999996,16.047165749999998,0.033,0.929,0.858,0.635,1000,4x4
kolmo40,patch,kolmo_patch_L4_b16,16,16,256,0.7,0.1,future,bound,bound,0.09206589700000001,0.090379058,0.094019079,0.0,0.088781,0.981,0.0,0.0,0.0,1000,4x4
kolmo40,patch,kolmo_patch_L4_b16,16,16,256,0.7,0.1,from_t0,bound,bound,0.0035512399999999998,0.0017756199999999999,0.005681984,0.0,0.0,0.981,0.0,0.0,0.0,1000,4x4
kolmo40,patch,kolmo_patch_L4_b16,16,16,256,0.7,0.3,future,bound,bound,11.922532723,11.349717220300002,12.527106392724999,0.17200000000000004,9.499566999999999,0.093,0.855,0.77,0.485,1000,4x4
kolmo40,patch,kolmo_patch_L4_b16,16,16,256,0.7,0.3,from_t0,bound,bound,11.861529599999999,11.2997154553,12.463215304499998,0.17100000000000004,9.410786,0.093,0.852,0.767,0.483,1000,4x4
kolmo40,patch,kolmo_patch_L4_b16,16,16,256,0.7,0.5,future,bound,bound,16.067285432000002,15.457234750125,16.68516046665,0.34099999999999997,16.424484999999997,0.033,0.93,0.863,0.643,1000,4x4
kolmo40,patch,kolmo_patch_L4_b16,16,16,256,0.7,0.5,from_t0,bound,bound,16.063467849,15.454029756025,16.682126375975,0.34099999999999997,16.424484999999997,0.033,0.93,0.863,0.643,1000,4x4
kolmo40,patch,kolmo_patch_L4_b16,16,16,256,0.14,0.1,future,persistence,reference,0.0181468364,0.0179515182,0.0183954232,0.0,0.0177562,,0.0,0.0,0.0,1000,4x4
kolmo40,patch,kolmo_patch_L4_b16,16,16,256,0.14,0.1,from_t0,persistence,reference,0.0006747356,0.0003728802,0.0010298596,0.0,0.0,,0.0,0.0,0.0,1000,4x4
kolmo40,patch,kolmo_patch_L4_b16,16,16,256,0.14,0.3,future,persistence,reference,0.1382852856,0.132762663495,0.144109763105,0.0,0.12429340000000001,,0.0,0.0,0.0,1000,4x4
kolmo40,patch,kolmo_patch_L4_b16,16,16,256,0.14,0.3,from_t0,persistence,reference,0.136633959,0.13100346797999998,0.14267106699999998,0.0,0.12429340000000001,,0.0,0.0,0.0,1000,4x4
kolmo40,patch,kolmo_patch_L4_b16,16,16,256,0.14,0.5,future,persistence,reference,0.3572192316000001,0.34150366288500006,0.374567482905,0.0,0.2840992,,0.033,0.0,0.0,1000,4x4
kolmo40,patch,kolmo_patch_L4_b16,16,16,256,0.14,0.5,from_t0,persistence,reference,0.356633277,0.34086532749500004,0.37396421601,0.0,0.2840992,,0.033,0.0,0.0,1000,4x4
kolmo40,patch,kolmo_patch_L4_b16,16,16,256,0.35,0.1,future,persistence,reference,0.044568062,0.0444348905,0.044790014499999996,0.0,0.0443905,,0.0,0.0,0.0,1000,4x4
kolmo40,patch,kolmo_patch_L4_b16,16,16,256,0.35,0.1,from_t0,persistence,reference,0.000976591,0.000532686,0.0014648865,0.0,0.0,,0.0,0.0,0.0,1000,4x4
kolmo40,patch,kolmo_patch_L4_b16,16,16,256,0.35,0.3,future,persistence,reference,0.15274771050000002,0.1472432885,0.158651647,0.0,0.1331715,,0.0,0.0,0.0,1000,4x4
kolmo40,patch,kolmo_patch_L4_b16,16,16,256,0.35,0.3,from_t0,persistence,reference,0.148619394,0.14280312873749998,0.15496834526250003,0.0,0.1331715,,0.0,0.0,0.0,1000,4x4
kolmo40,patch,kolmo_patch_L4_b16,16,16,256,0.35,0.5,future,persistence,reference,0.37079384649999997,0.3551672807375,0.3883292037624999,0.0,0.3107335,,0.037,0.0,0.0,1000,4x4
kolmo40,patch,kolmo_patch_L4_b16,16,16,256,0.35,0.5,from_t0,persistence,reference,0.36932895999999993,0.3536580037375,0.3868665367874999,0.0,0.3107335,,0.037,0.0,0.0,1000,4x4
kolmo40,patch,kolmo_patch_L4_b16,16,16,256,0.7,0.1,future,persistence,reference,0.08878100000000001,0.08878100000000001,0.08878100000000001,0.0,0.088781,,0.0,0.0,0.0,1000,4x4
kolmo40,patch,kolmo_patch_L4_b16,16,16,256,0.7,0.1,from_t0,persistence,reference,0.0016868389999999999,0.000976591,0.002485868,0.0,0.0,,0.0,0.0,0.0,1000,4x4
kolmo40,patch,kolmo_patch_L4_b16,16,16,256,0.7,0.3,future,persistence,reference,0.17773956200000002,0.172412702,0.18369010852499998,0.0,0.177562,,0.0,0.0,0.0,1000,4x4
kolmo40,patch,kolmo_patch_L4_b16,16,16,256,0.7,0.3,from_t0,persistence,reference,0.169482929,0.163445821,0.176141504,0.0,0.177562,,0.0,0.0,0.0,1000,4x4
kolmo40,patch,kolmo_patch_L4_b16,16,16,256,0.7,0.5,future,persistence,reference,0.393832516,0.37793849747499997,0.411499935,0.0,0.355124,,0.038,0.0,0.0,1000,4x4
kolmo40,patch,kolmo_patch_L4_b16,16,16,256,0.7,0.5,from_t0,persistence,reference,0.390902743,0.374742381475,0.408749943525,0.0,0.355124,,0.038,0.0,0.0,1000,4x4
kolmo40,patch,kolmo_patch_L4_b16,16,16,256,0.14,0.1,future,decode_and_integrate,reference,0.0608860098,0.050515945095,0.073120475505,0.0,0.0177562,,0.007,0.0,0.0,1000,4x4
kolmo40,patch,kolmo_patch_L4_b16,16,16,256,0.14,0.1,from_t0,decode_and_integrate,reference,0.005326860000000001,0.002965285400000001,0.008026246305,0.0,0.0,,0.0,0.0,0.0,1000,4x4
kolmo40,patch,kolmo_patch_L4_b16,16,16,256,0.14,0.3,future,decode_and_integrate,reference,1.1101176240000001,1.0592811794950001,1.162182797545,0.0,0.9233224000000001,,0.455,0.038,0.0,1000,4x4
kolmo40,patch,kolmo_patch_L4_b16,16,16,256,0.14,0.3,from_t0,decode_and_integrate,reference,1.1045954458,1.0529941529800002,1.156102186855,0.0,0.9233224000000001,,0.455,0.038,0.0,1000,4x4
kolmo40,patch,kolmo_patch_L4_b16,16,16,256,0.14,0.5,future,decode_and_integrate,reference,1.8098717098000003,1.7418641320850003,1.8825873439450003,0.0,1.5980580000000002,,0.744,0.153,0.0,1000,4x4
kolmo40,patch,kolmo_patch_L4_b16,16,16,256,0.14,0.5,from_t0,decode_and_integrate,reference,1.8078119906,1.73966014376,1.8806670109150003,0.0,1.5980580000000002,,0.744,0.153,0.0,1000,4x4
kolmo40,patch,kolmo_patch_L4_b16,16,16,256,0.35,0.1,future,decode_and_integrate,reference,0.1068479335,0.09543846523749999,0.12061009826249998,0.0,0.0443905,,0.01,0.0,0.0,1000,4x4
kolmo40,patch,kolmo_patch_L4_b16,16,16,256,0.35,0.1,from_t0,decode_and_integrate,reference,0.005504422,0.003107335,0.008301023499999999,0.0,0.0,,0.0,0.0,0.0,1000,4x4
kolmo40,patch,kolmo_patch_L4_b16,16,16,256,0.35,0.3,future,decode_and_integrate,reference,1.125299175,1.0750380313749999,1.1774635613125,0.0,0.9322004999999999,,0.477,0.038,0.0,1000,4x4
kolmo40,patch,kolmo_patch_L4_b16,16,16,256,0.35,0.3,from_t0,decode_and_integrate,reference,1.1169981515,1.0656216965624998,1.1692035990249998,0.0,0.9322004999999999,,0.477,0.038,0.0,1000,4x4
kolmo40,patch,kolmo_patch_L4_b16,16,16,256,0.35,0.5,future,decode_and_integrate,reference,1.8238724735,1.7560837409499999,1.8962356470750001,0.0,1.598058,,0.747,0.153,0.0,1000,4x4
kolmo40,patch,kolmo_patch_L4_b16,16,16,256,0.35,0.5,from_t0,decode_and_integrate,reference,1.821075872,1.7528465637375001,1.8938807310499999,0.0,1.598058,,0.747,0.153,0.0,1000,4x4
kolmo40,patch,kolmo_patch_L4_b16,16,16,256,0.7,0.1,future,decode_and_integrate,reference,0.15261453900000002,0.140984228,0.16584734704999998,0.0,0.088781,,0.01,0.0,0.0,1000,4x4
kolmo40,patch,kolmo_patch_L4_b16,16,16,256,0.7,0.1,from_t0,decode_and_integrate,reference,0.005948327,0.0033736779999999997,0.008966881000000001,0.0,0.0,,0.0,0.0,0.0,1000,4x4
kolmo40,patch,kolmo_patch_L4_b16,16,16,256,0.7,0.3,future,decode_and_integrate,reference,1.151223227,1.1003494944749999,1.203077989575,0.0,0.9765909999999999,,0.477,0.04,0.0,1000,4x4
kolmo40,patch,kolmo_patch_L4_b16,16,16,256,0.7,0.3,from_t0,decode_and_integrate,reference,1.1392377919999999,1.0872099064749998,1.1913544585249998,0.0,0.9765909999999999,,0.477,0.04,0.0,1000,4x4
kolmo40,patch,kolmo_patch_L4_b16,16,16,256,0.7,0.5,future,decode_and_integrate,reference,1.8475326099999998,1.7789026774749999,1.9200733455749999,0.0,1.598058,,0.747,0.161,0.0,1000,4x4
kolmo40,patch,kolmo_patch_L4_b16,16,16,256,0.7,0.5,from_t0,decode_and_integrate,reference,1.8441589319999998,1.77526043695,1.9173166955249998,0.0,1.598058,,0.747,0.161,0.0,1000,4x4
kolmo40,patch,kolmo_patch_L4_b8,16,8,128,0.14,0.1,future,bound,bound,0.0177562,0.0177562,0.0177562,0.0,0.0177562,1.0,0.0,0.0,0.0,1000,4x4
kolmo40,patch,kolmo_patch_L4_b8,16,8,128,0.14,0.1,from_t0,bound,bound,0.0,0.0,0.0,0.0,0.0,1.0,0.0,0.0,0.0,1000,4x4
kolmo40,patch,kolmo_patch_L4_b8,16,8,128,0.14,0.3,future,bound,bound,0.1023822492,0.08875569741500001,0.11719491514499998,0.0,0.0177562,0.768,0.014,0.001,0.0,1000,4x4
kolmo40,patch,kolmo_patch_L4_b8,16,8,128,0.14,0.3,from_t0,bound,bound,0.08345414,0.06997585248500002,0.098390211535,0.0,0.0,0.768,0.013,0.001,0.0,1000,4x4
kolmo40,patch,kolmo_patch_L4_b8,16,8,128,0.14,0.5,future,bound,bound,10.7607261252,10.186178202375,11.366123951640002,0.135,8.354292100000002,0.103,0.828,0.747,0.439,1000,4x4
kolmo40,patch,kolmo_patch_L4_b8,16,8,128,0.14,0.5,from_t0,bound,bound,10.751102264800002,10.184236118,11.358085981,0.135,8.354292100000002,0.103,0.827,0.746,0.439,1000,4x4
kolmo40,patch,kolmo_patch_L4_b8,16,8,128,0.35,0.1,future,bound,bound,0.044390500000000006,0.044390500000000006,0.044390500000000006,0.0,0.0443905,1.0,0.0,0.0,0.0,1000,4x4
kolmo40,patch,kolmo_patch_L4_b8,16,8,128,0.35,0.1,from_t0,bound,bound,0.0,0.0,0.0,0.0,0.0,1.0,0.0,0.0,0.0,1000,4x4
kolmo40,patch,kolmo_patch_L4_b8,16,8,128,0.35,0.3,future,bound,bound,0.1341924815,0.1199875215,0.149775766525,0.0,0.0443905,0.768,0.014,0.001,0.0,1000,4x4
kolmo40,patch,kolmo_patch_L4_b8,16,8,128,0.35,0.3,from_t0,bound,bound,0.087182942,0.073108933975,0.10214365026249998,0.0,0.0,0.768,0.011,0.001,0.0,1000,4x4
kolmo40,patch,kolmo_patch_L4_b8,16,8,128,0.35,0.5,future,bound,bound,10.812932749,10.2453296064625,11.409836083937499,0.137,8.36760925,0.103,0.83,0.749,0.438,1000,4x4
kolmo40,patch,kolmo_patch_L4_b8,16,8,128,0.35,0.5,from_t0,bound,bound,10.800148284999999,10.23269278615,11.405651288225,0.137,8.36760925,0.103,0.829,0.748,0.438,1000,4x4
kolmo40,patch,kolmo_patch_L4_b8,16,8,128,0.7,0.1,future,bound,bound,0.08878100000000001,0.08878100000000001,0.08878100000000001,0.0,0.088781,1.0,0.0,0.0,0.0,1000,4x4
kolmo40,patch,kolmo_patch_L4_b8,16,8,128,0.7,0.1,from_t0,bound,bound,0.0,0.0,0.0,0.0,0.0,1.0,0.0,0.0,0.0,1000,4x4
kolmo40,patch,kolmo_patch_L4_b8,16,8,128,0.7,0.3,future,bound,bound,0.18697278599999997,0.17214635900000003,0.203577052525,0.0,0.088781,0.768,0.019,0.001,0.0,1000,4x4
kolmo40,patch,kolmo_patch_L4_b8,16,8,128,0.7,0.3,from_t0,bound,bound,0.09828056699999999,0.083451920475,0.11470727152499999,0.0,0.0,0.768,0.015,0.001,0.0,1000,4x4
kolmo40,patch,kolmo_patch_L4_b8,16,8,128,0.7,0.5,future,bound,bound,11.094442551,10.509750994325,11.70042378265,0.14400000000000002,8.522976,0.103,0.834,0.752,0.451,1000,4x4
kolmo40,patch,kolmo_patch_L4_b8,16,8,128,0.7,0.5,from_t0,bound,bound,11.036280419999999,10.459503678425,11.646762423875,0.14300000000000002,8.522976,0.103,0.829,0.748,0.45,1000,4x4
kolmo40,patch,kolmo_patch_L4_b8,16,8,128,0.14,0.1,future,persistence,reference,0.0177562,0.0177562,0.0177562,0.0,0.0177562,,0.0,0.0,0.0,1000,4x4
kolmo40,patch,kolmo_patch_L4_b8,16,8,128,0.14,0.1,from_t0,persistence,reference,0.0,0.0,0.0,0.0,0.0,,0.0,0.0,0.0,1000,4x4
kolmo40,patch,kolmo_patch_L4_b8,16,8,128,0.14,0.3,future,persistence,reference,0.0372347514,0.03439331549499999,0.0400934996,0.0,0.0177562,,0.0,0.0,0.0,1000,4x4
kolmo40,patch,kolmo_patch_L4_b8,16,8,128,0.14,0.3,from_t0,persistence,reference,0.0229232542,0.019797719095000003,0.026173970514999992,0.0,0.0,,0.0,0.0,0.0,1000,4x4
kolmo40,patch,kolmo_patch_L4_b8,16,8,128,0.14,0.5,future,persistence,reference,0.3389481018,0.32262749057,0.3566723406399999,0.0,0.266343,,0.032,0.0,0.0,1000,4x4
kolmo40,patch,kolmo_patch_L4_b8,16,8,128,0.14,0.5,from_t0,persistence,reference,0.3371192132,0.32056954699,0.35507250702,0.0,0.266343,,0.032,0.0,0.0,1000,4x4
kolmo40,patch,kolmo_patch_L4_b8,16,8,128,0.35,0.1,future,persistence,reference,0.044390500000000006,0.044390500000000006,0.044390500000000006,0.0,0.0443905,,0.0,0.0,0.0,1000,4x4
kolmo40,patch,kolmo_patch_L4_b8,16,8,128,0.35,0.1,from_t0,persistence,reference,0.0,0.0,0.0,0.0,0.0,,0.0,0.0,0.0,1000,4x4
kolmo40,patch,kolmo_patch_L4_b8,16,8,128,0.35,0.3,future,persistence,reference,0.06103693749999999,0.0584622885,0.063744758,0.0,0.0443905,,0.0,0.0,0.0,1000,4x4
kolmo40,patch,kolmo_patch_L4_b8,16,8,128,0.35,0.3,from_t0,persistence,reference,0.026190394999999998,0.022727936,0.029787135262499993,0.0,0.0,,0.0,0.0,0.0,1000,4x4
kolmo40,patch,kolmo_patch_L4_b8,16,8,128,0.35,0.5,future,persistence,reference,0.3539254565,0.33758864273749994,0.371548485,0.0,0.266343,,0.033,0.0,0.0,1000,4x4
kolmo40,patch,kolmo_patch_L4_b8,16,8,128,0.35,0.5,from_t0,persistence,reference,0.34930884449999994,0.332839969,0.3671615938374999,0.0,0.266343,,0.033,0.0,0.0,1000,4x4
kolmo40,patch,kolmo_patch_L4_b8,16,8,128,0.7,0.1,future,persistence,reference,0.08878100000000001,0.08878100000000001,0.08878100000000001,0.0,0.088781,,0.0,0.0,0.0,1000,4x4
kolmo40,patch,kolmo_patch_L4_b8,16,8,128,0.7,0.1,from_t0,persistence,reference,0.0,0.0,0.0,0.0,0.0,,0.0,0.0,0.0,1000,4x4
kolmo40,patch,kolmo_patch_L4_b8,16,8,128,0.7,0.3,future,persistence,reference,0.100411311,0.09818956647499999,0.102808398,0.0,0.088781,,0.0,0.0,0.0,1000,4x4
kolmo40,patch,kolmo_patch_L4_b8,16,8,128,0.7,0.3,from_t0,persistence,reference,0.031783597999999996,0.027786233475,0.03586974352499999,0.0,0.0,,0.0,0.0,0.0,1000,4x4
kolmo40,patch,kolmo_patch_L4_b8,16,8,128,0.7,0.5,future,persistence,reference,0.380426585,0.364710128475,0.397301633575,0.0,0.266343,,0.034,0.0,0.0,1000,4x4
kolmo40,patch,kolmo_patch_L4_b8,16,8,128,0.7,0.5,from_t0,persistence,reference,0.37128214200000004,0.35476887599999996,0.38912712299999996,0.0,0.266343,,0.034,0.0,0.0,1000,4x4
kolmo40,patch,kolmo_patch_L4_b8,16,8,128,0.14,0.1,future,decode_and_integrate,reference,0.0177562,0.0177562,0.0177562,0.0,0.0177562,,0.0,0.0,0.0,1000,4x4
kolmo40,patch,kolmo_patch_L4_b8,16,8,128,0.14,0.1,from_t0,decode_and_integrate,reference,0.0,0.0,0.0,0.0,0.0,,0.0,0.0,0.0,1000,4x4
kolmo40,patch,kolmo_patch_L4_b8,16,8,128,0.14,0.3,future,decode_and_integrate,reference,0.20037871699999998,0.18194511797000001,0.220377081155,0.0,0.053268600000000006,,0.036,0.0,0.0,1000,4x4
kolmo40,patch,kolmo_patch_L4_b8,16,8,128,0.14,0.3,from_t0,decode_and_integrate,reference,0.10190283180000001,0.08616995079,0.11851020566,0.0,0.0,,0.022,0.0,0.0,1000,4x4
kolmo40,patch,kolmo_patch_L4_b8,16,8,128,0.14,0.5,future,decode_and_integrate,reference,0.8107658482000002,0.76990350514,0.8553898422300003,0.0,0.6214670000000001,,0.307,0.009,0.0,1000,4x4
kolmo40,patch,kolmo_patch_L4_b8,16,8,128,0.14,0.5,from_t0,decode_and_integrate,reference,0.8065753850000001,0.7653987572000001,0.8510573294300002,0.0,0.6214670000000001,,0.307,0.009,0.0,1000,4x4
kolmo40,patch,kolmo_patch_L4_b8,16,8,128,0.35,0.1,future,decode_and_integrate,reference,0.044390500000000006,0.044390500000000006,0.044390500000000006,0.0,0.0443905,,0.0,0.0,0.0,1000,4x4
kolmo40,patch,kolmo_patch_L4_b8,16,8,128,0.35,0.1,from_t0,decode_and_integrate,reference,0.0,0.0,0.0,0.0,0.0,,0.0,0.0,0.0,1000,4x4
kolmo40,patch,kolmo_patch_L4_b8,16,8,128,0.35,0.3,future,decode_and_integrate,reference,0.2384213755,0.2197773655,0.2583971005,0.0,0.1331715,,0.042,0.0,0.0,1000,4x4
kolmo40,patch,kolmo_patch_L4_b8,16,8,128,0.35,0.3,from_t0,decode_and_integrate,reference,0.1051610945,0.08904623323750002,0.12225587604999995,0.0,0.0,,0.024,0.0,0.0,1000,4x4
kolmo40,patch,kolmo_patch_L4_b8,16,8,128,0.35,0.5,future,decode_and_integrate,reference,0.8254413474999999,0.7848595523999999,0.8700637878624998,0.0,0.621467,,0.312,0.01,0.0,1000,4x4
kolmo40,patch,kolmo_patch_L4_b8,16,8,128,0.35,0.5,from_t0,decode_and_integrate,reference,0.8186052104999999,0.7775828396874997,0.8632631632625,0.0,0.621467,,0.312,0.01,0.0,1000,4x4
kolmo40,patch,kolmo_patch_L4_b8,16,8,128,0.7,0.1,future,decode_and_integrate,reference,0.08878100000000001,0.08878100000000001,0.08878100000000001,0.0,0.088781,,0.0,0.0,0.0,1000,4x4
kolmo40,patch,kolmo_patch_L4_b8,16,8,128,0.7,0.1,from_t0,decode_and_integrate,reference,0.0,0.0,0.0,0.0,0.0,,0.0,0.0,0.0,1000,4x4
kolmo40,patch,kolmo_patch_L4_b8,16,8,128,0.7,0.3,future,decode_and_integrate,reference,0.27504353800000003,0.25639952800000004,0.294664139,0.0,0.177562,,0.044,0.0,0.0,1000,4x4
kolmo40,patch,kolmo_patch_L4_b8,16,8,128,0.7,0.3,from_t0,decode_and_integrate,reference,0.11088746900000002,0.09436976395,0.12882567004999998,0.0,0.0,,0.024,0.0,0.0,1000,4x4
kolmo40,patch,kolmo_patch_L4_b8,16,8,128,0.7,0.5,future,decode_and_integrate,reference,0.850166856,0.8089724719999999,0.8944774530999998,0.0,0.6658575,,0.312,0.011,0.0,1000,4x4
kolmo40,patch,kolmo_patch_L4_b8,16,8,128,0.7,0.5,from_t0,decode_and_integrate,reference,0.83898045,0.7969848174749998,0.883284388525,0.0,0.6658575,,0.312,0.011,0.0,1000,4x4
kolmo40,patch,kolmo_patch_L8_b10,64,10,640,0.14,0.1,future,bound,bound,0.0177562,0.0177562,0.0177562,0.0,0.0177562,1.0,0.0,0.0,0.0,1000,8x8
kolmo40,patch,kolmo_patch_L8_b10,64,10,640,0.14,0.1,from_t0,bound,bound,0.0,0.0,0.0,0.0,0.0,1.0,0.0,0.0,0.0,1000,8x8
kolmo40,patch,kolmo_patch_L8_b10,64,10,640,0.14,0.3,future,bound,bound,11.894232736000001,11.312287810430002,12.49689002733,0.17400000000000004,9.481810800000002,0.082,0.855,0.773,0.484,1000,8x8
kolmo40,patch,kolmo_patch_L8_b10,64,10,640,0.14,0.3,from_t0,bound,bound,11.829294916800002,11.249446517780001,12.43075403875,0.17200000000000004,9.428542199999999,0.082,0.852,0.77,0.482,1000,8x8
kolmo40,patch,kolmo_patch_L8_b10,64,10,640,0.14,0.5,future,bound,bound,21.942109010200003,21.43335487917,22.44674345697,0.659,27.0,0.002,0.984,0.949,0.85,1000,8x8
kolmo40,patch,kolmo_patch_L8_b10,64,10,640,0.14,0.5,from_t0,bound,bound,21.942073497800003,21.433300278855,22.44672570077,0.659,27.0,0.002,0.984,0.949,0.85,1000,8x8
kolmo40,patch,kolmo_patch_L8_b10,64,10,640,0.35,0.1,future,bound,bound,0.044390500000000006,0.044390500000000006,0.044390500000000006,0.0,0.0443905,1.0,0.0,0.0,0.0,1000,8x8
kolmo40,patch,kolmo_patch_L8_b10,64,10,640,0.35,0.1,from_t0,bound,bound,0.0,0.0,0.0,0.0,0.0,1.0,0.0,0.0,0.0,1000,8x8
kolmo40,patch,kolmo_patch_L8_b10,64,10,640,0.35,0.3,future,bound,bound,12.0009454115,11.426120019349998,12.597503912512499,0.17800000000000005,9.499566999999999,0.082,0.857,0.778,0.484,1000,8x8
kolmo40,patch,kolmo_patch_L8_b10,64,10,640,0.35,0.3,from_t0,bound,bound,11.9316750795,11.357832256875001,12.529160375699998,0.17600000000000005,9.43298125,0.082,0.853,0.775,0.482,1000,8x8
kolmo40,patch,kolmo_patch_L8_b10,64,10,640,0.35,0.5,future,bound,bound,22.2692852835,21.779281609249995,22.755304354525,0.675,27.0,0.002,0.985,0.955,0.862,1000,8x8
kolmo40,patch,kolmo_patch_L8_b10,64,10,640,0.35,0.5,from_t0,bound,bound,22.269196502499998,21.7792383285125,22.7551722927875,0.675,27.0,0.002,0.985,0.955,0.862,1000,8x8
kolmo40,patch,kolmo_patch_L8_b10,64,10,640,0.7,0.1,future,bound,bound,0.08878100000000001,0.08878100000000001,0.08878100000000001,0.0,0.088781,1.0,0.0,0.0,0.0,1000,8x8
kolmo40,patch,kolmo_patch_L8_b10,64,10,640,0.7,0.1,from_t0,bound,bound,0.0,0.0,0.0,0.0,0.0,1.0,0.0,0.0,0.0,1000,8x8
kolmo40,patch,kolmo_patch_L8_b10,64,10,640,0.7,0.3,future,bound,bound,12.237451735999999,11.659760800175,12.861614341649998,0.18999999999999995,9.677128999999999,0.082,0.862,0.782,0.492,1000,8x8
kolmo40,patch,kolmo_patch_L8_b10,64,10,640,0.7,0.3,from_t0,bound,bound,12.154242787,11.578151702575001,12.787668359174999,0.18799999999999994,9.588348,0.082,0.857,0.778,0.489,1000,8x8
kolmo40,patch,kolmo_patch_L8_b10,64,10,640,0.7,0.5,future,bound,bound,22.698192840999997,22.224812826675002,23.1801893754,0.7050000000000001,27.0,0.002,0.988,0.959,0.875,1000,8x8
kolmo40,patch,kolmo_patch_L8_b10,64,10,640,0.7,0.5,from_t0,bound,bound,22.693398667,22.21861465875,23.17538944035,0.7050000000000001,27.0,0.002,0.987,0.958,0.875,1000,8x8
kolmo40,patch,kolmo_patch_L8_b10,64,10,640,0.14,0.1,future,persistence,reference,0.0177562,0.0177562,0.0177562,0.0,0.0177562,,0.0,0.0,0.0,1000,8x8
kolmo40,patch,kolmo_patch_L8_b10,64,10,640,0.14,0.1,from_t0,persistence,reference,0.0,0.0,0.0,0.0,0.0,,0.0,0.0,0.0,1000,8x8
kolmo40,patch,kolmo_patch_L8_b10,64,10,640,0.14,0.3,future,persistence,reference,0.1196057632,0.1150424198,0.12477281740000001,0.0,0.10653720000000001,,0.0,0.0,0.0,1000,8x8
kolmo40,patch,kolmo_patch_L8_b10,64,10,640,0.14,0.3,from_t0,persistence,reference,0.1181497548,0.11342571779,0.12335232139999999,0.0,0.10653720000000001,,0.0,0.0,0.0,1000,8x8
kolmo40,patch,kolmo_patch_L8_b10,64,10,640,0.14,0.5,future,persistence,reference,0.3436002262000001,0.328683686485,0.360628422,0.0,0.266343,,0.026,0.0,0.0,1000,8x8
kolmo40,patch,kolmo_patch_L8_b10,64,10,640,0.14,0.5,from_t0,persistence,reference,0.34356471380000003,0.32864773018,0.360593353505,0.0,0.266343,,0.026,0.0,0.0,1000,8x8
kolmo40,patch,kolmo_patch_L8_b10,64,10,640,0.35,0.1,future,persistence,reference,0.044390500000000006,0.044390500000000006,0.044390500000000006,0.0,0.0443905,,0.0,0.0,0.0,1000,8x8
kolmo40,patch,kolmo_patch_L8_b10,64,10,640,0.35,0.1,from_t0,persistence,reference,0.0,0.0,0.0,0.0,0.0,,0.0,0.0,0.0,1000,8x8
kolmo40,patch,kolmo_patch_L8_b10,64,10,640,0.35,0.3,future,persistence,reference,0.1335710145,0.129087574,0.1386315315,0.0,0.1331715,,0.0,0.0,0.0,1000,8x8
kolmo40,patch,kolmo_patch_L8_b10,64,10,640,0.35,0.3,from_t0,persistence,reference,0.1299309935,0.125092429,0.13525785349999997,0.0,0.1331715,,0.0,0.0,0.0,1000,8x8
kolmo40,patch,kolmo_patch_L8_b10,64,10,640,0.35,0.5,future,persistence,reference,0.3571215725,0.3417624595,0.37430180576249994,0.0,0.266343,,0.031,0.0,0.0,1000,8x8
kolmo40,patch,kolmo_patch_L8_b10,64,10,640,0.35,0.5,from_t0,persistence,reference,0.35703279149999995,0.34171806899999996,0.37421413452499996,0.0,0.266343,,0.031,0.0,0.0,1000,8x8
kolmo40,patch,kolmo_patch_L8_b10,64,10,640,0.7,0.1,future,persistence,reference,0.08878100000000001,0.08878100000000001,0.08878100000000001,0.0,0.088781,,0.0,0.0,0.0,1000,8x8
kolmo40,patch,kolmo_patch_L8_b10,64,10,640,0.7,0.1,from_t0,persistence,reference,0.0,0.0,0.0,0.0,0.0,,0.0,0.0,0.0,1000,8x8
kolmo40,patch,kolmo_patch_L8_b10,64,10,640,0.7,0.3,future,persistence,reference,0.15847408500000001,0.153679911,0.163445821,0.0,0.177562,,0.0,0.0,0.0,1000,8x8
kolmo40,patch,kolmo_patch_L8_b10,64,10,640,0.7,0.3,from_t0,persistence,reference,0.151194043,0.145955964,0.15679168505,0.0,0.177562,,0.0,0.0,0.0,1000,8x8
kolmo40,patch,kolmo_patch_L8_b10,64,10,640,0.7,0.5,future,persistence,reference,0.38051536599999997,0.365156253,0.39747475652500003,0.0,0.266343,,0.031,0.0,0.0,1000,8x8
kolmo40,patch,kolmo_patch_L8_b10,64,10,640,0.7,0.5,from_t0,persistence,reference,0.380337804,0.36497647147499995,0.39729941404999997,0.0,0.266343,,0.031,0.0,0.0,1000,8x8
kolmo40,patch,kolmo_patch_L8_b10,64,10,640,0.14,0.1,future,decode_and_integrate,reference,0.0177562,0.0177562,0.0177562,0.0,0.0177562,,0.0,0.0,0.0,1000,8x8
kolmo40,patch,kolmo_patch_L8_b10,64,10,640,0.14,0.1,from_t0,decode_and_integrate,reference,0.0,0.0,0.0,0.0,0.0,,0.0,0.0,0.0,1000,8x8
kolmo40,patch,kolmo_patch_L8_b10,64,10,640,0.14,0.3,future,decode_and_integrate,reference,1.1073121444,1.0612862983800004,1.1581685646300002,0.0,0.9410786000000001,,0.47,0.033,0.0,1000,8x8
kolmo40,patch,kolmo_patch_L8_b10,64,10,640,0.14,0.3,from_t0,decode_and_integrate,reference,1.0942258250000003,1.0466742774950002,1.146578648985,0.0,0.9410786000000001,,0.469,0.033,0.0,1000,8x8
kolmo40,patch,kolmo_patch_L8_b10,64,10,640,0.14,0.5,future,decode_and_integrate,reference,1.8329370136000003,1.7688531121800004,1.9010391430800002,0.0,1.6690828000000002,,0.758,0.132,0.0,1000,8x8
kolmo40,patch,kolmo_patch_L8_b10,64,10,640,0.14,0.5,from_t0,decode_and_integrate,reference,1.8327239392,1.7684282950950003,1.900822961345,0.0,1.6690828000000002,,0.758,0.132,0.0,1000,8x8
kolmo40,patch,kolmo_patch_L8_b10,64,10,640,0.35,0.1,future,decode_and_integrate,reference,0.0486963785,0.0460318387375,0.052292009,0.0,0.0443905,,0.001,0.0,0.0,1000,8x8
kolmo40,patch,kolmo_patch_L8_b10,64,10,640,0.35,0.1,from_t0,decode_and_integrate,reference,0.0,0.0,0.0,0.0,0.0,,0.0,0.0,0.0,1000,8x8
kolmo40,patch,kolmo_patch_L8_b10,64,10,640,0.35,0.3,future,decode_and_integrate,reference,1.121570373,1.0749081891624999,1.1725817160749998,0.0,0.9322004999999999,,0.478,0.034,0.0,1000,8x8
kolmo40,patch,kolmo_patch_L8_b10,64,10,640,0.35,0.3,from_t0,decode_and_integrate,reference,1.1059005265000001,1.0580852994249998,1.1583334753374999,0.0,0.9322004999999999,,0.477,0.034,0.0,1000,8x8
kolmo40,patch,kolmo_patch_L8_b10,64,10,640,0.35,0.5,future,decode_and_integrate,reference,1.848065296,1.7841429759999998,1.9164710564999998,0.0,1.686839,,0.764,0.136,0.0,1000,8x8
kolmo40,patch,kolmo_patch_L8_b10,64,10,640,0.35,0.5,from_t0,decode_and_integrate,reference,1.8478433435,1.7838721939499997,1.91607598105,0.0,1.686839,,0.764,0.136,0.0,1000,8x8
kolmo40,patch,kolmo_patch_L8_b10,64,10,640,0.7,0.1,future,decode_and_integrate,reference,0.11204162200000001,0.10538304700000001,0.119321664,0.0,0.088781,,0.002,0.0,0.0,1000,8x8
kolmo40,patch,kolmo_patch_L8_b10,64,10,640,0.7,0.1,from_t0,decode_and_integrate,reference,0.0,0.0,0.0,0.0,0.0,,0.0,0.0,0.0,1000,8x8
kolmo40,patch,kolmo_patch_L8_b10,64,10,640,0.7,0.3,future,decode_and_integrate,reference,1.145186119,1.0986604359499998,1.1963417311999998,0.0,0.9765909999999999,,0.478,0.036,0.0,1000,8x8
kolmo40,patch,kolmo_patch_L8_b10,64,10,640,0.7,0.3,from_t0,decode_and_integrate,reference,1.1267196709999998,1.0785093684749998,1.1792003396249997,0.0,0.9765909999999999,,0.477,0.036,0.0,1000,8x8
kolmo40,patch,kolmo_patch_L8_b10,64,10,640,0.7,0.5,future,decode_and_integrate,reference,1.8732790999999998,1.8084667504749998,1.94146734705,0.0,1.686839,,0.764,0.145,0.0,1000,8x8
kolmo40,patch,kolmo_patch_L8_b10,64,10,640,0.7,0.5,from_t0,decode_and_integrate,reference,1.873012757,1.8081937488999997,1.94128978505,0.0,1.686839,,0.764,0.145,0.0,1000,8x8
kolmo40,patch,kolmo_patch_L8_b12,64,12,768,0.14,0.1,future,bound,bound,0.0177562,0.0177562,0.0177562,0.0,0.0177562,1.0,0.0,0.0,0.0,1000,8x8
kolmo40,patch,kolmo_patch_L8_b12,64,12,768,0.14,0.1,from_t0,bound,bound,0.0,0.0,0.0,0.0,0.0,1.0,0.0,0.0,0.0,1000,8x8
kolmo40,patch,kolmo_patch_L8_b12,64,12,768,0.14,0.3,future,bound,bound,13.904211379400001,13.31350059633,14.50197086615,0.244,12.2251437,0.048,0.898,0.818,0.557,1000,8x8
kolmo40,patch,kolmo_patch_L8_b12,64,12,768,0.14,0.3,from_t0,bound,bound,13.903359081800001,13.312492488075,14.50124463757,0.244,12.2251437,0.048,0.898,0.818,0.557,1000,8x8
kolmo40,patch,kolmo_patch_L8_b12,64,12,768,0.14,0.5,future,bound,bound,26.9019295002,26.8080900697,26.973356431650004,0.993,27.0,0.0,1.0,0.999,0.998,1000,8x8
kolmo40,patch,kolmo_patch_L8_b12,64,12,768,0.14,0.5,from_t0,bound,bound,26.9019295002,26.8080900697,26.973356431650004,0.993,27.0,0.0,1.0,0.999,0.998,1000,8x8
kolmo40,patch,kolmo_patch_L8_b12,64,12,768,0.35,0.1,future,bound,bound,0.044390500000000006,0.044390500000000006,0.044390500000000006,0.0,0.0443905,1.0,0.0,0.0,0.0,1000,8x8
kolmo40,patch,kolmo_patch_L8_b12,64,12,768,0.35,0.1,from_t0,bound,bound,0.0,0.0,0.0,0.0,0.0,1.0,0.0,0.0,0.0,1000,8x8
kolmo40,patch,kolmo_patch_L8_b12,64,12,768,0.35,0.3,future,bound,bound,13.9650669705,13.367417087775001,14.571898224474998,0.247,12.27397325,0.048,0.898,0.818,0.559,1000,8x8
kolmo40,patch,kolmo_patch_L8_b12,64,12,768,0.35,0.3,from_t0,bound,bound,13.9629362265,13.365289673062499,14.570111291024999,0.247,12.27397325,0.048,0.898,0.818,0.559,1000,8x8
kolmo40,patch,kolmo_patch_L8_b12,64,12,768,0.35,0.5,future,bound,bound,26.9269141715,26.8534949519625,26.983366224999997,0.994,27.0,0.0,1.0,1.0,0.998,1000,8x8
kolmo40,patch,kolmo_patch_L8_b12,64,12,768,0.35,0.5,from_t0,bound,bound,26.9269141715,26.8534949519625,26.983366224999997,0.994,27.0,0.0,1.0,1.0,0.998,1000,8x8
kolmo40,patch,kolmo_patch_L8_b12,64,12,768,0.7,0.1,future,bound,bound,0.08878100000000001,0.08878100000000001,0.08878100000000001,0.0,0.088781,1.0,0.0,0.0,0.0,1000,8x8
kolmo40,patch,kolmo_patch_L8_b12,64,12,768,0.7,0.1,from_t0,bound,bound,0.0,0.0,0.0,0.0,0.0,1.0,0.0,0.0,0.0,1000,8x8
kolmo40,patch,kolmo_patch_L8_b12,64,12,768,0.7,0.3,future,bound,bound,14.125168754999999,13.526326899025,14.732106837624999,0.254,12.518120999999997,0.048,0.903,0.824,0.564,1000,8x8
kolmo40,patch,kolmo_patch_L8_b12,64,12,768,0.7,0.3,from_t0,bound,bound,14.066197018999999,13.465837855224999,14.675039009725,0.252,12.384949500000001,0.048,0.901,0.822,0.562,1000,8x8
kolmo40,patch,kolmo_patch_L8_b12,64,12,768,0.7,0.5,future,bound,bound,26.959395355,26.901822962999997,27.0,0.997,27.0,0.0,1.0,1.0,0.999,1000,8x8
kolmo40,patch,kolmo_patch_L8_b12,64,12,768,0.7,0.5,from_t0,bound,bound,26.959395355,26.901822962999997,27.0,0.997,27.0,0.0,1.0,1.0,0.999,1000,8x8
kolmo40,patch,kolmo_patch_L8_b12,64,12,768,0.14,0.1,future,persistence,reference,0.0177562,0.0177562,0.0177562,0.0,0.0177562,,0.0,0.0,0.0,1000,8x8
kolmo40,patch,kolmo_patch_L8_b12,64,12,768,0.14,0.1,from_t0,persistence,reference,0.0,0.0,0.0,0.0,0.0,,0.0,0.0,0.0,1000,8x8
kolmo40,patch,kolmo_patch_L8_b12,64,12,768,0.14,0.3,future,persistence,reference,0.13489385140000001,0.12983244659,0.14059403550500002,0.0,0.12429340000000001,,0.0,0.0,0.0,1000,8x8
kolmo40,patch,kolmo_patch_L8_b12,64,12,768,0.14,0.3,from_t0,persistence,reference,0.1340415538,0.1288567434,0.139812762705,0.0,0.12429340000000001,,0.0,0.0,0.0,1000,8x8
kolmo40,patch,kolmo_patch_L8_b12,64,12,768,0.14,0.5,future,persistence,reference,0.3500812392,0.334632013485,0.3667631891,0.0,0.2840992,,0.031,0.0,0.0,1000,8x8
kolmo40,patch,kolmo_patch_L8_b12,64,12,768,0.14,0.5,from_t0,persistence,reference,0.3500812392,0.334632013485,0.3667631891,0.0,0.2840992,,0.031,0.0,0.0,1000,8x8
kolmo40,patch,kolmo_patch_L8_b12,64,12,768,0.35,0.1,future,persistence,reference,0.044390500000000006,0.044390500000000006,0.044390500000000006,0.0,0.0443905,,0.0,0.0,0.0,1000,8x8
kolmo40,patch,kolmo_patch_L8_b12,64,12,768,0.35,0.1,from_t0,persistence,reference,0.0,0.0,0.0,0.0,0.0,,0.0,0.0,0.0,1000,8x8
kolmo40,patch,kolmo_patch_L8_b12,64,12,768,0.35,0.3,future,persistence,reference,0.14888573700000002,0.143647658,0.15447893999999998,0.0,0.1331715,,0.0,0.0,0.0,1000,8x8
kolmo40,patch,kolmo_patch_L8_b12,64,12,768,0.35,0.3,from_t0,persistence,reference,0.146754993,0.14133935200000003,0.15252797752499997,0.0,0.1331715,,0.0,0.0,0.0,1000,8x8
kolmo40,patch,kolmo_patch_L8_b12,64,12,768,0.35,0.5,future,persistence,reference,0.362847947,0.3474877242375,0.3797651665499999,0.0,0.3107335,,0.034,0.0,0.0,1000,8x8
kolmo40,patch,kolmo_patch_L8_b12,64,12,768,0.35,0.5,from_t0,persistence,reference,0.362847947,0.3474877242375,0.3797651665499999,0.0,0.3107335,,0.034,0.0,0.0,1000,8x8
kolmo40,patch,kolmo_patch_L8_b12,64,12,768,0.7,0.1,future,persistence,reference,0.08878100000000001,0.08878100000000001,0.08878100000000001,0.0,0.088781,,0.0,0.0,0.0,1000,8x8
kolmo40,patch,kolmo_patch_L8_b12,64,12,768,0.7,0.1,from_t0,persistence,reference,0.0,0.0,0.0,0.0,0.0,,0.0,0.0,0.0,1000,8x8
kolmo40,patch,kolmo_patch_L8_b12,64,12,768,0.7,0.3,future,persistence,reference,0.17312295,0.167882651475,0.17889371499999998,0.0,0.177562,,0.0,0.0,0.0,1000,8x8
kolmo40,patch,kolmo_patch_L8_b12,64,12,768,0.7,0.3,from_t0,persistence,reference,0.168861462,0.163268259,0.174900789525,0.0,0.177562,,0.0,0.0,0.0,1000,8x8
kolmo40,patch,kolmo_patch_L8_b12,64,12,768,0.7,0.5,future,persistence,reference,0.38593100700000005,0.370658455475,0.403067959525,0.0,0.355124,,0.034,0.0,0.0,1000,8x8
kolmo40,patch,kolmo_patch_L8_b12,64,12,768,0.7,0.5,from_t0,persistence,reference,0.38593100700000005,0.370658455475,0.403067959525,0.0,0.355124,,0.034,0.0,0.0,1000,8x8
kolmo40,patch,kolmo_patch_L8_b12,64,12,768,0.14,0.1,future,decode_and_integrate,reference,0.0918173102,0.076848389695,0.10854453840999997,0.0,0.0177562,,0.015,0.001,0.0,1000,8x8
kolmo40,patch,kolmo_patch_L8_b12,64,12,768,0.14,0.1,from_t0,decode_and_integrate,reference,0.0,0.0,0.0,0.0,0.0,,0.0,0.0,0.0,1000,8x8
kolmo40,patch,kolmo_patch_L8_b12,64,12,768,0.14,0.3,future,decode_and_integrate,reference,1.442336126,1.390398797095,1.4981274381150005,0.0,1.2962026000000002,,0.648,0.06,0.0,1000,8x8
kolmo40,patch,kolmo_patch_L8_b12,64,12,768,0.14,0.3,from_t0,decode_and_integrate,reference,1.4347364724000005,1.3822642379700003,1.49152346343,0.0,1.2962026000000002,,0.648,0.06,0.0,1000,8x8
kolmo40,patch,kolmo_patch_L8_b12,64,12,768,0.14,0.5,future,decode_and_integrate,reference,2.1475768776,2.077276974465,2.220362648735,0.0,2.0242068,,0.826,0.221,0.0,1000,8x8
kolmo40,patch,kolmo_patch_L8_b12,64,12,768,0.14,0.5,from_t0,decode_and_integrate,reference,2.1475768776,2.077276974465,2.220362648735,0.0,2.0242068,,0.826,0.221,0.0,1000,8x8
kolmo40,patch,kolmo_patch_L8_b12,64,12,768,0.35,0.1,future,decode_and_integrate,reference,0.2512946205,0.23091161266250002,0.273090356,0.0,0.088781,,0.044,0.001,0.0,1000,8x8
kolmo40,patch,kolmo_patch_L8_b12,64,12,768,0.35,0.1,from_t0,decode_and_integrate,reference,0.0,0.0,0.0,0.0,0.0,,0.0,0.0,0.0,1000,8x8
kolmo40,patch,kolmo_patch_L8_b12,64,12,768,0.35,0.3,future,decode_and_integrate,reference,1.456363524,1.404646371975,1.5120835893625,0.0,1.30951975,,0.655,0.063,0.0,1000,8x8
kolmo40,patch,kolmo_patch_L8_b12,64,12,768,0.35,0.3,from_t0,decode_and_integrate,reference,1.4475298144999997,1.3948771326875,1.5043507642624998,0.0,1.30951975,,0.655,0.063,0.0,1000,8x8
kolmo40,patch,kolmo_patch_L8_b12,64,12,768,0.35,0.5,future,decode_and_integrate,reference,2.1605300255000004,2.0901710829999995,2.2333559700374996,0.0,2.041963,,0.831,0.223,0.0,1000,8x8
kolmo40,patch,kolmo_patch_L8_b12,64,12,768,0.35,0.5,from_t0,decode_and_integrate,reference,2.1605300255000004,2.0901710829999995,2.2333559700374996,0.0,2.041963,,0.831,0.223,0.0,1000,8x8
kolmo40,patch,kolmo_patch_L8_b12,64,12,768,0.7,0.1,future,decode_and_integrate,reference,0.30123393299999995,0.280634521475,0.32316727905,0.0,0.177562,,0.046,0.001,0.0,1000,8x8
kolmo40,patch,kolmo_patch_L8_b12,64,12,768,0.7,0.1,from_t0,decode_and_integrate,reference,0.0,0.0,0.0,0.0,0.0,,0.0,0.0,0.0,1000,8x8
kolmo40,patch,kolmo_patch_L8_b12,64,12,768,0.7,0.3,future,decode_and_integrate,reference,1.479002679,1.426888232,1.535558395525,0.0,1.331715,,0.655,0.065,0.0,1000,8x8
kolmo40,patch,kolmo_patch_L8_b12,64,12,768,0.7,0.3,from_t0,decode_and_integrate,reference,1.469147988,1.416054730475,1.5260677066249997,0.0,1.331715,,0.655,0.065,0.0,1000,8x8
kolmo40,patch,kolmo_patch_L8_b12,64,12,768,0.7,0.5,future,decode_and_integrate,reference,2.1882740879999996,2.1176021924749997,2.2622331000499996,0.0,2.041963,,0.831,0.24,0.0,1000,8x8
kolmo40,patch,kolmo_patch_L8_b12,64,12,768,0.7,0.5,from_t0,decode_and_integrate,reference,2.1882740879999996,2.1176021924749997,2.2622331000499996,0.0,2.041963,,0.831,0.24,0.0,1000,8x8
kolmo40,patch,kolmo_patch_L8_b14,64,14,896,0.14,0.1,future,bound,bound,0.06195138179999999,0.049591734885,0.07612171721,0.0,0.0177562,0.851,0.009,0.001,0.0,1000,8x8
kolmo40,patch,kolmo_patch_L8_b14,64,14,896,0.14,0.1,from_t0,bound,bound,0.0453315786,0.032829882085000005,0.05961067073499998,0.0,0.0,0.851,0.009,0.001,0.0,1000,8x8
kolmo40,patch,kolmo_patch_L8_b14,64,14,896,0.14,0.3,future,bound,bound,15.4891806268,14.879222418569999,16.088312195205,0.32099999999999995,15.323600600000002,0.033,0.928,0.855,0.617,1000,8x8
kolmo40,patch,kolmo_patch_L8_b14,64,14,896,0.14,0.3,from_t0,bound,bound,15.4885414036,14.878442033579999,16.08784653886,0.32099999999999995,15.323600600000002,0.033,0.928,0.855,0.617,1000,8x8
kolmo40,patch,kolmo_patch_L8_b14,64,14,896,0.14,0.5,future,bound,bound,27.0,27.0,27.0,1.0,27.0,0.0,1.0,1.0,1.0,1000,8x8
kolmo40,patch,kolmo_patch_L8_b14,64,14,896,0.14,0.5,from_t0,bound,bound,27.0,27.0,27.0,1.0,27.0,0.0,1.0,1.0,1.0,1000,8x8
kolmo40,patch,kolmo_patch_L8_b14,64,14,896,0.35,0.1,future,bound,bound,0.091533211,0.07874874700000001,0.1056504997625,0.0,0.0443905,0.851,0.009,0.001,0.0,1000,8x8
kolmo40,patch,kolmo_patch_L8_b14,64,14,896,0.35,0.1,from_t0,bound,bound,0.050028093499999995,0.0369761767375,0.06476573949999999,0.0,0.0,0.851,0.009,0.001,0.0,1000,8x8
kolmo40,patch,kolmo_patch_L8_b14,64,14,896,0.35,0.3,future,bound,bound,15.591150698999998,14.991232269074999,16.19469964365,0.32399999999999995,15.536674999999999,0.033,0.93,0.857,0.622,1000,8x8
kolmo40,patch,kolmo_patch_L8_b14,64,14,896,0.35,0.3,from_t0,bound,bound,15.5891531265,14.9891004153125,16.19315485425,0.32399999999999995,15.536674999999999,0.033,0.93,0.857,0.622,1000,8x8
kolmo40,patch,kolmo_patch_L8_b14,64,14,896,0.35,0.5,future,bound,bound,27.0,27.0,27.0,1.0,27.0,0.0,1.0,1.0,1.0,1000,8x8
kolmo40,patch,kolmo_patch_L8_b14,64,14,896,0.35,0.5,from_t0,bound,bound,27.0,27.0,27.0,1.0,27.0,0.0,1.0,1.0,1.0,1000,8x8
kolmo40,patch,kolmo_patch_L8_b14,64,14,896,0.7,0.1,future,bound,bound,0.149595985,0.133615405,0.16833321504999998,0.0,0.088781,0.851,0.013,0.003,0.0,1000,8x8
kolmo40,patch,kolmo_patch_L8_b14,64,14,896,0.7,0.1,from_t0,bound,bound,0.065609159,0.048383425475000005,0.08514319852499999,0.0,0.0,0.851,0.013,0.003,0.0,1000,8x8
kolmo40,patch,kolmo_patch_L8_b14,64,14,896,0.7,0.3,future,bound,bound,15.868284907,15.257450165899998,16.4644711049,0.33699999999999997,16.202532499999997,0.033,0.935,0.863,0.632,1000,8x8
kolmo40,patch,kolmo_patch_L8_b14,64,14,896,0.7,0.3,from_t0,bound,bound,15.782313171,15.168359295699998,16.386999973574998,0.33399999999999996,15.980579999999998,0.033,0.931,0.86,0.629,1000,8x8
kolmo40,patch,kolmo_patch_L8_b14,64,14,896,0.7,0.5,future,bound,bound,27.0,27.0,27.0,1.0,27.0,0.0,1.0,1.0,1.0,1000,8x8
kolmo40,patch,kolmo_patch_L8_b14,64,14,896,0.7,0.5,from_t0,bound,bound,27.0,27.0,27.0,1.0,27.0,0.0,1.0,1.0,1.0,1000,8x8
kolmo40,patch,kolmo_patch_L8_b14,64,14,896,0.14,0.1,future,persistence,reference,0.0196738696,0.019229964600000003,0.020153287,0.0,0.0177562,,0.0,0.0,0.0,1000,8x8
kolmo40,patch,kolmo_patch_L8_b14,64,14,896,0.14,0.1,from_t0,persistence,reference,0.0045455872,0.0037998268,0.005309547704999998,0.0,0.0,,0.0,0.0,0.0,1000,8x8
kolmo40,patch,kolmo_patch_L8_b14,64,14,896,0.14,0.3,future,persistence,reference,0.1410374966,0.1356396118,0.14671992450500002,0.0,0.12429340000000001,,0.0,0.0,0.0,1000,8x8
kolmo40,patch,kolmo_patch_L8_b14,64,14,896,0.14,0.3,from_t0,persistence,reference,0.140451542,0.13501636918,0.14620677032499999,0.0,0.12429340000000001,,0.0,0.0,0.0,1000,8x8
kolmo40,patch,kolmo_patch_L8_b14,64,14,896,0.14,0.5,future,persistence,reference,0.35063168140000006,0.33574843456,0.367553783905,0.0,0.2840992,,0.031,0.0,0.0,1000,8x8
kolmo40,patch,kolmo_patch_L8_b14,64,14,896,0.14,0.5,from_t0,persistence,reference,0.35063168140000006,0.33574843456,0.367553783905,0.0,0.2840992,,0.031,0.0,0.0,1000,8x8
kolmo40,patch,kolmo_patch_L8_b14,64,14,896,0.35,0.1,future,persistence,reference,0.044790014499999996,0.04452367150000001,0.045100747999999996,0.0,0.0443905,,0.0,0.0,0.0,1000,8x8
kolmo40,patch,kolmo_patch_L8_b14,64,14,896,0.35,0.1,from_t0,persistence,reference,0.007013699,0.005948327,0.008079070999999998,0.0,0.0,,0.0,0.0,0.0,1000,8x8
kolmo40,patch,kolmo_patch_L8_b14,64,14,896,0.35,0.3,future,persistence,reference,0.15514479750000001,0.149773547,0.1610043435,0.0,0.1331715,,0.0,0.0,0.0,1000,8x8
kolmo40,patch,kolmo_patch_L8_b14,64,14,896,0.35,0.3,from_t0,persistence,reference,0.153679911,0.148217659975,0.1596726285,0.0,0.1331715,,0.0,0.0,0.0,1000,8x8
kolmo40,patch,kolmo_patch_L8_b14,64,14,896,0.35,0.5,future,persistence,reference,0.3644016144999999,0.34944201599999997,0.38175940976249995,0.0,0.3107335,,0.035,0.0,0.0,1000,8x8
kolmo40,patch,kolmo_patch_L8_b14,64,14,896,0.35,0.5,from_t0,persistence,reference,0.3644016144999999,0.34944201599999997,0.38175940976249995,0.0,0.3107335,,0.035,0.0,0.0,1000,8x8
kolmo40,patch,kolmo_patch_L8_b14,64,14,896,0.7,0.1,future,persistence,reference,0.08886978100000001,0.08878100000000001,0.08904734300000001,0.0,0.088781,,0.0,0.0,0.0,1000,8x8
kolmo40,patch,kolmo_patch_L8_b14,64,14,896,0.7,0.1,from_t0,persistence,reference,0.01331715,0.011363968,0.015270332,0.0,0.0,,0.0,0.0,0.0,1000,8x8
kolmo40,patch,kolmo_patch_L8_b14,64,14,896,0.7,0.3,future,persistence,reference,0.17933761999999998,0.173921979,0.18537472800000002,0.0,0.177562,,0.0,0.0,0.0,1000,8x8
kolmo40,patch,kolmo_patch_L8_b14,64,14,896,0.7,0.3,from_t0,persistence,reference,0.176407847,0.170634862475,0.182711298,0.0,0.177562,,0.0,0.0,0.0,1000,8x8
kolmo40,patch,kolmo_patch_L8_b14,64,14,896,0.7,0.5,future,persistence,reference,0.38779540799999995,0.372611637475,0.405287484525,0.0,0.355124,,0.036,0.0,0.0,1000,8x8
kolmo40,patch,kolmo_patch_L8_b14,64,14,896,0.7,0.5,from_t0,persistence,reference,0.38779540799999995,0.372611637475,0.405287484525,0.0,0.355124,,0.036,0.0,0.0,1000,8x8
kolmo40,patch,kolmo_patch_L8_b14,64,14,896,0.14,0.1,future,decode_and_integrate,reference,0.468230994,0.43662407019000005,0.501281940775,0.0,0.33736780000000005,,0.125,0.002,0.0,1000,8x8
kolmo40,patch,kolmo_patch_L8_b14,64,14,896,0.14,0.1,from_t0,decode_and_integrate,reference,0.12793342100000002,0.10333753276000002,0.15382950698499995,0.0,0.0,,0.047,0.002,0.0,1000,8x8
kolmo40,patch,kolmo_patch_L8_b14,64,14,896,0.14,0.3,future,decode_and_integrate,reference,1.7735602808000004,1.707843252885,1.84421397622,0.0,1.6246923000000002,,0.738,0.123,0.0,1000,8x8
kolmo40,patch,kolmo_patch_L8_b14,64,14,896,0.14,0.3,from_t0,decode_and_integrate,reference,1.7675764414000001,1.7012179707600001,1.8386487392350004,0.0,1.6246923000000002,,0.738,0.123,0.0,1000,8x8
kolmo40,patch,kolmo_patch_L8_b14,64,14,896,0.14,0.5,future,decode_and_integrate,reference,2.468999610000001,2.3897661187400003,2.5522681977100006,0.0,2.3260622000000004,,0.865,0.312,0.0,1000,8x8
kolmo40,patch,kolmo_patch_L8_b14,64,14,896,0.14,0.5,from_t0,decode_and_integrate,reference,2.468999610000001,2.3897661187400003,2.5522681977100006,0.0,2.3260622000000004,,0.865,0.312,0.0,1000,8x8
kolmo40,patch,kolmo_patch_L8_b14,64,14,896,0.35,0.1,future,decode_and_integrate,reference,0.522742528,0.49237831623749995,0.5553728747875,0.0,0.3995145,,0.146,0.002,0.0,1000,8x8
kolmo40,patch,kolmo_patch_L8_b14,64,14,896,0.35,0.1,from_t0,decode_and_integrate,reference,0.129797822,0.1048059705,0.15594604602499998,0.0,0.0,,0.049,0.002,0.0,1000,8x8
kolmo40,patch,kolmo_patch_L8_b14,64,14,896,0.35,0.3,future,decode_and_integrate,reference,1.7878717780000002,1.722173838,1.8582384888374999,0.0,1.6424485,,0.745,0.124,0.0,1000,8x8
kolmo40,patch,kolmo_patch_L8_b14,64,14,896,0.35,0.3,from_t0,decode_and_integrate,reference,1.7813907649999998,1.7147961368999998,1.8529504705249997,0.0,1.6424485,,0.745,0.124,0.0,1000,8x8
kolmo40,patch,kolmo_patch_L8_b14,64,14,896,0.35,0.5,future,decode_and_integrate,reference,2.4826274935000003,2.4039886129875003,2.5665754778125,0.0,2.3526965,,0.868,0.314,0.0,1000,8x8
kolmo40,patch,kolmo_patch_L8_b14,64,14,896,0.35,0.5,from_t0,decode_and_integrate,reference,2.4826274935000003,2.4039886129875003,2.5665754778125,0.0,2.3526965,,0.868,0.314,0.0,1000,8x8
kolmo40,patch,kolmo_patch_L8_b14,64,14,896,0.7,0.1,future,decode_and_integrate,reference,0.5528392870000001,0.522030060475,0.585606134575,0.0,0.44390499999999994,,0.146,0.002,0.0,1000,8x8
kolmo40,patch,kolmo_patch_L8_b14,64,14,896,0.7,0.1,from_t0,decode_and_integrate,reference,0.13326028099999998,0.108133038475,0.159717019,0.0,0.0,,0.049,0.002,0.0,1000,8x8
kolmo40,patch,kolmo_patch_L8_b14,64,14,896,0.7,0.3,future,decode_and_integrate,reference,1.8154826689999999,1.7488924799499999,1.8860879787749998,0.0,1.686839,,0.745,0.125,0.0,1000,8x8
kolmo40,patch,kolmo_patch_L8_b14,64,14,896,0.7,0.3,from_t0,decode_and_integrate,reference,1.8082026269999998,1.74142599785,1.8791586217249998,0.0,1.686839,,0.745,0.125,0.0,1000,8x8
kolmo40,patch,kolmo_patch_L8_b14,64,14,896,0.7,0.5,future,decode_and_integrate,reference,2.5075305639999996,2.427607688275,2.592141076525,0.0,2.397087,,0.868,0.325,0.0,1000,8x8
kolmo40,patch,kolmo_patch_L8_b14,64,14,896,0.7,0.5,from_t0,decode_and_integrate,reference,2.5075305639999996,2.427607688275,2.592141076525,0.0,2.397087,,0.868,0.325,0.0,1000,8x8
kolmo40,patch,kolmo_patch_L8_b16,64,16,1024,0.14,0.1,future,bound,bound,0.9994077170000003,0.9163903795200001,1.09313204308,0.0,0.2929773,0.37,0.323,0.108,0.0,1000,8x8
kolmo40,patch,kolmo_patch_L8_b16,64,16,1024,0.14,0.1,from_t0,bound,bound,0.9766797810000002,0.89290425378,1.0669234479750003,0.0,0.266343,0.37,0.319,0.105,0.0,1000,8x8
kolmo40,patch,kolmo_patch_L8_b16,64,16,1024,0.14,0.3,future,bound,bound,18.645319547,18.054852053905,19.231965160785,0.46799999999999997,24.450287400000004,0.007,0.963,0.906,0.737,1000,8x8
kolmo40,patch,kolmo_patch_L8_b16,64,16,1024,0.14,0.3,from_t0,bound,bound,18.645195253600004,18.054693135915,19.231855072345,0.46799999999999997,24.450287400000004,0.007,0.963,0.906,0.737,1000,8x8
kolmo40,patch,kolmo_patch_L8_b16,64,16,1024,0.14,0.5,future,bound,bound,27.0,27.0,27.0,1.0,27.0,0.0,1.0,1.0,1.0,1000,8x8
kolmo40,patch,kolmo_patch_L8_b16,64,16,1024,0.14,0.5,from_t0,bound,bound,27.0,27.0,27.0,1.0,27.0,0.0,1.0,1.0,1.0,1000,8x8
kolmo40,patch,kolmo_patch_L8_b16,64,16,1024,0.35,0.1,future,bound,bound,1.1331562935000001,1.0395622535375002,1.233396701075,0.0,0.3995145,0.37,0.357,0.125,0.001,1000,8x8
kolmo40,patch,kolmo_patch_L8_b16,64,16,1024,0.35,0.1,from_t0,bound,bound,1.0694115355,0.9750240153499999,1.1712366839249997,0.0,0.355124,0.37,0.343,0.118,0.001,1000,8x8
kolmo40,patch,kolmo_patch_L8_b16,64,16,1024,0.35,0.3,future,bound,bound,19.032538022,18.456385639825,19.612074350724995,0.489,26.12380925,0.007,0.967,0.913,0.75,1000,8x8
kolmo40,patch,kolmo_patch_L8_b16,64,16,1024,0.35,0.3,from_t0,bound,bound,19.0322272885,18.455904002900002,19.611933410887502,0.489,26.12380925,0.007,0.967,0.913,0.75,1000,8x8
kolmo40,patch,kolmo_patch_L8_b16,64,16,1024,0.35,0.5,future,bound,bound,27.0,27.0,27.0,1.0,27.0,0.0,1.0,1.0,1.0,1000,8x8
kolmo40,patch,kolmo_patch_L8_b16,64,16,1024,0.35,0.5,from_t0,bound,bound,27.0,27.0,27.0,1.0,27.0,0.0,1.0,1.0,1.0,1000,8x8
kolmo40,patch,kolmo_patch_L8_b16,64,16,1024,0.7,0.1,future,bound,bound,1.284217165,1.185401692475,1.3902305571,0.0,0.532686,0.37,0.386,0.149,0.002,1000,8x8
kolmo40,patch,kolmo_patch_L8_b16,64,16,1024,0.7,0.1,from_t0,bound,bound,1.181852672,1.0847861851749998,1.285992785,0.0,0.44390499999999994,0.37,0.363,0.139,0.002,1000,8x8
kolmo40,patch,kolmo_patch_L8_b16,64,16,1024,0.7,0.3,future,bound,bound,19.332776442,18.758085797275,19.92158886505,0.504,27.0,0.007,0.969,0.918,0.76,1000,8x8
kolmo40,patch,kolmo_patch_L8_b16,64,16,1024,0.7,0.3,from_t0,bound,bound,19.311646564,18.735876492674997,19.899353070224997,0.504,27.0,0.007,0.967,0.917,0.759,1000,8x8
kolmo40,patch,kolmo_patch_L8_b16,64,16,1024,0.7,0.5,future,bound,bound,27.0,27.0,27.0,1.0,27.0,0.0,1.0,1.0,1.0,1000,8x8
kolmo40,patch,kolmo_patch_L8_b16,64,16,1024,0.7,0.5,from_t0,bound,bound,27.0,27.0,27.0,1.0,27.0,0.0,1.0,1.0,1.0,1000,8x8
kolmo40,patch,kolmo_patch_L8_b16,64,16,1024,0.14,0.1,future,persistence,reference,0.0291556804,0.0282501142,0.030167783800000004,0.0,0.0177562,,0.0,0.0,0.0,1000,8x8
kolmo40,patch,kolmo_patch_L8_b16,64,16,1024,0.14,0.1,from_t0,persistence,reference,0.0225858864,0.021342508495000002,0.023988626199999998,0.0,0.0177562,,0.0,0.0,0.0,1000,8x8
kolmo40,patch,kolmo_patch_L8_b16,64,16,1024,0.14,0.3,future,persistence,reference,0.144269125,0.1389245088,0.15007584630500004,0.0,0.12429340000000001,,0.0,0.0,0.0,1000,8x8
kolmo40,patch,kolmo_patch_L8_b16,64,16,1024,0.14,0.3,from_t0,persistence,reference,0.1441448316,0.138835283895,0.1500043776,0.0,0.12429340000000001,,0.0,0.0,0.0,1000,8x8
kolmo40,patch,kolmo_patch_L8_b16,64,16,1024,0.14,0.5,future,persistence,reference,0.35135968559999997,0.33660073215999997,0.368534813955,0.0,0.2840992,,0.033,0.0,0.0,1000,8x8
kolmo40,patch,kolmo_patch_L8_b16,64,16,1024,0.14,0.5,from_t0,persistence,reference,0.35135968559999997,0.33660073215999997,0.368534813955,0.0,0.2840992,,0.033,0.0,0.0,1000,8x8
kolmo40,patch,kolmo_patch_L8_b16,64,16,1024,0.35,0.1,future,persistence,reference,0.0484300355,0.0476310065,0.049273455,0.0,0.0443905,,0.0,0.0,0.0,1000,8x8
kolmo40,patch,kolmo_patch_L8_b16,64,16,1024,0.35,0.1,from_t0,persistence,reference,0.0320055505,0.030363102,0.03373678,0.0,0.0443905,,0.0,0.0,0.0,1000,8x8
kolmo40,patch,kolmo_patch_L8_b16,64,16,1024,0.35,0.3,future,persistence,reference,0.157586275,0.152436977,0.1634014305,0.0,0.1331715,,0.0,0.0,0.0,1000,8x8
kolmo40,patch,kolmo_patch_L8_b16,64,16,1024,0.35,0.3,from_t0,persistence,reference,0.1572755415,0.15208185300000002,0.1630918067625,0.0,0.1331715,,0.0,0.0,0.0,1000,8x8
kolmo40,patch,kolmo_patch_L8_b16,64,16,1024,0.35,0.5,future,persistence,reference,0.3648455195,0.35014893471249997,0.3819380815249999,0.0,0.3107335,,0.036,0.0,0.0,1000,8x8
kolmo40,patch,kolmo_patch_L8_b16,64,16,1024,0.35,0.5,from_t0,persistence,reference,0.3648455195,0.35014893471249997,0.3819380815249999,0.0,0.3107335,,0.036,0.0,0.0,1000,8x8
kolmo40,patch,kolmo_patch_L8_b16,64,16,1024,0.7,0.1,future,persistence,reference,0.089047343,0.08878100000000001,0.089402467,0.0,0.088781,,0.0,0.0,0.0,1000,8x8
kolmo40,patch,kolmo_patch_L8_b16,64,16,1024,0.7,0.1,from_t0,persistence,reference,0.056198373,0.053623724000000005,0.058861803,0.0,0.088781,,0.0,0.0,0.0,1000,8x8
kolmo40,patch,kolmo_patch_L8_b16,64,16,1024,0.7,0.3,future,persistence,reference,0.181823488,0.17640562747500002,0.187683034,0.0,0.177562,,0.0,0.0,0.0,1000,8x8
kolmo40,patch,kolmo_patch_L8_b16,64,16,1024,0.7,0.3,from_t0,persistence,reference,0.181202021,0.175695379475,0.187152567525,0.0,0.177562,,0.0,0.0,0.0,1000,8x8
kolmo40,patch,kolmo_patch_L8_b16,64,16,1024,0.7,0.5,future,persistence,reference,0.38726272199999995,0.37216773247499996,0.404752579,0.0,0.355124,,0.036,0.0,0.0,1000,8x8
kolmo40,patch,kolmo_patch_L8_b16,64,16,1024,0.7,0.5,from_t0,persistence,reference,0.38726272199999995,0.37216773247499996,0.404752579,0.0,0.355124,,0.036,0.0,0.0,1000,8x8
kolmo40,patch,kolmo_patch_L8_b16,64,16,1024,0.14,0.1,future,decode_and_integrate,reference,0.7534133222,0.7141508127600003,0.8000490936900001,0.0,0.6037108000000001,,0.261,0.016,0.0,1000,8x8
kolmo40,patch,kolmo_patch_L8_b16,64,16,1024,0.14,0.1,from_t0,decode_and_integrate,reference,0.6279835254000002,0.58701464514,0.6741762797,0.0,0.49717360000000005,,0.233,0.015,0.0,1000,8x8
kolmo40,patch,kolmo_patch_L8_b16,64,16,1024,0.14,0.3,future,decode_and_integrate,reference,2.0157548488000003,1.9487957746950004,2.089430205555,0.0,1.8466448000000002,,0.808,0.201,0.0,1000,8x8
kolmo40,patch,kolmo_patch_L8_b16,64,16,1024,0.14,0.3,from_t0,decode_and_integrate,reference,2.0142278156000004,1.9470720915800004,2.0881659641150003,0.0,1.8466448000000002,,0.808,0.201,0.0,1000,8x8
kolmo40,patch,kolmo_patch_L8_b16,64,16,1024,0.14,0.5,future,decode_and_integrate,reference,2.7191844680000004,2.6389584051600004,2.8054867024800005,0.0,2.5657709000000004,,0.895,0.392,0.0,1000,8x8
kolmo40,patch,kolmo_patch_L8_b16,64,16,1024,0.14,0.5,from_t0,decode_and_integrate,reference,2.7191844680000004,2.6389584051600004,2.8054867024800005,0.0,2.5657709000000004,,0.895,0.392,0.0,1000,8x8
kolmo40,patch,kolmo_patch_L8_b16,64,16,1024,0.35,0.1,future,decode_and_integrate,reference,0.7818498764999999,0.74344765495,0.8262492546,0.0,0.621467,,0.268,0.016,0.0,1000,8x8
kolmo40,patch,kolmo_patch_L8_b16,64,16,1024,0.35,0.1,from_t0,decode_and_integrate,reference,0.6370924560000001,0.5955418382375001,0.6831831121499999,0.0,0.51049075,,0.239,0.015,0.0,1000,8x8
kolmo40,patch,kolmo_patch_L8_b16,64,16,1024,0.35,0.3,future,decode_and_integrate,reference,2.029000974,1.9615240847125,2.1030476572874996,0.0,1.8644009999999998,,0.814,0.202,0.0,1000,8x8
kolmo40,patch,kolmo_patch_L8_b16,64,16,1024,0.35,0.3,from_t0,decode_and_integrate,reference,2.027402916,1.9596607934749999,2.1014518188125,0.0,1.8644009999999998,,0.814,0.202,0.0,1000,8x8
kolmo40,patch,kolmo_patch_L8_b16,64,16,1024,0.35,0.5,future,decode_and_integrate,reference,2.734721143,2.654900365425,2.821639961525,0.0,2.574649,,0.897,0.396,0.0,1000,8x8
kolmo40,patch,kolmo_patch_L8_b16,64,16,1024,0.35,0.5,from_t0,decode_and_integrate,reference,2.734721143,2.654900365425,2.821639961525,0.0,2.574649,,0.897,0.396,0.0,1000,8x8
kolmo40,patch,kolmo_patch_L8_b16,64,16,1024,0.7,0.1,future,decode_and_integrate,reference,0.808883691,0.769995393475,0.8535405339999999,0.0,0.621467,,0.268,0.016,0.0,1000,8x8
kolmo40,patch,kolmo_patch_L8_b16,64,16,1024,0.7,0.1,from_t0,decode_and_integrate,reference,0.6512974159999999,0.6099232504749998,0.6982736626249999,0.0,0.532686,,0.239,0.015,0.0,1000,8x8
kolmo40,patch,kolmo_patch_L8_b16,64,16,1024,0.7,0.3,future,decode_and_integrate,reference,2.05172891,1.9845216929999998,2.1260408265249997,0.0,1.8644009999999998,,0.814,0.214,0.0,1000,8x8
kolmo40,patch,kolmo_patch_L8_b16,64,16,1024,0.7,0.3,from_t0,decode_and_integrate,reference,2.0499532899999995,1.983001318375,2.1241076202499993,0.0,1.8644009999999998,,0.814,0.214,0.0,1000,8x8
kolmo40,patch,kolmo_patch_L8_b16,64,16,1024,0.7,0.5,future,decode_and_integrate,reference,2.7604676329999998,2.680742295,2.8463277381000003,0.0,2.574649,,0.897,0.408,0.0,1000,8x8
kolmo40,patch,kolmo_patch_L8_b16,64,16,1024,0.7,0.5,from_t0,decode_and_integrate,reference,2.7604676329999998,2.680742295,2.8463277381000003,0.0,2.574649,,0.897,0.408,0.0,1000,8x8
kolmo40,patch,kolmo_patch_L8_b8,64,8,512,0.14,0.1,future,bound,bound,0.0177562,0.0177562,0.0177562,0.0,0.0177562,1.0,0.0,0.0,0.0,1000,8x8
kolmo40,patch,kolmo_patch_L8_b8,64,8,512,0.14,0.1,from_t0,bound,bound,0.0,0.0,0.0,0.0,0.0,1.0,0.0,0.0,0.0,1000,8x8
kolmo40,patch,kolmo_patch_L8_b8,64,8,512,0.14,0.3,future,bound,bound,2.2236799508000002,2.0597360683900003,2.4040998111900005,0.0,1.2784464000000002,0.228,0.539,0.281,0.023,1000,8x8
kolmo40,patch,kolmo_patch_L8_b8,64,8,512,0.14,0.3,from_t0,bound,bound,2.2169681072000005,2.05261583219,2.397961492850001,0.0,1.2695683000000002,0.228,0.538,0.281,0.023,1000,8x8
kolmo40,patch,kolmo_patch_L8_b8,64,8,512,0.14,0.5,future,bound,bound,15.1813890302,14.59383563907,15.793529578844998,0.30200000000000005,14.826427000000002,0.03,0.921,0.846,0.608,1000,8x8
kolmo40,patch,kolmo_patch_L8_b8,64,8,512,0.14,0.5,from_t0,bound,bound,15.180856344200002,14.59321417207,15.793122961865002,0.30200000000000005,14.826427000000002,0.03,0.921,0.846,0.608,1000,8x8
kolmo40,patch,kolmo_patch_L8_b8,64,8,512,0.35,0.1,future,bound,bound,0.044390500000000006,0.044390500000000006,0.044390500000000006,0.0,0.0443905,1.0,0.0,0.0,0.0,1000,8x8
kolmo40,patch,kolmo_patch_L8_b8,64,8,512,0.35,0.1,from_t0,bound,bound,0.0,0.0,0.0,0.0,0.0,1.0,0.0,0.0,0.0,1000,8x8
kolmo40,patch,kolmo_patch_L8_b8,64,8,512,0.35,0.3,future,bound,bound,2.36778927,2.199618080275,2.5578693909999997,0.0,1.44269125,0.228,0.564,0.297,0.026,1000,8x8
kolmo40,patch,kolmo_patch_L8_b8,64,8,512,0.35,0.3,from_t0,bound,bound,2.3324100414999998,2.163453139925,2.5285283802625,0.0,1.39830075,0.228,0.557,0.295,0.026,1000,8x8
kolmo40,patch,kolmo_patch_L8_b8,64,8,512,0.35,0.5,future,bound,bound,15.3793572205,14.775524897237501,15.986584623812497,0.31499999999999995,15.114965249999997,0.03,0.927,0.85,0.613,1000,8x8
kolmo40,patch,kolmo_patch_L8_b8,64,8,512,0.35,0.5,from_t0,bound,bound,15.351025505499997,14.7475828675875,15.962465541862498,0.31399999999999995,15.048379499999998,0.03,0.926,0.849,0.612,1000,8x8
kolmo40,patch,kolmo_patch_L8_b8,64,8,512,0.7,0.1,future,bound,bound,0.08878100000000001,0.08878100000000001,0.08878100000000001,0.0,0.088781,1.0,0.0,0.0,0.0,1000,8x8
kolmo40,patch,kolmo_patch_L8_b8,64,8,512,0.7,0.1,from_t0,bound,bound,0.0,0.0,0.0,0.0,0.0,1.0,0.0,0.0,0.0,1000,8x8
kolmo40,patch,kolmo_patch_L8_b8,64,8,512,0.7,0.3,future,bound,bound,2.6100726189999994,2.426373632375,2.8088577170499995,0.0,1.598058,0.228,0.585,0.33,0.033,1000,8x8
kolmo40,patch,kolmo_patch_L8_b8,64,8,512,0.7,0.3,from_t0,bound,bound,2.5172076929999996,2.3384027589999996,2.7167141366749994,0.0,1.509277,0.228,0.567,0.323,0.032,1000,8x8
kolmo40,patch,kolmo_patch_L8_b8,64,8,512,0.7,0.5,future,bound,bound,15.525755002999999,14.926714753175,16.1350297724,0.31899999999999995,15.403503499999998,0.03,0.93,0.856,0.62,1000,8x8
kolmo40,patch,kolmo_patch_L8_b8,64,8,512,0.7,0.5,from_t0,bound,bound,15.449293410000001,14.845010036049999,16.054564337899997,0.31699999999999995,15.270331999999998,0.03,0.927,0.853,0.617,1000,8x8
kolmo40,patch,kolmo_patch_L8_b8,64,8,512,0.14,0.1,future,persistence,reference,0.0177562,0.0177562,0.0177562,0.0,0.0177562,,0.0,0.0,0.0,1000,8x8
kolmo40,patch,kolmo_patch_L8_b8,64,8,512,0.14,0.1,from_t0,persistence,reference,0.0,0.0,0.0,0.0,0.0,,0.0,0.0,0.0,1000,8x8
kolmo40,patch,kolmo_patch_L8_b8,64,8,512,0.14,0.3,future,persistence,reference,0.0794767512,0.07613814169500001,0.0832588218,0.0,0.0710248,,0.0,0.0,0.0,1000,8x8
kolmo40,patch,kolmo_patch_L8_b8,64,8,512,0.14,0.3,from_t0,persistence,reference,0.07542833759999999,0.07184069739,0.07949539520999999,0.0,0.0710248,,0.0,0.0,0.0,1000,8x8
kolmo40,patch,kolmo_patch_L8_b8,64,8,512,0.14,0.5,future,persistence,reference,0.3292532166,0.314408589495,0.34560712070500005,0.0,0.24858680000000002,,0.024,0.0,0.0,1000,8x8
kolmo40,patch,kolmo_patch_L8_b8,64,8,512,0.14,0.5,from_t0,persistence,reference,0.3287205306,0.31391097199,0.34518097190499997,0.0,0.24858680000000002,,0.024,0.0,0.0,1000,8x8
kolmo40,patch,kolmo_patch_L8_b8,64,8,512,0.35,0.1,future,persistence,reference,0.044390500000000006,0.044390500000000006,0.044390500000000006,0.0,0.0443905,,0.0,0.0,0.0,1000,8x8
kolmo40,patch,kolmo_patch_L8_b8,64,8,512,0.35,0.1,from_t0,persistence,reference,0.0,0.0,0.0,0.0,0.0,,0.0,0.0,0.0,1000,8x8
kolmo40,patch,kolmo_patch_L8_b8,64,8,512,0.35,0.3,future,persistence,reference,0.095794699,0.0925530827375,0.0994791105,0.0,0.088781,,0.0,0.0,0.0,1000,8x8
kolmo40,patch,kolmo_patch_L8_b8,64,8,512,0.35,0.3,from_t0,persistence,reference,0.085673665,0.081767301,0.08993626276250001,0.0,0.088781,,0.0,0.0,0.0,1000,8x8
kolmo40,patch,kolmo_patch_L8_b8,64,8,512,0.35,0.5,future,persistence,reference,0.343937594,0.3287993237374999,0.36063175128749997,0.0,0.266343,,0.032,0.0,0.0,1000,8x8
kolmo40,patch,kolmo_patch_L8_b8,64,8,512,0.35,0.5,from_t0,persistence,reference,0.34260587899999995,0.32733443723749994,0.35942987849999997,0.0,0.266343,,0.032,0.0,0.0,1000,8x8
kolmo40,patch,kolmo_patch_L8_b8,64,8,512,0.7,0.1,future,persistence,reference,0.08878100000000001,0.08878100000000001,0.08878100000000001,0.0,0.088781,,0.0,0.0,0.0,1000,8x8
kolmo40,patch,kolmo_patch_L8_b8,64,8,512,0.7,0.1,from_t0,persistence,reference,0.0,0.0,0.0,0.0,0.0,,0.0,0.0,0.0,1000,8x8
kolmo40,patch,kolmo_patch_L8_b8,64,8,512,0.7,0.3,future,persistence,reference,0.122606561,0.119321664,0.126157801,0.0,0.088781,,0.0,0.0,0.0,1000,8x8
kolmo40,patch,kolmo_patch_L8_b8,64,8,512,0.7,0.3,from_t0,persistence,reference,0.10236449300000001,0.09801422399999998,0.10707210552499999,0.0,0.088781,,0.0,0.0,0.0,1000,8x8
kolmo40,patch,kolmo_patch_L8_b8,64,8,512,0.7,0.5,future,persistence,reference,0.367286997,0.35218978795,0.383713701525,0.0,0.266343,,0.032,0.0,0.0,1000,8x8
kolmo40,patch,kolmo_patch_L8_b8,64,8,512,0.7,0.5,from_t0,persistence,reference,0.364623567,0.349264454,0.38123005304999996,0.0,0.266343,,0.032,0.0,0.0,1000,8x8
kolmo40,patch,kolmo_patch_L8_b8,64,8,512,0.14,0.1,future,decode_and_integrate,reference,0.0177562,0.0177562,0.0177562,0.0,0.0177562,,0.0,0.0,0.0,1000,8x8
kolmo40,patch,kolmo_patch_L8_b8,64,8,512,0.14,0.1,from_t0,decode_and_integrate,reference,0.0,0.0,0.0,0.0,0.0,,0.0,0.0,0.0,1000,8x8
kolmo40,patch,kolmo_patch_L8_b8,64,8,512,0.14,0.3,future,decode_and_integrate,reference,0.7595747236000002,0.7201528522650001,0.8020524369550001,0.0,0.5859546000000001,,0.257,0.014,0.0,1000,8x8
kolmo40,patch,kolmo_patch_L8_b8,64,8,512,0.14,0.3,from_t0,decode_and_integrate,reference,0.6941608828000001,0.6515389003200001,0.7385704707150001,0.0,0.532686,,0.244,0.014,0.0,1000,8x8
kolmo40,patch,kolmo_patch_L8_b8,64,8,512,0.14,0.5,future,decode_and_integrate,reference,1.4678872978000004,1.4118811356650003,1.5328576775050002,0.0,1.2962026000000002,,0.636,0.067,0.0,1000,8x8
kolmo40,patch,kolmo_patch_L8_b8,64,8,512,0.14,0.5,from_t0,decode_and_integrate,reference,1.463732347,1.40688942394,1.529130651125,0.0,1.2962026000000002,,0.636,0.067,0.0,1000,8x8
kolmo40,patch,kolmo_patch_L8_b8,64,8,512,0.35,0.1,future,decode_and_integrate,reference,0.044390500000000006,0.044390500000000006,0.044390500000000006,0.0,0.0443905,,0.0,0.0,0.0,1000,8x8
kolmo40,patch,kolmo_patch_L8_b8,64,8,512,0.35,0.1,from_t0,decode_and_integrate,reference,0.0,0.0,0.0,0.0,0.0,,0.0,0.0,0.0,1000,8x8
kolmo40,patch,kolmo_patch_L8_b8,64,8,512,0.35,0.3,future,decode_and_integrate,reference,0.7786537604999999,0.7394092292125,0.8216315328374998,0.0,0.5770765,,0.268,0.015,0.0,1000,8x8
kolmo40,patch,kolmo_patch_L8_b8,64,8,512,0.35,0.3,from_t0,decode_and_integrate,reference,0.7054982164999999,0.6626569449499999,0.7493238473874999,0.0,0.532686,,0.255,0.015,0.0,1000,8x8
kolmo40,patch,kolmo_patch_L8_b8,64,8,512,0.35,0.5,future,decode_and_integrate,reference,1.482021233,1.4262623259499998,1.5469656442624997,0.0,1.331715,,0.648,0.068,0.0,1000,8x8
kolmo40,patch,kolmo_patch_L8_b8,64,8,512,0.35,0.5,from_t0,decode_and_integrate,reference,1.4774046209999998,1.4205581467,1.5430581705,0.0,1.331715,,0.648,0.068,0.0,1000,8x8
kolmo40,patch,kolmo_patch_L8_b8,64,8,512,0.7,0.1,future,decode_and_integrate,reference,0.08878100000000001,0.08878100000000001,0.08878100000000001,0.0,0.088781,,0.0,0.0,0.0,1000,8x8
kolmo40,patch,kolmo_patch_L8_b8,64,8,512,0.7,0.1,from_t0,decode_and_integrate,reference,0.0,0.0,0.0,0.0,0.0,,0.0,0.0,0.0,1000,8x8
kolmo40,patch,kolmo_patch_L8_b8,64,8,512,0.7,0.3,future,decode_and_integrate,reference,0.803823174,0.76413362795,0.8467931779999999,0.0,0.621467,,0.27,0.016,0.0,1000,8x8
kolmo40,patch,kolmo_patch_L8_b8,64,8,512,0.7,0.3,from_t0,decode_and_integrate,reference,0.7246305219999999,0.6819246414749999,0.769999832525,0.0,0.532686,,0.257,0.016,0.0,1000,8x8
kolmo40,patch,kolmo_patch_L8_b8,64,8,512,0.7,0.5,future,decode_and_integrate,reference,1.5064360079999999,1.450408538425,1.5711573570000001,0.0,1.331715,,0.648,0.071,0.0,1000,8x8
kolmo40,patch,kolmo_patch_L8_b8,64,8,512,0.7,0.5,from_t0,decode_and_integrate,reference,1.501109148,1.4436634019499999,1.5661900600499998,0.0,1.331715,,0.648,0.071,0.0,1000,8x8
kolmo40,rvq,kolmo_rvq_s1,,8,8,0.14,0.1,future,persistence,reference,0.0177562,0.0177562,0.0177562,0.0,0.0177562,,0.0,0.0,0.0,1000,whole
kolmo40,rvq,kolmo_rvq_s1,,8,8,0.14,0.1,from_t0,persistence,reference,0.0,0.0,0.0,0.0,0.0,,0.0,0.0,0.0,1000,whole
kolmo40,rvq,kolmo_rvq_s1,,8,8,0.14,0.3,future,persistence,reference,0.0189458654,0.0178804934,0.020562123505,0.0,0.0177562,,0.0,0.0,0.0,1000,whole
kolmo40,rvq,kolmo_rvq_s1,,8,8,0.14,0.3,from_t0,persistence,reference,0.0011896654000000003,7.10248e-05,0.002894704504999998,0.0,0.0,,0.0,0.0,0.0,1000,whole
kolmo40,rvq,kolmo_rvq_s1,,8,8,0.14,0.5,future,persistence,reference,0.29501926300000003,0.27047930679,0.320947310145,0.0,0.08878100000000001,,0.081,0.0,0.0,1000,whole
kolmo40,rvq,kolmo_rvq_s1,,8,8,0.14,0.5,from_t0,persistence,reference,0.279305026,0.254694488895,0.30519711684,0.0,0.0710248,,0.08,0.0,0.0,1000,whole
kolmo40,rvq,kolmo_rvq_s1,,8,8,0.35,0.1,future,persistence,reference,0.044390500000000006,0.044390500000000006,0.044390500000000006,0.0,0.0443905,,0.0,0.0,0.0,1000,whole
kolmo40,rvq,kolmo_rvq_s1,,8,8,0.35,0.1,from_t0,persistence,reference,0.0,0.0,0.0,0.0,0.0,,0.0,0.0,0.0,1000,whole
kolmo40,rvq,kolmo_rvq_s1,,8,8,0.35,0.3,future,persistence,reference,0.046032948500000004,0.044612452500000004,0.047897349500000005,0.0,0.0443905,,0.0,0.0,0.0,1000,whole
kolmo40,rvq,kolmo_rvq_s1,,8,8,0.35,0.3,from_t0,persistence,reference,0.0012873245,8.8781e-05,0.003107335,0.0,0.0,,0.0,0.0,0.0,1000,whole
kolmo40,rvq,kolmo_rvq_s1,,8,8,0.35,0.5,future,persistence,reference,0.3210764865,0.297542862925,0.34766639600000004,0.0,0.1331715,,0.084,0.0,0.0,1000,whole
kolmo40,rvq,kolmo_rvq_s1,,8,8,0.35,0.5,from_t0,persistence,reference,0.28716214449999994,0.2621691832375,0.31376537114999997,0.0,0.088781,,0.082,0.0,0.0,1000,whole
kolmo40,rvq,kolmo_rvq_s1,,8,8,0.7,0.1,future,persistence,reference,0.08878100000000001,0.08878100000000001,0.08878100000000001,0.0,0.088781,,0.0,0.0,0.0,1000,whole
kolmo40,rvq,kolmo_rvq_s1,,8,8,0.7,0.1,from_t0,persistence,reference,0.0,0.0,0.0,0.0,0.0,,0.0,0.0,0.0,1000,whole
kolmo40,rvq,kolmo_rvq_s1,,8,8,0.7,0.3,future,persistence,reference,0.09020149599999999,0.088869781,0.092065897,0.0,0.088781,,0.0,0.0,0.0,1000,whole
kolmo40,rvq,kolmo_rvq_s1,,8,8,0.7,0.3,from_t0,persistence,reference,0.001331715,8.8781e-05,0.003198335524999988,0.0,0.0,,0.0,0.0,0.0,1000,whole
kolmo40,rvq,kolmo_rvq_s1,,8,8,0.7,0.5,future,persistence,reference,0.36346941400000005,0.33940532395,0.390026030625,0.0,0.177562,,0.087,0.0,0.0,1000,whole
kolmo40,rvq,kolmo_rvq_s1,,8,8,0.7,0.5,from_t0,persistence,reference,0.301677838,0.276286472,0.32884704352500005,0.0,0.088781,,0.083,0.0,0.0,1000,whole
kolmo40,rvq,kolmo_rvq_s1,,8,8,0.14,0.1,future,decode_and_integrate,reference,0.0177562,0.0177562,0.0177562,0.0,0.0177562,,0.0,0.0,0.0,1000,whole
kolmo40,rvq,kolmo_rvq_s1,,8,8,0.14,0.1,from_t0,decode_and_integrate,reference,0.0,0.0,0.0,0.0,0.0,,0.0,0.0,0.0,1000,whole
kolmo40,rvq,kolmo_rvq_s1,,8,8,0.14,0.3,future,decode_and_integrate,reference,0.020313092799999998,0.018625809895,0.022390568199999995,0.0,0.0177562,,0.0,0.0,0.0,1000,whole
kolmo40,rvq,kolmo_rvq_s1,,8,8,0.14,0.3,from_t0,decode_and_integrate,reference,0.0014915208000000001,0.00015980580000000003,0.0033559218000000007,0.0,0.0,,0.0,0.0,0.0,1000,whole
kolmo40,rvq,kolmo_rvq_s1,,8,8,0.14,0.5,future,decode_and_integrate,reference,0.2092035484,0.18702472288500002,0.233316468,0.0,0.0355124,,0.043,0.001,0.0,1000,whole
kolmo40,rvq,kolmo_rvq_s1,,8,8,0.14,0.5,from_t0,decode_and_integrate,reference,0.1986208532,0.17656587718000002,0.223588289925,0.0,0.0355124,,0.042,0.001,0.0,1000,whole
kolmo40,rvq,kolmo_rvq_s1,,8,8,0.35,0.1,future,decode_and_integrate,reference,0.044390500000000006,0.044390500000000006,0.044390500000000006,0.0,0.0443905,,0.0,0.0,0.0,1000,whole
kolmo40,rvq,kolmo_rvq_s1,,8,8,0.35,0.1,from_t0,decode_and_integrate,reference,0.0,0.0,0.0,0.0,0.0,,0.0,0.0,0.0,1000,whole
kolmo40,rvq,kolmo_rvq_s1,,8,8,0.35,0.3,future,decode_and_integrate,reference,0.0470983205,0.045455872,0.04914139326249999,0.0,0.0443905,,0.0,0.0,0.0,1000,whole
kolmo40,rvq,kolmo_rvq_s1,,8,8,0.35,0.3,from_t0,decode_and_integrate,reference,0.001509277,0.000177562,0.0033736779999999997,0.0,0.0,,0.0,0.0,0.0,1000,whole
kolmo40,rvq,kolmo_rvq_s1,,8,8,0.35,0.5,future,decode_and_integrate,reference,0.228611075,0.206415825,0.252229040525,0.0,0.0443905,,0.045,0.001,0.0,1000,whole
kolmo40,rvq,kolmo_rvq_s1,,8,8,0.35,0.5,from_t0,decode_and_integrate,reference,0.20557240549999997,0.18315520299999996,0.23065525752499996,0.0,0.0443905,,0.044,0.001,0.0,1000,whole
kolmo40,rvq,kolmo_rvq_s1,,8,8,0.7,0.1,future,decode_and_integrate,reference,0.08878100000000001,0.08878100000000001,0.08878100000000001,0.0,0.088781,,0.0,0.0,0.0,1000,whole
kolmo40,rvq,kolmo_rvq_s1,,8,8,0.7,0.1,from_t0,decode_and_integrate,reference,0.0,0.0,0.0,0.0,0.0,,0.0,0.0,0.0,1000,whole
kolmo40,rvq,kolmo_rvq_s1,,8,8,0.7,0.3,future,decode_and_integrate,reference,0.091621992,0.089935153,0.093663955,0.0,0.088781,,0.0,0.0,0.0,1000,whole
kolmo40,rvq,kolmo_rvq_s1,,8,8,0.7,0.3,from_t0,decode_and_integrate,reference,0.001598058,0.000177562,0.0035512399999999998,0.0,0.0,,0.0,0.0,0.0,1000,whole
kolmo40,rvq,kolmo_rvq_s1,,8,8,0.7,0.5,future,decode_and_integrate,reference,0.26421225600000003,0.242369910475,0.287739221,0.0,0.088781,,0.045,0.001,0.0,1000,whole
kolmo40,rvq,kolmo_rvq_s1,,8,8,0.7,0.5,from_t0,decode_and_integrate,reference,0.21928906999999997,0.196383572,0.24512656052499995,0.0,0.088781,,0.044,0.001,0.0,1000,whole
kolmo40,rvq,kolmo_rvq_s2,,8,16,0.14,0.1,future,persistence,reference,0.0177562,0.0177562,0.0177562,0.0,0.0177562,,0.0,0.0,0.0,1000,whole
kolmo40,rvq,kolmo_rvq_s2,,8,16,0.14,0.1,from_t0,persistence,reference,0.0,0.0,0.0,0.0,0.0,,0.0,0.0,0.0,1000,whole
kolmo40,rvq,kolmo_rvq_s2,,8,16,0.14,0.3,future,persistence,reference,0.021928906999999997,0.0198691878,0.024486243704999997,0.0,0.0177562,,0.0,0.0,0.0,1000,whole
kolmo40,rvq,kolmo_rvq_s2,,8,16,0.14,0.3,from_t0,persistence,reference,0.0044035376,0.002219081095000001,0.007049211400000001,0.0,0.0,,0.0,0.0,0.0,1000,whole
kolmo40,rvq,kolmo_rvq_s2,,8,16,0.14,0.5,future,persistence,reference,0.35146622279999995,0.3295355401800001,0.3742829398,0.0,0.24858680000000002,,0.075,0.0,0.0,1000,whole
kolmo40,rvq,kolmo_rvq_s2,,8,16,0.14,0.5,from_t0,persistence,reference,0.34317407740000005,0.32163536289500005,0.3663459184,0.0,0.23970870000000002,,0.075,0.0,0.0,1000,whole
kolmo40,rvq,kolmo_rvq_s2,,8,16,0.35,0.1,future,persistence,reference,0.044390500000000006,0.044390500000000006,0.044390500000000006,0.0,0.0443905,,0.0,0.0,0.0,1000,whole
kolmo40,rvq,kolmo_rvq_s2,,8,16,0.35,0.1,from_t0,persistence,reference,0.0,0.0,0.0,0.0,0.0,,0.0,0.0,0.0,1000,whole
kolmo40,rvq,kolmo_rvq_s2,,8,16,0.35,0.3,future,persistence,reference,0.048651988,0.04660891523749999,0.051315417999999995,0.0,0.0443905,,0.0,0.0,0.0,1000,whole
kolmo40,rvq,kolmo_rvq_s2,,8,16,0.35,0.3,from_t0,persistence,reference,0.004661002500000001,0.002395977237500002,0.007457604,0.0,0.0,,0.0,0.0,0.0,1000,whole
kolmo40,rvq,kolmo_rvq_s2,,8,16,0.35,0.5,future,persistence,reference,0.37048311300000003,0.34859859649999997,0.39299242578749993,0.0,0.266343,,0.076,0.0,0.0,1000,whole
kolmo40,rvq,kolmo_rvq_s2,,8,16,0.35,0.5,from_t0,persistence,reference,0.3524161795,0.33052944347499996,0.37581219252500003,0.0,0.266343,,0.076,0.0,0.0,1000,whole
kolmo40,rvq,kolmo_rvq_s2,,8,16,0.7,0.1,future,persistence,reference,0.08878100000000001,0.08878100000000001,0.08878100000000001,0.0,0.088781,,0.0,0.0,0.0,1000,whole
kolmo40,rvq,kolmo_rvq_s2,,8,16,0.7,0.1,from_t0,persistence,reference,0.0,0.0,0.0,0.0,0.0,,0.0,0.0,0.0,1000,whole
kolmo40,rvq,kolmo_rvq_s2,,8,16,0.7,0.3,future,persistence,reference,0.092776145,0.09082296299999999,0.09526423252499998,0.0,0.088781,,0.0,0.0,0.0,1000,whole
kolmo40,rvq,kolmo_rvq_s2,,8,16,0.7,0.3,from_t0,persistence,reference,0.005149298,0.00266343,0.008167852,0.0,0.0,,0.0,0.0,0.0,1000,whole
kolmo40,rvq,kolmo_rvq_s2,,8,16,0.7,0.5,future,persistence,reference,0.40324330199999997,0.3812233944749999,0.42517220899999997,0.0,0.266343,,0.077,0.0,0.0,1000,whole
kolmo40,rvq,kolmo_rvq_s2,,8,16,0.7,0.5,from_t0,persistence,reference,0.369506522,0.346778586,0.393213268525,0.0,0.266343,,0.076,0.0,0.0,1000,whole
kolmo40,rvq,kolmo_rvq_s2,,8,16,0.14,0.1,future,decode_and_integrate,reference,0.0177562,0.0177562,0.0177562,0.0,0.0177562,,0.0,0.0,0.0,1000,whole
kolmo40,rvq,kolmo_rvq_s2,,8,16,0.14,0.1,from_t0,decode_and_integrate,reference,0.0,0.0,0.0,0.0,0.0,,0.0,0.0,0.0,1000,whole
kolmo40,rvq,kolmo_rvq_s2,,8,16,0.14,0.3,future,decode_and_integrate,reference,0.0226746674,0.020437386199999998,0.025320785105,0.0,0.0177562,,0.0,0.0,0.0,1000,whole
kolmo40,rvq,kolmo_rvq_s2,,8,16,0.14,0.3,from_t0,decode_and_integrate,reference,0.0029475292000000004,0.0013672274,0.005061404809999995,0.0,0.0,,0.0,0.0,0.0,1000,whole
kolmo40,rvq,kolmo_rvq_s2,,8,16,0.14,0.5,future,decode_and_integrate,reference,0.255778061,0.23217740776999998,0.28156405854500005,0.0,0.10653720000000001,,0.052,0.001,0.0,1000,whole
kolmo40,rvq,kolmo_rvq_s2,,8,16,0.14,0.5,from_t0,decode_and_integrate,reference,0.24796533300000004,0.22418933729499999,0.27439010983999995,0.0,0.10653720000000001,,0.052,0.001,0.0,1000,whole
kolmo40,rvq,kolmo_rvq_s2,,8,16,0.35,0.1,future,decode_and_integrate,reference,0.044390500000000006,0.044390500000000006,0.044390500000000006,0.0,0.0443905,,0.0,0.0,0.0,1000,whole
kolmo40,rvq,kolmo_rvq_s2,,8,16,0.35,0.1,from_t0,decode_and_integrate,reference,0.0,0.0,0.0,0.0,0.0,,0.0,0.0,0.0,1000,whole
kolmo40,rvq,kolmo_rvq_s2,,8,16,0.35,0.3,future,decode_and_integrate,reference,0.049850531499999996,0.047497835,0.05264824276249999,0.0,0.0443905,,0.0,0.0,0.0,1000,whole
kolmo40,rvq,kolmo_rvq_s2,,8,16,0.35,0.3,from_t0,decode_and_integrate,reference,0.003196116,0.001509277,0.005415641,0.0,0.0,,0.0,0.0,0.0,1000,whole
kolmo40,rvq,kolmo_rvq_s2,,8,16,0.35,0.5,future,decode_and_integrate,reference,0.2727796225,0.2492515477375,0.29843733149999996,0.0,0.1331715,,0.053,0.001,0.0,1000,whole
kolmo40,rvq,kolmo_rvq_s2,,8,16,0.35,0.5,from_t0,decode_and_integrate,reference,0.25706538549999997,0.2330911862125,0.28353100159999994,0.0,0.1331715,,0.053,0.001,0.0,1000,whole
kolmo40,rvq,kolmo_rvq_s2,,8,16,0.7,0.1,future,decode_and_integrate,reference,0.08878100000000001,0.08878100000000001,0.08878100000000001,0.0,0.088781,,0.0,0.0,0.0,1000,whole
kolmo40,rvq,kolmo_rvq_s2,,8,16,0.7,0.1,from_t0,decode_and_integrate,reference,0.0,0.0,0.0,0.0,0.0,,0.0,0.0,0.0,1000,whole
kolmo40,rvq,kolmo_rvq_s2,,8,16,0.7,0.3,future,decode_and_integrate,reference,0.09472932700000002,0.09206589700000001,0.09783888152499998,0.0,0.088781,,0.0,0.0,0.0,1000,whole
kolmo40,rvq,kolmo_rvq_s2,,8,16,0.7,0.3,from_t0,decode_and_integrate,reference,0.0034624589999999998,0.0016868389999999999,0.005770765,0.0,0.0,,0.0,0.0,0.0,1000,whole
kolmo40,rvq,kolmo_rvq_s2,,8,16,0.7,0.5,future,decode_and_integrate,reference,0.302299305,0.278949902,0.32796145304999996,0.0,0.177562,,0.053,0.001,0.0,1000,whole
kolmo40,rvq,kolmo_rvq_s2,,8,16,0.7,0.5,from_t0,decode_and_integrate,reference,0.273001575,0.24876436200000002,0.29972909504999995,0.0,0.177562,,0.053,0.001,0.0,1000,whole
kolmo40,rvq,kolmo_rvq_s3,,8,24,0.14,0.1,future,persistence,reference,0.0177562,0.0177562,0.0177562,0.0,0.0177562,,0.0,0.0,0.0,1000,whole
kolmo40,rvq,kolmo_rvq_s3,,8,24,0.14,0.1,from_t0,persistence,reference,0.0,0.0,0.0,0.0,0.0,,0.0,0.0,0.0,1000,whole
kolmo40,rvq,kolmo_rvq_s3,,8,24,0.14,0.3,future,persistence,reference,0.0249297048,0.022372812,0.0278949902,0.0,0.0177562,,0.0,0.0,0.0,1000,whole
kolmo40,rvq,kolmo_rvq_s3,,8,24,0.14,0.3,from_t0,persistence,reference,0.007635166,0.0049007111999999995,0.010796657409999997,0.0,0.0,,0.0,0.0,0.0,1000,whole
kolmo40,rvq,kolmo_rvq_s3,,8,24,0.14,0.5,future,persistence,reference,0.3807639528,0.35899396379000004,0.40434862545,0.0,0.2840992,,0.081,0.0,0.0,1000,whole
kolmo40,rvq,kolmo_rvq_s3,,8,24,0.14,0.5,from_t0,persistence,reference,0.3763781714,0.35434228329500006,0.4004391541150001,0.0,0.2840992,,0.081,0.0,0.0,1000,whole
kolmo40,rvq,kolmo_rvq_s3,,8,24,0.35,0.1,future,persistence,reference,0.044390500000000006,0.044390500000000006,0.044390500000000006,0.0,0.0443905,,0.0,0.0,0.0,1000,whole
kolmo40,rvq,kolmo_rvq_s3,,8,24,0.35,0.1,from_t0,persistence,reference,0.0,0.0,0.0,0.0,0.0,,0.0,0.0,0.0,1000,whole
kolmo40,rvq,kolmo_rvq_s3,,8,24,0.35,0.3,future,persistence,reference,0.051581761,0.0490947832375,0.05446714350000001,0.0,0.0443905,,0.0,0.0,0.0,1000,whole
kolmo40,rvq,kolmo_rvq_s3,,8,24,0.35,0.3,from_t0,persistence,reference,0.008301023499999999,0.005415641,0.011631420762499994,0.0,0.0,,0.0,0.0,0.0,1000,whole
kolmo40,rvq,kolmo_rvq_s3,,8,24,0.35,0.5,future,persistence,reference,0.39831595649999996,0.376651172975,0.42170975,0.0,0.3107335,,0.084,0.0,0.0,1000,whole
kolmo40,rvq,kolmo_rvq_s3,,8,24,0.35,0.5,from_t0,persistence,reference,0.3867744265,0.36484219021250003,0.4111059693125,0.0,0.3107335,,0.084,0.0,0.0,1000,whole
kolmo40,rvq,kolmo_rvq_s3,,8,24,0.7,0.1,future,persistence,reference,0.08878100000000001,0.08878100000000001,0.08878100000000001,0.0,0.088781,,0.0,0.0,0.0,1000,whole
kolmo40,rvq,kolmo_rvq_s3,,8,24,0.7,0.1,from_t0,persistence,reference,0.0,0.0,0.0,0.0,0.0,,0.0,0.0,0.0,1000,whole
kolmo40,rvq,kolmo_rvq_s3,,8,24,0.7,0.3,future,persistence,reference,0.09535079399999999,0.09304248799999999,0.098103005,0.0,0.088781,,0.0,0.0,0.0,1000,whole
kolmo40,rvq,kolmo_rvq_s3,,8,24,0.7,0.3,from_t0,persistence,reference,0.009322005000000001,0.00621467,0.012962026,0.0,0.0,,0.0,0.0,0.0,1000,whole
kolmo40,rvq,kolmo_rvq_s3,,8,24,0.7,0.5,future,persistence,reference,0.42801320099999995,0.40563816947500003,0.45172438657499997,0.0,0.355124,,0.085,0.001,0.0,1000,whole
kolmo40,rvq,kolmo_rvq_s3,,8,24,0.7,0.5,from_t0,persistence,reference,0.407149666,0.38424194847500004,0.4321881275250001,0.0,0.355124,,0.085,0.001,0.0,1000,whole
kolmo40,rvq,kolmo_rvq_s3,,8,24,0.14,0.1,future,decode_and_integrate,reference,0.0177562,0.0177562,0.0177562,0.0,0.0177562,,0.0,0.0,0.0,1000,whole
kolmo40,rvq,kolmo_rvq_s3,,8,24,0.14,0.1,from_t0,decode_and_integrate,reference,0.0,0.0,0.0,0.0,0.0,,0.0,0.0,0.0,1000,whole
kolmo40,rvq,kolmo_rvq_s3,,8,24,0.14,0.3,future,decode_and_integrate,reference,0.0319789162,0.026935267590000003,0.0378739746,0.0,0.0177562,,0.002,0.0,0.0,1000,whole
kolmo40,rvq,kolmo_rvq_s3,,8,24,0.14,0.3,from_t0,decode_and_integrate,reference,0.011452749,0.006782424495000001,0.016939858704999998,0.0,0.0,,0.002,0.0,0.0,1000,whole
kolmo40,rvq,kolmo_rvq_s3,,8,24,0.14,0.5,future,decode_and_integrate,reference,0.3880795072,0.35821269099,0.42011302371500003,0.0,0.21307440000000002,,0.101,0.003,0.0,1000,whole
kolmo40,rvq,kolmo_rvq_s3,,8,24,0.14,0.5,from_t0,decode_and_integrate,reference,0.3807639528,0.35098147854,0.4131552567450001,0.0,0.19531820000000003,,0.101,0.003,0.0,1000,whole
kolmo40,rvq,kolmo_rvq_s3,,8,24,0.35,0.1,future,decode_and_integrate,reference,0.044390500000000006,0.044390500000000006,0.044390500000000006,0.0,0.0443905,,0.0,0.0,0.0,1000,whole
kolmo40,rvq,kolmo_rvq_s3,,8,24,0.35,0.1,from_t0,decode_and_integrate,reference,0.0,0.0,0.0,0.0,0.0,,0.0,0.0,0.0,1000,whole
kolmo40,rvq,kolmo_rvq_s3,,8,24,0.35,0.3,future,decode_and_integrate,reference,0.06476573949999999,0.058817412500000006,0.07138214352499997,0.0,0.0443905,,0.003,0.0,0.0,1000,whole
kolmo40,rvq,kolmo_rvq_s3,,8,24,0.35,0.3,from_t0,decode_and_integrate,reference,0.011896654,0.007189041475000004,0.0174454665,0.0,0.0,,0.002,0.0,0.0,1000,whole
kolmo40,rvq,kolmo_rvq_s3,,8,24,0.35,0.5,future,decode_and_integrate,reference,0.40577356049999996,0.37615843842499996,0.437519426575,0.0,0.22195249999999997,,0.106,0.003,0.0,1000,whole
kolmo40,rvq,kolmo_rvq_s3,,8,24,0.35,0.5,from_t0,decode_and_integrate,reference,0.3917461625,0.3618658071875,0.4239403726249999,0.0,0.22195249999999997,,0.105,0.003,0.0,1000,whole
kolmo40,rvq,kolmo_rvq_s3,,8,24,0.7,0.1,future,decode_and_integrate,reference,0.08878100000000001,0.08878100000000001,0.08878100000000001,0.0,0.088781,,0.0,0.0,0.0,1000,whole
kolmo40,rvq,kolmo_rvq_s3,,8,24,0.7,0.1,from_t0,decode_and_integrate,reference,0.0,0.0,0.0,0.0,0.0,,0.0,0.0,0.0,1000,whole
kolmo40,rvq,kolmo_rvq_s3,,8,24,0.7,0.3,future,decode_and_integrate,reference,0.11363967999999999,0.106625981,0.12154340852500001,0.0,0.088781,,0.005,0.0,0.0,1000,whole
kolmo40,rvq,kolmo_rvq_s3,,8,24,0.7,0.3,from_t0,decode_and_integrate,reference,0.012695683,0.007812728,0.01837988652499999,0.0,0.0,,0.002,0.0,0.0,1000,whole
kolmo40,rvq,kolmo_rvq_s3,,8,24,0.7,0.5,future,decode_and_integrate,reference,0.432807375,0.40342086399999993,0.46459319252500003,0.0,0.266343,,0.107,0.003,0.0,1000,whole
kolmo40,rvq,kolmo_rvq_s3,,8,24,0.7,0.5,from_t0,decode_and_integrate,reference,0.40972431499999995,0.37944555495,0.44239572299999996,0.0,0.266343,,0.106,0.003,0.0,1000,whole
kolmo40,rvq,kolmo_rvq_s4,,8,32,0.14,0.1,future,persistence,reference,0.0177562,0.0177562,0.0177562,0.0,0.0177562,,0.0,0.0,0.0,1000,whole
kolmo40,rvq,kolmo_rvq_s4,,8,32,0.14,0.1,from_t0,persistence,reference,0.0,0.0,0.0,0.0,0.0,,0.0,0.0,0.0,1000,whole
kolmo40,rvq,kolmo_rvq_s4,,8,32,0.14,0.3,future,persistence,reference,0.028534213399999998,0.025657265095,0.03180312981999999,0.0,0.0177562,,0.0,0.0,0.0,1000,whole
kolmo40,rvq,kolmo_rvq_s4,,8,32,0.14,0.3,from_t0,persistence,reference,0.0120031912,0.008895412295000002,0.015466094105,0.0,0.0,,0.0,0.0,0.0,1000,whole
kolmo40,rvq,kolmo_rvq_s4,,8,32,0.14,0.5,future,persistence,reference,0.38305450259999996,0.36227886079,0.405269728325,0.0,0.30185540000000005,,0.074,0.0,0.0,1000,whole
kolmo40,rvq,kolmo_rvq_s4,,8,32,0.14,0.5,from_t0,persistence,reference,0.37923691959999994,0.35819582260000005,0.4014153012100001,0.0,0.2929773,,0.074,0.0,0.0,1000,whole
kolmo40,rvq,kolmo_rvq_s4,,8,32,0.35,0.1,future,persistence,reference,0.044390500000000006,0.044390500000000006,0.044390500000000006,0.0,0.0443905,,0.0,0.0,0.0,1000,whole
kolmo40,rvq,kolmo_rvq_s4,,8,32,0.35,0.1,from_t0,persistence,reference,0.0,0.0,0.0,0.0,0.0,,0.0,0.0,0.0,1000,whole
kolmo40,rvq,kolmo_rvq_s4,,8,32,0.35,0.3,future,persistence,reference,0.054422753,0.051714932500000005,0.0575744785,0.0,0.0443905,,0.0,0.0,0.0,1000,whole
kolmo40,rvq,kolmo_rvq_s4,,8,32,0.35,0.3,from_t0,persistence,reference,0.012784464,0.0095439575,0.0164688755,0.0,0.0,,0.0,0.0,0.0,1000,whole
kolmo40,rvq,kolmo_rvq_s4,,8,32,0.35,0.5,future,persistence,reference,0.39862669,0.3778952167375,0.4206898782625,0.0,0.3107335,,0.076,0.0,0.0,1000,whole
kolmo40,rvq,kolmo_rvq_s4,,8,32,0.35,0.5,from_t0,persistence,reference,0.3900593235,0.36888283547499995,0.4125220262625,0.0,0.3107335,,0.076,0.0,0.0,1000,whole
kolmo40,rvq,kolmo_rvq_s4,,8,32,0.7,0.1,future,persistence,reference,0.08878100000000001,0.08878100000000001,0.08878100000000001,0.0,0.088781,,0.0,0.0,0.0,1000,whole
kolmo40,rvq,kolmo_rvq_s4,,8,32,0.7,0.1,from_t0,persistence,reference,0.0,0.0,0.0,0.0,0.0,,0.0,0.0,0.0,1000,whole
kolmo40,rvq,kolmo_rvq_s4,,8,32,0.7,0.3,future,persistence,reference,0.097392757,0.09499566999999999,0.10032253000000001,0.0,0.088781,,0.0,0.0,0.0,1000,whole
kolmo40,rvq,kolmo_rvq_s4,,8,32,0.7,0.3,from_t0,persistence,reference,0.014560084,0.011097625000000002,0.018555228999999996,0.0,0.0,,0.0,0.0,0.0,1000,whole
kolmo40,rvq,kolmo_rvq_s4,,8,32,0.7,0.5,future,persistence,reference,0.42748051499999995,0.406794542,0.44941164152499996,0.0,0.355124,,0.078,0.0,0.0,1000,whole
kolmo40,rvq,kolmo_rvq_s4,,8,32,0.7,0.5,from_t0,persistence,reference,0.410612125,0.38939346599999997,0.43378840505,0.0,0.355124,,0.078,0.0,0.0,1000,whole
kolmo40,rvq,kolmo_rvq_s4,,8,32,0.14,0.1,future,decode_and_integrate,reference,0.0177562,0.0177562,0.0177562,0.0,0.0177562,,0.0,0.0,0.0,1000,whole
kolmo40,rvq,kolmo_rvq_s4,,8,32,0.14,0.1,from_t0,decode_and_integrate,reference,0.0,0.0,0.0,0.0,0.0,,0.0,0.0,0.0,1000,whole
kolmo40,rvq,kolmo_rvq_s4,,8,32,0.14,0.3,future,decode_and_integrate,reference,0.0471071986,0.03828147939,0.058062774,0.0,0.0177562,,0.003,0.001,0.0,1000,whole
kolmo40,rvq,kolmo_rvq_s4,,8,32,0.14,0.3,from_t0,decode_and_integrate,reference,0.018164592599999998,0.0131573442,0.023901176914999996,0.0,0.0,,0.001,0.0,0.0,1000,whole
kolmo40,rvq,kolmo_rvq_s4,,8,32,0.14,0.5,future,decode_and_integrate,reference,0.46828426260000006,0.43403166499,0.504384836725,0.0,0.2840992,,0.131,0.007,0.0,1000,whole
kolmo40,rvq,kolmo_rvq_s4,,8,32,0.14,0.5,from_t0,decode_and_integrate,reference,0.46301067120000006,0.428524135655,0.49914542601000006,0.0,0.2840992,,0.13,0.007,0.0,1000,whole
kolmo40,rvq,kolmo_rvq_s4,,8,32,0.35,0.1,future,decode_and_integrate,reference,0.044390500000000006,0.044390500000000006,0.044390500000000006,0.0,0.0443905,,0.0,0.0,0.0,1000,whole
kolmo40,rvq,kolmo_rvq_s4,,8,32,0.35,0.1,from_t0,decode_and_integrate,reference,0.0,0.0,0.0,0.0,0.0,,0.0,0.0,0.0,1000,whole
kolmo40,rvq,kolmo_rvq_s4,,8,32,0.35,0.3,future,decode_and_integrate,reference,0.083276578,0.07302237249999999,0.09535301352499999,0.0,0.0443905,,0.006,0.001,0.0,1000,whole
kolmo40,rvq,kolmo_rvq_s4,,8,32,0.35,0.3,from_t0,decode_and_integrate,reference,0.018999134,0.0138931167375,0.02485868,0.0,0.0,,0.001,0.0,0.0,1000,whole
kolmo40,rvq,kolmo_rvq_s4,,8,32,0.35,0.5,future,decode_and_integrate,reference,0.4840784025,0.4501629507375,0.5198160842874999,0.0,0.3107335,,0.135,0.007,0.0,1000,whole
kolmo40,rvq,kolmo_rvq_s4,,8,32,0.35,0.5,from_t0,decode_and_integrate,reference,0.473646635,0.43906532573749996,0.5097449895999998,0.0,0.3107335,,0.134,0.007,0.0,1000,whole
kolmo40,rvq,kolmo_rvq_s4,,8,32,0.7,0.1,future,decode_and_integrate,reference,0.08878100000000001,0.08878100000000001,0.08878100000000001,0.0,0.088781,,0.0,0.0,0.0,1000,whole
kolmo40,rvq,kolmo_rvq_s4,,8,32,0.7,0.1,from_t0,decode_and_integrate,reference,0.0,0.0,0.0,0.0,0.0,,0.0,0.0,0.0,1000,whole
kolmo40,rvq,kolmo_rvq_s4,,8,32,0.7,0.3,future,decode_and_integrate,reference,0.12766707800000002,0.11754382447499999,0.139743513525,0.0,0.088781,,0.007,0.001,0.0,1000,whole
kolmo40,rvq,kolmo_rvq_s4,,8,32,0.7,0.3,from_t0,decode_and_integrate,reference,0.020597192,0.015270332,0.0266343,0.0,0.0,,0.001,0.0,0.0,1000,whole
kolmo40,rvq,kolmo_rvq_s4,,8,32,0.7,0.5,future,decode_and_integrate,reference,0.5127990560000001,0.47879149395000004,0.549021704,0.0,0.355124,,0.135,0.009,0.0,1000,whole
kolmo40,rvq,kolmo_rvq_s4,,8,32,0.7,0.5,from_t0,decode_and_integrate,reference,0.49362236000000004,0.45881576895000004,0.5311811620500001,0.0,0.355124,,0.134,0.009,0.0,1000,whole
