# git_sha=468cabcd2ad7429c767ce068cd6bd796bb491265-dirty; POST-FREEZE EXTENSION
system,family,tokenizer,P,b,total_bits,delta,eps,start,kind,label,restricted_mean,ci95_lo,ci95_hi,frac_no_cross,median,p0,S1,S3,S10,n
ks100,patch,ks100_patch_P16_b10,16,10,160,0.2,0.1,future,bound,bound,0.0186396672,0.0184212336,0.018894506400000004,0.0,0.0182028,0.989,0.0,0.0,0.0,1000
ks100,patch,ks100_patch_P16_b10,16,10,160,0.2,0.1,from_t0,bound,bound,0.00047327280000000006,0.00020023080000000003,0.000819126,0.0,0.0,0.989,0.0,0.0,0.0,1000
ks100,patch,ks100_patch_P16_b10,16,10,160,0.2,0.3,future,bound,bound,27.0,27.0,27.0,1.0,27.0,0.0,1.0,1.0,1.0,1000
ks100,patch,ks100_patch_P16_b10,16,10,160,0.2,0.3,from_t0,bound,bound,27.0,27.0,27.0,1.0,27.0,0.0,1.0,1.0,1.0,1000
ks100,patch,ks100_patch_P16_b10,16,10,160,0.2,0.5,future,bound,bound,27.0,27.0,27.0,1.0,27.0,0.0,1.0,1.0,1.0,1000
ks100,patch,ks100_patch_P16_b10,16,10,160,0.2,0.5,from_t0,bound,bound,27.0,27.0,27.0,1.0,27.0,0.0,1.0,1.0,1.0,1000
ks100,patch,ks100_patch_P16_b10,16,10,160,0.495,0.1,future,bound,bound,0.04563760508999999,0.04532224158,0.045998020529999996,0.0,0.04505193,0.989,0.0,0.0,0.0,1000
ks100,patch,ks100_patch_P16_b10,16,10,160,0.495,0.1,from_t0,bound,bound,0.00058567509,0.00027031158,0.0009911424599999999,0.0,0.0,0.989,0.0,0.0,0.0,1000
ks100,patch,ks100_patch_P16_b10,16,10,160,0.495,0.3,future,bound,bound,27.0,27.0,27.0,1.0,27.0,0.0,1.0,1.0,1.0,1000
ks100,patch,ks100_patch_P16_b10,16,10,160,0.495,0.3,from_t0,bound,bound,27.0,27.0,27.0,1.0,27.0,0.0,1.0,1.0,1.0,1000
ks100,patch,ks100_patch_P16_b10,16,10,160,0.495,0.5,future,bound,bound,27.0,27.0,27.0,1.0,27.0,0.0,1.0,1.0,1.0,1000
ks100,patch,ks100_patch_P16_b10,16,10,160,0.495,0.5,from_t0,bound,bound,27.0,27.0,27.0,1.0,27.0,0.0,1.0,1.0,1.0,1000
ks100,patch,ks100_patch_P16_b10,16,10,160,0.99,0.1,future,bound,bound,0.09109500245999999,0.09046427543999999,0.09181583333999999,0.0,0.09010386,0.989,0.0,0.0,0.0,1000
ks100,patch,ks100_patch_P16_b10,16,10,160,0.99,0.1,from_t0,bound,bound,0.0009911424599999999,0.00045051929999999997,0.00162186948,0.0,0.0,0.989,0.0,0.0,0.0,1000
ks100,patch,ks100_patch_P16_b10,16,10,160,0.99,0.3,future,bound,bound,27.0,27.0,27.0,1.0,27.0,0.0,1.0,1.0,1.0,1000
ks100,patch,ks100_patch_P16_b10,16,10,160,0.99,0.3,from_t0,bound,bound,27.0,27.0,27.0,1.0,27.0,0.0,1.0,1.0,1.0,1000
ks100,patch,ks100_patch_P16_b10,16,10,160,0.99,0.5,future,bound,bound,27.0,27.0,27.0,1.0,27.0,0.0,1.0,1.0,1.0,1000
ks100,patch,ks100_patch_P16_b10,16,10,160,0.99,0.5,from_t0,bound,bound,27.0,27.0,27.0,1.0,27.0,0.0,1.0,1.0,1.0,1000
ks100,patch,ks100_patch_P16_b10,16,10,160,0.2,0.1,future,persistence,reference,0.0183484224,0.0182574084,0.0184576392,0.0,0.0182028,,0.0,0.0,0.0,1000
ks100,patch,ks100_patch_P16_b10,16,10,160,0.2,0.1,from_t0,persistence,reference,0.00027304200000000003,0.00010921680000000002,0.0004550700000000001,0.0,0.0,,0.0,0.0,0.0,1000
ks100,patch,ks100_patch_P16_b10,16,10,160,0.2,0.3,future,persistence,reference,0.1143863952,0.1129301712,0.1158790248,0.0,0.1092168,,0.0,0.0,0.0,1000
ks100,patch,ks100_patch_P16_b10,16,10,160,0.2,0.3,from_t0,persistence,reference,0.1143863952,0.1129301712,0.1158790248,0.0,0.1092168,,0.0,0.0,0.0,1000
ks100,patch,ks100_patch_P16_b10,16,10,160,0.2,0.5,future,persistence,reference,0.2016688212,0.19919324039999997,0.20421766826999999,0.0,0.2002308,,0.0,0.0,0.0,1000
ks100,patch,ks100_patch_P16_b10,16,10,160,0.2,0.5,from_t0,persistence,reference,0.2016688212,0.19919324039999997,0.20421766826999999,0.0,0.2002308,,0.0,0.0,0.0,1000
ks100,patch,ks100_patch_P16_b10,16,10,160,0.495,0.1,future,persistence,reference,0.04505193,0.04505193,0.04505193,0.0,0.04505193,,0.0,0.0,0.0,1000
ks100,patch,ks100_patch_P16_b10,16,10,160,0.495,0.1,from_t0,persistence,reference,0.0004955712299999999,0.00022525964999999998,0.00081093474,0.0,0.0,,0.0,0.0,0.0,1000
ks100,patch,ks100_patch_P16_b10,16,10,160,0.495,0.3,future,persistence,reference,0.12713654646,0.12546962504999998,0.12884851979999998,0.0,0.13515579,,0.0,0.0,0.0,1000
ks100,patch,ks100_patch_P16_b10,16,10,160,0.495,0.3,from_t0,persistence,reference,0.12713654646,0.12546962504999998,0.12884851979999998,0.0,0.13515579,,0.0,0.0,0.0,1000
ks100,patch,ks100_patch_P16_b10,16,10,160,0.495,0.5,future,persistence,reference,0.21480760223999998,0.21232861979174997,0.21742061417999994,0.0,0.22525964999999998,,0.0,0.0,0.0,1000
ks100,patch,ks100_patch_P16_b10,16,10,160,0.495,0.5,from_t0,persistence,reference,0.21480760223999998,0.21232861979174997,0.21742061417999994,0.0,0.22525964999999998,,0.0,0.0,0.0,1000
ks100,patch,ks100_patch_P16_b10,16,10,160,0.99,0.1,future,persistence,reference,0.09010386,0.09010386,0.09010386,0.0,0.09010386,,0.0,0.0,0.0,1000
ks100,patch,ks100_patch_P16_b10,16,10,160,0.99,0.1,from_t0,persistence,reference,0.0009911424599999999,0.00045051929999999997,0.00162186948,0.0,0.0,,0.0,0.0,0.0,1000
ks100,patch,ks100_patch_P16_b10,16,10,160,0.99,0.3,future,persistence,reference,0.15569947008,0.15308645814,0.15822237816,0.0,0.18020772,,0.0,0.0,0.0,1000
ks100,patch,ks100_patch_P16_b10,16,10,160,0.99,0.3,from_t0,persistence,reference,0.15569947008,0.15308645814,0.15822237816,0.0,0.18020772,,0.0,0.0,0.0,1000
ks100,patch,ks100_patch_P16_b10,16,10,160,0.99,0.5,future,persistence,reference,0.23670284022,0.23363930898,0.23994657917999998,0.0,0.27031158,,0.0,0.0,0.0,1000
ks100,patch,ks100_patch_P16_b10,16,10,160,0.99,0.5,from_t0,persistence,reference,0.23670284022,0.23363930898,0.23994657917999998,0.0,0.27031158,,0.0,0.0,0.0,1000
ks100,patch,ks100_patch_P16_b10,16,10,160,0.2,0.1,future,decode_and_integrate,reference,0.06145265279999999,0.05786624612999999,0.06498445106999999,0.0,0.0182028,,0.0,0.0,0.0,1000
ks100,patch,ks100_patch_P16_b10,16,10,160,0.2,0.1,from_t0,decode_and_integrate,reference,0.001729266,0.0007463148,0.0028764974699999977,0.0,0.0,,0.0,0.0,0.0,1000
ks100,patch,ks100_patch_P16_b10,16,10,160,0.2,0.3,future,decode_and_integrate,reference,0.5907900768,0.5758451229299999,0.60580784187,0.0,0.5278812,,0.071,0.0,0.0,1000
ks100,patch,ks100_patch_P16_b10,16,10,160,0.2,0.3,from_t0,decode_and_integrate,reference,0.5907900768,0.5758451229299999,0.60580784187,0.0,0.5278812,,0.071,0.0,0.0,1000
ks100,patch,ks100_patch_P16_b10,16,10,160,0.2,0.5,future,decode_and_integrate,reference,1.044476664,1.0214487567900001,1.06737851682,0.0,0.9647484000000001,,0.47,0.0,0.0,1000
ks100,patch,ks100_patch_P16_b10,16,10,160,0.2,0.5,from_t0,decode_and_integrate,reference,1.044476664,1.0214487567900001,1.06737851682,0.0,0.9647484000000001,,0.47,0.0,0.0,1000
ks100,patch,ks100_patch_P16_b10,16,10,160,0.495,0.1,future,decode_and_integrate,reference,0.08577887472000001,0.08253513576,0.08906766561,0.0,0.04505193,,0.0,0.0,0.0,1000
ks100,patch,ks100_patch_P16_b10,16,10,160,0.495,0.1,from_t0,decode_and_integrate,reference,0.00189218106,0.00081093474,0.0031536350999999997,0.0,0.0,,0.0,0.0,0.0,1000
ks100,patch,ks100_patch_P16_b10,16,10,160,0.495,0.3,future,decode_and_integrate,reference,0.60441669288,0.5892792443999999,0.6195541413599999,0.0,0.54062316,,0.072,0.0,0.0,1000
ks100,patch,ks100_patch_P16_b10,16,10,160,0.495,0.3,from_t0,decode_and_integrate,reference,0.60441669288,0.5892792443999999,0.6195541413599999,0.0,0.54062316,,0.072,0.0,0.0,1000
ks100,patch,ks100_patch_P16_b10,16,10,160,0.495,0.5,future,decode_and_integrate,reference,1.0573237451699997,1.03389336267525,1.0803497865929999,0.0,0.9911424599999998,,0.461,0.0,0.0,1000
ks100,patch,ks100_patch_P16_b10,16,10,160,0.495,0.5,from_t0,decode_and_integrate,reference,1.0573237451699997,1.03389336267525,1.0803497865929999,0.0,0.9911424599999998,,0.461,0.0,0.0,1000
ks100,patch,ks100_patch_P16_b10,16,10,160,0.99,0.1,future,decode_and_integrate,reference,0.11677460255999998,0.11371107131999998,0.11992823765999998,0.0,0.09010386,,0.0,0.0,0.0,1000
ks100,patch,ks100_patch_P16_b10,16,10,160,0.99,0.1,from_t0,decode_and_integrate,reference,0.00207238878,0.0009010385999999999,0.003423946679999999,0.0,0.0,,0.0,0.0,0.0,1000
ks100,patch,ks100_patch_P16_b10,16,10,160,0.99,0.3,future,decode_and_integrate,reference,0.6278436964799998,0.612706248,0.6429811449599999,0.0,0.54062316,,0.072,0.0,0.0,1000
ks100,patch,ks100_patch_P16_b10,16,10,160,0.99,0.3,from_t0,decode_and_integrate,reference,0.6278436964799998,0.612706248,0.6429811449599999,0.0,0.54062316,,0.072,0.0,0.0,1000
ks100,patch,ks100_patch_P16_b10,16,10,160,0.99,0.5,future,decode_and_integrate,reference,1.08043538526,1.057274188047,1.1032339144365,0.0,0.9911424599999998,,0.463,0.0,0.0,1000
ks100,patch,ks100_patch_P16_b10,16,10,160,0.99,0.5,from_t0,decode_and_integrate,reference,1.08043538526,1.057274188047,1.1032339144365,0.0,0.9911424599999998,,0.463,0.0,0.0,1000
ks100,patch,ks100_patch_P16_b12,16,12,192,0.2,0.1,future,bound,bound,0.8082043200000001,0.74873349705,0.87572533125,0.0,0.3822588,0.139,0.304,0.042,0.0,1000
ks100,patch,ks100_patch_P16_b12,16,12,192,0.2,0.1,from_t0,bound,bound,0.7934236464000001,0.73384542693,0.86249963184,0.0,0.364056,0.139,0.302,0.042,0.0,1000
ks100,patch,ks100_patch_P16_b12,16,12,192,0.2,0.3,future,bound,bound,27.0,27.0,27.0,1.0,27.0,0.0,1.0,1.0,1.0,1000
ks100,patch,ks100_patch_P16_b12,16,12,192,0.2,0.3,from_t0,bound,bound,27.0,27.0,27.0,1.0,27.0,0.0,1.0,1.0,1.0,1000
ks100,patch,ks100_patch_P16_b12,16,12,192,0.2,0.5,future,bound,bound,27.0,27.0,27.0,1.0,27.0,0.0,1.0,1.0,1.0,1000
ks100,patch,ks100_patch_P16_b12,16,12,192,0.2,0.5,from_t0,bound,bound,27.0,27.0,27.0,1.0,27.0,0.0,1.0,1.0,1.0,1000
ks100,patch,ks100_patch_P16_b12,16,12,192,0.495,0.1,future,bound,bound,1.09264445829,1.0187975872305,1.16910096239475,0.0,0.67577895,0.139,0.39,0.084,0.0,1000
ks100,patch,ks100_patch_P16_b12,16,12,192,0.495,0.1,from_t0,bound,bound,1.0476826321500001,0.9719886319605,1.1254580315055,0.0,0.6307270199999999,0.139,0.377,0.083,0.0,1000
ks100,patch,ks100_patch_P16_b12,16,12,192,0.495,0.3,future,bound,bound,27.0,27.0,27.0,1.0,27.0,0.0,1.0,1.0,1.0,1000
ks100,patch,ks100_patch_P16_b12,16,12,192,0.495,0.3,from_t0,bound,bound,27.0,27.0,27.0,1.0,27.0,0.0,1.0,1.0,1.0,1000
ks100,patch,ks100_patch_P16_b12,16,12,192,0.495,0.5,future,bound,bound,27.0,27.0,27.0,1.0,27.0,0.0,1.0,1.0,1.0,1000
ks100,patch,ks100_patch_P16_b12,16,12,192,0.495,0.5,from_t0,bound,bound,27.0,27.0,27.0,1.0,27.0,0.0,1.0,1.0,1.0,1000
ks100,patch,ks100_patch_P16_b12,16,12,192,0.99,0.1,future,bound,bound,1.50167093076,1.391460394401,1.6101559782,0.0,0.9010385999999999,0.139,0.476,0.143,0.004,1000
ks100,patch,ks100_patch_P16_b12,16,12,192,0.99,0.1,from_t0,bound,bound,1.39742076474,1.2931277993864998,1.5032072015729998,0.0,0.9010385999999999,0.139,0.452,0.136,0.003,1000
ks100,patch,ks100_patch_P16_b12,16,12,192,0.99,0.3,future,bound,bound,27.0,27.0,27.0,1.0,27.0,0.0,1.0,1.0,1.0,1000
ks100,patch,ks100_patch_P16_b12,16,12,192,0.99,0.3,from_t0,bound,bound,27.0,27.0,27.0,1.0,27.0,0.0,1.0,1.0,1.0,1000
ks100,patch,ks100_patch_P16_b12,16,12,192,0.99,0.5,future,bound,bound,27.0,27.0,27.0,1.0,27.0,0.0,1.0,1.0,1.0,1000
ks100,patch,ks100_patch_P16_b12,16,12,192,0.99,0.5,from_t0,bound,bound,27.0,27.0,27.0,1.0,27.0,0.0,1.0,1.0,1.0,1000
ks100,patch,ks100_patch_P16_b12,16,12,192,0.2,0.1,future,persistence,reference,0.0262666404,0.025629542400000004,0.026903738400000002,0.0,0.0182028,,0.0,0.0,0.0,1000
ks100,patch,ks100_patch_P16_b12,16,12,192,0.2,0.1,from_t0,persistence,reference,0.0237000456,0.022880919599999997,0.024537829470000005,0.0,0.0182028,,0.0,0.0,0.0,1000
ks100,patch,ks100_patch_P16_b12,16,12,192,0.2,0.3,future,persistence,reference,0.11880967560000001,0.11738940212999999,0.12032096307000001,0.0,0.1092168,,0.0,0.0,0.0,1000
ks100,patch,ks100_patch_P16_b12,16,12,192,0.2,0.3,from_t0,persistence,reference,0.11880967560000001,0.11738940212999999,0.12032096307000001,0.0,0.1092168,,0.0,0.0,0.0,1000
ks100,patch,ks100_patch_P16_b12,16,12,192,0.2,0.5,future,persistence,reference,0.2037439404,0.20121329613,0.2063105352,0.0,0.2002308,,0.0,0.0,0.0,1000
ks100,patch,ks100_patch_P16_b12,16,12,192,0.2,0.5,from_t0,persistence,reference,0.2037439404,0.20121329613,0.2063105352,0.0,0.2002308,,0.0,0.0,0.0,1000
ks100,patch,ks100_patch_P16_b12,16,12,192,0.495,0.1,future,persistence,reference,0.045232137719999996,0.045096981929999995,0.045412345439999995,0.0,0.04505193,,0.0,0.0,0.0,1000
ks100,patch,ks100_patch_P16_b12,16,12,192,0.495,0.1,from_t0,persistence,reference,0.03896991945,0.037978776990000004,0.03991600998,0.0,0.04505193,,0.0,0.0,0.0,1000
ks100,patch,ks100_patch_P16_b12,16,12,192,0.495,0.3,future,persistence,reference,0.13263288192,0.13101101244,0.13434485525999998,0.0,0.13515579,,0.0,0.0,0.0,1000
ks100,patch,ks100_patch_P16_b12,16,12,192,0.495,0.3,from_t0,persistence,reference,0.13263288192,0.13101101244,0.13434485525999998,0.0,0.13515579,,0.0,0.0,0.0,1000
ks100,patch,ks100_patch_P16_b12,16,12,192,0.495,0.5,future,persistence,reference,0.21796123733999997,0.21525812153999996,0.22061930120999995,0.0,0.22525964999999998,,0.0,0.0,0.0,1000
ks100,patch,ks100_patch_P16_b12,16,12,192,0.495,0.5,from_t0,persistence,reference,0.21796123733999997,0.21525812153999996,0.22061930120999995,0.0,0.22525964999999998,,0.0,0.0,0.0,1000
ks100,patch,ks100_patch_P16_b12,16,12,192,0.99,0.1,future,persistence,reference,0.09010386,0.09010386,0.09010386,0.0,0.09010386,,0.0,0.0,0.0,1000
ks100,patch,ks100_patch_P16_b12,16,12,192,0.99,0.1,from_t0,persistence,reference,0.07757942346,0.07568724240000001,0.07947160452,0.0,0.09010386,,0.0,0.0,0.0,1000
ks100,patch,ks100_patch_P16_b12,16,12,192,0.99,0.3,future,persistence,reference,0.16299788274,0.16074528623999998,0.16552079081999999,0.0,0.18020772,,0.0,0.0,0.0,1000
ks100,patch,ks100_patch_P16_b12,16,12,192,0.99,0.3,from_t0,persistence,reference,0.16299788274,0.16074528623999998,0.16552079081999999,0.0,0.18020772,,0.0,0.0,0.0,1000
ks100,patch,ks100_patch_P16_b12,16,12,192,0.99,0.5,future,persistence,reference,0.23877522899999998,0.23553149003999996,0.24201896796,0.0,0.27031158,,0.0,0.0,0.0,1000
ks100,patch,ks100_patch_P16_b12,16,12,192,0.99,0.5,from_t0,persistence,reference,0.23877522899999998,0.23553149003999996,0.24201896796,0.0,0.27031158,,0.0,0.0,0.0,1000
ks100,patch,ks100_patch_P16_b12,16,12,192,0.2,0.1,future,decode_and_integrate,reference,0.19171188960000002,0.18697688625,0.19666396134,0.0,0.182028,,0.0,0.0,0.0,1000
ks100,patch,ks100_patch_P16_b12,16,12,192,0.2,0.1,from_t0,decode_and_integrate,reference,0.17296300560000002,0.1669742844,0.17904319586999998,0.0,0.182028,,0.0,0.0,0.0,1000
ks100,patch,ks100_patch_P16_b12,16,12,192,0.2,0.3,future,decode_and_integrate,reference,0.86690835,0.84721155519,0.88815283788,0.0,0.7827204000000001,,0.272,0.0,0.0,1000
ks100,patch,ks100_patch_P16_b12,16,12,192,0.2,0.3,from_t0,decode_and_integrate,reference,0.86690835,0.84721155519,0.88815283788,0.0,0.7827204000000001,,0.272,0.0,0.0,1000
ks100,patch,ks100_patch_P16_b12,16,12,192,0.2,0.5,future,decode_and_integrate,reference,1.3657742868,1.3370320655999999,1.39678548702,0.0,1.2741959999999999,,0.751,0.007,0.0,1000
ks100,patch,ks100_patch_P16_b12,16,12,192,0.2,0.5,from_t0,decode_and_integrate,reference,1.3657742868,1.3370320655999999,1.39678548702,0.0,1.2741959999999999,,0.751,0.007,0.0,1000
ks100,patch,ks100_patch_P16_b12,16,12,192,0.495,0.1,future,decode_and_integrate,reference,0.20512143728999999,0.20025582884999998,0.21007827588824998,0.0,0.18020772,,0.0,0.0,0.0,1000
ks100,patch,ks100_patch_P16_b12,16,12,192,0.495,0.1,from_t0,decode_and_integrate,reference,0.18457775720999997,0.17822430878174997,0.19083997547999995,0.0,0.18020772,,0.0,0.0,0.0,1000
ks100,patch,ks100_patch_P16_b12,16,12,192,0.495,0.3,future,decode_and_integrate,reference,0.88017955641,0.86022155142,0.9015341712299999,0.0,0.81093474,,0.264,0.0,0.0,1000
ks100,patch,ks100_patch_P16_b12,16,12,192,0.495,0.3,from_t0,decode_and_integrate,reference,0.88017955641,0.86022155142,0.9015341712299999,0.0,0.81093474,,0.264,0.0,0.0,1000
ks100,patch,ks100_patch_P16_b12,16,12,192,0.495,0.5,future,decode_and_integrate,reference,1.38066144678,1.3516457512634998,1.41228790164,0.0,1.283980005,,0.744,0.008,0.0,1000
ks100,patch,ks100_patch_P16_b12,16,12,192,0.495,0.5,from_t0,decode_and_integrate,reference,1.38066144678,1.3516457512634998,1.41228790164,0.0,1.283980005,,0.744,0.008,0.0,1000
ks100,patch,ks100_patch_P16_b12,16,12,192,0.99,0.1,future,decode_and_integrate,reference,0.22679141562,0.22156539174,0.23183723177999996,0.0,0.18020772,,0.0,0.0,0.0,1000
ks100,patch,ks100_patch_P16_b12,16,12,192,0.99,0.1,from_t0,decode_and_integrate,reference,0.20282378886,0.19597589549999997,0.20949147449999997,0.0,0.18020772,,0.0,0.0,0.0,1000
ks100,patch,ks100_patch_P16_b12,16,12,192,0.99,0.3,future,decode_and_integrate,reference,0.9050932736999998,0.88509021678,0.9265402449764999,0.0,0.81093474,,0.266,0.0,0.0,1000
ks100,patch,ks100_patch_P16_b12,16,12,192,0.99,0.3,from_t0,decode_and_integrate,reference,0.9050932736999998,0.88509021678,0.9265402449764999,0.0,0.81093474,,0.266,0.0,0.0,1000
ks100,patch,ks100_patch_P16_b12,16,12,192,0.99,0.5,future,decode_and_integrate,reference,1.4032775156400001,1.374255062334,1.434822877026,0.0,1.3515579,,0.745,0.008,0.0,1000
ks100,patch,ks100_patch_P16_b12,16,12,192,0.99,0.5,from_t0,decode_and_integrate,reference,1.4032775156400001,1.374255062334,1.434822877026,0.0,1.3515579,,0.745,0.008,0.0,1000
ks100,patch,ks100_patch_P16_b14,16,14,224,0.2,0.1,future,bound,bound,25.5703058484,25.244012968230003,25.863418049729994,0.901,27.0,0.0,0.997,0.981,0.96,1000
ks100,patch,ks100_patch_P16_b14,16,14,224,0.2,0.1,from_t0,bound,bound,25.5703058484,25.244012968230003,25.863418049729994,0.901,27.0,0.0,0.997,0.981,0.96,1000
ks100,patch,ks100_patch_P16_b14,16,14,224,0.2,0.3,future,bound,bound,27.0,27.0,27.0,1.0,27.0,0.0,1.0,1.0,1.0,1000
ks100,patch,ks100_patch_P16_b14,16,14,224,0.2,0.3,from_t0,bound,bound,27.0,27.0,27.0,1.0,27.0,0.0,1.0,1.0,1.0,1000
ks100,patch,ks100_patch_P16_b14,16,14,224,0.2,0.5,future,bound,bound,27.0,27.0,27.0,1.0,27.0,0.0,1.0,1.0,1.0,1000
ks100,patch,ks100_patch_P16_b14,16,14,224,0.2,0.5,from_t0,bound,bound,27.0,27.0,27.0,1.0,27.0,0.0,1.0,1.0,1.0,1000
ks100,patch,ks100_patch_P16_b14,16,14,224,0.495,0.1,future,bound,bound,26.20859172642,25.974414080181003,26.42781825456075,0.943,27.0,0.0,1.0,0.991,0.98,1000
ks100,patch,ks100_patch_P16_b14,16,14,224,0.495,0.1,from_t0,bound,bound,26.20859172642,25.974414080181003,26.42781825456075,0.943,27.0,0.0,1.0,0.991,0.98,1000
ks100,patch,ks100_patch_P16_b14,16,14,224,0.495,0.3,future,bound,bound,27.0,27.0,27.0,1.0,27.0,0.0,1.0,1.0,1.0,1000
ks100,patch,ks100_patch_P16_b14,16,14,224,0.495,0.3,from_t0,bound,bound,27.0,27.0,27.0,1.0,27.0,0.0,1.0,1.0,1.0,1000
ks100,patch,ks100_patch_P16_b14,16,14,224,0.495,0.5,future,bound,bound,27.0,27.0,27.0,1.0,27.0,0.0,1.0,1.0,1.0,1000
ks100,patch,ks100_patch_P16_b14,16,14,224,0.495,0.5,from_t0,bound,bound,27.0,27.0,27.0,1.0,27.0,0.0,1.0,1.0,1.0,1000
ks100,patch,ks100_patch_P16_b14,16,14,224,0.99,0.1,future,bound,bound,26.449179969779998,26.250545659045496,26.6383662581025,0.96,27.0,0.0,1.0,0.993,0.986,1000
ks100,patch,ks100_patch_P16_b14,16,14,224,0.99,0.1,from_t0,bound,bound,26.449179969779998,26.250545659045496,26.6383662581025,0.96,27.0,0.0,1.0,0.993,0.986,1000
ks100,patch,ks100_patch_P16_b14,16,14,224,0.99,0.3,future,bound,bound,27.0,27.0,27.0,1.0,27.0,0.0,1.0,1.0,1.0,1000
ks100,patch,ks100_patch_P16_b14,16,14,224,0.99,0.3,from_t0,bound,bound,27.0,27.0,27.0,1.0,27.0,0.0,1.0,1.0,1.0,1000
ks100,patch,ks100_patch_P16_b14,16,14,224,0.99,0.5,future,bound,bound,27.0,27.0,27.0,1.0,27.0,0.0,1.0,1.0,1.0,1000
ks100,patch,ks100_patch_P16_b14,16,14,224,0.99,0.5,from_t0,bound,bound,27.0,27.0,27.0,1.0,27.0,0.0,1.0,1.0,1.0,1000
ks100,patch,ks100_patch_P16_b14,16,14,224,0.2,0.1,future,persistence,reference,0.0375523764,0.03702449520000001,0.0380984604,0.0,0.0364056,,0.0,0.0,0.0,1000
ks100,patch,ks100_patch_P16_b14,16,14,224,0.2,0.1,from_t0,persistence,reference,0.0375523764,0.03702449520000001,0.0380984604,0.0,0.0364056,,0.0,0.0,0.0,1000
ks100,patch,ks100_patch_P16_b14,16,14,224,0.2,0.3,future,persistence,reference,0.1211214312,0.11961059880000001,0.12259585799999999,0.0,0.1092168,,0.0,0.0,0.0,1000
ks100,patch,ks100_patch_P16_b14,16,14,224,0.2,0.3,from_t0,persistence,reference,0.1211214312,0.11961059880000001,0.12259585799999999,0.0,0.1092168,,0.0,0.0,0.0,1000
ks100,patch,ks100_patch_P16_b14,16,14,224,0.2,0.5,future,persistence,reference,0.2049089196,0.20241468093,0.20749417226999997,0.0,0.2002308,,0.0,0.0,0.0,1000
ks100,patch,ks100_patch_P16_b14,16,14,224,0.2,0.5,from_t0,persistence,reference,0.2049089196,0.20241468093,0.20749417226999997,0.0,0.2002308,,0.0,0.0,0.0,1000
ks100,patch,ks100_patch_P16_b14,16,14,224,0.495,0.1,future,persistence,reference,0.04631338404,0.04586286474,0.04680895527,0.0,0.04505193,,0.0,0.0,0.0,1000
ks100,patch,ks100_patch_P16_b14,16,14,224,0.495,0.1,from_t0,persistence,reference,0.04631338404,0.04586286474,0.04680895527,0.0,0.04505193,,0.0,0.0,0.0,1000
ks100,patch,ks100_patch_P16_b14,16,14,224,0.495,0.3,future,persistence,reference,0.13502063421000002,0.13339763843174998,0.13668755562,0.0,0.13515579,,0.0,0.0,0.0,1000
ks100,patch,ks100_patch_P16_b14,16,14,224,0.495,0.3,from_t0,persistence,reference,0.13502063421000002,0.13339763843174998,0.13668755562,0.0,0.13515579,,0.0,0.0,0.0,1000
ks100,patch,ks100_patch_P16_b14,16,14,224,0.495,0.5,future,persistence,reference,0.21872712014999995,0.21611410821,0.22129508015999994,0.0,0.22525964999999998,,0.0,0.0,0.0,1000
ks100,patch,ks100_patch_P16_b14,16,14,224,0.495,0.5,from_t0,persistence,reference,0.21872712014999995,0.21611410821,0.22129508015999994,0.0,0.22525964999999998,,0.0,0.0,0.0,1000
ks100,patch,ks100_patch_P16_b14,16,14,224,0.99,0.1,future,persistence,reference,0.09010386,0.09010386,0.09010386,0.0,0.09010386,,0.0,0.0,0.0,1000
ks100,patch,ks100_patch_P16_b14,16,14,224,0.99,0.1,from_t0,persistence,reference,0.09010386,0.09010386,0.09010386,0.0,0.09010386,,0.0,0.0,0.0,1000
ks100,patch,ks100_patch_P16_b14,16,14,224,0.99,0.3,future,persistence,reference,0.16633172556,0.16416923292,0.16858432205999999,0.0,0.18020772,,0.0,0.0,0.0,1000
ks100,patch,ks100_patch_P16_b14,16,14,224,0.99,0.3,from_t0,persistence,reference,0.16633172556,0.16416923292,0.16858432205999999,0.0,0.18020772,,0.0,0.0,0.0,1000
ks100,patch,ks100_patch_P16_b14,16,14,224,0.99,0.5,future,persistence,reference,0.24003668304,0.23670284022,0.24319031814,0.0,0.27031158,,0.0,0.0,0.0,1000
ks100,patch,ks100_patch_P16_b14,16,14,224,0.99,0.5,from_t0,persistence,reference,0.24003668304,0.23670284022,0.24319031814,0.0,0.27031158,,0.0,0.0,0.0,1000
ks100,patch,ks100_patch_P16_b14,16,14,224,0.2,0.1,future,decode_and_integrate,reference,0.3275047776,0.31995016052999997,0.33526190082,0.0,0.3094476,,0.003,0.0,0.0,1000
ks100,patch,ks100_patch_P16_b14,16,14,224,0.2,0.1,from_t0,decode_and_integrate,reference,0.3275047776,0.31995016052999997,0.33526190082,0.0,0.3094476,,0.003,0.0,0.0,1000
ks100,patch,ks100_patch_P16_b14,16,14,224,0.2,0.3,future,decode_and_integrate,reference,1.1604285,1.13485220079,1.18757615592,0.0,1.0739652,,0.57,0.001,0.0,1000
ks100,patch,ks100_patch_P16_b14,16,14,224,0.2,0.3,from_t0,decode_and_integrate,reference,1.1604285,1.13485220079,1.18757615592,0.0,1.0739652,,0.57,0.001,0.0,1000
ks100,patch,ks100_patch_P16_b14,16,14,224,0.2,0.5,future,decode_and_integrate,reference,1.6665027456000001,1.6329686373,1.7028769457700001,0.0,1.6018464,,0.895,0.023,0.0,1000
ks100,patch,ks100_patch_P16_b14,16,14,224,0.2,0.5,from_t0,decode_and_integrate,reference,1.6665027456000001,1.6329686373,1.7028769457700001,0.0,1.6018464,,0.895,0.023,0.0,1000
ks100,patch,ks100_patch_P16_b14,16,14,224,0.495,0.1,future,decode_and_integrate,reference,0.34131342167999995,0.33365459358,0.34919750942999994,0.0,0.31536350999999996,,0.003,0.0,0.0,1000
ks100,patch,ks100_patch_P16_b14,16,14,224,0.495,0.1,from_t0,decode_and_integrate,reference,0.34131342167999995,0.33365459358,0.34919750942999994,0.0,0.31536350999999996,,0.003,0.0,0.0,1000
ks100,patch,ks100_patch_P16_b14,16,14,224,0.495,0.3,future,decode_and_integrate,reference,1.17373793229,1.14783307254,1.2006429448859999,0.0,1.08124632,,0.565,0.001,0.0,1000
ks100,patch,ks100_patch_P16_b14,16,14,224,0.495,0.3,from_t0,decode_and_integrate,reference,1.17373793229,1.14783307254,1.2006429448859999,0.0,1.08124632,,0.565,0.001,0.0,1000
ks100,patch,ks100_patch_P16_b14,16,14,224,0.495,0.5,future,decode_and_integrate,reference,1.68120287181,1.6470501299752498,1.7171723327219999,0.0,1.62186948,,0.892,0.023,0.0,1000
ks100,patch,ks100_patch_P16_b14,16,14,224,0.495,0.5,from_t0,decode_and_integrate,reference,1.68120287181,1.6470501299752498,1.7171723327219999,0.0,1.62186948,,0.892,0.023,0.0,1000
ks100,patch,ks100_patch_P16_b14,16,14,224,0.99,0.1,future,decode_and_integrate,reference,0.36365917895999994,0.3559079944034999,0.37158831863999997,0.0,0.36041544,,0.003,0.0,0.0,1000
ks100,patch,ks100_patch_P16_b14,16,14,224,0.99,0.1,from_t0,decode_and_integrate,reference,0.36365917895999994,0.3559079944034999,0.37158831863999997,0.0,0.36041544,,0.003,0.0,0.0,1000
ks100,patch,ks100_patch_P16_b14,16,14,224,0.99,0.3,future,decode_and_integrate,reference,1.19675946852,1.171165467087,1.223168909886,0.0,1.08124632,,0.566,0.001,0.0,1000
ks100,patch,ks100_patch_P16_b14,16,14,224,0.99,0.3,from_t0,decode_and_integrate,reference,1.19675946852,1.171165467087,1.223168909886,0.0,1.08124632,,0.566,0.001,0.0,1000
ks100,patch,ks100_patch_P16_b14,16,14,224,0.99,0.5,future,decode_and_integrate,reference,1.70737804314,1.673584590447,1.7436043000529997,0.0,1.62186948,,0.894,0.024,0.0,1000
ks100,patch,ks100_patch_P16_b14,16,14,224,0.99,0.5,from_t0,decode_and_integrate,reference,1.70737804314,1.673584590447,1.7436043000529997,0.0,1.62186948,,0.894,0.024,0.0,1000
ks100,patch,ks100_patch_P16_b16,16,16,256,0.2,0.1,future,bound,bound,26.974802077200003,26.8992083088,27.0,0.999,27.0,0.0,1.0,0.999,0.999,1000
ks100,patch,ks100_patch_P16_b16,16,16,256,0.2,0.1,from_t0,bound,bound,26.974802077200003,26.8992083088,27.0,0.999,27.0,0.0,1.0,0.999,0.999,1000
ks100,patch,ks100_patch_P16_b16,16,16,256,0.2,0.3,future,bound,bound,27.0,27.0,27.0,1.0,27.0,0.0,1.0,1.0,1.0,1000
ks100,patch,ks100_patch_P16_b16,16,16,256,0.2,0.3,from_t0,bound,bound,27.0,27.0,27.0,1.0,27.0,0.0,1.0,1.0,1.0,1000
ks100,patch,ks100_patch_P16_b16,16,16,256,0.2,0.5,future,bound,bound,27.0,27.0,27.0,1.0,27.0,0.0,1.0,1.0,1.0,1000
ks100,patch,ks100_patch_P16_b16,16,16,256,0.2,0.5,from_t0,bound,bound,27.0,27.0,27.0,1.0,27.0,0.0,1.0,1.0,1.0,1000
ks100,patch,ks100_patch_P16_b16,16,16,256,0.495,0.1,future,bound,bound,26.974802077200003,26.8992083088,27.0,0.999,27.0,0.0,1.0,0.999,0.999,1000
ks100,patch,ks100_patch_P16_b16,16,16,256,0.495,0.1,from_t0,bound,bound,26.974802077200003,26.8992083088,27.0,0.999,27.0,0.0,1.0,0.999,0.999,1000
ks100,patch,ks100_patch_P16_b16,16,16,256,0.495,0.3,future,bound,bound,27.0,27.0,27.0,1.0,27.0,0.0,1.0,1.0,1.0,1000
ks100,patch,ks100_patch_P16_b16,16,16,256,0.495,0.3,from_t0,bound,bound,27.0,27.0,27.0,1.0,27.0,0.0,1.0,1.0,1.0,1000
ks100,patch,ks100_patch_P16_b16,16,16,256,0.495,0.5,future,bound,bound,27.0,27.0,27.0,1.0,27.0,0.0,1.0,1.0,1.0,1000
ks100,patch,ks100_patch_P16_b16,16,16,256,0.495,0.5,from_t0,bound,bound,27.0,27.0,27.0,1.0,27.0,0.0,1.0,1.0,1.0,1000
ks100,patch,ks100_patch_P16_b16,16,16,256,0.99,0.1,future,bound,bound,26.974802077200003,26.8992083088,27.0,0.999,27.0,0.0,1.0,0.999,0.999,1000
ks100,patch,ks100_patch_P16_b16,16,16,256,0.99,0.1,from_t0,bound,bound,26.974802077200003,26.8992083088,27.0,0.999,27.0,0.0,1.0,0.999,0.999,1000
ks100,patch,ks100_patch_P16_b16,16,16,256,0.99,0.3,future,bound,bound,27.0,27.0,27.0,1.0,27.0,0.0,1.0,1.0,1.0,1000
ks100,patch,ks100_patch_P16_b16,16,16,256,0.99,0.3,from_t0,bound,bound,27.0,27.0,27.0,1.0,27.0,0.0,1.0,1.0,1.0,1000
ks100,patch,ks100_patch_P16_b16,16,16,256,0.99,0.5,future,bound,bound,27.0,27.0,27.0,1.0,27.0,0.0,1.0,1.0,1.0,1000
ks100,patch,ks100_patch_P16_b16,16,16,256,0.99,0.5,from_t0,bound,bound,27.0,27.0,27.0,1.0,27.0,0.0,1.0,1.0,1.0,1000
ks100,patch,ks100_patch_P16_b16,16,16,256,0.2,0.1,future,persistence,reference,0.04159339800000001,0.04102865613,0.042139937069999994,0.0,0.0364056,,0.0,0.0,0.0,1000
ks100,patch,ks100_patch_P16_b16,16,16,256,0.2,0.1,from_t0,persistence,reference,0.04159339800000001,0.04102865613,0.042139937069999994,0.0,0.0364056,,0.0,0.0,0.0,1000
ks100,patch,ks100_patch_P16_b16,16,16,256,0.2,0.3,future,persistence,reference,0.12212258520000001,0.120684564,0.12365162040000001,0.0,0.1274196,,0.0,0.0,0.0,1000
ks100,patch,ks100_patch_P16_b16,16,16,256,0.2,0.3,from_t0,persistence,reference,0.12212258520000001,0.120684564,0.12365162040000001,0.0,0.1274196,,0.0,0.0,0.0,1000
ks100,patch,ks100_patch_P16_b16,16,16,256,0.2,0.5,future,persistence,reference,0.20516375879999998,0.20265086225999998,0.20769440307,0.0,0.2002308,,0.0,0.0,0.0,1000
ks100,patch,ks100_patch_P16_b16,16,16,256,0.2,0.5,from_t0,persistence,reference,0.20516375879999998,0.20265086225999998,0.20769440307,0.0,0.2002308,,0.0,0.0,0.0,1000
ks100,patch,ks100_patch_P16_b16,16,16,256,0.495,0.1,future,persistence,reference,0.047980305449999996,0.04730452649999999,0.04870113633,0.0,0.04505193,,0.0,0.0,0.0,1000
ks100,patch,ks100_patch_P16_b16,16,16,256,0.495,0.1,from_t0,persistence,reference,0.047980305449999996,0.04730452649999999,0.04870113633,0.0,0.04505193,,0.0,0.0,0.0,1000
ks100,patch,ks100_patch_P16_b16,16,16,256,0.495,0.3,future,persistence,reference,0.13659745176000002,0.13497445598175,0.13826437317,0.0,0.13515579,,0.0,0.0,0.0,1000
ks100,patch,ks100_patch_P16_b16,16,16,256,0.495,0.3,from_t0,persistence,reference,0.13659745176000002,0.13497445598175,0.13826437317,0.0,0.13515579,,0.0,0.0,0.0,1000
ks100,patch,ks100_patch_P16_b16,16,16,256,0.495,0.5,future,persistence,reference,0.21940289909999997,0.21683493908999998,0.22197085910999995,0.0,0.22525964999999998,,0.0,0.0,0.0,1000
ks100,patch,ks100_patch_P16_b16,16,16,256,0.495,0.5,from_t0,persistence,reference,0.21940289909999997,0.21683493908999998,0.22197085910999995,0.0,0.22525964999999998,,0.0,0.0,0.0,1000
ks100,patch,ks100_patch_P16_b16,16,16,256,0.99,0.1,future,persistence,reference,0.09010386,0.09010386,0.09010386,0.0,0.09010386,,0.0,0.0,0.0,1000
ks100,patch,ks100_patch_P16_b16,16,16,256,0.99,0.1,from_t0,persistence,reference,0.09010386,0.09010386,0.09010386,0.0,0.09010386,,0.0,0.0,0.0,1000
ks100,patch,ks100_patch_P16_b16,16,16,256,0.99,0.3,future,persistence,reference,0.16768328345999997,0.16561089468,0.16975567224,0.0,0.18020772,,0.0,0.0,0.0,1000
ks100,patch,ks100_patch_P16_b16,16,16,256,0.99,0.3,from_t0,persistence,reference,0.16768328345999997,0.16561089468,0.16975567224,0.0,0.18020772,,0.0,0.0,0.0,1000
ks100,patch,ks100_patch_P16_b16,16,16,256,0.99,0.5,future,persistence,reference,0.24138824093999997,0.23814450197999998,0.24454187603999997,0.0,0.27031158,,0.0,0.0,0.0,1000
ks100,patch,ks100_patch_P16_b16,16,16,256,0.99,0.5,from_t0,persistence,reference,0.24138824093999997,0.23814450197999998,0.24454187603999997,0.0,0.27031158,,0.0,0.0,0.0,1000
ks100,patch,ks100_patch_P16_b16,16,16,256,0.2,0.1,future,decode_and_integrate,reference,0.4837030044,0.47185025118,0.49641538485,0.0,0.4368672,,0.027,0.0,0.0,1000
ks100,patch,ks100_patch_P16_b16,16,16,256,0.2,0.1,from_t0,decode_and_integrate,reference,0.4837030044,0.47185025118,0.49641538485,0.0,0.4368672,,0.027,0.0,0.0,1000
ks100,patch,ks100_patch_P16_b16,16,16,256,0.2,0.3,future,decode_and_integrate,reference,1.4530385099999998,1.42105345998,1.4886618446699997,0.0,1.3834128,,0.782,0.014,0.0,1000
ks100,patch,ks100_patch_P16_b16,16,16,256,0.2,0.3,from_t0,decode_and_integrate,reference,1.4530385099999998,1.42105345998,1.4886618446699997,0.0,1.3834128,,0.782,0.014,0.0,1000
ks100,patch,ks100_patch_P16_b16,16,16,256,0.2,0.5,future,decode_and_integrate,reference,1.9696157712,1.92731064372,2.0130685852199997,0.0,1.8930912,,0.963,0.086,0.0,1000
ks100,patch,ks100_patch_P16_b16,16,16,256,0.2,0.5,from_t0,decode_and_integrate,reference,1.9696157712,1.92731064372,2.0130685852199997,0.0,1.8930912,,0.963,0.086,0.0,1000
ks100,patch,ks100_patch_P16_b16,16,16,256,0.495,0.1,future,decode_and_integrate,reference,0.49714804755,0.4855223970135,0.5097186623182499,0.0,0.45051929999999996,,0.027,0.0,0.0,1000
ks100,patch,ks100_patch_P16_b16,16,16,256,0.495,0.1,from_t0,decode_and_integrate,reference,0.49714804755,0.4855223970135,0.5097186623182499,0.0,0.45051929999999996,,0.027,0.0,0.0,1000
ks100,patch,ks100_patch_P16_b16,16,16,256,0.495,0.3,future,decode_and_integrate,reference,1.46585464641,1.4335963382317498,1.5013600724429998,0.0,1.39660983,,0.774,0.014,0.0,1000
ks100,patch,ks100_patch_P16_b16,16,16,256,0.495,0.3,from_t0,decode_and_integrate,reference,1.46585464641,1.4335963382317498,1.5013600724429998,0.0,1.39660983,,0.774,0.014,0.0,1000
ks100,patch,ks100_patch_P16_b16,16,16,256,0.495,0.5,future,decode_and_integrate,reference,1.98458256843,1.942454508687,2.02769839173825,0.0,1.89218106,,0.96,0.087,0.0,1000
ks100,patch,ks100_patch_P16_b16,16,16,256,0.495,0.5,from_t0,decode_and_integrate,reference,1.98458256843,1.942454508687,2.02769839173825,0.0,1.89218106,,0.96,0.087,0.0,1000
ks100,patch,ks100_patch_P16_b16,16,16,256,0.99,0.1,future,decode_and_integrate,reference,0.5193586490400001,0.5072824792034999,0.5323336048799999,0.0,0.45051929999999996,,0.027,0.0,0.0,1000
ks100,patch,ks100_patch_P16_b16,16,16,256,0.99,0.1,from_t0,decode_and_integrate,reference,0.5193586490400001,0.5072824792034999,0.5323336048799999,0.0,0.45051929999999996,,0.027,0.0,0.0,1000
ks100,patch,ks100_patch_P16_b16,16,16,256,0.99,0.3,future,decode_and_integrate,reference,1.49085846756,1.4592297601034998,1.5261814332764998,0.0,1.44166176,,0.775,0.014,0.0,1000
ks100,patch,ks100_patch_P16_b16,16,16,256,0.99,0.3,from_t0,decode_and_integrate,reference,1.49085846756,1.4592297601034998,1.5261814332764998,0.0,1.44166176,,0.775,0.014,0.0,1000
ks100,patch,ks100_patch_P16_b16,16,16,256,0.99,0.5,future,decode_and_integrate,reference,2.00904576642,1.9665144919035,2.0522077679565,0.0,1.89218106,,0.96,0.087,0.0,1000
ks100,patch,ks100_patch_P16_b16,16,16,256,0.99,0.5,from_t0,decode_and_integrate,reference,2.00904576642,1.9665144919035,2.0522077679565,0.0,1.89218106,,0.96,0.087,0.0,1000
ks100,patch,ks100_patch_P16_b8,16,8,128,0.2,0.1,future,bound,bound,0.018202800000000005,0.018202800000000005,0.018202800000000005,0.0,0.0182028,1.0,0.0,0.0,0.0,1000
ks100,patch,ks100_patch_P16_b8,16,8,128,0.2,0.1,from_t0,bound,bound,0.0,0.0,0.0,0.0,0.0,1.0,0.0,0.0,0.0,1000
ks100,patch,ks100_patch_P16_b8,16,8,128,0.2,0.3,future,bound,bound,27.0,27.0,27.0,1.0,27.0,0.0,1.0,1.0,1.0,1000
ks100,patch,ks100_patch_P16_b8,16,8,128,0.2,0.3,from_t0,bound,bound,27.0,27.0,27.0,1.0,27.0,0.0,1.0,1.0,1.0,1000
ks100,patch,ks100_patch_P16_b8,16,8,128,0.2,0.5,future,bound,bound,27.0,27.0,27.0,1.0,27.0,0.0,1.0,1.0,1.0,1000
ks100,patch,ks100_patch_P16_b8,16,8,128,0.2,0.5,from_t0,bound,bound,27.0,27.0,27.0,1.0,27.0,0.0,1.0,1.0,1.0,1000
ks100,patch,ks100_patch_P16_b8,16,8,128,0.495,0.1,future,bound,bound,0.04505193,0.04505193,0.04505193,0.0,0.04505193,1.0,0.0,0.0,0.0,1000
ks100,patch,ks100_patch_P16_b8,16,8,128,0.495,0.1,from_t0,bound,bound,0.0,0.0,0.0,0.0,0.0,1.0,0.0,0.0,0.0,1000
ks100,patch,ks100_patch_P16_b8,16,8,128,0.495,0.3,future,bound,bound,27.0,27.0,27.0,1.0,27.0,0.0,1.0,1.0,1.0,1000
ks100,patch,ks100_patch_P16_b8,16,8,128,0.495,0.3,from_t0,bound,bound,27.0,27.0,27.0,1.0,27.0,0.0,1.0,1.0,1.0,1000
ks100,patch,ks100_patch_P16_b8,16,8,128,0.495,0.5,future,bound,bound,27.0,27.0,27.0,1.0,27.0,0.0,1.0,1.0,1.0,1000
ks100,patch,ks100_patch_P16_b8,16,8,128,0.495,0.5,from_t0,bound,bound,27.0,27.0,27.0,1.0,27.0,0.0,1.0,1.0,1.0,1000
ks100,patch,ks100_patch_P16_b8,16,8,128,0.99,0.1,future,bound,bound,0.09010386,0.09010386,0.09010386,0.0,0.09010386,1.0,0.0,0.0,0.0,1000
ks100,patch,ks100_patch_P16_b8,16,8,128,0.99,0.1,from_t0,bound,bound,0.0,0.0,0.0,0.0,0.0,1.0,0.0,0.0,0.0,1000
ks100,patch,ks100_patch_P16_b8,16,8,128,0.99,0.3,future,bound,bound,27.0,27.0,27.0,1.0,27.0,0.0,1.0,1.0,1.0,1000
ks100,patch,ks100_patch_P16_b8,16,8,128,0.99,0.3,from_t0,bound,bound,27.0,27.0,27.0,1.0,27.0,0.0,1.0,1.0,1.0,1000
ks100,patch,ks100_patch_P16_b8,16,8,128,0.99,0.5,future,bound,bound,27.0,27.0,27.0,1.0,27.0,0.0,1.0,1.0,1.0,1000
ks100,patch,ks100_patch_P16_b8,16,8,128,0.99,0.5,from_t0,bound,bound,27.0,27.0,27.0,1.0,27.0,0.0,1.0,1.0,1.0,1000
ks100,patch,ks100_patch_P16_b8,16,8,128,0.2,0.1,future,persistence,reference,0.018202800000000005,0.018202800000000005,0.018202800000000005,0.0,0.0182028,,0.0,0.0,0.0,1000
ks100,patch,ks100_patch_P16_b8,16,8,128,0.2,0.1,from_t0,persistence,reference,0.0,0.0,0.0,0.0,0.0,,0.0,0.0,0.0,1000
ks100,patch,ks100_patch_P16_b8,16,8,128,0.2,0.3,future,persistence,reference,0.10552163160000001,0.10404674973,0.10699605840000001,0.0,0.1092168,,0.0,0.0,0.0,1000
ks100,patch,ks100_patch_P16_b8,16,8,128,0.2,0.3,from_t0,persistence,reference,0.10552163160000001,0.10404674973,0.10699605840000001,0.0,0.1092168,,0.0,0.0,0.0,1000
ks100,patch,ks100_patch_P16_b8,16,8,128,0.2,0.5,future,persistence,reference,0.1976642052,0.19504254693,0.20030406627,0.0,0.2002308,,0.0,0.0,0.0,1000
ks100,patch,ks100_patch_P16_b8,16,8,128,0.2,0.5,from_t0,persistence,reference,0.1976642052,0.19504254693,0.20030406627,0.0,0.2002308,,0.0,0.0,0.0,1000
ks100,patch,ks100_patch_P16_b8,16,8,128,0.495,0.1,future,persistence,reference,0.04505193,0.04505193,0.04505193,0.0,0.04505193,,0.0,0.0,0.0,1000
ks100,patch,ks100_patch_P16_b8,16,8,128,0.495,0.1,from_t0,persistence,reference,0.0,0.0,0.0,0.0,0.0,,0.0,0.0,0.0,1000
ks100,patch,ks100_patch_P16_b8,16,8,128,0.495,0.3,future,persistence,reference,0.11835142011,0.11663944676999999,0.12006339344999999,0.0,0.13515579,,0.0,0.0,0.0,1000
ks100,patch,ks100_patch_P16_b8,16,8,128,0.495,0.3,from_t0,persistence,reference,0.11835142011,0.11663944676999999,0.12006339344999999,0.0,0.13515579,,0.0,0.0,0.0,1000
ks100,patch,ks100_patch_P16_b8,16,8,128,0.495,0.5,future,persistence,reference,0.21133860362999995,0.20863436153174994,0.21404171942999994,0.0,0.22525964999999998,,0.0,0.0,0.0,1000
ks100,patch,ks100_patch_P16_b8,16,8,128,0.495,0.5,from_t0,persistence,reference,0.21133860362999995,0.20863436153174994,0.21404171942999994,0.0,0.22525964999999998,,0.0,0.0,0.0,1000
ks100,patch,ks100_patch_P16_b8,16,8,128,0.99,0.1,future,persistence,reference,0.09010386,0.09010386,0.09010386,0.0,0.09010386,,0.0,0.0,0.0,1000
ks100,patch,ks100_patch_P16_b8,16,8,128,0.99,0.1,from_t0,persistence,reference,0.0,0.0,0.0,0.0,0.0,,0.0,0.0,0.0,1000
ks100,patch,ks100_patch_P16_b8,16,8,128,0.99,0.3,future,persistence,reference,0.14065212546,0.13794675706350001,0.14344534512,0.0,0.18020772,,0.0,0.0,0.0,1000
ks100,patch,ks100_patch_P16_b8,16,8,128,0.99,0.3,from_t0,persistence,reference,0.14065212546,0.13794675706350001,0.14344534512,0.0,0.18020772,,0.0,0.0,0.0,1000
ks100,patch,ks100_patch_P16_b8,16,8,128,0.99,0.5,future,persistence,reference,0.23156692019999997,0.2284132851,0.23481291175649996,0.0,0.27031158,,0.0,0.0,0.0,1000
ks100,patch,ks100_patch_P16_b8,16,8,128,0.99,0.5,from_t0,persistence,reference,0.23156692019999997,0.2284132851,0.23481291175649996,0.0,0.27031158,,0.0,0.0,0.0,1000
ks100,patch,ks100_patch_P16_b8,16,8,128,0.2,0.1,future,decode_and_integrate,reference,0.018202800000000005,0.018202800000000005,0.018202800000000005,0.0,0.0182028,,0.0,0.0,0.0,1000
ks100,patch,ks100_patch_P16_b8,16,8,128,0.2,0.1,from_t0,decode_and_integrate,reference,0.0,0.0,0.0,0.0,0.0,,0.0,0.0,0.0,1000
ks100,patch,ks100_patch_P16_b8,16,8,128,0.2,0.3,future,decode_and_integrate,reference,0.3628546152,0.35400714426,0.37216125177,0.0,0.3276504,,0.011,0.0,0.0,1000
ks100,patch,ks100_patch_P16_b8,16,8,128,0.2,0.3,from_t0,decode_and_integrate,reference,0.3628546152,0.35400714426,0.37216125177,0.0,0.3276504,,0.011,0.0,0.0,1000
ks100,patch,ks100_patch_P16_b8,16,8,128,0.2,0.5,future,decode_and_integrate,reference,0.7264919508000001,0.7083956371800001,0.74502285627,0.0,0.6553008,,0.151,0.0,0.0,1000
ks100,patch,ks100_patch_P16_b8,16,8,128,0.2,0.5,from_t0,decode_and_integrate,reference,0.7264919508000001,0.7083956371800001,0.74502285627,0.0,0.6553008,,0.151,0.0,0.0,1000
ks100,patch,ks100_patch_P16_b8,16,8,128,0.495,0.1,future,decode_and_integrate,reference,0.04536729351,0.04505193,0.045998020529999996,0.0,0.04505193,,0.0,0.0,0.0,1000
ks100,patch,ks100_patch_P16_b8,16,8,128,0.495,0.1,from_t0,decode_and_integrate,reference,0.0,0.0,0.0,0.0,0.0,,0.0,0.0,0.0,1000
ks100,patch,ks100_patch_P16_b8,16,8,128,0.495,0.3,future,decode_and_integrate,reference,0.37627371936,0.3674885930099999,0.38582585481825,0.0,0.36041544,,0.011,0.0,0.0,1000
ks100,patch,ks100_patch_P16_b8,16,8,128,0.495,0.3,from_t0,decode_and_integrate,reference,0.37627371936,0.3674885930099999,0.38582585481825,0.0,0.36041544,,0.011,0.0,0.0,1000
ks100,patch,ks100_patch_P16_b8,16,8,128,0.495,0.5,future,decode_and_integrate,reference,0.7403383656899999,0.72209120774175,0.7591261467982499,0.0,0.67577895,,0.147,0.0,0.0,1000
ks100,patch,ks100_patch_P16_b8,16,8,128,0.495,0.5,from_t0,decode_and_integrate,reference,0.7403383656899999,0.72209120774175,0.7591261467982499,0.0,0.67577895,,0.147,0.0,0.0,1000
ks100,patch,ks100_patch_P16_b8,16,8,128,0.99,0.1,future,decode_and_integrate,reference,0.09037417158,0.09010386,0.09091479473999999,0.0,0.09010386,,0.0,0.0,0.0,1000
ks100,patch,ks100_patch_P16_b8,16,8,128,0.99,0.1,from_t0,decode_and_integrate,reference,0.0,0.0,0.0,0.0,0.0,,0.0,0.0,0.0,1000
ks100,patch,ks100_patch_P16_b8,16,8,128,0.99,0.3,future,decode_and_integrate,reference,0.3984392689199999,0.38951673418349986,0.4081727383964999,0.0,0.36041544,,0.011,0.0,0.0,1000
ks100,patch,ks100_patch_P16_b8,16,8,128,0.99,0.3,from_t0,decode_and_integrate,reference,0.3984392689199999,0.38951673418349986,0.4081727383964999,0.0,0.36041544,,0.011,0.0,0.0,1000
ks100,patch,ks100_patch_P16_b8,16,8,128,0.99,0.5,future,decode_and_integrate,reference,0.7637203173599999,0.7451521644105,0.7826466331529999,0.0,0.72083088,,0.147,0.0,0.0,1000
ks100,patch,ks100_patch_P16_b8,16,8,128,0.99,0.5,from_t0,decode_and_integrate,reference,0.7637203173599999,0.7451521644105,0.7826466331529999,0.0,0.72083088,,0.147,0.0,0.0,1000
ks100,patch,ks100_patch_P32_b10,32,10,320,0.2,0.1,future,bound,bound,26.425117532399998,26.20991727504,26.62629229053,0.965,27.0,0.0,0.999,0.993,0.982,1000
ks100,patch,ks100_patch_P32_b10,32,10,320,0.2,0.1,from_t0,bound,bound,26.425117532399998,26.20991727504,26.62629229053,0.965,27.0,0.0,0.999,0.993,0.982,1000
ks100,patch,ks100_patch_P32_b10,32,10,320,0.2,0.3,future,bound,bound,27.0,27.0,27.0,1.0,27.0,0.0,1.0,1.0,1.0,1000
ks100,patch,ks100_patch_P32_b10,32,10,320,0.2,0.3,from_t0,bound,bound,27.0,27.0,27.0,1.0,27.0,0.0,1.0,1.0,1.0,1000
ks100,patch,ks100_patch_P32_b10,32,10,320,0.2,0.5,future,bound,bound,27.0,27.0,27.0,1.0,27.0,0.0,1.0,1.0,1.0,1000
ks100,patch,ks100_patch_P32_b10,32,10,320,0.2,0.5,from_t0,bound,bound,27.0,27.0,27.0,1.0,27.0,0.0,1.0,1.0,1.0,1000
ks100,patch,ks100_patch_P32_b10,32,10,320,0.495,0.1,future,bound,bound,26.498349302850002,26.294063992953753,26.685892167012,0.971,27.0,0.0,0.999,0.995,0.984,1000
ks100,patch,ks100_patch_P32_b10,32,10,320,0.495,0.1,from_t0,bound,bound,26.498349302850002,26.294063992953753,26.685892167012,0.971,27.0,0.0,0.999,0.995,0.984,1000
ks100,patch,ks100_patch_P32_b10,32,10,320,0.495,0.3,future,bound,bound,27.0,27.0,27.0,1.0,27.0,0.0,1.0,1.0,1.0,1000
ks100,patch,ks100_patch_P32_b10,32,10,320,0.495,0.3,from_t0,bound,bound,27.0,27.0,27.0,1.0,27.0,0.0,1.0,1.0,1.0,1000
ks100,patch,ks100_patch_P32_b10,32,10,320,0.495,0.5,future,bound,bound,27.0,27.0,27.0,1.0,27.0,0.0,1.0,1.0,1.0,1000
ks100,patch,ks100_patch_P32_b10,32,10,320,0.495,0.5,from_t0,bound,bound,27.0,27.0,27.0,1.0,27.0,0.0,1.0,1.0,1.0,1000
ks100,patch,ks100_patch_P32_b10,32,10,320,0.99,0.1,future,bound,bound,26.66414418876,26.4942106281405,26.815395955562998,0.981,27.0,0.0,0.999,0.996,0.989,1000
ks100,patch,ks100_patch_P32_b10,32,10,320,0.99,0.1,from_t0,bound,bound,26.66414418876,26.4942106281405,26.815395955562998,0.981,27.0,0.0,0.999,0.996,0.989,1000
ks100,patch,ks100_patch_P32_b10,32,10,320,0.99,0.3,future,bound,bound,27.0,27.0,27.0,1.0,27.0,0.0,1.0,1.0,1.0,1000
ks100,patch,ks100_patch_P32_b10,32,10,320,0.99,0.3,from_t0,bound,bound,27.0,27.0,27.0,1.0,27.0,0.0,1.0,1.0,1.0,1000
ks100,patch,ks100_patch_P32_b10,32,10,320,0.99,0.5,future,bound,bound,27.0,27.0,27.0,1.0,27.0,0.0,1.0,1.0,1.0,1000
ks100,patch,ks100_patch_P32_b10,32,10,320,0.99,0.5,from_t0,bound,bound,27.0,27.0,27.0,1.0,27.0,0.0,1.0,1.0,1.0,1000
ks100,patch,ks100_patch_P32_b10,32,10,320,0.2,0.1,future,persistence,reference,0.037880026799999994,0.03740675400000001,0.0383532996,0.0,0.0364056,,0.0,0.0,0.0,1000
ks100,patch,ks100_patch_P32_b10,32,10,320,0.2,0.1,from_t0,persistence,reference,0.037880026799999994,0.03740675400000001,0.0383532996,0.0,0.0364056,,0.0,0.0,0.0,1000
ks100,patch,ks100_patch_P32_b10,32,10,320,0.2,0.3,future,persistence,reference,0.12088479480000001,0.1193557596,0.1223410188,0.0,0.1092168,,0.0,0.0,0.0,1000
ks100,patch,ks100_patch_P32_b10,32,10,320,0.2,0.3,from_t0,persistence,reference,0.12088479480000001,0.1193557596,0.1223410188,0.0,0.1092168,,0.0,0.0,0.0,1000
ks100,patch,ks100_patch_P32_b10,32,10,320,0.2,0.5,future,persistence,reference,0.2050181364,0.20252389772999999,0.20749371719999998,0.0,0.2002308,,0.0,0.0,0.0,1000
ks100,patch,ks100_patch_P32_b10,32,10,320,0.2,0.5,from_t0,persistence,reference,0.2050181364,0.20252389772999999,0.20749371719999998,0.0,0.2002308,,0.0,0.0,0.0,1000
ks100,patch,ks100_patch_P32_b10,32,10,320,0.495,0.1,future,persistence,reference,0.0459529686,0.04559255315999999,0.04635843596999999,0.0,0.04505193,,0.0,0.0,0.0,1000
ks100,patch,ks100_patch_P32_b10,32,10,320,0.495,0.1,from_t0,persistence,reference,0.0459529686,0.04559255315999999,0.04635843596999999,0.0,0.04505193,,0.0,0.0,0.0,1000
ks100,patch,ks100_patch_P32_b10,32,10,320,0.495,0.3,future,persistence,reference,0.13420969946999997,0.13258782999,0.13587662088,0.0,0.13515579,,0.0,0.0,0.0,1000
ks100,patch,ks100_patch_P32_b10,32,10,320,0.495,0.3,from_t0,persistence,reference,0.13420969946999997,0.13258782999,0.13587662088,0.0,0.13515579,,0.0,0.0,0.0,1000
ks100,patch,ks100_patch_P32_b10,32,10,320,0.495,0.5,future,persistence,reference,0.21895237979999996,0.21638441978999998,0.22147528787999995,0.0,0.22525964999999998,,0.0,0.0,0.0,1000
ks100,patch,ks100_patch_P32_b10,32,10,320,0.495,0.5,from_t0,persistence,reference,0.21895237979999996,0.21638441978999998,0.22147528787999995,0.0,0.22525964999999998,,0.0,0.0,0.0,1000
ks100,patch,ks100_patch_P32_b10,32,10,320,0.99,0.1,future,persistence,reference,0.09010386,0.09010386,0.09010386,0.0,0.09010386,,0.0,0.0,0.0,1000
ks100,patch,ks100_patch_P32_b10,32,10,320,0.99,0.1,from_t0,persistence,reference,0.09010386,0.09010386,0.09010386,0.0,0.09010386,,0.0,0.0,0.0,1000
ks100,patch,ks100_patch_P32_b10,32,10,320,0.99,0.3,future,persistence,reference,0.16516037538,0.16290777888,0.16732286802,0.0,0.18020772,,0.0,0.0,0.0,1000
ks100,patch,ks100_patch_P32_b10,32,10,320,0.99,0.3,from_t0,persistence,reference,0.16516037538,0.16290777888,0.16732286802,0.0,0.18020772,,0.0,0.0,0.0,1000
ks100,patch,ks100_patch_P32_b10,32,10,320,0.99,0.5,future,persistence,reference,0.24066741005999998,0.23742367109999998,0.24373094129999998,0.0,0.27031158,,0.0,0.0,0.0,1000
ks100,patch,ks100_patch_P32_b10,32,10,320,0.99,0.5,from_t0,persistence,reference,0.24066741005999998,0.23742367109999998,0.24373094129999998,0.0,0.27031158,,0.0,0.0,0.0,1000
ks100,patch,ks100_patch_P32_b10,32,10,320,0.2,0.1,future,decode_and_integrate,reference,0.3917788644,0.38314800678000005,0.40091758014,0.0,0.364056,,0.01,0.0,0.0,1000
ks100,patch,ks100_patch_P32_b10,32,10,320,0.2,0.1,from_t0,decode_and_integrate,reference,0.3917788644,0.38314800678000005,0.40091758014,0.0,0.364056,,0.01,0.0,0.0,1000
ks100,patch,ks100_patch_P32_b10,32,10,320,0.2,0.3,future,decode_and_integrate,reference,1.2989700108000002,1.26951697026,1.32849631761,0.0,1.2013848,,0.694,0.004,0.0,1000
ks100,patch,ks100_patch_P32_b10,32,10,320,0.2,0.3,from_t0,decode_and_integrate,reference,1.2989700108000002,1.26951697026,1.32849631761,0.0,1.2013848,,0.694,0.004,0.0,1000
ks100,patch,ks100_patch_P32_b10,32,10,320,0.2,0.5,future,decode_and_integrate,reference,1.8199523495999999,1.7815239634500002,1.8614915942699999,0.0,1.729266,,0.931,0.044,0.0,1000
ks100,patch,ks100_patch_P32_b10,32,10,320,0.2,0.5,from_t0,decode_and_integrate,reference,1.8199523495999999,1.7815239634500002,1.8614915942699999,0.0,1.729266,,0.931,0.044,0.0,1000
ks100,patch,ks100_patch_P32_b10,32,10,320,0.495,0.1,future,decode_and_integrate,reference,0.40564757772,0.39686132507175,0.41483929773825,0.0,0.36041544,,0.009,0.0,0.0,1000
ks100,patch,ks100_patch_P32_b10,32,10,320,0.495,0.1,from_t0,decode_and_integrate,reference,0.40564757772,0.39686132507175,0.41483929773825,0.0,0.36041544,,0.009,0.0,0.0,1000
ks100,patch,ks100_patch_P32_b10,32,10,320,0.495,0.3,future,decode_and_integrate,reference,1.31222756511,1.28280865482,1.3418278094182499,0.0,1.21640211,,0.687,0.004,0.0,1000
ks100,patch,ks100_patch_P32_b10,32,10,320,0.495,0.3,from_t0,decode_and_integrate,reference,1.31222756511,1.28280865482,1.3418278094182499,0.0,1.21640211,,0.687,0.004,0.0,1000
ks100,patch,ks100_patch_P32_b10,32,10,320,0.495,0.5,future,decode_and_integrate,reference,1.8341992260899997,1.7958127291335,1.8755174773912497,0.0,1.75702527,,0.928,0.044,0.0,1000
ks100,patch,ks100_patch_P32_b10,32,10,320,0.495,0.5,from_t0,decode_and_integrate,reference,1.8341992260899997,1.7958127291335,1.8755174773912497,0.0,1.75702527,,0.928,0.044,0.0,1000
ks100,patch,ks100_patch_P32_b10,32,10,320,0.99,0.1,future,decode_and_integrate,reference,0.4278131272799999,0.41889284513999997,0.4370938248599999,0.0,0.36041544,,0.01,0.0,0.0,1000
ks100,patch,ks100_patch_P32_b10,32,10,320,0.99,0.1,from_t0,decode_and_integrate,reference,0.4278131272799999,0.41889284513999997,0.4370938248599999,0.0,0.36041544,,0.01,0.0,0.0,1000
ks100,patch,ks100_patch_P32_b10,32,10,320,0.99,0.3,future,decode_and_integrate,reference,1.3365105553799999,1.3071344444234998,1.3664250368999997,0.0,1.2614540399999998,,0.687,0.004,0.0,1000
ks100,patch,ks100_patch_P32_b10,32,10,320,0.99,0.3,from_t0,decode_and_integrate,reference,1.3365105553799999,1.3071344444234998,1.3664250368999997,0.0,1.2614540399999998,,0.687,0.004,0.0,1000
ks100,patch,ks100_patch_P32_b10,32,10,320,0.99,0.5,future,decode_and_integrate,reference,1.85830200864,1.819733051367,1.9001101996799998,0.0,1.8020771999999998,,0.928,0.044,0.0,1000
ks100,patch,ks100_patch_P32_b10,32,10,320,0.99,0.5,from_t0,decode_and_integrate,reference,1.85830200864,1.819733051367,1.9001101996799998,0.0,1.8020771999999998,,0.928,0.044,0.0,1000
ks100,patch,ks100_patch_P32_b12,32,12,384,0.2,0.1,future,bound,bound,27.0,27.0,27.0,1.0,27.0,0.0,1.0,1.0,1.0,1000
ks100,patch,ks100_patch_P32_b12,32,12,384,0.2,0.1,from_t0,bound,bound,27.0,27.0,27.0,1.0,27.0,0.0,1.0,1.0,1.0,1000
ks100,patch,ks100_patch_P32_b12,32,12,384,0.2,0.3,future,bound,bound,27.0,27.0,27.0,1.0,27.0,0.0,1.0,1.0,1.0,1000
ks100,patch,ks100_patch_P32_b12,32,12,384,0.2,0.3,from_t0,bound,bound,27.0,27.0,27.0,1.0,27.0,0.0,1.0,1.0,1.0,1000
ks100,patch,ks100_patch_P32_b12,32,12,384,0.2,0.5,future,bound,bound,27.0,27.0,27.0,1.0,27.0,0.0,1.0,1.0,1.0,1000
ks100,patch,ks100_patch_P32_b12,32,12,384,0.2,0.5,from_t0,bound,bound,27.0,27.0,27.0,1.0,27.0,0.0,1.0,1.0,1.0,1000
ks100,patch,ks100_patch_P32_b12,32,12,384,0.495,0.1,future,bound,bound,27.0,27.0,27.0,1.0,27.0,0.0,1.0,1.0,1.0,1000
ks100,patch,ks100_patch_P32_b12,32,12,384,0.495,0.1,from_t0,bound,bound,27.0,27.0,27.0,1.0,27.0,0.0,1.0,1.0,1.0,1000
ks100,patch,ks100_patch_P32_b12,32,12,384,0.495,0.3,future,bound,bound,27.0,27.0,27.0,1.0,27.0,0.0,1.0,1.0,1.0,1000
ks100,patch,ks100_patch_P32_b12,32,12,384,0.495,0.3,from_t0,bound,bound,27.0,27.0,27.0,1.0,27.0,0.0,1.0,1.0,1.0,1000
ks100,patch,ks100_patch_P32_b12,32,12,384,0.495,0.5,future,bound,bound,27.0,27.0,27.0,1.0,27.0,0.0,1.0,1.0,1.0,1000
ks100,patch,ks100_patch_P32_b12,32,12,384,0.495,0.5,from_t0,bound,bound,27.0,27.0,27.0,1.0,27.0,0.0,1.0,1.0,1.0,1000
ks100,patch,ks100_patch_P32_b12,32,12,384,0.99,0.1,future,bound,bound,27.0,27.0,27.0,1.0,27.0,0.0,1.0,1.0,1.0,1000
ks100,patch,ks100_patch_P32_b12,32,12,384,0.99,0.1,from_t0,bound,bound,27.0,27.0,27.0,1.0,27.0,0.0,1.0,1.0,1.0,1000
ks100,patch,ks100_patch_P32_b12,32,12,384,0.99,0.3,future,bound,bound,27.0,27.0,27.0,1.0,27.0,0.0,1.0,1.0,1.0,1000
ks100,patch,ks100_patch_P32_b12,32,12,384,0.99,0.3,from_t0,bound,bound,27.0,27.0,27.0,1.0,27.0,0.0,1.0,1.0,1.0,1000
ks100,patch,ks100_patch_P32_b12,32,12,384,0.99,0.5,future,bound,bound,27.0,27.0,27.0,1.0,27.0,0.0,1.0,1.0,1.0,1000
ks100,patch,ks100_patch_P32_b12,32,12,384,0.99,0.5,from_t0,bound,bound,27.0,27.0,27.0,1.0,27.0,0.0,1.0,1.0,1.0,1000
ks100,patch,ks100_patch_P32_b12,32,12,384,0.2,0.1,future,persistence,reference,0.042740174400000004,0.0421758876,0.043322664000000004,0.0,0.0364056,,0.0,0.0,0.0,1000
ks100,patch,ks100_patch_P32_b12,32,12,384,0.2,0.1,from_t0,persistence,reference,0.042740174400000004,0.0421758876,0.043322664000000004,0.0,0.0364056,,0.0,0.0,0.0,1000
ks100,patch,ks100_patch_P32_b12,32,12,384,0.2,0.3,future,persistence,reference,0.1225412496,0.12108502559999999,0.12401613147000001,0.0,0.1274196,,0.0,0.0,0.0,1000
ks100,patch,ks100_patch_P32_b12,32,12,384,0.2,0.3,from_t0,persistence,reference,0.1225412496,0.12108502559999999,0.12401613147000001,0.0,0.1274196,,0.0,0.0,0.0,1000
ks100,patch,ks100_patch_P32_b12,32,12,384,0.2,0.5,future,persistence,reference,0.20552781479999999,0.20301582840000001,0.20804025627,0.0,0.2002308,,0.0,0.0,0.0,1000
ks100,patch,ks100_patch_P32_b12,32,12,384,0.2,0.5,from_t0,persistence,reference,0.20552781479999999,0.20301582840000001,0.20804025627,0.0,0.2002308,,0.0,0.0,0.0,1000
ks100,patch,ks100_patch_P32_b12,32,12,384,0.495,0.1,future,persistence,reference,0.04883629212,0.04807040930999999,0.04960217493,0.0,0.04505193,,0.0,0.0,0.0,1000
ks100,patch,ks100_patch_P32_b12,32,12,384,0.495,0.1,from_t0,persistence,reference,0.04883629212,0.04807040930999999,0.04960217493,0.0,0.04505193,,0.0,0.0,0.0,1000
ks100,patch,ks100_patch_P32_b12,32,12,384,0.495,0.3,future,persistence,reference,0.13628208825000002,0.13470414440174996,0.13803911352,0.0,0.13515579,,0.0,0.0,0.0,1000
ks100,patch,ks100_patch_P32_b12,32,12,384,0.495,0.3,from_t0,persistence,reference,0.13628208825000002,0.13470414440174996,0.13803911352,0.0,0.13515579,,0.0,0.0,0.0,1000
ks100,patch,ks100_patch_P32_b12,32,12,384,0.495,0.5,future,persistence,reference,0.21985341839999994,0.21728545838999996,0.22237745277824997,0.0,0.22525964999999998,,0.0,0.0,0.0,1000
ks100,patch,ks100_patch_P32_b12,32,12,384,0.495,0.5,from_t0,persistence,reference,0.21985341839999994,0.21728545838999996,0.22237745277824997,0.0,0.22525964999999998,,0.0,0.0,0.0,1000
ks100,patch,ks100_patch_P32_b12,32,12,384,0.99,0.1,future,persistence,reference,0.09010386,0.09010386,0.09010386,0.0,0.09010386,,0.0,0.0,0.0,1000
ks100,patch,ks100_patch_P32_b12,32,12,384,0.99,0.1,from_t0,persistence,reference,0.09010386,0.09010386,0.09010386,0.0,0.09010386,,0.0,0.0,0.0,1000
ks100,patch,ks100_patch_P32_b12,32,12,384,0.99,0.3,future,persistence,reference,0.16786349118,0.16570099854,0.16993813255650003,0.0,0.18020772,,0.0,0.0,0.0,1000
ks100,patch,ks100_patch_P32_b12,32,12,384,0.99,0.3,from_t0,persistence,reference,0.16786349118,0.16570099854,0.16993813255650003,0.0,0.18020772,,0.0,0.0,0.0,1000
ks100,patch,ks100_patch_P32_b12,32,12,384,0.99,0.5,future,persistence,reference,0.24165855252000001,0.23832245710349997,0.24481218761999998,0.0,0.27031158,,0.0,0.0,0.0,1000
ks100,patch,ks100_patch_P32_b12,32,12,384,0.99,0.5,from_t0,persistence,reference,0.24165855252000001,0.23832245710349997,0.24481218761999998,0.0,0.27031158,,0.0,0.0,0.0,1000
ks100,patch,ks100_patch_P32_b12,32,12,384,0.2,0.1,future,decode_and_integrate,reference,0.7025734715999999,0.68480617359,0.72021881085,0.0,0.6188952,,0.149,0.001,0.0,1000
ks100,patch,ks100_patch_P32_b12,32,12,384,0.2,0.1,from_t0,decode_and_integrate,reference,0.7025734715999999,0.68480617359,0.72021881085,0.0,0.6188952,,0.149,0.001,0.0,1000
ks100,patch,ks100_patch_P32_b12,32,12,384,0.2,0.3,future,decode_and_integrate,reference,1.7023804644000002,1.66846819293,1.73978858361,0.0,1.6200492000000002,,0.916,0.029,0.0,1000
ks100,patch,ks100_patch_P32_b12,32,12,384,0.2,0.3,from_t0,decode_and_integrate,reference,1.7023804644000002,1.66846819293,1.73978858361,0.0,1.6200492000000002,,0.916,0.029,0.0,1000
ks100,patch,ks100_patch_P32_b12,32,12,384,0.2,0.5,future,decode_and_integrate,reference,2.2243639572,2.1806735966399997,2.2711824689399998,0.0,2.184336,,0.986,0.138,0.0,1000
ks100,patch,ks100_patch_P32_b12,32,12,384,0.2,0.5,from_t0,decode_and_integrate,reference,2.2243639572,2.1806735966399997,2.2711824689399998,0.0,2.184336,,0.986,0.138,0.0,1000
ks100,patch,ks100_patch_P32_b12,32,12,384,0.495,0.1,future,decode_and_integrate,reference,0.7167762063,0.6987993599317499,0.7347541789664999,0.0,0.6307270199999999,,0.144,0.001,0.0,1000
ks100,patch,ks100_patch_P32_b12,32,12,384,0.495,0.1,from_t0,decode_and_integrate,reference,0.7167762063,0.6987993599317499,0.7347541789664999,0.0,0.6307270199999999,,0.144,0.001,0.0,1000
ks100,patch,ks100_patch_P32_b12,32,12,384,0.495,0.3,future,decode_and_integrate,reference,1.71539728668,1.6818752718652499,1.7528050304572498,0.0,1.62186948,,0.912,0.031,0.0,1000
ks100,patch,ks100_patch_P32_b12,32,12,384,0.495,0.3,from_t0,decode_and_integrate,reference,1.71539728668,1.6818752718652499,1.7528050304572498,0.0,1.62186948,,0.912,0.031,0.0,1000
ks100,patch,ks100_patch_P32_b12,32,12,384,0.495,0.5,future,decode_and_integrate,reference,2.23768431117,2.1938927089117497,2.28444934080825,0.0,2.2075445699999996,,0.984,0.141,0.0,1000
ks100,patch,ks100_patch_P32_b12,32,12,384,0.495,0.5,from_t0,decode_and_integrate,reference,2.23768431117,2.1938927089117497,2.28444934080825,0.0,2.2075445699999996,,0.984,0.141,0.0,1000
ks100,patch,ks100_patch_P32_b12,32,12,384,0.99,0.1,future,decode_and_integrate,reference,0.7407438330599999,0.7230812239034999,0.7586745011999999,0.0,0.6307270199999999,,0.144,0.001,0.0,1000
ks100,patch,ks100_patch_P32_b12,32,12,384,0.99,0.1,from_t0,decode_and_integrate,reference,0.7407438330599999,0.7230812239034999,0.7586745011999999,0.0,0.6307270199999999,,0.144,0.001,0.0,1000
ks100,patch,ks100_patch_P32_b12,32,12,384,0.99,0.3,future,decode_and_integrate,reference,1.7408065752,1.7062044403635002,1.7777491578,0.0,1.62186948,,0.913,0.031,0.0,1000
ks100,patch,ks100_patch_P32_b12,32,12,384,0.99,0.3,from_t0,decode_and_integrate,reference,1.7408065752,1.7062044403635002,1.7777491578,0.0,1.62186948,,0.913,0.031,0.0,1000
ks100,patch,ks100_patch_P32_b12,32,12,384,0.99,0.5,future,decode_and_integrate,reference,2.2648506249599993,2.221141242474,2.3114343205799996,0.0,2.2525965,,0.984,0.145,0.0,1000
ks100,patch,ks100_patch_P32_b12,32,12,384,0.99,0.5,from_t0,decode_and_integrate,reference,2.2648506249599993,2.221141242474,2.3114343205799996,0.0,2.2525965,,0.984,0.145,0.0,1000
ks100,patch,ks100_patch_P32_b14,32,14,448,0.2,0.1,future,bound,bound,27.0,27.0,27.0,1.0,27.0,0.0,1.0,1.0,1.0,1000
ks100,patch,ks100_patch_P32_b14,32,14,448,0.2,0.1,from_t0,bound,bound,27.0,27.0,27.0,1.0,27.0,0.0,1.0,1.0,1.0,1000
ks100,patch,ks100_patch_P32_b14,32,14,448,0.2,0.3,future,bound,bound,27.0,27.0,27.0,1.0,27.0,0.0,1.0,1.0,1.0,1000
ks100,patch,ks100_patch_P32_b14,32,14,448,0.2,0.3,from_t0,bound,bound,27.0,27.0,27.0,1.0,27.0,0.0,1.0,1.0,1.0,1000
ks100,patch,ks100_patch_P32_b14,32,14,448,0.2,0.5,future,bound,bound,27.0,27.0,27.0,1.0,27.0,0.0,1.0,1.0,1.0,1000
ks100,patch,ks100_patch_P32_b14,32,14,448,0.2,0.5,from_t0,bound,bound,27.0,27.0,27.0,1.0,27.0,0.0,1.0,1.0,1.0,1000
ks100,patch,ks100_patch_P32_b14,32,14,448,0.495,0.1,future,bound,bound,27.0,27.0,27.0,1.0,27.0,0.0,1.0,1.0,1.0,1000
ks100,patch,ks100_patch_P32_b14,32,14,448,0.495,0.1,from_t0,bound,bound,27.0,27.0,27.0,1.0,27.0,0.0,1.0,1.0,1.0,1000
ks100,patch,ks100_patch_P32_b14,32,14,448,0.495,0.3,future,bound,bound,27.0,27.0,27.0,1.0,27.0,0.0,1.0,1.0,1.0,1000
ks100,patch,ks100_patch_P32_b14,32,14,448,0.495,0.3,from_t0,bound,bound,27.0,27.0,27.0,1.0,27.0,0.0,1.0,1.0,1.0,1000
ks100,patch,ks100_patch_P32_b14,32,14,448,0.495,0.5,future,bound,bound,27.0,27.0,27.0,1.0,27.0,0.0,1.0,1.0,1.0,1000
ks100,patch,ks100_patch_P32_b14,32,14,448,0.495,0.5,from_t0,bound,bound,27.0,27.0,27.0,1.0,27.0,0.0,1.0,1.0,1.0,1000
ks100,patch,ks100_patch_P32_b14,32,14,448,0.99,0.1,future,bound,bound,27.0,27.0,27.0,1.0,27.0,0.0,1.0,1.0,1.0,1000
ks100,patch,ks100_patch_P32_b14,32,14,448,0.99,0.1,from_t0,bound,bound,27.0,27.0,27.0,1.0,27.0,0.0,1.0,1.0,1.0,1000
ks100,patch,ks100_patch_P32_b14,32,14,448,0.99,0.3,future,bound,bound,27.0,27.0,27.0,1.0,27.0,0.0,1.0,1.0,1.0,1000
ks100,patch,ks100_patch_P32_b14,32,14,448,0.99,0.3,from_t0,bound,bound,27.0,27.0,27.0,1.0,27.0,0.0,1.0,1.0,1.0,1000
ks100,patch,ks100_patch_P32_b14,32,14,448,0.99,0.5,future,bound,bound,27.0,27.0,27.0,1.0,27.0,0.0,1.0,1.0,1.0,1000
ks100,patch,ks100_patch_P32_b14,32,14,448,0.99,0.5,from_t0,bound,bound,27.0,27.0,27.0,1.0,27.0,0.0,1.0,1.0,1.0,1000
ks100,patch,ks100_patch_P32_b14,32,14,448,0.2,0.1,future,persistence,reference,0.0445422516,0.04395930693,0.0451611468,0.0,0.0364056,,0.0,0.0,0.0,1000
ks100,patch,ks100_patch_P32_b14,32,14,448,0.2,0.1,from_t0,persistence,reference,0.0445422516,0.04395930693,0.0451611468,0.0,0.0364056,,0.0,0.0,0.0,1000
ks100,patch,ks100_patch_P32_b14,32,14,448,0.2,0.3,future,persistence,reference,0.12319655040000001,0.1217039208,0.1246709772,0.0,0.1274196,,0.0,0.0,0.0,1000
ks100,patch,ks100_patch_P32_b14,32,14,448,0.2,0.3,from_t0,persistence,reference,0.12319655040000001,0.1217039208,0.1246709772,0.0,0.1274196,,0.0,0.0,0.0,1000
ks100,patch,ks100_patch_P32_b14,32,14,448,0.2,0.5,future,persistence,reference,0.20578265399999998,0.20328841533000003,0.20824048706999998,0.0,0.2002308,,0.0,0.0,0.0,1000
ks100,patch,ks100_patch_P32_b14,32,14,448,0.2,0.5,from_t0,persistence,reference,0.20578265399999998,0.20328841533000003,0.20824048706999998,0.0,0.2002308,,0.0,0.0,0.0,1000
ks100,patch,ks100_patch_P32_b14,32,14,448,0.495,0.1,future,persistence,reference,0.05036805774,0.049421967209999994,0.051269096339999994,0.0,0.04505193,,0.0,0.0,0.0,1000
ks100,patch,ks100_patch_P32_b14,32,14,448,0.495,0.1,from_t0,persistence,reference,0.05036805774,0.049421967209999994,0.051269096339999994,0.0,0.04505193,,0.0,0.0,0.0,1000
ks100,patch,ks100_patch_P32_b14,32,14,448,0.495,0.3,future,persistence,reference,0.13736333457,0.13574146509,0.13903025598,0.0,0.13515579,,0.0,0.0,0.0,1000
ks100,patch,ks100_patch_P32_b14,32,14,448,0.495,0.3,from_t0,persistence,reference,0.13736333457,0.13574146509,0.13903025598,0.0,0.13515579,,0.0,0.0,0.0,1000
ks100,patch,ks100_patch_P32_b14,32,14,448,0.495,0.5,future,persistence,reference,0.21998857418999995,0.21746453981174996,0.22242250470824998,0.0,0.22525964999999998,,0.0,0.0,0.0,1000
ks100,patch,ks100_patch_P32_b14,32,14,448,0.495,0.5,from_t0,persistence,reference,0.21998857418999995,0.21746453981174996,0.22242250470824998,0.0,0.22525964999999998,,0.0,0.0,0.0,1000
ks100,patch,ks100_patch_P32_b14,32,14,448,0.99,0.1,future,persistence,reference,0.09010386,0.09010386,0.09010386,0.0,0.09010386,,0.0,0.0,0.0,1000
ks100,patch,ks100_patch_P32_b14,32,14,448,0.99,0.1,from_t0,persistence,reference,0.09010386,0.09010386,0.09010386,0.0,0.09010386,,0.0,0.0,0.0,1000
ks100,patch,ks100_patch_P32_b14,32,14,448,0.99,0.3,future,persistence,reference,0.16912494522,0.1671426603,0.17119733399999998,0.0,0.18020772,,0.0,0.0,0.0,1000
ks100,patch,ks100_patch_P32_b14,32,14,448,0.99,0.3,from_t0,persistence,reference,0.16912494522,0.1671426603,0.17119733399999998,0.0,0.18020772,,0.0,0.0,0.0,1000
ks100,patch,ks100_patch_P32_b14,32,14,448,0.99,0.5,future,persistence,reference,0.24183876024,0.23859502127999996,0.24490229147999998,0.0,0.27031158,,0.0,0.0,0.0,1000
ks100,patch,ks100_patch_P32_b14,32,14,448,0.99,0.5,from_t0,persistence,reference,0.24183876024,0.23859502127999996,0.24490229147999998,0.0,0.27031158,,0.0,0.0,0.0,1000
ks100,patch,ks100_patch_P32_b14,32,14,448,0.2,0.1,future,decode_and_integrate,reference,1.0560536448000002,1.03224165198,1.0821965061599998,0.0,0.9647484000000001,,0.463,0.0,0.0,1000
ks100,patch,ks100_patch_P32_b14,32,14,448,0.2,0.1,from_t0,decode_and_integrate,reference,1.0560536448000002,1.03224165198,1.0821965061599998,0.0,0.9647484000000001,,0.463,0.0,0.0,1000
ks100,patch,ks100_patch_P32_b14,32,14,448,0.2,0.3,future,decode_and_integrate,reference,2.1163667447999996,2.0756457159899995,2.16227147598,0.0,2.0751192,,0.975,0.119,0.0,1000
ks100,patch,ks100_patch_P32_b14,32,14,448,0.2,0.3,from_t0,decode_and_integrate,reference,2.1163667447999996,2.0756457159899995,2.16227147598,0.0,2.0751192,,0.975,0.119,0.0,1000
ks100,patch,ks100_patch_P32_b14,32,14,448,0.2,0.5,future,decode_and_integrate,reference,2.666801214,2.6151949107899997,2.7192257330699996,0.0,2.6212032,,0.998,0.313,0.0,1000
ks100,patch,ks100_patch_P32_b14,32,14,448,0.2,0.5,from_t0,decode_and_integrate,reference,2.666801214,2.6151949107899997,2.7192257330699996,0.0,2.6212032,,0.998,0.313,0.0,1000
ks100,patch,ks100_patch_P32_b14,32,14,448,0.495,0.1,future,decode_and_integrate,reference,1.0688119873200002,1.0447542567,1.09498715865,0.0,0.9911424599999998,,0.455,0.0,0.0,1000
ks100,patch,ks100_patch_P32_b14,32,14,448,0.495,0.1,from_t0,decode_and_integrate,reference,1.0688119873200002,1.0447542567,1.09498715865,0.0,0.9911424599999998,,0.455,0.0,0.0,1000
ks100,patch,ks100_patch_P32_b14,32,14,448,0.495,0.3,future,decode_and_integrate,reference,2.13077608128,2.08968083703225,2.1780411873412495,0.0,2.0723887800000003,,0.973,0.122,0.0,1000
ks100,patch,ks100_patch_P32_b14,32,14,448,0.495,0.3,from_t0,decode_and_integrate,reference,2.13077608128,2.08968083703225,2.1780411873412495,0.0,2.0723887800000003,,0.973,0.122,0.0,1000
ks100,patch,ks100_patch_P32_b14,32,14,448,0.495,0.5,future,decode_and_integrate,reference,2.6803195234199997,2.6288229148335,2.732900757221249,0.0,2.6130119400000003,,0.998,0.319,0.0,1000
ks100,patch,ks100_patch_P32_b14,32,14,448,0.495,0.5,from_t0,decode_and_integrate,reference,2.6803195234199997,2.6288229148335,2.732900757221249,0.0,2.6130119400000003,,0.998,0.319,0.0,1000
ks100,patch,ks100_patch_P32_b14,32,14,448,0.99,0.1,future,decode_and_integrate,reference,1.0903468098600002,1.0664647817669999,1.1163935831895,0.0,0.9911424599999998,,0.455,0.0,0.0,1000
ks100,patch,ks100_patch_P32_b14,32,14,448,0.99,0.1,from_t0,decode_and_integrate,reference,1.0903468098600002,1.0664647817669999,1.1163935831895,0.0,0.9911424599999998,,0.455,0.0,0.0,1000
ks100,patch,ks100_patch_P32_b14,32,14,448,0.99,0.3,future,decode_and_integrate,reference,2.15501401962,2.1141902132504997,2.201151701133,0.0,2.0723887800000003,,0.973,0.122,0.0,1000
ks100,patch,ks100_patch_P32_b14,32,14,448,0.99,0.3,from_t0,decode_and_integrate,reference,2.15501401962,2.1141902132504997,2.201151701133,0.0,2.0723887800000003,,0.973,0.122,0.0,1000
ks100,patch,ks100_patch_P32_b14,32,14,448,0.99,0.5,future,decode_and_integrate,reference,2.70410694246,2.6531036525069998,2.7573605763165,0.0,2.6130119400000003,,0.998,0.319,0.0,1000
ks100,patch,ks100_patch_P32_b14,32,14,448,0.99,0.5,from_t0,decode_and_integrate,reference,2.70410694246,2.6531036525069998,2.7573605763165,0.0,2.6130119400000003,,0.998,0.319,0.0,1000
ks100,patch,ks100_patch_P32_b16,32,16,512,0.2,0.1,future,bound,bound,27.0,27.0,27.0,1.0,27.0,0.0,1.0,1.0,1.0,1000
ks100,patch,ks100_patch_P32_b16,32,16,512,0.2,0.1,from_t0,bound,bound,27.0,27.0,27.0,1.0,27.0,0.0,1.0,1.0,1.0,1000
ks100,patch,ks100_patch_P32_b16,32,16,512,0.2,0.3,future,bound,bound,27.0,27.0,27.0,1.0,27.0,0.0,1.0,1.0,1.0,1000
ks100,patch,ks100_patch_P32_b16,32,16,512,0.2,0.3,from_t0,bound,bound,27.0,27.0,27.0,1.0,27.0,0.0,1.0,1.0,1.0,1000
ks100,patch,ks100_patch_P32_b16,32,16,512,0.2,0.5,future,bound,bound,27.0,27.0,27.0,1.0,27.0,0.0,1.0,1.0,1.0,1000
ks100,patch,ks100_patch_P32_b16,32,16,512,0.2,0.5,from_t0,bound,bound,27.0,27.0,27.0,1.0,27.0,0.0,1.0,1.0,1.0,1000
ks100,patch,ks100_patch_P32_b16,32,16,512,0.495,0.1,future,bound,bound,27.0,27.0,27.0,1.0,27.0,0.0,1.0,1.0,1.0,1000
ks100,patch,ks100_patch_P32_b16,32,16,512,0.495,0.1,from_t0,bound,bound,27.0,27.0,27.0,1.0,27.0,0.0,1.0,1.0,1.0,1000
ks100,patch,ks100_patch_P32_b16,32,16,512,0.495,0.3,future,bound,bound,27.0,27.0,27.0,1.0,27.0,0.0,1.0,1.0,1.0,1000
ks100,patch,ks100_patch_P32_b16,32,16,512,0.495,0.3,from_t0,bound,bound,27.0,27.0,27.0,1.0,27.0,0.0,1.0,1.0,1.0,1000
ks100,patch,ks100_patch_P32_b16,32,16,512,0.495,0.5,future,bound,bound,27.0,27.0,27.0,1.0,27.0,0.0,1.0,1.0,1.0,1000
ks100,patch,ks100_patch_P32_b16,32,16,512,0.495,0.5,from_t0,bound,bound,27.0,27.0,27.0,1.0,27.0,0.0,1.0,1.0,1.0,1000
ks100,patch,ks100_patch_P32_b16,32,16,512,0.99,0.1,future,bound,bound,27.0,27.0,27.0,1.0,27.0,0.0,1.0,1.0,1.0,1000
ks100,patch,ks100_patch_P32_b16,32,16,512,0.99,0.1,from_t0,bound,bound,27.0,27.0,27.0,1.0,27.0,0.0,1.0,1.0,1.0,1000
ks100,patch,ks100_patch_P32_b16,32,16,512,0.99,0.3,future,bound,bound,27.0,27.0,27.0,1.0,27.0,0.0,1.0,1.0,1.0,1000
ks100,patch,ks100_patch_P32_b16,32,16,512,0.99,0.3,from_t0,bound,bound,27.0,27.0,27.0,1.0,27.0,0.0,1.0,1.0,1.0,1000
ks100,patch,ks100_patch_P32_b16,32,16,512,0.99,0.5,future,bound,bound,27.0,27.0,27.0,1.0,27.0,0.0,1.0,1.0,1.0,1000
ks100,patch,ks100_patch_P32_b16,32,16,512,0.99,0.5,from_t0,bound,bound,27.0,27.0,27.0,1.0,27.0,0.0,1.0,1.0,1.0,1000
ks100,patch,ks100_patch_P32_b16,32,16,512,0.2,0.1,future,persistence,reference,0.045707230800000005,0.04510653840000001,0.046307923200000004,0.0,0.0364056,,0.0,0.0,0.0,1000
ks100,patch,ks100_patch_P32_b16,32,16,512,0.2,0.1,from_t0,persistence,reference,0.045707230800000005,0.04510653840000001,0.046307923200000004,0.0,0.0364056,,0.0,0.0,0.0,1000
ks100,patch,ks100_patch_P32_b16,32,16,512,0.2,0.3,future,persistence,reference,0.1235424036,0.1221043824,0.1250350332,0.0,0.1274196,,0.0,0.0,0.0,1000
ks100,patch,ks100_patch_P32_b16,32,16,512,0.2,0.3,from_t0,persistence,reference,0.1235424036,0.1221043824,0.1250350332,0.0,0.1274196,,0.0,0.0,0.0,1000
ks100,patch,ks100_patch_P32_b16,32,16,512,0.2,0.5,future,persistence,reference,0.2059828848,0.20346953319000002,0.20847666839999998,0.0,0.2002308,,0.0,0.0,0.0,1000
ks100,patch,ks100_patch_P32_b16,32,16,512,0.2,0.5,from_t0,persistence,reference,0.2059828848,0.20346953319000002,0.20847666839999998,0.0,0.2002308,,0.0,0.0,0.0,1000
ks100,patch,ks100_patch_P32_b16,32,16,512,0.495,0.1,future,persistence,reference,0.05068342124999999,0.04973733072,0.05162951177999999,0.0,0.04505193,,0.0,0.0,0.0,1000
ks100,patch,ks100_patch_P32_b16,32,16,512,0.495,0.1,from_t0,persistence,reference,0.05068342124999999,0.04973733072,0.05162951177999999,0.0,0.04505193,,0.0,0.0,0.0,1000
ks100,patch,ks100_patch_P32_b16,32,16,512,0.495,0.3,future,persistence,reference,0.13731828264,0.13569641316,0.13898520405,0.0,0.13515579,,0.0,0.0,0.0,1000
ks100,patch,ks100_patch_P32_b16,32,16,512,0.495,0.3,from_t0,persistence,reference,0.13731828264,0.13569641316,0.13898520405,0.0,0.13515579,,0.0,0.0,0.0,1000
ks100,patch,ks100_patch_P32_b16,32,16,512,0.495,0.5,future,persistence,reference,0.22007867804999995,0.21750959174174994,0.22260158612999992,0.0,0.22525964999999998,,0.0,0.0,0.0,1000
ks100,patch,ks100_patch_P32_b16,32,16,512,0.495,0.5,from_t0,persistence,reference,0.22007867804999995,0.21750959174174994,0.22260158612999992,0.0,0.22525964999999998,,0.0,0.0,0.0,1000
ks100,patch,ks100_patch_P32_b16,32,16,512,0.99,0.1,future,persistence,reference,0.09010386,0.09010386,0.09010386,0.0,0.09010386,,0.0,0.0,0.0,1000
ks100,patch,ks100_patch_P32_b16,32,16,512,0.99,0.1,from_t0,persistence,reference,0.09010386,0.09010386,0.09010386,0.0,0.09010386,,0.0,0.0,0.0,1000
ks100,patch,ks100_patch_P32_b16,32,16,512,0.99,0.3,future,persistence,reference,0.1689447375,0.16696245258,0.17101712628,0.0,0.18020772,,0.0,0.0,0.0,1000
ks100,patch,ks100_patch_P32_b16,32,16,512,0.99,0.3,from_t0,persistence,reference,0.1689447375,0.16696245258,0.17101712628,0.0,0.18020772,,0.0,0.0,0.0,1000
ks100,patch,ks100_patch_P32_b16,32,16,512,0.99,0.5,future,persistence,reference,0.24210907182,0.23877522899999998,0.24517260305999997,0.0,0.27031158,,0.0,0.0,0.0,1000
ks100,patch,ks100_patch_P32_b16,32,16,512,0.99,0.5,from_t0,persistence,reference,0.24210907182,0.23877522899999998,0.24517260305999997,0.0,0.27031158,,0.0,0.0,0.0,1000
ks100,patch,ks100_patch_P32_b16,32,16,512,0.2,0.1,future,decode_and_integrate,reference,1.4603196299999999,1.4299496234099998,1.49217589521,0.0,1.3834128,,0.791,0.006,0.0,1000
ks100,patch,ks100_patch_P32_b16,32,16,512,0.2,0.1,from_t0,decode_and_integrate,reference,1.4603196299999999,1.4299496234099998,1.49217589521,0.0,1.3834128,,0.791,0.006,0.0,1000
ks100,patch,ks100_patch_P32_b16,32,16,512,0.2,0.3,future,decode_and_integrate,reference,2.5541986932,2.5037951400000003,2.60585505411,0.0,2.4755808,,0.997,0.273,0.0,1000
ks100,patch,ks100_patch_P32_b16,32,16,512,0.2,0.3,from_t0,decode_and_integrate,reference,2.5541986932,2.5037951400000003,2.60585505411,0.0,2.4755808,,0.997,0.273,0.0,1000
ks100,patch,ks100_patch_P32_b16,32,16,512,0.2,0.5,future,decode_and_integrate,reference,3.0808967112,3.0214736706000003,3.13883895402,0.0,2.9852592,,1.0,0.499,0.0,1000
ks100,patch,ks100_patch_P32_b16,32,16,512,0.2,0.5,from_t0,decode_and_integrate,reference,3.0808967112,3.0214736706000003,3.13883895402,0.0,2.9852592,,1.0,0.499,0.0,1000
ks100,patch,ks100_patch_P32_b16,32,16,512,0.495,0.1,future,decode_and_integrate,reference,1.47436946118,1.44445497966,1.5061310718299998,0.0,1.39660983,,0.787,0.007,0.0,1000
ks100,patch,ks100_patch_P32_b16,32,16,512,0.495,0.1,from_t0,decode_and_integrate,reference,1.47436946118,1.44445497966,1.5061310718299998,0.0,1.39660983,,0.787,0.007,0.0,1000
ks100,patch,ks100_patch_P32_b16,32,16,512,0.495,0.3,future,decode_and_integrate,reference,2.5669238156099996,2.5162708044127498,2.6183032891785,0.0,2.47785615,,0.996,0.278,0.0,1000
ks100,patch,ks100_patch_P32_b16,32,16,512,0.495,0.3,from_t0,decode_and_integrate,reference,2.5669238156099996,2.5162708044127498,2.6183032891785,0.0,2.47785615,,0.996,0.278,0.0,1000
ks100,patch,ks100_patch_P32_b16,32,16,512,0.495,0.5,future,decode_and_integrate,reference,3.09421160433,3.0350088631170005,3.1518837062212497,0.0,3.01847931,,1.0,0.506,0.0,1000
ks100,patch,ks100_patch_P32_b16,32,16,512,0.495,0.5,from_t0,decode_and_integrate,reference,3.09421160433,3.0350088631170005,3.1518837062212497,0.0,3.01847931,,1.0,0.506,0.0,1000
ks100,patch,ks100_patch_P32_b16,32,16,512,0.99,0.1,future,decode_and_integrate,reference,1.49986885356,1.4691411847034999,1.5318579764565001,0.0,1.44166176,,0.788,0.008,0.0,1000
ks100,patch,ks100_patch_P32_b16,32,16,512,0.99,0.1,from_t0,decode_and_integrate,reference,1.49986885356,1.4691411847034999,1.5318579764565001,0.0,1.44166176,,0.788,0.008,0.0,1000
ks100,patch,ks100_patch_P32_b16,32,16,512,0.99,0.3,future,decode_and_integrate,reference,2.59481096028,2.543987878047,2.6457309041624995,0.0,2.5229080799999997,,0.996,0.281,0.0,1000
ks100,patch,ks100_patch_P32_b16,32,16,512,0.99,0.3,from_t0,decode_and_integrate,reference,2.59481096028,2.543987878047,2.6457309041624995,0.0,2.5229080799999997,,0.996,0.281,0.0,1000
ks100,patch,ks100_patch_P32_b16,32,16,512,0.99,0.5,future,decode_and_integrate,reference,3.11912532162,3.0606456638835,3.1768841484765,0.0,3.0635312399999997,,1.0,0.509,0.0,1000
ks100,patch,ks100_patch_P32_b16,32,16,512,0.99,0.5,from_t0,decode_and_integrate,reference,3.11912532162,3.0606456638835,3.1768841484765,0.0,3.0635312399999997,,1.0,0.509,0.0,1000
ks100,patch,ks100_patch_P32_b8,32,8,256,0.2,0.1,future,bound,bound,0.09463635720000001,0.08365915866,0.10619559027000001,0.0,0.0182028,0.558,0.007,0.0,0.0,1000
ks100,patch,ks100_patch_P32_b8,32,8,256,0.2,0.1,from_t0,bound,bound,0.07646996279999999,0.06594737919,0.08801326842,0.0,0.0,0.558,0.007,0.0,0.0,1000
ks100,patch,ks100_patch_P32_b8,32,8,256,0.2,0.3,future,bound,bound,27.0,27.0,27.0,1.0,27.0,0.0,1.0,1.0,1.0,1000
ks100,patch,ks100_patch_P32_b8,32,8,256,0.2,0.3,from_t0,bound,bound,27.0,27.0,27.0,1.0,27.0,0.0,1.0,1.0,1.0,1000
ks100,patch,ks100_patch_P32_b8,32,8,256,0.2,0.5,future,bound,bound,27.0,27.0,27.0,1.0,27.0,0.0,1.0,1.0,1.0,1000
ks100,patch,ks100_patch_P32_b8,32,8,256,0.2,0.5,from_t0,bound,bound,27.0,27.0,27.0,1.0,27.0,0.0,1.0,1.0,1.0,1000
ks100,patch,ks100_patch_P32_b8,32,8,256,0.495,0.1,future,bound,bound,0.14763517461,0.1342074468735,0.16241783914124996,0.0,0.04505193,0.558,0.015,0.0,0.0,1000
ks100,patch,ks100_patch_P32_b8,32,8,256,0.495,0.1,from_t0,bound,bound,0.10231293303,0.08933572459349999,0.11592086848649996,0.0,0.0,0.558,0.013,0.0,0.0,1000
ks100,patch,ks100_patch_P32_b8,32,8,256,0.495,0.3,future,bound,bound,27.0,27.0,27.0,1.0,27.0,0.0,1.0,1.0,1.0,1000
ks100,patch,ks100_patch_P32_b8,32,8,256,0.495,0.3,from_t0,bound,bound,27.0,27.0,27.0,1.0,27.0,0.0,1.0,1.0,1.0,1000
ks100,patch,ks100_patch_P32_b8,32,8,256,0.495,0.5,future,bound,bound,27.0,27.0,27.0,1.0,27.0,0.0,1.0,1.0,1.0,1000
ks100,patch,ks100_patch_P32_b8,32,8,256,0.495,0.5,from_t0,bound,bound,27.0,27.0,27.0,1.0,27.0,0.0,1.0,1.0,1.0,1000
ks100,patch,ks100_patch_P32_b8,32,8,256,0.99,0.1,future,bound,bound,0.23345910126000002,0.21624701140350006,0.252205209333,0.0,0.09010386,0.558,0.029,0.0,0.0,1000
ks100,patch,ks100_patch_P32_b8,32,8,256,0.99,0.1,from_t0,bound,bound,0.14623856478,0.12956935068,0.16471661386949993,0.0,0.0,0.558,0.023,0.0,0.0,1000
ks100,patch,ks100_patch_P32_b8,32,8,256,0.99,0.3,future,bound,bound,27.0,27.0,27.0,1.0,27.0,0.0,1.0,1.0,1.0,1000
ks100,patch,ks100_patch_P32_b8,32,8,256,0.99,0.3,from_t0,bound,bound,27.0,27.0,27.0,1.0,27.0,0.0,1.0,1.0,1.0,1000
ks100,patch,ks100_patch_P32_b8,32,8,256,0.99,0.5,future,bound,bound,27.0,27.0,27.0,1.0,27.0,0.0,1.0,1.0,1.0,1000
ks100,patch,ks100_patch_P32_b8,32,8,256,0.99,0.5,from_t0,bound,bound,27.0,27.0,27.0,1.0,27.0,0.0,1.0,1.0,1.0,1000
ks100,patch,ks100_patch_P32_b8,32,8,256,0.2,0.1,future,persistence,reference,0.0202415136,0.019877457600000002,0.0206237724,0.0,0.0182028,,0.0,0.0,0.0,1000
ks100,patch,ks100_patch_P32_b8,32,8,256,0.2,0.1,from_t0,persistence,reference,0.010066148399999999,0.009301630800000002,0.010830666000000001,0.0,0.0,,0.0,0.0,0.0,1000
ks100,patch,ks100_patch_P32_b8,32,8,256,0.2,0.3,future,persistence,reference,0.11800875239999999,0.11660713680000001,0.1194831792,0.0,0.1092168,,0.0,0.0,0.0,1000
ks100,patch,ks100_patch_P32_b8,32,8,256,0.2,0.3,from_t0,persistence,reference,0.11800875239999999,0.11660713680000001,0.1194831792,0.0,0.1092168,,0.0,0.0,0.0,1000
ks100,patch,ks100_patch_P32_b8,32,8,256,0.2,0.5,future,persistence,reference,0.2034891012,0.2009953176,0.20609255666999995,0.0,0.2002308,,0.0,0.0,0.0,1000
ks100,patch,ks100_patch_P32_b8,32,8,256,0.2,0.5,from_t0,persistence,reference,0.2034891012,0.2009953176,0.20609255666999995,0.0,0.2002308,,0.0,0.0,0.0,1000
ks100,patch,ks100_patch_P32_b8,32,8,256,0.495,0.1,future,persistence,reference,0.04505193,0.04505193,0.04505193,0.0,0.04505193,,0.0,0.0,0.0,1000
ks100,patch,ks100_patch_P32_b8,32,8,256,0.495,0.1,from_t0,persistence,reference,0.01991295306,0.01860644709,0.02130956289,0.0,0.0,,0.0,0.0,0.0,1000
ks100,patch,ks100_patch_P32_b8,32,8,256,0.495,0.3,future,persistence,reference,0.13186699911,0.1302000777,0.13362515067824998,0.0,0.13515579,,0.0,0.0,0.0,1000
ks100,patch,ks100_patch_P32_b8,32,8,256,0.495,0.3,from_t0,persistence,reference,0.13186699911,0.1302000777,0.13362515067824998,0.0,0.13515579,,0.0,0.0,0.0,1000
ks100,patch,ks100_patch_P32_b8,32,8,256,0.495,0.5,future,persistence,reference,0.21755576996999998,0.21503286188999995,0.22012372997999996,0.0,0.22525964999999998,,0.0,0.0,0.0,1000
ks100,patch,ks100_patch_P32_b8,32,8,256,0.495,0.5,from_t0,persistence,reference,0.21755576996999998,0.21503286188999995,0.22012372997999996,0.0,0.22525964999999998,,0.0,0.0,0.0,1000
ks100,patch,ks100_patch_P32_b8,32,8,256,0.99,0.1,future,persistence,reference,0.09010386,0.09010386,0.09010386,0.0,0.09010386,,0.0,0.0,0.0,1000
ks100,patch,ks100_patch_P32_b8,32,8,256,0.99,0.1,from_t0,persistence,reference,0.03982590612,0.03721289418,0.04261912578,0.0,0.0,,0.0,0.0,0.0,1000
ks100,patch,ks100_patch_P32_b8,32,8,256,0.99,0.3,future,persistence,reference,0.16155622097999997,0.15930362448,0.16389892134,0.0,0.18020772,,0.0,0.0,0.0,1000
ks100,patch,ks100_patch_P32_b8,32,8,256,0.99,0.3,from_t0,persistence,reference,0.16155622097999997,0.15930362448,0.16389892134,0.0,0.18020772,,0.0,0.0,0.0,1000
ks100,patch,ks100_patch_P32_b8,32,8,256,0.99,0.5,future,persistence,reference,0.23922574829999996,0.23598200934,0.24237938339999998,0.0,0.27031158,,0.0,0.0,0.0,1000
ks100,patch,ks100_patch_P32_b8,32,8,256,0.99,0.5,from_t0,persistence,reference,0.23922574829999996,0.23598200934,0.24237938339999998,0.0,0.27031158,,0.0,0.0,0.0,1000
ks100,patch,ks100_patch_P32_b8,32,8,256,0.2,0.1,future,decode_and_integrate,reference,0.20183264639999998,0.19711766613000004,0.20676651533999998,0.0,0.182028,,0.0,0.0,0.0,1000
ks100,patch,ks100_patch_P32_b8,32,8,256,0.2,0.1,from_t0,decode_and_integrate,reference,0.0982587144,0.09101354493,0.10563130347,0.0,0.0,,0.0,0.0,0.0,1000
ks100,patch,ks100_patch_P32_b8,32,8,256,0.2,0.3,future,decode_and_integrate,reference,0.9125063640000001,0.8908068061200002,0.9355187988299999,0.0,0.819126,,0.321,0.0,0.0,1000
ks100,patch,ks100_patch_P32_b8,32,8,256,0.2,0.3,from_t0,decode_and_integrate,reference,0.9125063640000001,0.8908068061200002,0.9355187988299999,0.0,0.819126,,0.321,0.0,0.0,1000
ks100,patch,ks100_patch_P32_b8,32,8,256,0.2,0.5,future,decode_and_integrate,reference,1.4216932884000002,1.39207596759,1.45287878043,0.0,1.3288044,,0.794,0.006,0.0,1000
ks100,patch,ks100_patch_P32_b8,32,8,256,0.2,0.5,from_t0,decode_and_integrate,reference,1.4216932884000002,1.39207596759,1.45287878043,0.0,1.3288044,,0.794,0.006,0.0,1000
ks100,patch,ks100_patch_P32_b8,32,8,256,0.495,0.1,future,decode_and_integrate,reference,0.21503286188999995,0.21007714958999998,0.21998970048824998,0.0,0.18020772,,0.0,0.0,0.0,1000
ks100,patch,ks100_patch_P32_b8,32,8,256,0.495,0.1,from_t0,decode_and_integrate,reference,0.1040699583,0.09645618213,0.11191012041824999,0.0,0.0,,0.0,0.0,0.0,1000
ks100,patch,ks100_patch_P32_b8,32,8,256,0.495,0.3,future,decode_and_integrate,reference,0.9253215902699999,0.9036054337117498,0.9480333944812499,0.0,0.833460705,,0.312,0.0,0.0,1000
ks100,patch,ks100_patch_P32_b8,32,8,256,0.495,0.3,from_t0,decode_and_integrate,reference,0.9253215902699999,0.9036054337117498,0.9480333944812499,0.0,0.833460705,,0.312,0.0,0.0,1000
ks100,patch,ks100_patch_P32_b8,32,8,256,0.495,0.5,future,decode_and_integrate,reference,1.43553469752,1.4058882749834998,1.466940397923,0.0,1.3515579,,0.786,0.006,0.0,1000
ks100,patch,ks100_patch_P32_b8,32,8,256,0.495,0.5,from_t0,decode_and_integrate,reference,1.43553469752,1.4058882749834998,1.466940397923,0.0,1.3515579,,0.786,0.006,0.0,1000
ks100,patch,ks100_patch_P32_b8,32,8,256,0.99,0.1,future,decode_and_integrate,reference,0.23778408653999997,0.23255806265999998,0.24310021427999995,0.0,0.18020772,,0.0,0.0,0.0,1000
ks100,patch,ks100_patch_P32_b8,32,8,256,0.99,0.1,from_t0,decode_and_integrate,reference,0.1139813829,0.10569182778,0.12254350219649998,0.0,0.0,,0.0,0.0,0.0,1000
ks100,patch,ks100_patch_P32_b8,32,8,256,0.99,0.3,future,decode_and_integrate,reference,0.9485233342199999,0.92689840782,0.9710492992199999,0.0,0.85598667,,0.312,0.0,0.0,1000
ks100,patch,ks100_patch_P32_b8,32,8,256,0.99,0.3,from_t0,decode_and_integrate,reference,0.9485233342199999,0.92689840782,0.9710492992199999,0.0,0.85598667,,0.312,0.0,0.0,1000
ks100,patch,ks100_patch_P32_b8,32,8,256,0.99,0.5,future,decode_and_integrate,reference,1.4595023242799998,1.4299460056034998,1.49112877914,0.0,1.3515579,,0.786,0.006,0.0,1000
ks100,patch,ks100_patch_P32_b8,32,8,256,0.99,0.5,from_t0,decode_and_integrate,reference,1.4595023242799998,1.4299460056034998,1.49112877914,0.0,1.3515579,,0.786,0.006,0.0,1000
ks100,patch,ks100_patch_P8_b10,8,10,80,0.2,0.1,future,bound,bound,0.018202800000000005,0.018202800000000005,0.018202800000000005,0.0,0.0182028,1.0,0.0,0.0,0.0,1000
ks100,patch,ks100_patch_P8_b10,8,10,80,0.2,0.1,from_t0,bound,bound,0.0,0.0,0.0,0.0,0.0,1.0,0.0,0.0,0.0,1000
ks100,patch,ks100_patch_P8_b10,8,10,80,0.2,0.3,future,bound,bound,22.255786706400002,21.74509935264,22.74284137029,0.681,27.0,0.0,0.984,0.956,0.864,1000
ks100,patch,ks100_patch_P8_b10,8,10,80,0.2,0.3,from_t0,bound,bound,22.255786706400002,21.74509935264,22.74284137029,0.681,27.0,0.0,0.984,0.956,0.864,1000
ks100,patch,ks100_patch_P8_b10,8,10,80,0.2,0.5,future,bound,bound,27.0,27.0,27.0,1.0,27.0,0.0,1.0,1.0,1.0,1000
ks100,patch,ks100_patch_P8_b10,8,10,80,0.2,0.5,from_t0,bound,bound,27.0,27.0,27.0,1.0,27.0,0.0,1.0,1.0,1.0,1000
ks100,patch,ks100_patch_P8_b10,8,10,80,0.495,0.1,future,bound,bound,0.04505193,0.04505193,0.04505193,0.0,0.04505193,1.0,0.0,0.0,0.0,1000
ks100,patch,ks100_patch_P8_b10,8,10,80,0.495,0.1,from_t0,bound,bound,0.0,0.0,0.0,0.0,0.0,1.0,0.0,0.0,0.0,1000
ks100,patch,ks100_patch_P8_b10,8,10,80,0.495,0.3,future,bound,bound,22.83636815856,22.3355560775085,23.31043058943,0.726,27.0,0.0,0.986,0.961,0.882,1000
ks100,patch,ks100_patch_P8_b10,8,10,80,0.495,0.3,from_t0,bound,bound,22.83636815856,22.3355560775085,23.31043058943,0.726,27.0,0.0,0.986,0.961,0.882,1000
ks100,patch,ks100_patch_P8_b10,8,10,80,0.495,0.5,future,bound,bound,27.0,27.0,27.0,1.0,27.0,0.0,1.0,1.0,1.0,1000
ks100,patch,ks100_patch_P8_b10,8,10,80,0.495,0.5,from_t0,bound,bound,27.0,27.0,27.0,1.0,27.0,0.0,1.0,1.0,1.0,1000
ks100,patch,ks100_patch_P8_b10,8,10,80,0.99,0.1,future,bound,bound,0.09010386,0.09010386,0.09010386,0.0,0.09010386,1.0,0.0,0.0,0.0,1000
ks100,patch,ks100_patch_P8_b10,8,10,80,0.99,0.1,from_t0,bound,bound,0.0,0.0,0.0,0.0,0.0,1.0,0.0,0.0,0.0,1000
ks100,patch,ks100_patch_P8_b10,8,10,80,0.99,0.3,future,bound,bound,23.95150275042,23.493528951947997,24.3695986232085,0.798,27.0,0.0,0.988,0.969,0.911,1000
ks100,patch,ks100_patch_P8_b10,8,10,80,0.99,0.3,from_t0,bound,bound,23.95150275042,23.493528951947997,24.3695986232085,0.798,27.0,0.0,0.988,0.969,0.911,1000
ks100,patch,ks100_patch_P8_b10,8,10,80,0.99,0.5,future,bound,bound,27.0,27.0,27.0,1.0,27.0,0.0,1.0,1.0,1.0,1000
ks100,patch,ks100_patch_P8_b10,8,10,80,0.99,0.5,from_t0,bound,bound,27.0,27.0,27.0,1.0,27.0,0.0,1.0,1.0,1.0,1000
ks100,patch,ks100_patch_P8_b10,8,10,80,0.2,0.1,future,persistence,reference,0.018202800000000005,0.018202800000000005,0.018202800000000005,0.0,0.0182028,,0.0,0.0,0.0,1000
ks100,patch,ks100_patch_P8_b10,8,10,80,0.2,0.1,from_t0,persistence,reference,0.0,0.0,0.0,0.0,0.0,,0.0,0.0,0.0,1000
ks100,patch,ks100_patch_P8_b10,8,10,80,0.2,0.3,future,persistence,reference,0.08835639120000002,0.08675454479999999,0.09003150387,0.0,0.091014,,0.0,0.0,0.0,1000
ks100,patch,ks100_patch_P8_b10,8,10,80,0.2,0.3,from_t0,persistence,reference,0.08835639120000002,0.08675454479999999,0.09003150387,0.0,0.091014,,0.0,0.0,0.0,1000
ks100,patch,ks100_patch_P8_b10,8,10,80,0.2,0.5,future,persistence,reference,0.189491148,0.18694275600000002,0.1921669596,0.0,0.182028,,0.0,0.0,0.0,1000
ks100,patch,ks100_patch_P8_b10,8,10,80,0.2,0.5,from_t0,persistence,reference,0.189491148,0.18694275600000002,0.1921669596,0.0,0.182028,,0.0,0.0,0.0,1000
ks100,patch,ks100_patch_P8_b10,8,10,80,0.495,0.1,future,persistence,reference,0.04505193,0.04505193,0.04505193,0.0,0.04505193,,0.0,0.0,0.0,1000
ks100,patch,ks100_patch_P8_b10,8,10,80,0.495,0.1,from_t0,persistence,reference,0.0,0.0,0.0,0.0,0.0,,0.0,0.0,0.0,1000
ks100,patch,ks100_patch_P8_b10,8,10,80,0.495,0.3,future,persistence,reference,0.10213272530999998,0.1004658039,0.10398098073824998,0.0,0.09010386,,0.0,0.0,0.0,1000
ks100,patch,ks100_patch_P8_b10,8,10,80,0.495,0.3,from_t0,persistence,reference,0.10213272530999998,0.1004658039,0.10398098073824998,0.0,0.09010386,,0.0,0.0,0.0,1000
ks100,patch,ks100_patch_P8_b10,8,10,80,0.495,0.5,future,persistence,reference,0.20304904850999997,0.20039098463999994,0.20584226816999995,0.0,0.18020772,,0.0,0.0,0.0,1000
ks100,patch,ks100_patch_P8_b10,8,10,80,0.495,0.5,from_t0,persistence,reference,0.20304904850999997,0.20039098463999994,0.20584226816999995,0.0,0.18020772,,0.0,0.0,0.0,1000
ks100,patch,ks100_patch_P8_b10,8,10,80,0.99,0.1,future,persistence,reference,0.09010386,0.09010386,0.09010386,0.0,0.09010386,,0.0,0.0,0.0,1000
ks100,patch,ks100_patch_P8_b10,8,10,80,0.99,0.1,from_t0,persistence,reference,0.0,0.0,0.0,0.0,0.0,,0.0,0.0,0.0,1000
ks100,patch,ks100_patch_P8_b10,8,10,80,0.99,0.3,future,persistence,reference,0.11740532958,0.11479231763999999,0.12010844538,0.0,0.09010386,,0.0,0.0,0.0,1000
ks100,patch,ks100_patch_P8_b10,8,10,80,0.99,0.3,from_t0,persistence,reference,0.11740532958,0.11479231763999999,0.12010844538,0.0,0.09010386,,0.0,0.0,0.0,1000
ks100,patch,ks100_patch_P8_b10,8,10,80,0.99,0.5,future,persistence,reference,0.22354767665999997,0.22048414541999994,0.22688151947999996,0.0,0.18020772,,0.0,0.0,0.0,1000
ks100,patch,ks100_patch_P8_b10,8,10,80,0.99,0.5,from_t0,persistence,reference,0.22354767665999997,0.22048414541999994,0.22688151947999996,0.0,0.18020772,,0.0,0.0,0.0,1000
ks100,patch,ks100_patch_P8_b10,8,10,80,0.2,0.1,future,decode_and_integrate,reference,0.018202800000000005,0.018202800000000005,0.018202800000000005,0.0,0.0182028,,0.0,0.0,0.0,1000
ks100,patch,ks100_patch_P8_b10,8,10,80,0.2,0.1,from_t0,decode_and_integrate,reference,0.0,0.0,0.0,0.0,0.0,,0.0,0.0,0.0,1000
ks100,patch,ks100_patch_P8_b10,8,10,80,0.2,0.3,future,decode_and_integrate,reference,0.214702026,0.20914971693,0.22078267134000001,0.0,0.2002308,,0.001,0.0,0.0,1000
ks100,patch,ks100_patch_P8_b10,8,10,80,0.2,0.3,from_t0,decode_and_integrate,reference,0.214702026,0.20914971693,0.22078267134000001,0.0,0.2002308,,0.001,0.0,0.0,1000
ks100,patch,ks100_patch_P8_b10,8,10,80,0.2,0.5,future,decode_and_integrate,reference,0.4648449036,0.45313868292,0.47788083882000004,0.0,0.41866440000000005,,0.03,0.0,0.0,1000
ks100,patch,ks100_patch_P8_b10,8,10,80,0.2,0.5,from_t0,decode_and_integrate,reference,0.4648449036,0.45313868292,0.47788083882000004,0.0,0.41866440000000005,,0.03,0.0,0.0,1000
ks100,patch,ks100_patch_P8_b10,8,10,80,0.495,0.1,future,decode_and_integrate,reference,0.04505193,0.04505193,0.04505193,0.0,0.04505193,,0.0,0.0,0.0,1000
ks100,patch,ks100_patch_P8_b10,8,10,80,0.495,0.1,from_t0,decode_and_integrate,reference,0.0,0.0,0.0,0.0,0.0,,0.0,0.0,0.0,1000
ks100,patch,ks100_patch_P8_b10,8,10,80,0.495,0.3,future,decode_and_integrate,reference,0.22773750614999996,0.22201591103999999,0.23391187315649997,0.0,0.22525964999999998,,0.001,0.0,0.0,1000
ks100,patch,ks100_patch_P8_b10,8,10,80,0.495,0.3,from_t0,decode_and_integrate,reference,0.22773750614999996,0.22201591103999999,0.23391187315649997,0.0,0.22525964999999998,,0.001,0.0,0.0,1000
ks100,patch,ks100_patch_P8_b10,8,10,80,0.495,0.5,future,decode_and_integrate,reference,0.4786317043199999,0.46682809865999997,0.49174181594999994,0.0,0.40546737,,0.028,0.0,0.0,1000
ks100,patch,ks100_patch_P8_b10,8,10,80,0.495,0.5,from_t0,decode_and_integrate,reference,0.4786317043199999,0.46682809865999997,0.49174181594999994,0.0,0.40546737,,0.028,0.0,0.0,1000
ks100,patch,ks100_patch_P8_b10,8,10,80,0.99,0.1,future,decode_and_integrate,reference,0.09010386,0.09010386,0.09010386,0.0,0.09010386,,0.0,0.0,0.0,1000
ks100,patch,ks100_patch_P8_b10,8,10,80,0.99,0.1,from_t0,decode_and_integrate,reference,0.0,0.0,0.0,0.0,0.0,,0.0,0.0,0.0,1000
ks100,patch,ks100_patch_P8_b10,8,10,80,0.99,0.3,future,decode_and_integrate,reference,0.24922727676,0.24364083743999998,0.2554444431,0.0,0.27031158,,0.001,0.0,0.0,1000
ks100,patch,ks100_patch_P8_b10,8,10,80,0.99,0.3,from_t0,decode_and_integrate,reference,0.24922727676,0.24364083743999998,0.2554444431,0.0,0.27031158,,0.001,0.0,0.0,1000
ks100,patch,ks100_patch_P8_b10,8,10,80,0.99,0.5,future,decode_and_integrate,reference,0.50196860406,0.48998028548699996,0.5153062279364998,0.0,0.45051929999999996,,0.028,0.0,0.0,1000
ks100,patch,ks100_patch_P8_b10,8,10,80,0.99,0.5,from_t0,decode_and_integrate,reference,0.50196860406,0.48998028548699996,0.5153062279364998,0.0,0.45051929999999996,,0.028,0.0,0.0,1000
ks100,patch,ks100_patch_P8_b12,8,12,96,0.2,0.1,future,bound,bound,0.018202800000000005,0.018202800000000005,0.018202800000000005,0.0,0.0182028,1.0,0.0,0.0,0.0,1000
ks100,patch,ks100_patch_P8_b12,8,12,96,0.2,0.1,from_t0,bound,bound,0.0,0.0,0.0,0.0,0.0,1.0,0.0,0.0,0.0,1000
ks100,patch,ks100_patch_P8_b12,8,12,96,0.2,0.3,future,bound,bound,27.0,27.0,27.0,1.0,27.0,0.0,1.0,1.0,1.0,1000
ks100,patch,ks100_patch_P8_b12,8,12,96,0.2,0.3,from_t0,bound,bound,27.0,27.0,27.0,1.0,27.0,0.0,1.0,1.0,1.0,1000
ks100,patch,ks100_patch_P8_b12,8,12,96,0.2,0.5,future,bound,bound,27.0,27.0,27.0,1.0,27.0,0.0,1.0,1.0,1.0,1000
ks100,patch,ks100_patch_P8_b12,8,12,96,0.2,0.5,from_t0,bound,bound,27.0,27.0,27.0,1.0,27.0,0.0,1.0,1.0,1.0,1000
ks100,patch,ks100_patch_P8_b12,8,12,96,0.495,0.1,future,bound,bound,0.04505193,0.04505193,0.04505193,0.0,0.04505193,1.0,0.0,0.0,0.0,1000
ks100,patch,ks100_patch_P8_b12,8,12,96,0.495,0.1,from_t0,bound,bound,0.0,0.0,0.0,0.0,0.0,1.0,0.0,0.0,0.0,1000
ks100,patch,ks100_patch_P8_b12,8,12,96,0.495,0.3,future,bound,bound,27.0,27.0,27.0,1.0,27.0,0.0,1.0,1.0,1.0,1000
ks100,patch,ks100_patch_P8_b12,8,12,96,0.495,0.3,from_t0,bound,bound,27.0,27.0,27.0,1.0,27.0,0.0,1.0,1.0,1.0,1000
ks100,patch,ks100_patch_P8_b12,8,12,96,0.495,0.5,future,bound,bound,27.0,27.0,27.0,1.0,27.0,0.0,1.0,1.0,1.0,1000
ks100,patch,ks100_patch_P8_b12,8,12,96,0.495,0.5,from_t0,bound,bound,27.0,27.0,27.0,1.0,27.0,0.0,1.0,1.0,1.0,1000
ks100,patch,ks100_patch_P8_b12,8,12,96,0.99,0.1,future,bound,bound,0.09010386,0.09010386,0.09010386,0.0,0.09010386,1.0,0.0,0.0,0.0,1000
ks100,patch,ks100_patch_P8_b12,8,12,96,0.99,0.1,from_t0,bound,bound,0.0,0.0,0.0,0.0,0.0,1.0,0.0,0.0,0.0,1000
ks100,patch,ks100_patch_P8_b12,8,12,96,0.99,0.3,future,bound,bound,27.0,27.0,27.0,1.0,27.0,0.0,1.0,1.0,1.0,1000
ks100,patch,ks100_patch_P8_b12,8,12,96,0.99,0.3,from_t0,bound,bound,27.0,27.0,27.0,1.0,27.0,0.0,1.0,1.0,1.0,1000
ks100,patch,ks100_patch_P8_b12,8,12,96,0.99,0.5,future,bound,bound,27.0,27.0,27.0,1.0,27.0,0.0,1.0,1.0,1.0,1000
ks100,patch,ks100_patch_P8_b12,8,12,96,0.99,0.5,from_t0,bound,bound,27.0,27.0,27.0,1.0,27.0,0.0,1.0,1.0,1.0,1000
ks100,patch,ks100_patch_P8_b12,8,12,96,0.2,0.1,future,persistence,reference,0.018202800000000005,0.018202800000000005,0.018202800000000005,0.0,0.0182028,,0.0,0.0,0.0,1000
ks100,patch,ks100_patch_P8_b12,8,12,96,0.2,0.1,from_t0,persistence,reference,0.0,0.0,0.0,0.0,0.0,,0.0,0.0,0.0,1000
ks100,patch,ks100_patch_P8_b12,8,12,96,0.2,0.3,future,persistence,reference,0.10459328879999999,0.10304559573,0.1061587296,0.0,0.1092168,,0.0,0.0,0.0,1000
ks100,patch,ks100_patch_P8_b12,8,12,96,0.2,0.3,from_t0,persistence,reference,0.10459328879999999,0.10304559573,0.1061587296,0.0,0.1092168,,0.0,0.0,0.0,1000
ks100,patch,ks100_patch_P8_b12,8,12,96,0.2,0.5,future,persistence,reference,0.19733655479999998,0.19484277120000001,0.19995821307,0.0,0.182028,,0.0,0.0,0.0,1000
ks100,patch,ks100_patch_P8_b12,8,12,96,0.2,0.5,from_t0,persistence,reference,0.19733655479999998,0.19484277120000001,0.19995821307,0.0,0.182028,,0.0,0.0,0.0,1000
ks100,patch,ks100_patch_P8_b12,8,12,96,0.495,0.1,future,persistence,reference,0.04505193,0.04505193,0.04505193,0.0,0.04505193,,0.0,0.0,0.0,1000
ks100,patch,ks100_patch_P8_b12,8,12,96,0.495,0.1,from_t0,persistence,reference,0.0,0.0,0.0,0.0,0.0,,0.0,0.0,0.0,1000
ks100,patch,ks100_patch_P8_b12,8,12,96,0.495,0.3,future,persistence,reference,0.11749543343999999,0.11578233380174999,0.11925245870999998,0.0,0.13515579,,0.0,0.0,0.0,1000
ks100,patch,ks100_patch_P8_b12,8,12,96,0.495,0.3,from_t0,persistence,reference,0.11749543343999999,0.11578233380174999,0.11925245870999998,0.0,0.13515579,,0.0,0.0,0.0,1000
ks100,patch,ks100_patch_P8_b12,8,12,96,0.495,0.5,future,persistence,reference,0.21066282467999997,0.20813991659999997,0.21327583661999994,0.0,0.22525964999999998,,0.0,0.0,0.0,1000
ks100,patch,ks100_patch_P8_b12,8,12,96,0.495,0.5,from_t0,persistence,reference,0.21066282467999997,0.20813991659999997,0.21327583661999994,0.0,0.22525964999999998,,0.0,0.0,0.0,1000
ks100,patch,ks100_patch_P8_b12,8,12,96,0.99,0.1,future,persistence,reference,0.09010386,0.09010386,0.09010386,0.0,0.09010386,,0.0,0.0,0.0,1000
ks100,patch,ks100_patch_P8_b12,8,12,96,0.99,0.1,from_t0,persistence,reference,0.0,0.0,0.0,0.0,0.0,,0.0,0.0,0.0,1000
ks100,patch,ks100_patch_P8_b12,8,12,96,0.99,0.3,future,persistence,reference,0.13812921738,0.1354238489835,0.14083233318000002,0.0,0.18020772,,0.0,0.0,0.0,1000
ks100,patch,ks100_patch_P8_b12,8,12,96,0.99,0.3,from_t0,persistence,reference,0.13812921738,0.1354238489835,0.14083233318000002,0.0,0.18020772,,0.0,0.0,0.0,1000
ks100,patch,ks100_patch_P8_b12,8,12,96,0.99,0.5,future,persistence,reference,0.23102629703999997,0.22796276579999997,0.23417993213999996,0.0,0.27031158,,0.0,0.0,0.0,1000
ks100,patch,ks100_patch_P8_b12,8,12,96,0.99,0.5,from_t0,persistence,reference,0.23102629703999997,0.22796276579999997,0.23417993213999996,0.0,0.27031158,,0.0,0.0,0.0,1000
ks100,patch,ks100_patch_P8_b12,8,12,96,0.2,0.1,future,decode_and_integrate,reference,0.018202800000000005,0.018202800000000005,0.018202800000000005,0.0,0.0182028,,0.0,0.0,0.0,1000
ks100,patch,ks100_patch_P8_b12,8,12,96,0.2,0.1,from_t0,decode_and_integrate,reference,0.0,0.0,0.0,0.0,0.0,,0.0,0.0,0.0,1000
ks100,patch,ks100_patch_P8_b12,8,12,96,0.2,0.3,future,decode_and_integrate,reference,0.31201419480000003,0.30538837560000004,0.3188948532,0.0,0.2912448,,0.002,0.0,0.0,1000
ks100,patch,ks100_patch_P8_b12,8,12,96,0.2,0.3,from_t0,decode_and_integrate,reference,0.31201419480000003,0.30538837560000004,0.3188948532,0.0,0.2912448,,0.002,0.0,0.0,1000
ks100,patch,ks100_patch_P8_b12,8,12,96,0.2,0.5,future,decode_and_integrate,reference,0.6419945531999999,0.6268862292000001,0.65785055721,0.0,0.5824896,,0.105,0.0,0.0,1000
ks100,patch,ks100_patch_P8_b12,8,12,96,0.2,0.5,from_t0,decode_and_integrate,reference,0.6419945531999999,0.6268862292000001,0.65785055721,0.0,0.5824896,,0.105,0.0,0.0,1000
ks100,patch,ks100_patch_P8_b12,8,12,96,0.495,0.1,future,decode_and_integrate,reference,0.04505193,0.04505193,0.04505193,0.0,0.04505193,,0.0,0.0,0.0,1000
ks100,patch,ks100_patch_P8_b12,8,12,96,0.495,0.1,from_t0,decode_and_integrate,reference,0.0,0.0,0.0,0.0,0.0,,0.0,0.0,0.0,1000
ks100,patch,ks100_patch_P8_b12,8,12,96,0.495,0.3,future,decode_and_integrate,reference,0.32495957108999995,0.31838198931,0.33180746445,0.0,0.31536350999999996,,0.002,0.0,0.0,1000
ks100,patch,ks100_patch_P8_b12,8,12,96,0.495,0.3,from_t0,decode_and_integrate,reference,0.32495957108999995,0.31838198931,0.33180746445,0.0,0.31536350999999996,,0.002,0.0,0.0,1000
ks100,patch,ks100_patch_P8_b12,8,12,96,0.495,0.5,future,decode_and_integrate,reference,0.65582094501,0.6407262958634999,0.67195066224825,0.0,0.58567509,,0.101,0.0,0.0,1000
ks100,patch,ks100_patch_P8_b12,8,12,96,0.495,0.5,from_t0,decode_and_integrate,reference,0.65582094501,0.6407262958634999,0.67195066224825,0.0,0.58567509,,0.101,0.0,0.0,1000
ks100,patch,ks100_patch_P8_b12,8,12,96,0.99,0.1,future,decode_and_integrate,reference,0.09010386,0.09010386,0.09010386,0.0,0.09010386,,0.0,0.0,0.0,1000
ks100,patch,ks100_patch_P8_b12,8,12,96,0.99,0.1,from_t0,decode_and_integrate,reference,0.0,0.0,0.0,0.0,0.0,,0.0,0.0,0.0,1000
ks100,patch,ks100_patch_P8_b12,8,12,96,0.99,0.3,future,decode_and_integrate,reference,0.34771079573999997,0.34086290238,0.3548290006799999,0.0,0.36041544,,0.002,0.0,0.0,1000
ks100,patch,ks100_patch_P8_b12,8,12,96,0.99,0.3,from_t0,decode_and_integrate,reference,0.34771079573999997,0.34086290238,0.3548290006799999,0.0,0.36041544,,0.002,0.0,0.0,1000
ks100,patch,ks100_patch_P8_b12,8,12,96,0.99,0.5,future,decode_and_integrate,reference,0.6810049738799999,0.6657751689435,0.6969556096965,0.0,0.6307270199999999,,0.102,0.0,0.0,1000
ks100,patch,ks100_patch_P8_b12,8,12,96,0.99,0.5,from_t0,decode_and_integrate,reference,0.6810049738799999,0.6657751689435,0.6969556096965,0.0,0.6307270199999999,,0.102,0.0,0.0,1000
ks100,patch,ks100_patch_P8_b14,8,14,112,0.2,0.1,future,bound,bound,0.018202800000000005,0.018202800000000005,0.018202800000000005,0.0,0.0182028,0.998,0.0,0.0,0.0,1000
ks100,patch,ks100_patch_P8_b14,8,14,112,0.2,0.1,from_t0,bound,bound,3.64056e-05,0.0,9.1014e-05,0.0,0.0,0.998,0.0,0.0,0.0,1000
ks100,patch,ks100_patch_P8_b14,8,14,112,0.2,0.3,future,bound,bound,27.0,27.0,27.0,1.0,27.0,0.0,1.0,1.0,1.0,1000
ks100,patch,ks100_patch_P8_b14,8,14,112,0.2,0.3,from_t0,bound,bound,27.0,27.0,27.0,1.0,27.0,0.0,1.0,1.0,1.0,1000
ks100,patch,ks100_patch_P8_b14,8,14,112,0.2,0.5,future,bound,bound,27.0,27.0,27.0,1.0,27.0,0.0,1.0,1.0,1.0,1000
ks100,patch,ks100_patch_P8_b14,8,14,112,0.2,0.5,from_t0,bound,bound,27.0,27.0,27.0,1.0,27.0,0.0,1.0,1.0,1.0,1000
ks100,patch,ks100_patch_P8_b14,8,14,112,0.495,0.1,future,bound,bound,0.04514203386,0.04505193,0.045277189649999994,0.0,0.04505193,0.998,0.0,0.0,0.0,1000
ks100,patch,ks100_patch_P8_b14,8,14,112,0.495,0.1,from_t0,bound,bound,9.010386e-05,0.0,0.00022525964999999998,0.0,0.0,0.998,0.0,0.0,0.0,1000
ks100,patch,ks100_patch_P8_b14,8,14,112,0.495,0.3,future,bound,bound,27.0,27.0,27.0,1.0,27.0,0.0,1.0,1.0,1.0,1000
ks100,patch,ks100_patch_P8_b14,8,14,112,0.495,0.3,from_t0,bound,bound,27.0,27.0,27.0,1.0,27.0,0.0,1.0,1.0,1.0,1000
ks100,patch,ks100_patch_P8_b14,8,14,112,0.495,0.5,future,bound,bound,27.0,27.0,27.0,1.0,27.0,0.0,1.0,1.0,1.0,1000
ks100,patch,ks100_patch_P8_b14,8,14,112,0.495,0.5,from_t0,bound,bound,27.0,27.0,27.0,1.0,27.0,0.0,1.0,1.0,1.0,1000
ks100,patch,ks100_patch_P8_b14,8,14,112,0.99,0.1,future,bound,bound,0.09028406772,0.09010386,0.09055437929999999,0.0,0.09010386,0.998,0.0,0.0,0.0,1000
ks100,patch,ks100_patch_P8_b14,8,14,112,0.99,0.1,from_t0,bound,bound,0.00018020772,0.0,0.00045051929999999997,0.0,0.0,0.998,0.0,0.0,0.0,1000
ks100,patch,ks100_patch_P8_b14,8,14,112,0.99,0.3,future,bound,bound,27.0,27.0,27.0,1.0,27.0,0.0,1.0,1.0,1.0,1000
ks100,patch,ks100_patch_P8_b14,8,14,112,0.99,0.3,from_t0,bound,bound,27.0,27.0,27.0,1.0,27.0,0.0,1.0,1.0,1.0,1000
ks100,patch,ks100_patch_P8_b14,8,14,112,0.99,0.5,future,bound,bound,27.0,27.0,27.0,1.0,27.0,0.0,1.0,1.0,1.0,1000
ks100,patch,ks100_patch_P8_b14,8,14,112,0.99,0.5,from_t0,bound,bound,27.0,27.0,27.0,1.0,27.0,0.0,1.0,1.0,1.0,1000
ks100,patch,ks100_patch_P8_b14,8,14,112,0.2,0.1,future,persistence,reference,0.018202800000000005,0.018202800000000005,0.018202800000000005,0.0,0.0182028,,0.0,0.0,0.0,1000
ks100,patch,ks100_patch_P8_b14,8,14,112,0.2,0.1,from_t0,persistence,reference,3.64056e-05,0.0,9.1014e-05,0.0,0.0,,0.0,0.0,0.0,1000
ks100,patch,ks100_patch_P8_b14,8,14,112,0.2,0.3,future,persistence,reference,0.1117833948,0.11029076520000002,0.11333063280000001,0.0,0.1092168,,0.0,0.0,0.0,1000
ks100,patch,ks100_patch_P8_b14,8,14,112,0.2,0.3,from_t0,persistence,reference,0.1117833948,0.11029076520000002,0.11333063280000001,0.0,0.1092168,,0.0,0.0,0.0,1000
ks100,patch,ks100_patch_P8_b14,8,14,112,0.2,0.5,future,persistence,reference,0.2003400168,0.1979372472,0.20281696281,0.0,0.2002308,,0.0,0.0,0.0,1000
ks100,patch,ks100_patch_P8_b14,8,14,112,0.2,0.5,from_t0,persistence,reference,0.2003400168,0.1979372472,0.20281696281,0.0,0.2002308,,0.0,0.0,0.0,1000
ks100,patch,ks100_patch_P8_b14,8,14,112,0.495,0.1,future,persistence,reference,0.04505193,0.04505193,0.04505193,0.0,0.04505193,,0.0,0.0,0.0,1000
ks100,patch,ks100_patch_P8_b14,8,14,112,0.495,0.1,from_t0,persistence,reference,9.010386e-05,0.0,0.00022525964999999998,0.0,0.0,,0.0,0.0,0.0,1000
ks100,patch,ks100_patch_P8_b14,8,14,112,0.495,0.3,future,persistence,reference,0.12533446926,0.12366754784999999,0.12700139067,0.0,0.13515579,,0.0,0.0,0.0,1000
ks100,patch,ks100_patch_P8_b14,8,14,112,0.495,0.3,from_t0,persistence,reference,0.12533446926,0.12366754784999999,0.12700139067,0.0,0.13515579,,0.0,0.0,0.0,1000
ks100,patch,ks100_patch_P8_b14,8,14,112,0.495,0.5,future,persistence,reference,0.21345604433999996,0.21097706189174995,0.21607018257824998,0.0,0.22525964999999998,,0.0,0.0,0.0,1000
ks100,patch,ks100_patch_P8_b14,8,14,112,0.495,0.5,from_t0,persistence,reference,0.21345604433999996,0.21097706189174995,0.21607018257824998,0.0,0.22525964999999998,,0.0,0.0,0.0,1000
ks100,patch,ks100_patch_P8_b14,8,14,112,0.99,0.1,future,persistence,reference,0.09010386,0.09010386,0.09010386,0.0,0.09010386,,0.0,0.0,0.0,1000
ks100,patch,ks100_patch_P8_b14,8,14,112,0.99,0.1,from_t0,persistence,reference,0.00018020772,0.0,0.00045051929999999997,0.0,0.0,,0.0,0.0,0.0,1000
ks100,patch,ks100_patch_P8_b14,8,14,112,0.99,0.3,future,persistence,reference,0.15209531568,0.14948230374000002,0.15461822375999998,0.0,0.18020772,,0.0,0.0,0.0,1000
ks100,patch,ks100_patch_P8_b14,8,14,112,0.99,0.3,from_t0,persistence,reference,0.15209531568,0.14948230374000002,0.15461822375999998,0.0,0.18020772,,0.0,0.0,0.0,1000
ks100,patch,ks100_patch_P8_b14,8,14,112,0.99,0.5,future,persistence,reference,0.23417993213999994,0.23111640089999996,0.23733356724,0.0,0.27031158,,0.0,0.0,0.0,1000
ks100,patch,ks100_patch_P8_b14,8,14,112,0.99,0.5,from_t0,persistence,reference,0.23417993213999994,0.23111640089999996,0.23733356724,0.0,0.27031158,,0.0,0.0,0.0,1000
ks100,patch,ks100_patch_P8_b14,8,14,112,0.2,0.1,future,decode_and_integrate,reference,0.021024234000000003,0.020004877200000003,0.02213505987,0.0,0.0182028,,0.0,0.0,0.0,1000
ks100,patch,ks100_patch_P8_b14,8,14,112,0.2,0.1,from_t0,decode_and_integrate,reference,0.0002366364,0.0,0.0006553008,0.0,0.0,,0.0,0.0,0.0,1000
ks100,patch,ks100_patch_P8_b14,8,14,112,0.2,0.3,future,decode_and_integrate,reference,0.4391971584,0.42816580652999997,0.45041053827000005,0.0,0.4004616,,0.017,0.0,0.0,1000
ks100,patch,ks100_patch_P8_b14,8,14,112,0.2,0.3,from_t0,decode_and_integrate,reference,0.4391971584,0.42816580652999997,0.45041053827000005,0.0,0.4004616,,0.017,0.0,0.0,1000
ks100,patch,ks100_patch_P8_b14,8,14,112,0.2,0.5,future,decode_and_integrate,reference,0.8339976875999999,0.8135877981,0.8547880156200001,0.0,0.728112,,0.242,0.0,0.0,1000
ks100,patch,ks100_patch_P8_b14,8,14,112,0.2,0.5,from_t0,decode_and_integrate,reference,0.8339976875999999,0.8135877981,0.8547880156200001,0.0,0.728112,,0.242,0.0,0.0,1000
ks100,patch,ks100_patch_P8_b14,8,14,112,0.495,0.1,future,decode_and_integrate,reference,0.04852092861,0.04743968228999999,0.04964722685999999,0.0,0.04505193,,0.0,0.0,0.0,1000
ks100,patch,ks100_patch_P8_b14,8,14,112,0.495,0.1,from_t0,decode_and_integrate,reference,0.00027031158,0.0,0.00072083088,0.0,0.0,,0.0,0.0,0.0,1000
ks100,patch,ks100_patch_P8_b14,8,14,112,0.495,0.3,future,decode_and_integrate,reference,0.45191590982999996,0.4408308824535,0.46318001862825,0.0,0.40546737,,0.015,0.0,0.0,1000
ks100,patch,ks100_patch_P8_b14,8,14,112,0.495,0.3,from_t0,decode_and_integrate,reference,0.45191590982999996,0.4408308824535,0.46318001862825,0.0,0.40546737,,0.015,0.0,0.0,1000
ks100,patch,ks100_patch_P8_b14,8,14,112,0.495,0.5,future,decode_and_integrate,reference,0.84774216681,0.82733364252,0.8683365303112499,0.0,0.7658828099999999,,0.233,0.0,0.0,1000
ks100,patch,ks100_patch_P8_b14,8,14,112,0.495,0.5,from_t0,decode_and_integrate,reference,0.84774216681,0.82733364252,0.8683365303112499,0.0,0.7658828099999999,,0.233,0.0,0.0,1000
ks100,patch,ks100_patch_P8_b14,8,14,112,0.99,0.1,future,decode_and_integrate,reference,0.0923564565,0.09145541789999999,0.09334759896,0.0,0.09010386,,0.0,0.0,0.0,1000
ks100,patch,ks100_patch_P8_b14,8,14,112,0.99,0.1,from_t0,decode_and_integrate,reference,0.00027031158,0.0,0.00072083088,0.0,0.0,,0.0,0.0,0.0,1000
ks100,patch,ks100_patch_P8_b14,8,14,112,0.99,0.3,future,decode_and_integrate,reference,0.47538796535999994,0.4641249828599999,0.48683115557999995,0.0,0.45051929999999996,,0.015,0.0,0.0,1000
ks100,patch,ks100_patch_P8_b14,8,14,112,0.99,0.3,from_t0,decode_and_integrate,reference,0.47538796535999994,0.4641249828599999,0.48683115557999995,0.0,0.45051929999999996,,0.015,0.0,0.0,1000
ks100,patch,ks100_patch_P8_b14,8,14,112,0.99,0.5,future,decode_and_integrate,reference,0.8708538068999999,0.8502177703635,0.8916677985599999,0.0,0.81093474,,0.233,0.0,0.0,1000
ks100,patch,ks100_patch_P8_b14,8,14,112,0.99,0.5,from_t0,decode_and_integrate,reference,0.8708538068999999,0.8502177703635,0.8916677985599999,0.0,0.81093474,,0.233,0.0,0.0,1000
ks100,patch,ks100_patch_P8_b16,8,16,128,0.2,0.1,future,bound,bound,0.0329652708,0.028268493330000005,0.03828139853999999,0.0,0.0182028,0.864,0.001,0.0,0.0,1000
ks100,patch,ks100_patch_P8_b16,8,16,128,0.2,0.1,from_t0,bound,bound,0.015690813600000002,0.010884364260000001,0.02106154973999999,0.0,0.0,0.864,0.001,0.0,0.0,1000
ks100,patch,ks100_patch_P8_b16,8,16,128,0.2,0.3,future,bound,bound,27.0,27.0,27.0,1.0,27.0,0.0,1.0,1.0,1.0,1000
ks100,patch,ks100_patch_P8_b16,8,16,128,0.2,0.3,from_t0,bound,bound,27.0,27.0,27.0,1.0,27.0,0.0,1.0,1.0,1.0,1000
ks100,patch,ks100_patch_P8_b16,8,16,128,0.2,0.5,future,bound,bound,27.0,27.0,27.0,1.0,27.0,0.0,1.0,1.0,1.0,1000
ks100,patch,ks100_patch_P8_b16,8,16,128,0.2,0.5,from_t0,bound,bound,27.0,27.0,27.0,1.0,27.0,0.0,1.0,1.0,1.0,1000
ks100,patch,ks100_patch_P8_b16,8,16,128,0.495,0.1,future,bound,bound,0.06550550622,0.06014320025174999,0.07194905850825001,0.0,0.04505193,0.864,0.002,0.0,0.0,1000
ks100,patch,ks100_patch_P8_b16,8,16,128,0.495,0.1,from_t0,bound,bound,0.02126451096,0.01558796778,0.027888270968249994,0.0,0.0,0.864,0.002,0.0,0.0,1000
ks100,patch,ks100_patch_P8_b16,8,16,128,0.495,0.3,future,bound,bound,27.0,27.0,27.0,1.0,27.0,0.0,1.0,1.0,1.0,1000
ks100,patch,ks100_patch_P8_b16,8,16,128,0.495,0.3,from_t0,bound,bound,27.0,27.0,27.0,1.0,27.0,0.0,1.0,1.0,1.0,1000
ks100,patch,ks100_patch_P8_b16,8,16,128,0.495,0.5,future,bound,bound,27.0,27.0,27.0,1.0,27.0,0.0,1.0,1.0,1.0,1000
ks100,patch,ks100_patch_P8_b16,8,16,128,0.495,0.5,from_t0,bound,bound,27.0,27.0,27.0,1.0,27.0,0.0,1.0,1.0,1.0,1000
ks100,patch,ks100_patch_P8_b16,8,16,128,0.99,0.1,future,bound,bound,0.12911883138,0.120554459487,0.1393929240165,0.0,0.09010386,0.864,0.007,0.0,0.0,1000
ks100,patch,ks100_patch_P8_b16,8,16,128,0.99,0.1,from_t0,bound,bound,0.037393101899999996,0.02874313134,0.04703421492,0.0,0.0,0.864,0.006,0.0,0.0,1000
ks100,patch,ks100_patch_P8_b16,8,16,128,0.99,0.3,future,bound,bound,27.0,27.0,27.0,1.0,27.0,0.0,1.0,1.0,1.0,1000
ks100,patch,ks100_patch_P8_b16,8,16,128,0.99,0.3,from_t0,bound,bound,27.0,27.0,27.0,1.0,27.0,0.0,1.0,1.0,1.0,1000
ks100,patch,ks100_patch_P8_b16,8,16,128,0.99,0.5,future,bound,bound,27.0,27.0,27.0,1.0,27.0,0.0,1.0,1.0,1.0,1000
ks100,patch,ks100_patch_P8_b16,8,16,128,0.99,0.5,from_t0,bound,bound,27.0,27.0,27.0,1.0,27.0,0.0,1.0,1.0,1.0,1000
ks100,patch,ks100_patch_P8_b16,8,16,128,0.2,0.1,future,persistence,reference,0.0192221568,0.018966862530000003,0.0195134016,0.0,0.0182028,,0.0,0.0,0.0,1000
ks100,patch,ks100_patch_P8_b16,8,16,128,0.2,0.1,from_t0,persistence,reference,0.0033493152000000003,0.0028032312000000003,0.003932259869999999,0.0,0.0,,0.0,0.0,0.0,1000
ks100,patch,ks100_patch_P8_b16,8,16,128,0.2,0.3,future,persistence,reference,0.1157516052,0.1142771784,0.1172806404,0.0,0.1092168,,0.0,0.0,0.0,1000
ks100,patch,ks100_patch_P8_b16,8,16,128,0.2,0.3,from_t0,persistence,reference,0.1157516052,0.1142771784,0.1172806404,0.0,0.1092168,,0.0,0.0,0.0,1000
ks100,patch,ks100_patch_P8_b16,8,16,128,0.2,0.5,future,persistence,reference,0.20237873039999998,0.1998849468,0.2049271224,0.0,0.2002308,,0.0,0.0,0.0,1000
ks100,patch,ks100_patch_P8_b16,8,16,128,0.2,0.5,from_t0,persistence,reference,0.20237873039999998,0.1998849468,0.2049271224,0.0,0.2002308,,0.0,0.0,0.0,1000
ks100,patch,ks100_patch_P8_b16,8,16,128,0.495,0.1,future,persistence,reference,0.045096981929999995,0.04505193,0.04518708579,0.0,0.04505193,,0.0,0.0,0.0,1000
ks100,patch,ks100_patch_P8_b16,8,16,128,0.495,0.1,from_t0,persistence,reference,0.0061721144099999995,0.005271075809999999,0.0072083087999999995,0.0,0.0,,0.0,0.0,0.0,1000
ks100,patch,ks100_patch_P8_b16,8,16,128,0.495,0.3,future,persistence,reference,0.12920893524000002,0.12758593946175,0.13096596051,0.0,0.13515579,,0.0,0.0,0.0,1000
ks100,patch,ks100_patch_P8_b16,8,16,128,0.495,0.3,from_t0,persistence,reference,0.12920893524000002,0.12758593946175,0.13096596051,0.0,0.13515579,,0.0,0.0,0.0,1000
ks100,patch,ks100_patch_P8_b16,8,16,128,0.495,0.5,future,persistence,reference,0.21588884855999993,0.21332088854999995,0.21863701628999996,0.0,0.22525964999999998,,0.0,0.0,0.0,1000
ks100,patch,ks100_patch_P8_b16,8,16,128,0.495,0.5,from_t0,persistence,reference,0.21588884855999993,0.21332088854999995,0.21863701628999996,0.0,0.22525964999999998,,0.0,0.0,0.0,1000
ks100,patch,ks100_patch_P8_b16,8,16,128,0.99,0.1,future,persistence,reference,0.09010386,0.09010386,0.09010386,0.0,0.09010386,,0.0,0.0,0.0,1000
ks100,patch,ks100_patch_P8_b16,8,16,128,0.99,0.1,from_t0,persistence,reference,0.012254124959999998,0.01045204776,0.01423640988,0.0,0.0,,0.0,0.0,0.0,1000
ks100,patch,ks100_patch_P8_b16,8,16,128,0.99,0.3,future,persistence,reference,0.15741144342000002,0.15497863919999996,0.1599343515,0.0,0.18020772,,0.0,0.0,0.0,1000
ks100,patch,ks100_patch_P8_b16,8,16,128,0.99,0.3,from_t0,persistence,reference,0.15741144342000002,0.15497863919999996,0.1599343515,0.0,0.18020772,,0.0,0.0,0.0,1000
ks100,patch,ks100_patch_P8_b16,8,16,128,0.99,0.5,future,persistence,reference,0.23688304793999998,0.23372716024349996,0.24012678689999994,0.0,0.27031158,,0.0,0.0,0.0,1000
ks100,patch,ks100_patch_P8_b16,8,16,128,0.99,0.5,from_t0,persistence,reference,0.23688304793999998,0.23372716024349996,0.24012678689999994,0.0,0.27031158,,0.0,0.0,0.0,1000
ks100,patch,ks100_patch_P8_b16,8,16,128,0.2,0.1,future,decode_and_integrate,reference,0.0593229252,0.055936749329999993,0.06309135987,0.0,0.0182028,,0.0,0.0,0.0,1000
ks100,patch,ks100_patch_P8_b16,8,16,128,0.2,0.1,from_t0,decode_and_integrate,reference,0.0174564852,0.01463459613,0.020588276939999994,0.0,0.0,,0.0,0.0,0.0,1000
ks100,patch,ks100_patch_P8_b16,8,16,128,0.2,0.3,future,decode_and_integrate,reference,0.5589351768,0.5447360826600001,0.5733340466700001,0.0,0.5096784,,0.055,0.0,0.0,1000
ks100,patch,ks100_patch_P8_b16,8,16,128,0.2,0.3,from_t0,decode_and_integrate,reference,0.5589351768,0.5447360826600001,0.5733340466700001,0.0,0.5096784,,0.055,0.0,0.0,1000
ks100,patch,ks100_patch_P8_b16,8,16,128,0.2,0.5,future,decode_and_integrate,reference,1.000789944,0.97690513998,1.0250001230699999,0.0,0.9101400000000001,,0.422,0.0,0.0,1000
ks100,patch,ks100_patch_P8_b16,8,16,128,0.2,0.5,from_t0,decode_and_integrate,reference,1.000789944,0.97690513998,1.0250001230699999,0.0,0.9101400000000001,,0.422,0.0,0.0,1000
ks100,patch,ks100_patch_P8_b16,8,16,128,0.495,0.1,future,decode_and_integrate,reference,0.08176925295000001,0.07861449155174999,0.08528330349,0.0,0.04505193,,0.0,0.0,0.0,1000
ks100,patch,ks100_patch_P8_b16,8,16,128,0.495,0.1,from_t0,decode_and_integrate,reference,0.019237174109999998,0.016083539009999998,0.022706172719999997,0.0,0.0,,0.0,0.0,0.0,1000
ks100,patch,ks100_patch_P8_b16,8,16,128,0.495,0.3,future,decode_and_integrate,reference,0.5717990955599999,0.5576955888735,0.58594652787825,0.0,0.4955712299999999,,0.051,0.0,0.0,1000
ks100,patch,ks100_patch_P8_b16,8,16,128,0.495,0.3,from_t0,decode_and_integrate,reference,0.5717990955599999,0.5576955888735,0.58594652787825,0.0,0.4955712299999999,,0.051,0.0,0.0,1000
ks100,patch,ks100_patch_P8_b16,8,16,128,0.495,0.5,future,decode_and_integrate,reference,1.01506503483,0.99123256386,1.03912276545,0.0,0.94609053,,0.414,0.0,0.0,1000
ks100,patch,ks100_patch_P8_b16,8,16,128,0.495,0.5,from_t0,decode_and_integrate,reference,1.01506503483,0.99123256386,1.03912276545,0.0,0.94609053,,0.414,0.0,0.0,1000
ks100,patch,ks100_patch_P8_b16,8,16,128,0.99,0.1,future,decode_and_integrate,reference,0.11542304465999999,0.11244961727999998,0.11857667975999998,0.0,0.09010386,,0.0,0.0,0.0,1000
ks100,patch,ks100_patch_P8_b16,8,16,128,0.99,0.1,from_t0,decode_and_integrate,reference,0.022075445699999995,0.0184690387035,0.025862060416499986,0.0,0.0,,0.0,0.0,0.0,1000
ks100,patch,ks100_patch_P8_b16,8,16,128,0.99,0.3,future,decode_and_integrate,reference,0.5950458914399999,0.5809874366835,0.60964271676,0.0,0.54062316,,0.051,0.0,0.0,1000
ks100,patch,ks100_patch_P8_b16,8,16,128,0.99,0.3,from_t0,decode_and_integrate,reference,0.5950458914399999,0.5809874366835,0.60964271676,0.0,0.54062316,,0.051,0.0,0.0,1000
ks100,patch,ks100_patch_P8_b16,8,16,128,0.99,0.5,future,decode_and_integrate,reference,1.0390777135199998,1.0147451661270002,1.0633179044565,0.0,0.9911424599999998,,0.417,0.0,0.0,1000
ks100,patch,ks100_patch_P8_b16,8,16,128,0.99,0.5,from_t0,decode_and_integrate,reference,1.0390777135199998,1.0147451661270002,1.0633179044565,0.0,0.9911424599999998,,0.417,0.0,0.0,1000
ks100,patch,ks100_patch_P8_b8,8,8,64,0.2,0.1,future,bound,bound,0.018202800000000005,0.018202800000000005,0.018202800000000005,0.0,0.0182028,1.0,0.0,0.0,0.0,1000
ks100,patch,ks100_patch_P8_b8,8,8,64,0.2,0.1,from_t0,bound,bound,0.0,0.0,0.0,0.0,0.0,1.0,0.0,0.0,0.0,1000
ks100,patch,ks100_patch_P8_b8,8,8,64,0.2,0.3,future,bound,bound,0.505309728,0.46312792449000006,0.5521842133499999,0.0,0.182028,0.279,0.173,0.017,0.0,1000
ks100,patch,ks100_patch_P8_b8,8,8,64,0.2,0.3,from_t0,bound,bound,0.4918942644,0.44950085334000006,0.5388365551799998,0.0,0.1638252,0.279,0.171,0.017,0.0,1000
ks100,patch,ks100_patch_P8_b8,8,8,64,0.2,0.5,future,bound,bound,27.0,27.0,27.0,1.0,27.0,0.0,1.0,1.0,1.0,1000
ks100,patch,ks100_patch_P8_b8,8,8,64,0.2,0.5,from_t0,bound,bound,27.0,27.0,27.0,1.0,27.0,0.0,1.0,1.0,1.0,1000
ks100,patch,ks100_patch_P8_b8,8,8,64,0.495,0.1,future,bound,bound,0.04505193,0.04505193,0.04505193,0.0,0.04505193,1.0,0.0,0.0,0.0,1000
ks100,patch,ks100_patch_P8_b8,8,8,64,0.495,0.1,from_t0,bound,bound,0.0,0.0,0.0,0.0,0.0,1.0,0.0,0.0,0.0,1000
ks100,patch,ks100_patch_P8_b8,8,8,64,0.495,0.3,future,bound,bound,0.599190669,0.55377719726175,0.6522742318207498,0.0,0.27031158,0.279,0.2,0.023,0.0,1000
ks100,patch,ks100_patch_P8_b8,8,8,64,0.495,0.3,from_t0,bound,bound,0.55215645408,0.505162785897,0.6033399517529999,0.0,0.22525964999999998,0.279,0.189,0.021,0.0,1000
ks100,patch,ks100_patch_P8_b8,8,8,64,0.495,0.5,future,bound,bound,27.0,27.0,27.0,1.0,27.0,0.0,1.0,1.0,1.0,1000
ks100,patch,ks100_patch_P8_b8,8,8,64,0.495,0.5,from_t0,bound,bound,27.0,27.0,27.0,1.0,27.0,0.0,1.0,1.0,1.0,1000
ks100,patch,ks100_patch_P8_b8,8,8,64,0.99,0.1,future,bound,bound,0.09010386,0.09010386,0.09010386,0.0,0.09010386,1.0,0.0,0.0,0.0,1000
ks100,patch,ks100_patch_P8_b8,8,8,64,0.99,0.1,from_t0,bound,bound,0.0,0.0,0.0,0.0,0.0,1.0,0.0,0.0,0.0,1000
ks100,patch,ks100_patch_P8_b8,8,8,64,0.99,0.3,future,bound,bound,0.7750734037199999,0.7211845376505,0.8334674627894999,0.0,0.36041544,0.279,0.257,0.035,0.0,1000
ks100,patch,ks100_patch_P8_b8,8,8,64,0.99,0.3,from_t0,bound,bound,0.67839196194,0.6244174972034999,0.7384236586649998,0.0,0.27031158,0.279,0.23,0.031,0.0,1000
ks100,patch,ks100_patch_P8_b8,8,8,64,0.99,0.5,future,bound,bound,27.0,27.0,27.0,1.0,27.0,0.0,1.0,1.0,1.0,1000
ks100,patch,ks100_patch_P8_b8,8,8,64,0.99,0.5,from_t0,bound,bound,27.0,27.0,27.0,1.0,27.0,0.0,1.0,1.0,1.0,1000
ks100,patch,ks100_patch_P8_b8,8,8,64,0.2,0.1,future,persistence,reference,0.018202800000000005,0.018202800000000005,0.018202800000000005,0.0,0.0182028,,0.0,0.0,0.0,1000
ks100,patch,ks100_patch_P8_b8,8,8,64,0.2,0.1,from_t0,persistence,reference,0.0,0.0,0.0,0.0,0.0,,0.0,0.0,0.0,1000
ks100,patch,ks100_patch_P8_b8,8,8,64,0.2,0.3,future,persistence,reference,0.0523148472,0.05042084586000001,0.0542989524,0.0,0.0546084,,0.0,0.0,0.0,1000
ks100,patch,ks100_patch_P8_b8,8,8,64,0.2,0.3,from_t0,persistence,reference,0.0462533148,0.0439961676,0.04851091707,0.0,0.0546084,,0.0,0.0,0.0,1000
ks100,patch,ks100_patch_P8_b8,8,8,64,0.2,0.5,future,persistence,reference,0.1790063352,0.17625680226,0.18177361587000002,0.0,0.1638252,,0.0,0.0,0.0,1000
ks100,patch,ks100_patch_P8_b8,8,8,64,0.2,0.5,from_t0,persistence,reference,0.1790063352,0.17625680226,0.18177361587000002,0.0,0.1638252,,0.0,0.0,0.0,1000
ks100,patch,ks100_patch_P8_b8,8,8,64,0.495,0.1,future,persistence,reference,0.04505193,0.04505193,0.04505193,0.0,0.04505193,,0.0,0.0,0.0,1000
ks100,patch,ks100_patch_P8_b8,8,8,64,0.495,0.1,from_t0,persistence,reference,0.0,0.0,0.0,0.0,0.0,,0.0,0.0,0.0,1000
ks100,patch,ks100_patch_P8_b8,8,8,64,0.495,0.3,future,persistence,reference,0.06996564728999999,0.0680284143,0.07181277642,0.0,0.04505193,,0.0,0.0,0.0,1000
ks100,patch,ks100_patch_P8_b8,8,8,64,0.495,0.3,from_t0,persistence,reference,0.056540172150000005,0.05392716021,0.05915318409,0.0,0.04505193,,0.0,0.0,0.0,1000
ks100,patch,ks100_patch_P8_b8,8,8,64,0.495,0.5,future,persistence,reference,0.19246184495999996,0.18975872915999997,0.19534516848,0.0,0.18020772,,0.0,0.0,0.0,1000
ks100,patch,ks100_patch_P8_b8,8,8,64,0.495,0.5,from_t0,persistence,reference,0.19246184495999996,0.18975872915999997,0.19534516848,0.0,0.18020772,,0.0,0.0,0.0,1000
ks100,patch,ks100_patch_P8_b8,8,8,64,0.99,0.1,future,persistence,reference,0.09010386,0.09010386,0.09010386,0.0,0.09010386,,0.0,0.0,0.0,1000
ks100,patch,ks100_patch_P8_b8,8,8,64,0.99,0.1,from_t0,persistence,reference,0.0,0.0,0.0,0.0,0.0,,0.0,0.0,0.0,1000
ks100,patch,ks100_patch_P8_b8,8,8,64,0.99,0.3,future,persistence,reference,0.09884393441999999,0.09713196108,0.10055590775999998,0.0,0.09010386,,0.0,0.0,0.0,1000
ks100,patch,ks100_patch_P8_b8,8,8,64,0.99,0.3,from_t0,persistence,reference,0.07325443818,0.07010080308000001,0.07631796941999999,0.0,0.09010386,,0.0,0.0,0.0,1000
ks100,patch,ks100_patch_P8_b8,8,8,64,0.99,0.5,future,persistence,reference,0.21372635591999997,0.21066282467999997,0.21678988715999994,0.0,0.18020772,,0.0,0.0,0.0,1000
ks100,patch,ks100_patch_P8_b8,8,8,64,0.99,0.5,from_t0,persistence,reference,0.21372635591999997,0.21066282467999997,0.21678988715999994,0.0,0.18020772,,0.0,0.0,0.0,1000
ks100,patch,ks100_patch_P8_b8,8,8,64,0.2,0.1,future,decode_and_integrate,reference,0.018202800000000005,0.018202800000000005,0.018202800000000005,0.0,0.0182028,,0.0,0.0,0.0,1000
ks100,patch,ks100_patch_P8_b8,8,8,64,0.2,0.1,from_t0,decode_and_integrate,reference,0.0,0.0,0.0,0.0,0.0,,0.0,0.0,0.0,1000
ks100,patch,ks100_patch_P8_b8,8,8,64,0.2,0.3,future,decode_and_integrate,reference,0.11673455640000001,0.1127117376,0.12070413200999999,0.0,0.1092168,,0.0,0.0,0.0,1000
ks100,patch,ks100_patch_P8_b8,8,8,64,0.2,0.3,from_t0,decode_and_integrate,reference,0.09854995920000001,0.0937990284,0.10341056187000001,0.0,0.1092168,,0.0,0.0,0.0,1000
ks100,patch,ks100_patch_P8_b8,8,8,64,0.2,0.5,future,decode_and_integrate,reference,0.3196593708,0.31237552038,0.32734140747,0.0,0.2912448,,0.003,0.0,0.0,1000
ks100,patch,ks100_patch_P8_b8,8,8,64,0.2,0.5,from_t0,decode_and_integrate,reference,0.3196593708,0.31237552038,0.32734140747,0.0,0.2912448,,0.003,0.0,0.0,1000
ks100,patch,ks100_patch_P8_b8,8,8,64,0.495,0.1,future,decode_and_integrate,reference,0.04505193,0.04505193,0.04505193,0.0,0.04505193,,0.0,0.0,0.0,1000
ks100,patch,ks100_patch_P8_b8,8,8,64,0.495,0.1,from_t0,decode_and_integrate,reference,0.0,0.0,0.0,0.0,0.0,,0.0,0.0,0.0,1000
ks100,patch,ks100_patch_P8_b8,8,8,64,0.495,0.3,future,decode_and_integrate,reference,0.13182194717999998,0.1279474812,0.13569641315999997,0.0,0.13515579,,0.0,0.0,0.0,1000
ks100,patch,ks100_patch_P8_b8,8,8,64,0.495,0.3,from_t0,decode_and_integrate,reference,0.10780926849,0.10280850426,0.11294518850999999,0.0,0.13515579,,0.0,0.0,0.0,1000
ks100,patch,ks100_patch_P8_b8,8,8,64,0.495,0.5,future,decode_and_integrate,reference,0.33284365884,0.32540896409174996,0.34045743501,0.0,0.31536350999999996,,0.003,0.0,0.0,1000
ks100,patch,ks100_patch_P8_b8,8,8,64,0.495,0.5,from_t0,decode_and_integrate,reference,0.33284365884,0.32540896409174996,0.34045743501,0.0,0.31536350999999996,,0.003,0.0,0.0,1000
ks100,patch,ks100_patch_P8_b8,8,8,64,0.99,0.1,future,decode_and_integrate,reference,0.09010386,0.09010386,0.09010386,0.0,0.09010386,,0.0,0.0,0.0,1000
ks100,patch,ks100_patch_P8_b8,8,8,64,0.99,0.1,from_t0,decode_and_integrate,reference,0.0,0.0,0.0,0.0,0.0,,0.0,0.0,0.0,1000
ks100,patch,ks100_patch_P8_b8,8,8,64,0.99,0.3,future,decode_and_integrate,reference,0.15605988551999997,0.15200521181999999,0.16002445535999998,0.0,0.18020772,,0.0,0.0,0.0,1000
ks100,patch,ks100_patch_P8_b8,8,8,64,0.99,0.3,from_t0,decode_and_integrate,reference,0.12398291136,0.11830636818,0.13001986998,0.0,0.18020772,,0.0,0.0,0.0,1000
ks100,patch,ks100_patch_P8_b8,8,8,64,0.99,0.5,future,decode_and_integrate,reference,0.35563993541999994,0.34816131504,0.36329876351999996,0.0,0.36041544,,0.003,0.0,0.0,1000
ks100,patch,ks100_patch_P8_b8,8,8,64,0.99,0.5,from_t0,decode_and_integrate,reference,0.35563993541999994,0.34816131504,0.36329876351999996,0.0,0.36041544,,0.003,0.0,0.0,1000
ks100,rvq,ks100_rvq_s1,,8,8,0.2,0.1,future,persistence,reference,0.018202800000000005,0.018202800000000005,0.018202800000000005,0.0,0.0182028,,0.0,0.0,0.0,1000
ks100,rvq,ks100_rvq_s1,,8,8,0.2,0.1,from_t0,persistence,reference,0.0,0.0,0.0,0.0,0.0,,0.0,0.0,0.0,1000
ks100,rvq,ks100_rvq_s1,,8,8,0.2,0.3,future,persistence,reference,0.018202800000000005,0.018202800000000005,0.018202800000000005,0.0,0.0182028,,0.0,0.0,0.0,1000
ks100,rvq,ks100_rvq_s1,,8,8,0.2,0.3,from_t0,persistence,reference,0.0,0.0,0.0,0.0,0.0,,0.0,0.0,0.0,1000
ks100,rvq,ks100_rvq_s1,,8,8,0.2,0.5,future,persistence,reference,0.018202800000000005,0.018202800000000005,0.018202800000000005,0.0,0.0182028,,0.0,0.0,0.0,1000
ks100,rvq,ks100_rvq_s1,,8,8,0.2,0.5,from_t0,persistence,reference,0.0,0.0,0.0,0.0,0.0,,0.0,0.0,0.0,1000
ks100,rvq,ks100_rvq_s1,,8,8,0.495,0.1,future,persistence,reference,0.04505193,0.04505193,0.04505193,0.0,0.04505193,,0.0,0.0,0.0,1000
ks100,rvq,ks100_rvq_s1,,8,8,0.495,0.1,from_t0,persistence,reference,0.0,0.0,0.0,0.0,0.0,,0.0,0.0,0.0,1000
ks100,rvq,ks100_rvq_s1,,8,8,0.495,0.3,future,persistence,reference,0.04505193,0.04505193,0.04505193,0.0,0.04505193,,0.0,0.0,0.0,1000
ks100,rvq,ks100_rvq_s1,,8,8,0.495,0.3,from_t0,persistence,reference,0.0,0.0,0.0,0.0,0.0,,0.0,0.0,0.0,1000
ks100,rvq,ks100_rvq_s1,,8,8,0.495,0.5,future,persistence,reference,0.04505193,0.04505193,0.04505193,0.0,0.04505193,,0.0,0.0,0.0,1000
ks100,rvq,ks100_rvq_s1,,8,8,0.495,0.5,from_t0,persistence,reference,0.0,0.0,0.0,0.0,0.0,,0.0,0.0,0.0,1000
ks100,rvq,ks100_rvq_s1,,8,8,0.99,0.1,future,persistence,reference,0.09010386,0.09010386,0.09010386,0.0,0.09010386,,0.0,0.0,0.0,1000
ks100,rvq,ks100_rvq_s1,,8,8,0.99,0.1,from_t0,persistence,reference,0.0,0.0,0.0,0.0,0.0,,0.0,0.0,0.0,1000
ks100,rvq,ks100_rvq_s1,,8,8,0.99,0.3,future,persistence,reference,0.09010386,0.09010386,0.09010386,0.0,0.09010386,,0.0,0.0,0.0,1000
ks100,rvq,ks100_rvq_s1,,8,8,0.99,0.3,from_t0,persistence,reference,0.0,0.0,0.0,0.0,0.0,,0.0,0.0,0.0,1000
ks100,rvq,ks100_rvq_s1,,8,8,0.99,0.5,future,persistence,reference,0.09010386,0.09010386,0.09010386,0.0,0.09010386,,0.0,0.0,0.0,1000
ks100,rvq,ks100_rvq_s1,,8,8,0.99,0.5,from_t0,persistence,reference,0.0,0.0,0.0,0.0,0.0,,0.0,0.0,0.0,1000
ks100,rvq,ks100_rvq_s1,,8,8,0.2,0.1,future,decode_and_integrate,reference,0.018202800000000005,0.018202800000000005,0.018202800000000005,0.0,0.0182028,,0.0,0.0,0.0,1000
ks100,rvq,ks100_rvq_s1,,8,8,0.2,0.1,from_t0,decode_and_integrate,reference,0.0,0.0,0.0,0.0,0.0,,0.0,0.0,0.0,1000
ks100,rvq,ks100_rvq_s1,,8,8,0.2,0.3,future,decode_and_integrate,reference,0.018202800000000005,0.018202800000000005,0.018202800000000005,0.0,0.0182028,,0.0,0.0,0.0,1000
ks100,rvq,ks100_rvq_s1,,8,8,0.2,0.3,from_t0,decode_and_integrate,reference,0.0,0.0,0.0,0.0,0.0,,0.0,0.0,0.0,1000
ks100,rvq,ks100_rvq_s1,,8,8,0.2,0.5,future,decode_and_integrate,reference,0.018202800000000005,0.018202800000000005,0.018202800000000005,0.0,0.0182028,,0.0,0.0,0.0,1000
ks100,rvq,ks100_rvq_s1,,8,8,0.2,0.5,from_t0,decode_and_integrate,reference,0.0,0.0,0.0,0.0,0.0,,0.0,0.0,0.0,1000
ks100,rvq,ks100_rvq_s1,,8,8,0.495,0.1,future,decode_and_integrate,reference,0.04505193,0.04505193,0.04505193,0.0,0.04505193,,0.0,0.0,0.0,1000
ks100,rvq,ks100_rvq_s1,,8,8,0.495,0.1,from_t0,decode_and_integrate,reference,0.0,0.0,0.0,0.0,0.0,,0.0,0.0,0.0,1000
ks100,rvq,ks100_rvq_s1,,8,8,0.495,0.3,future,decode_and_integrate,reference,0.04505193,0.04505193,0.04505193,0.0,0.04505193,,0.0,0.0,0.0,1000
ks100,rvq,ks100_rvq_s1,,8,8,0.495,0.3,from_t0,decode_and_integrate,reference,0.0,0.0,0.0,0.0,0.0,,0.0,0.0,0.0,1000
ks100,rvq,ks100_rvq_s1,,8,8,0.495,0.5,future,decode_and_integrate,reference,0.04505193,0.04505193,0.04505193,0.0,0.04505193,,0.0,0.0,0.0,1000
ks100,rvq,ks100_rvq_s1,,8,8,0.495,0.5,from_t0,decode_and_integrate,reference,0.0,0.0,0.0,0.0,0.0,,0.0,0.0,0.0,1000
ks100,rvq,ks100_rvq_s1,,8,8,0.99,0.1,future,decode_and_integrate,reference,0.09010386,0.09010386,0.09010386,0.0,0.09010386,,0.0,0.0,0.0,1000
ks100,rvq,ks100_rvq_s1,,8,8,0.99,0.1,from_t0,decode_and_integrate,reference,0.0,0.0,0.0,0.0,0.0,,0.0,0.0,0.0,1000
ks100,rvq,ks100_rvq_s1,,8,8,0.99,0.3,future,decode_and_integrate,reference,0.09010386,0.09010386,0.09010386,0.0,0.09010386,,0.0,0.0,0.0,1000
ks100,rvq,ks100_rvq_s1,,8,8,0.99,0.3,from_t0,decode_and_integrate,reference,0.0,0.0,0.0,0.0,0.0,,0.0,0.0,0.0,1000
ks100,rvq,ks100_rvq_s1,,8,8,0.99,0.5,future,decode_and_integrate,reference,0.09010386,0.09010386,0.09010386,0.0,0.09010386,,0.0,0.0,0.0,1000
ks100,rvq,ks100_rvq_s1,,8,8,0.99,0.5,from_t0,decode_and_integrate,reference,0.0,0.0,0.0,0.0,0.0,,0.0,0.0,0.0,1000
ks100,rvq,ks100_rvq_s2,,8,16,0.2,0.1,future,persistence,reference,0.018202800000000005,0.018202800000000005,0.018202800000000005,0.0,0.0182028,,0.0,0.0,0.0,1000
ks100,rvq,ks100_rvq_s2,,8,16,0.2,0.1,from_t0,persistence,reference,0.0,0.0,0.0,0.0,0.0,,0.0,0.0,0.0,1000
ks100,rvq,ks100_rvq_s2,,8,16,0.2,0.3,future,persistence,reference,0.018202800000000005,0.018202800000000005,0.018202800000000005,0.0,0.0182028,,0.0,0.0,0.0,1000
ks100,rvq,ks100_rvq_s2,,8,16,0.2,0.3,from_t0,persistence,reference,0.0,0.0,0.0,0.0,0.0,,0.0,0.0,0.0,1000
ks100,rvq,ks100_rvq_s2,,8,16,0.2,0.5,future,persistence,reference,0.018348422400000005,0.018202800000000005,0.018785289599999998,0.0,0.0182028,,0.0,0.0,0.0,1000
ks100,rvq,ks100_rvq_s2,,8,16,0.2,0.5,from_t0,persistence,reference,0.0001638252,0.0,0.0006553008,0.0,0.0,,0.0,0.0,0.0,1000
ks100,rvq,ks100_rvq_s2,,8,16,0.495,0.1,future,persistence,reference,0.04505193,0.04505193,0.04505193,0.0,0.04505193,,0.0,0.0,0.0,1000
ks100,rvq,ks100_rvq_s2,,8,16,0.495,0.1,from_t0,persistence,reference,0.0,0.0,0.0,0.0,0.0,,0.0,0.0,0.0,1000
ks100,rvq,ks100_rvq_s2,,8,16,0.495,0.3,future,persistence,reference,0.04505193,0.04505193,0.04505193,0.0,0.04505193,,0.0,0.0,0.0,1000
ks100,rvq,ks100_rvq_s2,,8,16,0.495,0.3,from_t0,persistence,reference,0.0,0.0,0.0,0.0,0.0,,0.0,0.0,0.0,1000
ks100,rvq,ks100_rvq_s2,,8,16,0.495,0.5,future,persistence,reference,0.04518708579,0.04505193,0.04559255315999999,0.0,0.04505193,,0.0,0.0,0.0,1000
ks100,rvq,ks100_rvq_s2,,8,16,0.495,0.5,from_t0,persistence,reference,0.00018020772,0.0,0.00072083088,0.0,0.0,,0.0,0.0,0.0,1000
ks100,rvq,ks100_rvq_s2,,8,16,0.99,0.1,future,persistence,reference,0.09010386,0.09010386,0.09010386,0.0,0.09010386,,0.0,0.0,0.0,1000
ks100,rvq,ks100_rvq_s2,,8,16,0.99,0.1,from_t0,persistence,reference,0.0,0.0,0.0,0.0,0.0,,0.0,0.0,0.0,1000
ks100,rvq,ks100_rvq_s2,,8,16,0.99,0.3,future,persistence,reference,0.09010386,0.09010386,0.09010386,0.0,0.09010386,,0.0,0.0,0.0,1000
ks100,rvq,ks100_rvq_s2,,8,16,0.99,0.3,from_t0,persistence,reference,0.0,0.0,0.0,0.0,0.0,,0.0,0.0,0.0,1000
ks100,rvq,ks100_rvq_s2,,8,16,0.99,0.5,future,persistence,reference,0.09028406772,0.09010386,0.09055437929999999,0.0,0.09010386,,0.0,0.0,0.0,1000
ks100,rvq,ks100_rvq_s2,,8,16,0.99,0.5,from_t0,persistence,reference,0.00018020772,0.0,0.00072083088,0.0,0.0,,0.0,0.0,0.0,1000
ks100,rvq,ks100_rvq_s2,,8,16,0.2,0.1,future,decode_and_integrate,reference,0.018202800000000005,0.018202800000000005,0.018202800000000005,0.0,0.0182028,,0.0,0.0,0.0,1000
ks100,rvq,ks100_rvq_s2,,8,16,0.2,0.1,from_t0,decode_and_integrate,reference,0.0,0.0,0.0,0.0,0.0,,0.0,0.0,0.0,1000
ks100,rvq,ks100_rvq_s2,,8,16,0.2,0.3,future,decode_and_integrate,reference,0.018202800000000005,0.018202800000000005,0.018202800000000005,0.0,0.0182028,,0.0,0.0,0.0,1000
ks100,rvq,ks100_rvq_s2,,8,16,0.2,0.3,from_t0,decode_and_integrate,reference,0.0,0.0,0.0,0.0,0.0,,0.0,0.0,0.0,1000
ks100,rvq,ks100_rvq_s2,,8,16,0.2,0.5,future,decode_and_integrate,reference,0.0186760728,0.018293814000000005,0.019203954000000002,0.0,0.0182028,,0.0,0.0,0.0,1000
ks100,rvq,ks100_rvq_s2,,8,16,0.2,0.5,from_t0,decode_and_integrate,reference,0.0001274196,0.0,0.0005096784,0.0,0.0,,0.0,0.0,0.0,1000
ks100,rvq,ks100_rvq_s2,,8,16,0.495,0.1,future,decode_and_integrate,reference,0.04505193,0.04505193,0.04505193,0.0,0.04505193,,0.0,0.0,0.0,1000
ks100,rvq,ks100_rvq_s2,,8,16,0.495,0.1,from_t0,decode_and_integrate,reference,0.0,0.0,0.0,0.0,0.0,,0.0,0.0,0.0,1000
ks100,rvq,ks100_rvq_s2,,8,16,0.495,0.3,future,decode_and_integrate,reference,0.04505193,0.04505193,0.04505193,0.0,0.04505193,,0.0,0.0,0.0,1000
ks100,rvq,ks100_rvq_s2,,8,16,0.495,0.3,from_t0,decode_and_integrate,reference,0.0,0.0,0.0,0.0,0.0,,0.0,0.0,0.0,1000
ks100,rvq,ks100_rvq_s2,,8,16,0.495,0.5,future,decode_and_integrate,reference,0.04608812439,0.045412345439999995,0.04698916299,0.0,0.04505193,,0.0,0.0,0.0,1000
ks100,rvq,ks100_rvq_s2,,8,16,0.495,0.5,from_t0,decode_and_integrate,reference,0.00013515579,0.0,0.00054062316,0.0,0.0,,0.0,0.0,0.0,1000
ks100,rvq,ks100_rvq_s2,,8,16,0.99,0.1,future,decode_and_integrate,reference,0.09010386,0.09010386,0.09010386,0.0,0.09010386,,0.0,0.0,0.0,1000
ks100,rvq,ks100_rvq_s2,,8,16,0.99,0.1,from_t0,decode_and_integrate,reference,0.0,0.0,0.0,0.0,0.0,,0.0,0.0,0.0,1000
ks100,rvq,ks100_rvq_s2,,8,16,0.99,0.3,future,decode_and_integrate,reference,0.09010386,0.09010386,0.09010386,0.0,0.09010386,,0.0,0.0,0.0,1000
ks100,rvq,ks100_rvq_s2,,8,16,0.99,0.3,from_t0,decode_and_integrate,reference,0.0,0.0,0.0,0.0,0.0,,0.0,0.0,0.0,1000
ks100,rvq,ks100_rvq_s2,,8,16,0.99,0.5,future,decode_and_integrate,reference,0.09145541789999999,0.09064448316,0.09244656036,0.0,0.09010386,,0.0,0.0,0.0,1000
ks100,rvq,ks100_rvq_s2,,8,16,0.99,0.5,from_t0,decode_and_integrate,reference,0.00018020772,0.0,0.00072083088,0.0,0.0,,0.0,0.0,0.0,1000
ks100,rvq,ks100_rvq_s3,,8,24,0.2,0.1,future,persistence,reference,0.018202800000000005,0.018202800000000005,0.018202800000000005,0.0,0.0182028,,0.0,0.0,0.0,1000
ks100,rvq,ks100_rvq_s3,,8,24,0.2,0.1,from_t0,persistence,reference,0.0,0.0,0.0,0.0,0.0,,0.0,0.0,0.0,1000
ks100,rvq,ks100_rvq_s3,,8,24,0.2,0.3,future,persistence,reference,0.018202800000000005,0.018202800000000005,0.018202800000000005,0.0,0.0182028,,0.0,0.0,0.0,1000
ks100,rvq,ks100_rvq_s3,,8,24,0.2,0.3,from_t0,persistence,reference,0.0,0.0,0.0,0.0,0.0,,0.0,0.0,0.0,1000
ks100,rvq,ks100_rvq_s3,,8,24,0.2,0.5,future,persistence,reference,0.021497506800000003,0.020241513600000004,0.02297238867,0.0,0.0182028,,0.0,0.0,0.0,1000
ks100,rvq,ks100_rvq_s3,,8,24,0.2,0.5,from_t0,persistence,reference,0.0035677487999999998,0.002183880930000001,0.0051331896,0.0,0.0,,0.0,0.0,0.0,1000
ks100,rvq,ks100_rvq_s3,,8,24,0.495,0.1,future,persistence,reference,0.04505193,0.04505193,0.04505193,0.0,0.04505193,,0.0,0.0,0.0,1000
ks100,rvq,ks100_rvq_s3,,8,24,0.495,0.1,from_t0,persistence,reference,0.0,0.0,0.0,0.0,0.0,,0.0,0.0,0.0,1000
ks100,rvq,ks100_rvq_s3,,8,24,0.495,0.3,future,persistence,reference,0.04505193,0.04505193,0.04505193,0.0,0.04505193,,0.0,0.0,0.0,1000
ks100,rvq,ks100_rvq_s3,,8,24,0.495,0.3,from_t0,persistence,reference,0.0,0.0,0.0,0.0,0.0,,0.0,0.0,0.0,1000
ks100,rvq,ks100_rvq_s3,,8,24,0.495,0.5,future,persistence,reference,0.04834072089,0.047079266849999996,0.04973733071999999,0.0,0.04505193,,0.0,0.0,0.0,1000
ks100,rvq,ks100_rvq_s3,,8,24,0.495,0.5,from_t0,persistence,reference,0.00409972563,0.00261301194,0.00576664704,0.0,0.0,,0.0,0.0,0.0,1000
ks100,rvq,ks100_rvq_s3,,8,24,0.99,0.1,future,persistence,reference,0.09010386,0.09010386,0.09010386,0.0,0.09010386,,0.0,0.0,0.0,1000
ks100,rvq,ks100_rvq_s3,,8,24,0.99,0.1,from_t0,persistence,reference,0.0,0.0,0.0,0.0,0.0,,0.0,0.0,0.0,1000
ks100,rvq,ks100_rvq_s3,,8,24,0.99,0.3,future,persistence,reference,0.09010386,0.09010386,0.09010386,0.0,0.09010386,,0.0,0.0,0.0,1000
ks100,rvq,ks100_rvq_s3,,8,24,0.99,0.3,from_t0,persistence,reference,0.0,0.0,0.0,0.0,0.0,,0.0,0.0,0.0,1000
ks100,rvq,ks100_rvq_s3,,8,24,0.99,0.5,future,persistence,reference,0.0923564565,0.09136531403999999,0.09352780667999999,0.0,0.09010386,,0.0,0.0,0.0,1000
ks100,rvq,ks100_rvq_s3,,8,24,0.99,0.5,from_t0,persistence,reference,0.0048656084399999995,0.00324373896,0.0066676856400000005,0.0,0.0,,0.0,0.0,0.0,1000
ks100,rvq,ks100_rvq_s3,,8,24,0.2,0.1,future,decode_and_integrate,reference,0.018202800000000005,0.018202800000000005,0.018202800000000005,0.0,0.0182028,,0.0,0.0,0.0,1000
ks100,rvq,ks100_rvq_s3,,8,24,0.2,0.1,from_t0,decode_and_integrate,reference,0.0,0.0,0.0,0.0,0.0,,0.0,0.0,0.0,1000
ks100,rvq,ks100_rvq_s3,,8,24,0.2,0.3,future,decode_and_integrate,reference,0.018202800000000005,0.018202800000000005,0.018202800000000005,0.0,0.0182028,,0.0,0.0,0.0,1000
ks100,rvq,ks100_rvq_s3,,8,24,0.2,0.3,from_t0,decode_and_integrate,reference,0.0,0.0,0.0,0.0,0.0,,0.0,0.0,0.0,1000
ks100,rvq,ks100_rvq_s3,,8,24,0.2,0.5,future,decode_and_integrate,reference,0.025702353600000002,0.023681842800000005,0.0279230952,0.0,0.0182028,,0.0,0.0,0.0,1000
ks100,rvq,ks100_rvq_s3,,8,24,0.2,0.5,from_t0,decode_and_integrate,reference,0.0048055392,0.003094020930000001,0.0066986304,0.0,0.0,,0.0,0.0,0.0,1000
ks100,rvq,ks100_rvq_s3,,8,24,0.495,0.1,future,decode_and_integrate,reference,0.04505193,0.04505193,0.04505193,0.0,0.04505193,,0.0,0.0,0.0,1000
ks100,rvq,ks100_rvq_s3,,8,24,0.495,0.1,from_t0,decode_and_integrate,reference,0.0,0.0,0.0,0.0,0.0,,0.0,0.0,0.0,1000
ks100,rvq,ks100_rvq_s3,,8,24,0.495,0.3,future,decode_and_integrate,reference,0.04505193,0.04505193,0.04505193,0.0,0.04505193,,0.0,0.0,0.0,1000
ks100,rvq,ks100_rvq_s3,,8,24,0.495,0.3,from_t0,decode_and_integrate,reference,0.0,0.0,0.0,0.0,0.0,,0.0,0.0,0.0,1000
ks100,rvq,ks100_rvq_s3,,8,24,0.495,0.5,future,decode_and_integrate,reference,0.054152419859999995,0.05194487529,0.05663027600999999,0.0,0.04505193,,0.0,0.0,0.0,1000
ks100,rvq,ks100_rvq_s3,,8,24,0.495,0.5,from_t0,decode_and_integrate,reference,0.005316127740000001,0.0034689986099999998,0.00734346459,0.0,0.0,,0.0,0.0,0.0,1000
ks100,rvq,ks100_rvq_s3,,8,24,0.99,0.1,future,decode_and_integrate,reference,0.09010386,0.09010386,0.09010386,0.0,0.09010386,,0.0,0.0,0.0,1000
ks100,rvq,ks100_rvq_s3,,8,24,0.99,0.1,from_t0,decode_and_integrate,reference,0.0,0.0,0.0,0.0,0.0,,0.0,0.0,0.0,1000
ks100,rvq,ks100_rvq_s3,,8,24,0.99,0.3,future,decode_and_integrate,reference,0.09010386,0.09010386,0.09010386,0.0,0.09010386,,0.0,0.0,0.0,1000
ks100,rvq,ks100_rvq_s3,,8,24,0.99,0.3,from_t0,decode_and_integrate,reference,0.0,0.0,0.0,0.0,0.0,,0.0,0.0,0.0,1000
ks100,rvq,ks100_rvq_s3,,8,24,0.99,0.5,future,decode_and_integrate,reference,0.09938455757999999,0.09722206493999999,0.10190746565999999,0.0,0.09010386,,0.0,0.0,0.0,1000
ks100,rvq,ks100_rvq_s3,,8,24,0.99,0.5,from_t0,decode_and_integrate,reference,0.0057666470400000005,0.00378436212,0.007929139679999999,0.0,0.0,,0.0,0.0,0.0,1000
ks100,rvq,ks100_rvq_s4,,8,32,0.2,0.1,future,persistence,reference,0.018202800000000005,0.018202800000000005,0.018202800000000005,0.0,0.0182028,,0.0,0.0,0.0,1000
ks100,rvq,ks100_rvq_s4,,8,32,0.2,0.1,from_t0,persistence,reference,0.0,0.0,0.0,0.0,0.0,,0.0,0.0,0.0,1000
ks100,rvq,ks100_rvq_s4,,8,32,0.2,0.3,future,persistence,reference,0.018202800000000005,0.018202800000000005,0.018202800000000005,0.0,0.0182028,,0.0,0.0,0.0,1000
ks100,rvq,ks100_rvq_s4,,8,32,0.2,0.3,from_t0,persistence,reference,0.0,0.0,0.0,0.0,0.0,,0.0,0.0,0.0,1000
ks100,rvq,ks100_rvq_s4,,8,32,0.2,0.5,future,persistence,reference,0.0337297884,0.03130836093,0.036496614000000004,0.0,0.0182028,,0.0,0.0,0.0,1000
ks100,rvq,ks100_rvq_s4,,8,32,0.2,0.5,from_t0,persistence,reference,0.0183120168,0.0155815968,0.021370087199999995,0.0,0.0,,0.0,0.0,0.0,1000
ks100,rvq,ks100_rvq_s4,,8,32,0.495,0.1,future,persistence,reference,0.04505193,0.04505193,0.04505193,0.0,0.04505193,,0.0,0.0,0.0,1000
ks100,rvq,ks100_rvq_s4,,8,32,0.495,0.1,from_t0,persistence,reference,0.0,0.0,0.0,0.0,0.0,,0.0,0.0,0.0,1000
ks100,rvq,ks100_rvq_s4,,8,32,0.495,0.3,future,persistence,reference,0.04505193,0.04505193,0.04505193,0.0,0.04505193,,0.0,0.0,0.0,1000
ks100,rvq,ks100_rvq_s4,,8,32,0.495,0.3,from_t0,persistence,reference,0.0,0.0,0.0,0.0,0.0,,0.0,0.0,0.0,1000
ks100,rvq,ks100_rvq_s4,,8,32,0.495,0.5,future,persistence,reference,0.05865761285999999,0.05635996443,0.06113659530824998,0.0,0.04505193,,0.0,0.0,0.0,1000
ks100,rvq,ks100_rvq_s4,,8,32,0.495,0.5,from_t0,persistence,reference,0.020859043589999997,0.01792954184175,0.024194012708249994,0.0,0.0,,0.0,0.0,0.0,1000
ks100,rvq,ks100_rvq_s4,,8,32,0.99,0.1,future,persistence,reference,0.09010386,0.09010386,0.09010386,0.0,0.09010386,,0.0,0.0,0.0,1000
ks100,rvq,ks100_rvq_s4,,8,32,0.99,0.1,from_t0,persistence,reference,0.0,0.0,0.0,0.0,0.0,,0.0,0.0,0.0,1000
ks100,rvq,ks100_rvq_s4,,8,32,0.99,0.3,future,persistence,reference,0.09010386,0.09010386,0.09010386,0.0,0.09010386,,0.0,0.0,0.0,1000
ks100,rvq,ks100_rvq_s4,,8,32,0.99,0.3,from_t0,persistence,reference,0.0,0.0,0.0,0.0,0.0,,0.0,0.0,0.0,1000
ks100,rvq,ks100_rvq_s4,,8,32,0.99,0.5,future,persistence,reference,0.09920434985999999,0.09722206493999999,0.10136684249999997,0.0,0.09010386,,0.0,0.0,0.0,1000
ks100,rvq,ks100_rvq_s4,,8,32,0.99,0.5,from_t0,persistence,reference,0.024778561499999997,0.02135461482,0.028384968496499987,0.0,0.0,,0.0,0.0,0.0,1000
ks100,rvq,ks100_rvq_s4,,8,32,0.2,0.1,future,decode_and_integrate,reference,0.018202800000000005,0.018202800000000005,0.018202800000000005,0.0,0.0182028,,0.0,0.0,0.0,1000
ks100,rvq,ks100_rvq_s4,,8,32,0.2,0.1,from_t0,decode_and_integrate,reference,0.0,0.0,0.0,0.0,0.0,,0.0,0.0,0.0,1000
ks100,rvq,ks100_rvq_s4,,8,32,0.2,0.3,future,decode_and_integrate,reference,0.018202800000000005,0.018202800000000005,0.018202800000000005,0.0,0.0182028,,0.0,0.0,0.0,1000
ks100,rvq,ks100_rvq_s4,,8,32,0.2,0.3,from_t0,decode_and_integrate,reference,0.0,0.0,0.0,0.0,0.0,,0.0,0.0,0.0,1000
ks100,rvq,ks100_rvq_s4,,8,32,0.2,0.5,future,decode_and_integrate,reference,0.0504945672,0.04696231386,0.0543171552,0.0,0.0182028,,0.0,0.0,0.0,1000
ks100,rvq,ks100_rvq_s4,,8,32,0.2,0.5,from_t0,decode_and_integrate,reference,0.025119864,0.02155166013,0.0289242492,0.0,0.0,,0.0,0.0,0.0,1000
ks100,rvq,ks100_rvq_s4,,8,32,0.495,0.1,future,decode_and_integrate,reference,0.04505193,0.04505193,0.04505193,0.0,0.04505193,,0.0,0.0,0.0,1000
ks100,rvq,ks100_rvq_s4,,8,32,0.495,0.1,from_t0,decode_and_integrate,reference,0.0,0.0,0.0,0.0,0.0,,0.0,0.0,0.0,1000
ks100,rvq,ks100_rvq_s4,,8,32,0.495,0.3,future,decode_and_integrate,reference,0.04505193,0.04505193,0.04505193,0.0,0.04505193,,0.0,0.0,0.0,1000
ks100,rvq,ks100_rvq_s4,,8,32,0.495,0.3,from_t0,decode_and_integrate,reference,0.0,0.0,0.0,0.0,0.0,,0.0,0.0,0.0,1000
ks100,rvq,ks100_rvq_s4,,8,32,0.495,0.5,future,decode_and_integrate,reference,0.07848046206,0.07492135959,0.08222089854825,0.0,0.04505193,,0.0,0.0,0.0,1000
ks100,rvq,ks100_rvq_s4,,8,32,0.495,0.5,from_t0,decode_and_integrate,reference,0.02743662537,0.023696188881750003,0.03149242536824999,0.0,0.0,,0.0,0.0,0.0,1000
ks100,rvq,ks100_rvq_s4,,8,32,0.99,0.1,future,decode_and_integrate,reference,0.09010386,0.09010386,0.09010386,0.0,0.09010386,,0.0,0.0,0.0,1000
ks100,rvq,ks100_rvq_s4,,8,32,0.99,0.1,from_t0,decode_and_integrate,reference,0.0,0.0,0.0,0.0,0.0,,0.0,0.0,0.0,1000
ks100,rvq,ks100_rvq_s4,,8,32,0.99,0.3,future,decode_and_integrate,reference,0.09010386,0.09010386,0.09010386,0.0,0.09010386,,0.0,0.0,0.0,1000
ks100,rvq,ks100_rvq_s4,,8,32,0.99,0.3,from_t0,decode_and_integrate,reference,0.0,0.0,0.0,0.0,0.0,,0.0,0.0,0.0,1000
ks100,rvq,ks100_rvq_s4,,8,32,0.99,0.5,future,decode_and_integrate,reference,0.11677460256,0.11326055201999997,0.12028865309999999,0.0,0.09010386,,0.0,0.0,0.0,1000
ks100,rvq,ks100_rvq_s4,,8,32,0.99,0.5,from_t0,decode_and_integrate,reference,0.031266039419999996,0.027031157999999996,0.03586133628,0.0,0.0,,0.0,0.0,0.0,1000
ks22,patch,ks22_patch_P16_b10,16,10,160,0.37,0.1,future,bound,bound,27.0,27.0,27.0,1.0,27.0,0.0,1.0,1.0,1.0,1000
ks22,patch,ks22_patch_P16_b10,16,10,160,0.37,0.1,from_t0,bound,bound,27.0,27.0,27.0,1.0,27.0,0.0,1.0,1.0,1.0,1000
ks22,patch,ks22_patch_P16_b10,16,10,160,0.37,0.3,future,bound,bound,27.0,27.0,27.0,1.0,27.0,0.0,1.0,1.0,1.0,1000
ks22,patch,ks22_patch_P16_b10,16,10,160,0.37,0.3,from_t0,bound,bound,27.0,27.0,27.0,1.0,27.0,0.0,1.0,1.0,1.0,1000
ks22,patch,ks22_patch_P16_b10,16,10,160,0.37,0.5,future,bound,bound,27.0,27.0,27.0,1.0,27.0,0.0,1.0,1.0,1.0,1000
ks22,patch,ks22_patch_P16_b10,16,10,160,0.37,0.5,from_t0,bound,bound,27.0,27.0,27.0,1.0,27.0,0.0,1.0,1.0,1.0,1000
ks22,patch,ks22_patch_P16_b10,16,10,160,0.92,0.1,future,bound,bound,27.0,27.0,27.0,1.0,27.0,0.0,1.0,1.0,1.0,1000
ks22,patch,ks22_patch_P16_b10,16,10,160,0.92,0.1,from_t0,bound,bound,27.0,27.0,27.0,1.0,27.0,0.0,1.0,1.0,1.0,1000
ks22,patch,ks22_patch_P16_b10,16,10,160,0.92,0.3,future,bound,bound,27.0,27.0,27.0,1.0,27.0,0.0,1.0,1.0,1.0,1000
ks22,patch,ks22_patch_P16_b10,16,10,160,0.92,0.3,from_t0,bound,bound,27.0,27.0,27.0,1.0,27.0,0.0,1.0,1.0,1.0,1000
ks22,patch,ks22_patch_P16_b10,16,10,160,0.92,0.5,future,bound,bound,27.0,27.0,27.0,1.0,27.0,0.0,1.0,1.0,1.0,1000
ks22,patch,ks22_patch_P16_b10,16,10,160,0.92,0.5,from_t0,bound,bound,27.0,27.0,27.0,1.0,27.0,0.0,1.0,1.0,1.0,1000
ks22,patch,ks22_patch_P16_b10,16,10,160,1.84,0.1,future,bound,bound,27.0,27.0,27.0,1.0,27.0,0.0,1.0,1.0,1.0,1000
ks22,patch,ks22_patch_P16_b10,16,10,160,1.84,0.1,from_t0,bound,bound,27.0,27.0,27.0,1.0,27.0,0.0,1.0,1.0,1.0,1000
ks22,patch,ks22_patch_P16_b10,16,10,160,1.84,0.3,future,bound,bound,27.0,27.0,27.0,1.0,27.0,0.0,1.0,1.0,1.0,1000
ks22,patch,ks22_patch_P16_b10,16,10,160,1.84,0.3,from_t0,bound,bound,27.0,27.0,27.0,1.0,27.0,0.0,1.0,1.0,1.0,1000
ks22,patch,ks22_patch_P16_b10,16,10,160,1.84,0.5,future,bound,bound,27.0,27.0,27.0,1.0,27.0,0.0,1.0,1.0,1.0,1000
ks22,patch,ks22_patch_P16_b10,16,10,160,1.84,0.5,from_t0,bound,bound,27.0,27.0,27.0,1.0,27.0,0.0,1.0,1.0,1.0,1000
ks22,patch,ks22_patch_P16_b10,16,10,160,0.37,0.1,future,persistence,reference,0.051479192240000006,0.048381293277,0.05499325391999999,0.0,0.03622744,,0.0,0.0,0.0,1000
ks22,patch,ks22_patch_P16_b10,16,10,160,0.37,0.1,from_t0,persistence,reference,0.051479192240000006,0.048381293277,0.05499325391999999,0.0,0.03622744,,0.0,0.0,0.0,1000
ks22,patch,ks22_patch_P16_b10,16,10,160,0.37,0.3,future,persistence,reference,0.13862429916000002,0.130780152714,0.14670528249499998,0.0,0.10868232,,0.005,0.0,0.0,1000
ks22,patch,ks22_patch_P16_b10,16,10,160,0.37,0.3,from_t0,persistence,reference,0.13862429916000002,0.130780152714,0.14670528249499998,0.0,0.10868232,,0.005,0.0,0.0,1000
ks22,patch,ks22_patch_P16_b10,16,10,160,0.37,0.5,future,persistence,reference,0.22290743831999998,0.212273326151,0.23392193860899999,0.0,0.1811372,,0.009,0.0,0.0,1000
ks22,patch,ks22_patch_P16_b10,16,10,160,0.37,0.5,from_t0,persistence,reference,0.22290743831999998,0.212273326151,0.23392193860899999,0.0,0.1811372,,0.009,0.0,0.0,1000
ks22,patch,ks22_patch_P16_b10,16,10,160,0.92,0.1,future,persistence,reference,0.06413627647999999,0.060983510080000004,0.06760431952,0.0,0.04503952,,0.001,0.0,0.0,1000
ks22,patch,ks22_patch_P16_b10,16,10,160,0.92,0.1,from_t0,persistence,reference,0.06413627647999999,0.060983510080000004,0.06760431952,0.0,0.04503952,,0.001,0.0,0.0,1000
ks22,patch,ks22_patch_P16_b10,16,10,160,0.92,0.3,future,persistence,reference,0.15079231296,0.14273023888,0.15907958464,0.0,0.13511856,,0.005,0.0,0.0,1000
ks22,patch,ks22_patch_P16_b10,16,10,160,0.92,0.3,from_t0,persistence,reference,0.15079231296,0.14273023888,0.15907958464,0.0,0.13511856,,0.005,0.0,0.0,1000
ks22,patch,ks22_patch_P16_b10,16,10,160,0.92,0.5,future,persistence,reference,0.23704299376000001,0.226187343452,0.24816775519999998,0.0,0.18015808,,0.009,0.0,0.0,1000
ks22,patch,ks22_patch_P16_b10,16,10,160,0.92,0.5,from_t0,persistence,reference,0.23704299376000001,0.226187343452,0.24816775519999998,0.0,0.18015808,,0.009,0.0,0.0,1000
ks22,patch,ks22_patch_P16_b10,16,10,160,1.84,0.1,future,persistence,reference,0.09953733919999999,0.09665480991999999,0.10287026367999999,0.0,0.09007904,,0.001,0.0,0.0,1000
ks22,patch,ks22_patch_P16_b10,16,10,160,1.84,0.1,from_t0,persistence,reference,0.09953733919999999,0.09665480991999999,0.10287026367999999,0.0,0.09007904,,0.001,0.0,0.0,1000
ks22,patch,ks22_patch_P16_b10,16,10,160,1.84,0.3,future,persistence,reference,0.17277159871999997,0.16475456416,0.181151201416,0.0,0.18015808,,0.005,0.0,0.0,1000
ks22,patch,ks22_patch_P16_b10,16,10,160,1.84,0.3,from_t0,persistence,reference,0.17277159871999997,0.16475456416,0.181151201416,0.0,0.18015808,,0.005,0.0,0.0,1000
ks22,patch,ks22_patch_P16_b10,16,10,160,1.84,0.5,future,persistence,reference,0.25798637056,0.24690664864,0.26942866061600007,0.0,0.18015808,,0.009,0.0,0.0,1000
ks22,patch,ks22_patch_P16_b10,16,10,160,1.84,0.5,from_t0,persistence,reference,0.25798637056,0.24690664864,0.26942866061600007,0.0,0.18015808,,0.009,0.0,0.0,1000
ks22,patch,ks22_patch_P16_b10,16,10,160,0.37,0.1,future,decode_and_integrate,reference,1.17514569872,1.1227413482310002,1.22644375376,0.0,0.8966291399999999,,0.43,0.049,0.0,1000
ks22,patch,ks22_patch_P16_b10,16,10,160,0.37,0.1,from_t0,decode_and_integrate,reference,1.17514569872,1.1227413482310002,1.22644375376,0.0,0.8966291399999999,,0.43,0.049,0.0,1000
ks22,patch,ks22_patch_P16_b10,16,10,160,0.37,0.3,future,decode_and_integrate,reference,2.13937524176,2.05512833004,2.2268880571959992,0.0,1.82042886,,0.834,0.196,0.001,1000
ks22,patch,ks22_patch_P16_b10,16,10,160,0.37,0.3,from_t0,decode_and_integrate,reference,2.13937524176,2.05512833004,2.2268880571959992,0.0,1.82042886,,0.834,0.196,0.001,1000
ks22,patch,ks22_patch_P16_b10,16,10,160,0.37,0.5,future,decode_and_integrate,reference,2.5824730603999995,2.4877192853939993,2.675653205981,0.0,2.30044244,,0.915,0.291,0.002,1000
ks22,patch,ks22_patch_P16_b10,16,10,160,0.37,0.5,from_t0,decode_and_integrate,reference,2.5824730603999995,2.4877192853939993,2.675653205981,0.0,2.30044244,,0.915,0.291,0.002,1000
ks22,patch,ks22_patch_P16_b10,16,10,160,0.92,0.1,future,decode_and_integrate,reference,1.19426791232,1.1424690863559999,1.2457109260759998,0.0,0.9007904,,0.437,0.051,0.0,1000
ks22,patch,ks22_patch_P16_b10,16,10,160,0.92,0.1,from_t0,decode_and_integrate,reference,1.19426791232,1.1424690863559999,1.2457109260759998,0.0,0.9007904,,0.437,0.051,0.0,1000
ks22,patch,ks22_patch_P16_b10,16,10,160,0.92,0.3,future,decode_and_integrate,reference,2.16266263184,2.078293476988,2.251890424912,0.0,1.84662032,,0.836,0.202,0.001,1000
ks22,patch,ks22_patch_P16_b10,16,10,160,0.92,0.3,from_t0,decode_and_integrate,reference,2.16266263184,2.078293476988,2.251890424912,0.0,1.84662032,,0.836,0.202,0.001,1000
ks22,patch,ks22_patch_P16_b10,16,10,160,0.92,0.5,future,decode_and_integrate,reference,2.60450032304,2.50964146398,2.6968200791599997,0.0,2.34205504,,0.92,0.294,0.002,1000
ks22,patch,ks22_patch_P16_b10,16,10,160,0.92,0.5,from_t0,decode_and_integrate,reference,2.60450032304,2.50964146398,2.6968200791599997,0.0,2.34205504,,0.92,0.294,0.002,1000
ks22,patch,ks22_patch_P16_b10,16,10,160,1.84,0.1,future,decode_and_integrate,reference,1.24417170048,1.185255504368,1.311199514144,0.0,0.99086944,,0.443,0.052,0.001,1000
ks22,patch,ks22_patch_P16_b10,16,10,160,1.84,0.1,from_t0,decode_and_integrate,reference,1.24417170048,1.185255504368,1.311199514144,0.0,0.99086944,,0.443,0.052,0.001,1000
ks22,patch,ks22_patch_P16_b10,16,10,160,1.84,0.3,future,decode_and_integrate,reference,2.20504482016,2.120983060032,2.294418991672,0.0,1.89165984,,0.843,0.205,0.001,1000
ks22,patch,ks22_patch_P16_b10,16,10,160,1.84,0.3,from_t0,decode_and_integrate,reference,2.20504482016,2.120983060032,2.294418991672,0.0,1.89165984,,0.843,0.205,0.001,1000
ks22,patch,ks22_patch_P16_b10,16,10,160,1.84,0.5,future,decode_and_integrate,reference,2.652827728,2.557866404032,2.745899644104,0.0,2.34205504,,0.921,0.301,0.002,1000
ks22,patch,ks22_patch_P16_b10,16,10,160,1.84,0.5,from_t0,decode_and_integrate,reference,2.652827728,2.557866404032,2.745899644104,0.0,2.34205504,,0.921,0.301,0.002,1000
ks22,patch,ks22_patch_P16_b12,16,12,192,0.37,0.1,future,bound,bound,27.0,27.0,27.0,1.0,27.0,0.0,1.0,1.0,1.0,1000
ks22,patch,ks22_patch_P16_b12,16,12,192,0.37,0.1,from_t0,bound,bound,27.0,27.0,27.0,1.0,27.0,0.0,1.0,1.0,1.0,1000
ks22,patch,ks22_patch_P16_b12,16,12,192,0.37,0.3,future,bound,bound,27.0,27.0,27.0,1.0,27.0,0.0,1.0,1.0,1.0,1000
ks22,patch,ks22_patch_P16_b12,16,12,192,0.37,0.3,from_t0,bound,bound,27.0,27.0,27.0,1.0,27.0,0.0,1.0,1.0,1.0,1000
ks22,patch,ks22_patch_P16_b12,16,12,192,0.37,0.5,future,bound,bound,27.0,27.0,27.0,1.0,27.0,0.0,1.0,1.0,1.0,1000
ks22,patch,ks22_patch_P16_b12,16,12,192,0.37,0.5,from_t0,bound,bound,27.0,27.0,27.0,1.0,27.0,0.0,1.0,1.0,1.0,1000
ks22,patch,ks22_patch_P16_b12,16,12,192,0.92,0.1,future,bound,bound,27.0,27.0,27.0,1.0,27.0,0.0,1.0,1.0,1.0,1000
ks22,patch,ks22_patch_P16_b12,16,12,192,0.92,0.1,from_t0,bound,bound,27.0,27.0,27.0,1.0,27.0,0.0,1.0,1.0,1.0,1000
ks22,patch,ks22_patch_P16_b12,16,12,192,0.92,0.3,future,bound,bound,27.0,27.0,27.0,1.0,27.0,0.0,1.0,1.0,1.0,1000
ks22,patch,ks22_patch_P16_b12,16,12,192,0.92,0.3,from_t0,bound,bound,27.0,27.0,27.0,1.0,27.0,0.0,1.0,1.0,1.0,1000
ks22,patch,ks22_patch_P16_b12,16,12,192,0.92,0.5,future,bound,bound,27.0,27.0,27.0,1.0,27.0,0.0,1.0,1.0,1.0,1000
ks22,patch,ks22_patch_P16_b12,16,12,192,0.92,0.5,from_t0,bound,bound,27.0,27.0,27.0,1.0,27.0,0.0,1.0,1.0,1.0,1000
ks22,patch,ks22_patch_P16_b12,16,12,192,1.84,0.1,future,bound,bound,27.0,27.0,27.0,1.0,27.0,0.0,1.0,1.0,1.0,1000
ks22,patch,ks22_patch_P16_b12,16,12,192,1.84,0.1,from_t0,bound,bound,27.0,27.0,27.0,1.0,27.0,0.0,1.0,1.0,1.0,1000
ks22,patch,ks22_patch_P16_b12,16,12,192,1.84,0.3,future,bound,bound,27.0,27.0,27.0,1.0,27.0,0.0,1.0,1.0,1.0,1000
ks22,patch,ks22_patch_P16_b12,16,12,192,1.84,0.3,from_t0,bound,bound,27.0,27.0,27.0,1.0,27.0,0.0,1.0,1.0,1.0,1000
ks22,patch,ks22_patch_P16_b12,16,12,192,1.84,0.5,future,bound,bound,27.0,27.0,27.0,1.0,27.0,0.0,1.0,1.0,1.0,1000
ks22,patch,ks22_patch_P16_b12,16,12,192,1.84,0.5,from_t0,bound,bound,27.0,27.0,27.0,1.0,27.0,0.0,1.0,1.0,1.0,1000
ks22,patch,ks22_patch_P16_b12,16,12,192,0.37,0.1,future,persistence,reference,0.0524392194,0.049323659560000004,0.05593562020299999,0.0,0.03622744,,0.0,0.0,0.0,1000
ks22,patch,ks22_patch_P16_b12,16,12,192,0.37,0.1,from_t0,persistence,reference,0.0524392194,0.049323659560000004,0.05593562020299999,0.0,0.03622744,,0.0,0.0,0.0,1000
ks22,patch,ks22_patch_P16_b12,16,12,192,0.37,0.3,future,persistence,reference,0.13858807171999998,0.1306904898,0.14666679084,0.0,0.10868232,,0.005,0.0,0.0,1000
ks22,patch,ks22_patch_P16_b12,16,12,192,0.37,0.3,from_t0,persistence,reference,0.13858807171999998,0.1306904898,0.14666679084,0.0,0.10868232,,0.005,0.0,0.0,1000
ks22,patch,ks22_patch_P16_b12,16,12,192,0.37,0.5,future,persistence,reference,0.22292555204,0.21227468468000002,0.233902919203,0.0,0.1811372,,0.009,0.0,0.0,1000
ks22,patch,ks22_patch_P16_b12,16,12,192,0.37,0.5,from_t0,persistence,reference,0.22292555204,0.21227468468000002,0.233902919203,0.0,0.1811372,,0.009,0.0,0.0,1000
ks22,patch,ks22_patch_P16_b12,16,12,192,0.92,0.1,future,persistence,reference,0.06472179024000001,0.0614789448,0.06819095926799999,0.0,0.04503952,,0.0,0.0,0.0,1000
ks22,patch,ks22_patch_P16_b12,16,12,192,0.92,0.1,from_t0,persistence,reference,0.06472179024000001,0.0614789448,0.06819095926799999,0.0,0.04503952,,0.0,0.0,0.0,1000
ks22,patch,ks22_patch_P16_b12,16,12,192,0.92,0.3,future,persistence,reference,0.15070223391999998,0.14254895481199997,0.15907958464,0.0,0.13511856,,0.005,0.0,0.0,1000
ks22,patch,ks22_patch_P16_b12,16,12,192,0.92,0.3,from_t0,persistence,reference,0.15070223391999998,0.14254895481199997,0.15907958464,0.0,0.13511856,,0.005,0.0,0.0,1000
ks22,patch,ks22_patch_P16_b12,16,12,192,0.92,0.5,future,persistence,reference,0.23672771712,0.225962145852,0.24753720191999998,0.0,0.18015808,,0.009,0.0,0.0,1000
ks22,patch,ks22_patch_P16_b12,16,12,192,0.92,0.5,from_t0,persistence,reference,0.23672771712,0.225962145852,0.24753720191999998,0.0,0.18015808,,0.009,0.0,0.0,1000
ks22,patch,ks22_patch_P16_b12,16,12,192,1.84,0.1,future,persistence,reference,0.09989765535999999,0.09701512607999999,0.10323057983999999,0.0,0.09007904,,0.0,0.0,0.0,1000
ks22,patch,ks22_patch_P16_b12,16,12,192,1.84,0.1,from_t0,persistence,reference,0.09989765535999999,0.09701512607999999,0.10323057983999999,0.0,0.09007904,,0.0,0.0,0.0,1000
ks22,patch,ks22_patch_P16_b12,16,12,192,1.84,0.3,future,persistence,reference,0.17250136159999999,0.164394248,0.180971043336,0.0,0.18015808,,0.005,0.0,0.0,1000
ks22,patch,ks22_patch_P16_b12,16,12,192,1.84,0.3,from_t0,persistence,reference,0.17250136159999999,0.164394248,0.180971043336,0.0,0.18015808,,0.005,0.0,0.0,1000
ks22,patch,ks22_patch_P16_b12,16,12,192,1.84,0.5,future,persistence,reference,0.25798637056,0.247174633784,0.269068344456,0.0,0.18015808,,0.009,0.0,0.0,1000
ks22,patch,ks22_patch_P16_b12,16,12,192,1.84,0.5,from_t0,persistence,reference,0.25798637056,0.247174633784,0.269068344456,0.0,0.18015808,,0.009,0.0,0.0,1000
ks22,patch,ks22_patch_P16_b12,16,12,192,0.37,0.1,future,decode_and_integrate,reference,1.60759265,1.540551960908,1.6768694778259998,0.0,1.30418784,,0.648,0.094,0.0,1000
ks22,patch,ks22_patch_P16_b12,16,12,192,0.37,0.1,from_t0,decode_and_integrate,reference,1.60759265,1.540551960908,1.6768694778259998,0.0,1.30418784,,0.648,0.094,0.0,1000
ks22,patch,ks22_patch_P16_b12,16,12,192,0.37,0.3,future,decode_and_integrate,reference,2.62547503168,2.5338988560049995,2.719473011719,0.0,2.31855616,,0.917,0.321,0.001,1000
ks22,patch,ks22_patch_P16_b12,16,12,192,0.37,0.3,from_t0,decode_and_integrate,reference,2.62547503168,2.5338988560049995,2.719473011719,0.0,2.31855616,,0.917,0.321,0.001,1000
ks22,patch,ks22_patch_P16_b12,16,12,192,0.37,0.5,future,decode_and_integrate,reference,3.1337097874399995,3.0328775008449997,3.2387702691260003,0.0,2.7895128799999998,,0.961,0.443,0.003,1000
ks22,patch,ks22_patch_P16_b12,16,12,192,0.37,0.5,from_t0,decode_and_integrate,reference,3.1337097874399995,3.0328775008449997,3.2387702691260003,0.0,2.7895128799999998,,0.961,0.443,0.003,1000
ks22,patch,ks22_patch_P16_b12,16,12,192,0.92,0.1,future,decode_and_integrate,reference,1.6275931342399999,1.560149831004,1.6963256937359998,0.0,1.30614608,,0.653,0.098,0.0,1000
ks22,patch,ks22_patch_P16_b12,16,12,192,0.92,0.1,from_t0,decode_and_integrate,reference,1.6275931342399999,1.560149831004,1.6963256937359998,0.0,1.30614608,,0.653,0.098,0.0,1000
ks22,patch,ks22_patch_P16_b12,16,12,192,0.92,0.3,future,decode_and_integrate,reference,2.6498551196799998,2.558378728572,2.7438852515719994,0.0,2.34205504,,0.919,0.327,0.001,1000
ks22,patch,ks22_patch_P16_b12,16,12,192,0.92,0.3,from_t0,decode_and_integrate,reference,2.6498551196799998,2.558378728572,2.7438852515719994,0.0,2.34205504,,0.919,0.327,0.001,1000
ks22,patch,ks22_patch_P16_b12,16,12,192,0.92,0.5,future,decode_and_integrate,reference,3.15317175568,3.05169771712,3.258172388656,0.0,2.79245024,,0.963,0.446,0.003,1000
ks22,patch,ks22_patch_P16_b12,16,12,192,0.92,0.5,from_t0,decode_and_integrate,reference,3.15317175568,3.05169771712,3.258172388656,0.0,2.79245024,,0.963,0.446,0.003,1000
ks22,patch,ks22_patch_P16_b12,16,12,192,1.84,0.1,future,decode_and_integrate,reference,1.6749296697599998,1.606915490608,1.7451958249120003,0.0,1.3511856,,0.657,0.106,0.0,1000
ks22,patch,ks22_patch_P16_b12,16,12,192,1.84,0.1,from_t0,decode_and_integrate,reference,1.6749296697599998,1.606915490608,1.7451958249120003,0.0,1.3511856,,0.657,0.106,0.0,1000
ks22,patch,ks22_patch_P16_b12,16,12,192,1.84,0.3,future,decode_and_integrate,reference,2.6981374851199997,2.607745420456,2.791461622536,0.0,2.34205504,,0.922,0.336,0.001,1000
ks22,patch,ks22_patch_P16_b12,16,12,192,1.84,0.3,from_t0,decode_and_integrate,reference,2.6981374851199997,2.607745420456,2.791461622536,0.0,2.34205504,,0.922,0.336,0.001,1000
ks22,patch,ks22_patch_P16_b12,16,12,192,1.84,0.5,future,decode_and_integrate,reference,3.2103269065599997,3.112048421944,3.314106968544,0.0,2.83748976,,0.966,0.449,0.003,1000
ks22,patch,ks22_patch_P16_b12,16,12,192,1.84,0.5,from_t0,decode_and_integrate,reference,3.2103269065599997,3.112048421944,3.314106968544,0.0,2.83748976,,0.966,0.449,0.003,1000
ks22,patch,ks22_patch_P16_b14,16,14,224,0.37,0.1,future,bound,bound,27.0,27.0,27.0,1.0,27.0,0.0,1.0,1.0,1.0,1000
ks22,patch,ks22_patch_P16_b14,16,14,224,0.37,0.1,from_t0,bound,bound,27.0,27.0,27.0,1.0,27.0,0.0,1.0,1.0,1.0,1000
ks22,patch,ks22_patch_P16_b14,16,14,224,0.37,0.3,future,bound,bound,27.0,27.0,27.0,1.0,27.0,0.0,1.0,1.0,1.0,1000
ks22,patch,ks22_patch_P16_b14,16,14,224,0.37,0.3,from_t0,bound,bound,27.0,27.0,27.0,1.0,27.0,0.0,1.0,1.0,1.0,1000
ks22,patch,ks22_patch_P16_b14,16,14,224,0.37,0.5,future,bound,bound,27.0,27.0,27.0,1.0,27.0,0.0,1.0,1.0,1.0,1000
ks22,patch,ks22_patch_P16_b14,16,14,224,0.37,0.5,from_t0,bound,bound,27.0,27.0,27.0,1.0,27.0,0.0,1.0,1.0,1.0,1000
ks22,patch,ks22_patch_P16_b14,16,14,224,0.92,0.1,future,bound,bound,27.0,27.0,27.0,1.0,27.0,0.0,1.0,1.0,1.0,1000
ks22,patch,ks22_patch_P16_b14,16,14,224,0.92,0.1,from_t0,bound,bound,27.0,27.0,27.0,1.0,27.0,0.0,1.0,1.0,1.0,1000
ks22,patch,ks22_patch_P16_b14,16,14,224,0.92,0.3,future,bound,bound,27.0,27.0,27.0,1.0,27.0,0.0,1.0,1.0,1.0,1000
ks22,patch,ks22_patch_P16_b14,16,14,224,0.92,0.3,from_t0,bound,bound,27.0,27.0,27.0,1.0,27.0,0.0,1.0,1.0,1.0,1000
ks22,patch,ks22_patch_P16_b14,16,14,224,0.92,0.5,future,bound,bound,27.0,27.0,27.0,1.0,27.0,0.0,1.0,1.0,1.0,1000
ks22,patch,ks22_patch_P16_b14,16,14,224,0.92,0.5,from_t0,bound,bound,27.0,27.0,27.0,1.0,27.0,0.0,1.0,1.0,1.0,1000
ks22,patch,ks22_patch_P16_b14,16,14,224,1.84,0.1,future,bound,bound,27.0,27.0,27.0,1.0,27.0,0.0,1.0,1.0,1.0,1000
ks22,patch,ks22_patch_P16_b14,16,14,224,1.84,0.1,from_t0,bound,bound,27.0,27.0,27.0,1.0,27.0,0.0,1.0,1.0,1.0,1000
ks22,patch,ks22_patch_P16_b14,16,14,224,1.84,0.3,future,bound,bound,27.0,27.0,27.0,1.0,27.0,0.0,1.0,1.0,1.0,1000
ks22,patch,ks22_patch_P16_b14,16,14,224,1.84,0.3,from_t0,bound,bound,27.0,27.0,27.0,1.0,27.0,0.0,1.0,1.0,1.0,1000
ks22,patch,ks22_patch_P16_b14,16,14,224,1.84,0.5,future,bound,bound,27.0,27.0,27.0,1.0,27.0,0.0,1.0,1.0,1.0,1000
ks22,patch,ks22_patch_P16_b14,16,14,224,1.84,0.5,from_t0,bound,bound,27.0,27.0,27.0,1.0,27.0,0.0,1.0,1.0,1.0,1000
ks22,patch,ks22_patch_P16_b14,16,14,224,0.37,0.1,future,persistence,reference,0.052656584039999996,0.04946856932,0.056206873160000004,0.0,0.03622744,,0.0,0.0,0.0,1000
ks22,patch,ks22_patch_P16_b14,16,14,224,0.37,0.1,from_t0,persistence,reference,0.052656584039999996,0.04946856932,0.056206873160000004,0.0,0.03622744,,0.0,0.0,0.0,1000
ks22,patch,ks22_patch_P16_b14,16,14,224,0.37,0.3,future,persistence,reference,0.13867864032,0.130905137382,0.146757812283,0.0,0.10868232,,0.005,0.0,0.0,1000
ks22,patch,ks22_patch_P16_b14,16,14,224,0.37,0.3,from_t0,persistence,reference,0.13867864032,0.130905137382,0.146757812283,0.0,0.10868232,,0.005,0.0,0.0,1000
ks22,patch,ks22_patch_P16_b14,16,14,224,0.37,0.5,future,persistence,reference,0.22296177947999998,0.212328572997,0.23399348780299997,0.0,0.1811372,,0.009,0.0,0.0,1000
ks22,patch,ks22_patch_P16_b14,16,14,224,0.37,0.5,from_t0,persistence,reference,0.22296177947999998,0.212328572997,0.23399348780299997,0.0,0.1811372,,0.009,0.0,0.0,1000
ks22,patch,ks22_patch_P16_b14,16,14,224,0.92,0.1,future,persistence,reference,0.0646317112,0.061523984319999996,0.06809975424,0.0,0.04503952,,0.0,0.0,0.0,1000
ks22,patch,ks22_patch_P16_b14,16,14,224,0.92,0.1,from_t0,persistence,reference,0.0646317112,0.061523984319999996,0.06809975424,0.0,0.04503952,,0.0,0.0,0.0,1000
ks22,patch,ks22_patch_P16_b14,16,14,224,0.92,0.3,future,persistence,reference,0.15038695727999998,0.14223480416,0.15858527590800003,0.0,0.13511856,,0.005,0.0,0.0,1000
ks22,patch,ks22_patch_P16_b14,16,14,224,0.92,0.3,from_t0,persistence,reference,0.15038695727999998,0.14223480416,0.15858527590800003,0.0,0.13511856,,0.005,0.0,0.0,1000
ks22,patch,ks22_patch_P16_b14,16,14,224,0.92,0.5,future,persistence,reference,0.23659259856,0.2258731928,0.24744712287999998,0.0,0.18015808,,0.009,0.0,0.0,1000
ks22,patch,ks22_patch_P16_b14,16,14,224,0.92,0.5,from_t0,persistence,reference,0.23659259856,0.2258731928,0.24744712287999998,0.0,0.18015808,,0.009,0.0,0.0,1000
ks22,patch,ks22_patch_P16_b14,16,14,224,1.84,0.1,future,persistence,reference,0.09971749727999998,0.09683496800000001,0.10296034272,0.0,0.09007904,,0.0,0.0,0.0,1000
ks22,patch,ks22_patch_P16_b14,16,14,224,1.84,0.1,from_t0,persistence,reference,0.09971749727999998,0.09683496800000001,0.10296034272,0.0,0.09007904,,0.0,0.0,0.0,1000
ks22,patch,ks22_patch_P16_b14,16,14,224,1.84,0.3,future,persistence,reference,0.17187080831999998,0.16385377376,0.18042831712,0.0,0.18015808,,0.005,0.0,0.0,1000
ks22,patch,ks22_patch_P16_b14,16,14,224,1.84,0.3,from_t0,persistence,reference,0.17187080831999998,0.16385377376,0.18042831712,0.0,0.18015808,,0.005,0.0,0.0,1000
ks22,patch,ks22_patch_P16_b14,16,14,224,1.84,0.5,future,persistence,reference,0.25771613344,0.24699447570400002,0.268888186376,0.0,0.18015808,,0.009,0.0,0.0,1000
ks22,patch,ks22_patch_P16_b14,16,14,224,1.84,0.5,from_t0,persistence,reference,0.25771613344,0.24699447570400002,0.268888186376,0.0,0.18015808,,0.009,0.0,0.0,1000
ks22,patch,ks22_patch_P16_b14,16,14,224,0.37,0.1,future,decode_and_integrate,reference,2.00558730584,1.932226286997,2.0877153651629996,0.0,1.6483485199999999,,0.794,0.17,0.001,1000
ks22,patch,ks22_patch_P16_b14,16,14,224,0.37,0.1,from_t0,decode_and_integrate,reference,2.00558730584,1.932226286997,2.0877153651629996,0.0,1.6483485199999999,,0.794,0.17,0.001,1000
ks22,patch,ks22_patch_P16_b14,16,14,224,0.37,0.3,future,decode_and_integrate,reference,3.0508938596,2.9512579842109994,3.156648549605,0.0,2.7170579999999998,,0.958,0.428,0.001,1000
ks22,patch,ks22_patch_P16_b14,16,14,224,0.37,0.3,from_t0,decode_and_integrate,reference,3.0508938596,2.9512579842109994,3.156648549605,0.0,2.7170579999999998,,0.958,0.428,0.001,1000
ks22,patch,ks22_patch_P16_b14,16,14,224,0.37,0.5,future,decode_and_integrate,reference,3.5422285146,3.4386633205,3.6587744532949995,0.0,3.20612844,,0.975,0.545,0.002,1000
ks22,patch,ks22_patch_P16_b14,16,14,224,0.37,0.5,from_t0,decode_and_integrate,reference,3.5422285146,3.4386633205,3.6587744532949995,0.0,3.20612844,,0.975,0.545,0.002,1000
ks22,patch,ks22_patch_P16_b14,16,14,224,0.92,0.1,future,decode_and_integrate,reference,2.0234004359999997,1.9500141681,2.1050131722280003,0.0,1.66646224,,0.799,0.171,0.001,1000
ks22,patch,ks22_patch_P16_b14,16,14,224,0.92,0.1,from_t0,decode_and_integrate,reference,2.0234004359999997,1.9500141681,2.1050131722280003,0.0,1.66646224,,0.799,0.171,0.001,1000
ks22,patch,ks22_patch_P16_b14,16,14,224,0.92,0.3,future,decode_and_integrate,reference,3.0766496112000006,2.977104390084,3.181239258556,0.0,2.74741072,,0.961,0.434,0.001,1000
ks22,patch,ks22_patch_P16_b14,16,14,224,0.92,0.3,from_t0,decode_and_integrate,reference,3.0766496112000006,2.977104390084,3.181239258556,0.0,2.74741072,,0.961,0.434,0.001,1000
ks22,patch,ks22_patch_P16_b14,16,14,224,0.92,0.5,future,decode_and_integrate,reference,3.56604903552,3.4612375685280004,3.6811576627719997,0.0,3.24284544,,0.975,0.553,0.002,1000
ks22,patch,ks22_patch_P16_b14,16,14,224,0.92,0.5,from_t0,decode_and_integrate,reference,3.56604903552,3.4612375685280004,3.6811576627719997,0.0,3.24284544,,0.975,0.553,0.002,1000
ks22,patch,ks22_patch_P16_b14,16,14,224,1.84,0.1,future,decode_and_integrate,reference,2.07028657632,1.994881411936,2.1508239940080003,0.0,1.71150176,,0.805,0.175,0.001,1000
ks22,patch,ks22_patch_P16_b14,16,14,224,1.84,0.1,from_t0,decode_and_integrate,reference,2.07028657632,1.994881411936,2.1508239940080003,0.0,1.71150176,,0.805,0.175,0.001,1000
ks22,patch,ks22_patch_P16_b14,16,14,224,1.84,0.3,future,decode_and_integrate,reference,3.11880660192,3.019710650016,3.223935597528,0.0,2.79245024,,0.962,0.437,0.001,1000
ks22,patch,ks22_patch_P16_b14,16,14,224,1.84,0.3,from_t0,decode_and_integrate,reference,3.11880660192,3.019710650016,3.223935597528,0.0,2.79245024,,0.962,0.437,0.001,1000
ks22,patch,ks22_patch_P16_b14,16,14,224,1.84,0.5,future,decode_and_integrate,reference,3.61270997824,3.506414459064,3.7277476682479995,0.0,3.28788496,,0.975,0.561,0.002,1000
ks22,patch,ks22_patch_P16_b14,16,14,224,1.84,0.5,from_t0,decode_and_integrate,reference,3.61270997824,3.506414459064,3.7277476682479995,0.0,3.28788496,,0.975,0.561,0.002,1000
ks22,patch,ks22_patch_P16_b16,16,16,256,0.37,0.1,future,bound,bound,27.0,27.0,27.0,1.0,27.0,0.0,1.0,1.0,1.0,1000
ks22,patch,ks22_patch_P16_b16,16,16,256,0.37,0.1,from_t0,bound,bound,27.0,27.0,27.0,1.0,27.0,0.0,1.0,1.0,1.0,1000
ks22,patch,ks22_patch_P16_b16,16,16,256,0.37,0.3,future,bound,bound,27.0,27.0,27.0,1.0,27.0,0.0,1.0,1.0,1.0,1000
ks22,patch,ks22_patch_P16_b16,16,16,256,0.37,0.3,from_t0,bound,bound,27.0,27.0,27.0,1.0,27.0,0.0,1.0,1.0,1.0,1000
ks22,patch,ks22_patch_P16_b16,16,16,256,0.37,0.5,future,bound,bound,27.0,27.0,27.0,1.0,27.0,0.0,1.0,1.0,1.0,1000
ks22,patch,ks22_patch_P16_b16,16,16,256,0.37,0.5,from_t0,bound,bound,27.0,27.0,27.0,1.0,27.0,0.0,1.0,1.0,1.0,1000
ks22,patch,ks22_patch_P16_b16,16,16,256,0.92,0.1,future,bound,bound,27.0,27.0,27.0,1.0,27.0,0.0,1.0,1.0,1.0,1000
ks22,patch,ks22_patch_P16_b16,16,16,256,0.92,0.1,from_t0,bound,bound,27.0,27.0,27.0,1.0,27.0,0.0,1.0,1.0,1.0,1000
ks22,patch,ks22_patch_P16_b16,16,16,256,0.92,0.3,future,bound,bound,27.0,27.0,27.0,1.0,27.0,0.0,1.0,1.0,1.0,1000
ks22,patch,ks22_patch_P16_b16,16,16,256,0.92,0.3,from_t0,bound,bound,27.0,27.0,27.0,1.0,27.0,0.0,1.0,1.0,1.0,1000
ks22,patch,ks22_patch_P16_b16,16,16,256,0.92,0.5,future,bound,bound,27.0,27.0,27.0,1.0,27.0,0.0,1.0,1.0,1.0,1000
ks22,patch,ks22_patch_P16_b16,16,16,256,0.92,0.5,from_t0,bound,bound,27.0,27.0,27.0,1.0,27.0,0.0,1.0,1.0,1.0,1000
ks22,patch,ks22_patch_P16_b16,16,16,256,1.84,0.1,future,bound,bound,27.0,27.0,27.0,1.0,27.0,0.0,1.0,1.0,1.0,1000
ks22,patch,ks22_patch_P16_b16,16,16,256,1.84,0.1,from_t0,bound,bound,27.0,27.0,27.0,1.0,27.0,0.0,1.0,1.0,1.0,1000
ks22,patch,ks22_patch_P16_b16,16,16,256,1.84,0.3,future,bound,bound,27.0,27.0,27.0,1.0,27.0,0.0,1.0,1.0,1.0,1000
ks22,patch,ks22_patch_P16_b16,16,16,256,1.84,0.3,from_t0,bound,bound,27.0,27.0,27.0,1.0,27.0,0.0,1.0,1.0,1.0,1000
ks22,patch,ks22_patch_P16_b16,16,16,256,1.84,0.5,future,bound,bound,27.0,27.0,27.0,1.0,27.0,0.0,1.0,1.0,1.0,1000
ks22,patch,ks22_patch_P16_b16,16,16,256,1.84,0.5,from_t0,bound,bound,27.0,27.0,27.0,1.0,27.0,0.0,1.0,1.0,1.0,1000
ks22,patch,ks22_patch_P16_b16,16,16,256,0.37,0.1,future,persistence,reference,0.05294640356,0.04975838884,0.056496692679999995,0.0,0.03622744,,0.0,0.0,0.0,1000
ks22,patch,ks22_patch_P16_b16,16,16,256,0.37,0.1,from_t0,persistence,reference,0.05294640356,0.04975838884,0.056496692679999995,0.0,0.03622744,,0.0,0.0,0.0,1000
ks22,patch,ks22_patch_P16_b16,16,16,256,0.37,0.3,future,persistence,reference,0.13862429916,0.130671923237,0.146704829652,0.0,0.10868232,,0.005,0.0,0.0,1000
ks22,patch,ks22_patch_P16_b16,16,16,256,0.37,0.3,from_t0,persistence,reference,0.13862429916,0.130671923237,0.146704829652,0.0,0.10868232,,0.005,0.0,0.0,1000
ks22,patch,ks22_patch_P16_b16,16,16,256,0.37,0.5,future,persistence,reference,0.22292555203999997,0.21227423183700003,0.23393959948600002,0.0,0.1811372,,0.009,0.0,0.0,1000
ks22,patch,ks22_patch_P16_b16,16,16,256,0.37,0.5,from_t0,persistence,reference,0.22292555203999997,0.21227423183700003,0.23393959948600002,0.0,0.1811372,,0.009,0.0,0.0,1000
ks22,patch,ks22_patch_P16_b16,16,16,256,0.92,0.1,future,persistence,reference,0.06490194832,0.06174918192,0.06841503087999999,0.0,0.04503952,,0.0,0.0,0.0,1000
ks22,patch,ks22_patch_P16_b16,16,16,256,0.92,0.1,from_t0,persistence,reference,0.06490194832,0.06174918192,0.06841503087999999,0.0,0.04503952,,0.0,0.0,0.0,1000
ks22,patch,ks22_patch_P16_b16,16,16,256,0.92,0.3,future,persistence,reference,0.15065719439999997,0.14259512032000002,0.158855513028,0.0,0.13511856,,0.005,0.0,0.0,1000
ks22,patch,ks22_patch_P16_b16,16,16,256,0.92,0.3,from_t0,persistence,reference,0.15065719439999997,0.14259512032000002,0.158855513028,0.0,0.13511856,,0.005,0.0,0.0,1000
ks22,patch,ks22_patch_P16_b16,16,16,256,0.92,0.5,future,persistence,reference,0.23681779616,0.22605335087999998,0.24771736,0.0,0.18015808,,0.009,0.0,0.0,1000
ks22,patch,ks22_patch_P16_b16,16,16,256,0.92,0.5,from_t0,persistence,reference,0.23681779616,0.22605335087999998,0.24771736,0.0,0.18015808,,0.009,0.0,0.0,1000
ks22,patch,ks22_patch_P16_b16,16,16,256,1.84,0.1,future,persistence,reference,0.09989765535999999,0.09692504704,0.10332065888,0.0,0.09007904,,0.0,0.0,0.0,1000
ks22,patch,ks22_patch_P16_b16,16,16,256,1.84,0.1,from_t0,persistence,reference,0.09989765535999999,0.09692504704,0.10332065888,0.0,0.09007904,,0.0,0.0,0.0,1000
ks22,patch,ks22_patch_P16_b16,16,16,256,1.84,0.3,future,persistence,reference,0.17232120352,0.16430416896,0.18069855424000003,0.0,0.18015808,,0.005,0.0,0.0,1000
ks22,patch,ks22_patch_P16_b16,16,16,256,1.84,0.3,from_t0,persistence,reference,0.17232120352,0.16430416896,0.18069855424000003,0.0,0.18015808,,0.005,0.0,0.0,1000
ks22,patch,ks22_patch_P16_b16,16,16,256,1.84,0.5,future,persistence,reference,0.25780621248,0.24699672768,0.26897601344,0.0,0.18015808,,0.009,0.0,0.0,1000
ks22,patch,ks22_patch_P16_b16,16,16,256,1.84,0.5,from_t0,persistence,reference,0.25780621248,0.24699672768,0.26897601344,0.0,0.18015808,,0.009,0.0,0.0,1000
ks22,patch,ks22_patch_P16_b16,16,16,256,0.37,0.1,future,decode_and_integrate,reference,2.4548981304399993,2.369451637613,2.543587884833,0.0,2.1736464,,0.888,0.274,0.0,1000
ks22,patch,ks22_patch_P16_b16,16,16,256,0.37,0.1,from_t0,decode_and_integrate,reference,2.4548981304399993,2.369451637613,2.543587884833,0.0,2.1736464,,0.888,0.274,0.0,1000
ks22,patch,ks22_patch_P16_b16,16,16,256,0.37,0.3,future,decode_and_integrate,reference,3.4769647814399995,3.373981490595,3.58342364231,0.0,3.1517872799999997,,0.97,0.533,0.001,1000
ks22,patch,ks22_patch_P16_b16,16,16,256,0.37,0.3,from_t0,decode_and_integrate,reference,3.4769647814399995,3.373981490595,3.58342364231,0.0,3.1517872799999997,,0.97,0.533,0.001,1000
ks22,patch,ks22_patch_P16_b16,16,16,256,0.37,0.5,future,decode_and_integrate,reference,4.00190038704,3.8962851726789998,4.117979897444999,0.0,3.74954004,,0.988,0.65,0.004,1000
ks22,patch,ks22_patch_P16_b16,16,16,256,0.37,0.5,from_t0,decode_and_integrate,reference,4.00190038704,3.8962851726789998,4.117979897444999,0.0,3.74954004,,0.988,0.65,0.004,1000
ks22,patch,ks22_patch_P16_b16,16,16,256,0.92,0.1,future,decode_and_integrate,reference,2.4785247856,2.392182899772,2.5671681909,0.0,2.20693648,,0.89,0.283,0.0,1000
ks22,patch,ks22_patch_P16_b16,16,16,256,0.92,0.1,from_t0,decode_and_integrate,reference,2.4785247856,2.392182899772,2.5671681909,0.0,2.20693648,,0.89,0.283,0.0,1000
ks22,patch,ks22_patch_P16_b16,16,16,256,0.92,0.3,future,decode_and_integrate,reference,3.49767904416,3.39368279248,3.6065451939399997,0.0,3.1527664,,0.971,0.537,0.001,1000
ks22,patch,ks22_patch_P16_b16,16,16,256,0.92,0.3,from_t0,decode_and_integrate,reference,3.49767904416,3.39368279248,3.6065451939399997,0.0,3.1527664,,0.971,0.537,0.001,1000
ks22,patch,ks22_patch_P16_b16,16,16,256,0.92,0.5,future,decode_and_integrate,reference,4.01959700192,3.912745244672,4.137108487564,0.0,3.7382801599999995,,0.988,0.657,0.004,1000
ks22,patch,ks22_patch_P16_b16,16,16,256,0.92,0.5,from_t0,decode_and_integrate,reference,4.01959700192,3.912745244672,4.137108487564,0.0,3.7382801599999995,,0.988,0.657,0.004,1000
ks22,patch,ks22_patch_P16_b16,16,16,256,1.84,0.1,future,decode_and_integrate,reference,2.5114036351999998,2.4254569711600005,2.5996180390719994,0.0,2.251976,,0.89,0.285,0.0,1000
ks22,patch,ks22_patch_P16_b16,16,16,256,1.84,0.1,from_t0,decode_and_integrate,reference,2.5114036351999998,2.4254569711600005,2.5996180390719994,0.0,2.251976,,0.89,0.285,0.0,1000
ks22,patch,ks22_patch_P16_b16,16,16,256,1.84,0.3,future,decode_and_integrate,reference,3.55668081536,3.4518828602240004,3.66631826692,0.0,3.24284544,,0.972,0.545,0.001,1000
ks22,patch,ks22_patch_P16_b16,16,16,256,1.84,0.3,from_t0,decode_and_integrate,reference,3.55668081536,3.4518828602240004,3.66631826692,0.0,3.24284544,,0.972,0.545,0.001,1000
ks22,patch,ks22_patch_P16_b16,16,16,256,1.84,0.5,future,decode_and_integrate,reference,4.0630150992,3.954467604024,4.18345077568,0.0,3.78331968,,0.988,0.661,0.006,1000
ks22,patch,ks22_patch_P16_b16,16,16,256,1.84,0.5,from_t0,decode_and_integrate,reference,4.0630150992,3.954467604024,4.18345077568,0.0,3.78331968,,0.988,0.661,0.006,1000
ks22,patch,ks22_patch_P16_b8,16,8,128,0.37,0.1,future,bound,bound,17.846972186,17.259556811819003,18.397406559277997,0.401,20.76737998,0.002,0.971,0.913,0.721,1000
ks22,patch,ks22_patch_P16_b8,16,8,128,0.37,0.1,from_t0,bound,bound,17.81995407228,17.235435797690002,18.374182506022997,0.4,20.740209399999998,0.002,0.97,0.912,0.72,1000
ks22,patch,ks22_patch_P16_b8,16,8,128,0.37,0.3,future,bound,bound,27.0,27.0,27.0,1.0,27.0,0.0,1.0,1.0,1.0,1000
ks22,patch,ks22_patch_P16_b8,16,8,128,0.37,0.3,from_t0,bound,bound,27.0,27.0,27.0,1.0,27.0,0.0,1.0,1.0,1.0,1000
ks22,patch,ks22_patch_P16_b8,16,8,128,0.37,0.5,future,bound,bound,27.0,27.0,27.0,1.0,27.0,0.0,1.0,1.0,1.0,1000
ks22,patch,ks22_patch_P16_b8,16,8,128,0.37,0.5,from_t0,bound,bound,27.0,27.0,27.0,1.0,27.0,0.0,1.0,1.0,1.0,1000
ks22,patch,ks22_patch_P16_b8,16,8,128,0.92,0.1,future,bound,bound,21.60895465456,21.067230700680007,22.120169301208,0.618,27.0,0.002,0.983,0.949,0.848,1000
ks22,patch,ks22_patch_P16_b8,16,8,128,0.92,0.1,from_t0,bound,bound,21.554954654560003,21.003790903996002,22.074870320579997,0.616,27.0,0.002,0.981,0.947,0.846,1000
ks22,patch,ks22_patch_P16_b8,16,8,128,0.92,0.3,future,bound,bound,27.0,27.0,27.0,1.0,27.0,0.0,1.0,1.0,1.0,1000
ks22,patch,ks22_patch_P16_b8,16,8,128,0.92,0.3,from_t0,bound,bound,27.0,27.0,27.0,1.0,27.0,0.0,1.0,1.0,1.0,1000
ks22,patch,ks22_patch_P16_b8,16,8,128,0.92,0.5,future,bound,bound,27.0,27.0,27.0,1.0,27.0,0.0,1.0,1.0,1.0,1000
ks22,patch,ks22_patch_P16_b8,16,8,128,0.92,0.5,from_t0,bound,bound,27.0,27.0,27.0,1.0,27.0,0.0,1.0,1.0,1.0,1000
ks22,patch,ks22_patch_P16_b8,16,8,128,1.84,0.1,future,bound,bound,23.98276149376,23.570062656976,24.391295860679996,0.77,27.0,0.002,0.993,0.975,0.919,1000
ks22,patch,ks22_patch_P16_b8,16,8,128,1.84,0.1,from_t0,bound,bound,23.92876149376,23.499385456591998,24.338155270984,0.768,27.0,0.002,0.991,0.973,0.917,1000
ks22,patch,ks22_patch_P16_b8,16,8,128,1.84,0.3,future,bound,bound,27.0,27.0,27.0,1.0,27.0,0.0,1.0,1.0,1.0,1000
ks22,patch,ks22_patch_P16_b8,16,8,128,1.84,0.3,from_t0,bound,bound,27.0,27.0,27.0,1.0,27.0,0.0,1.0,1.0,1.0,1000
ks22,patch,ks22_patch_P16_b8,16,8,128,1.84,0.5,future,bound,bound,27.0,27.0,27.0,1.0,27.0,0.0,1.0,1.0,1.0,1000
ks22,patch,ks22_patch_P16_b8,16,8,128,1.84,0.5,from_t0,bound,bound,27.0,27.0,27.0,1.0,27.0,0.0,1.0,1.0,1.0,1000
ks22,patch,ks22_patch_P16_b8,16,8,128,0.37,0.1,future,persistence,reference,0.046624715280000006,0.043943431877,0.04950479676,0.0,0.03622744,,0.0,0.0,0.0,1000
ks22,patch,ks22_patch_P16_b8,16,8,128,0.37,0.1,from_t0,persistence,reference,0.04658848784,0.04390765728,0.049469475006,0.0,0.03622744,,0.0,0.0,0.0,1000
ks22,patch,ks22_patch_P16_b8,16,8,128,0.37,0.3,future,persistence,reference,0.13802654639999998,0.130074170477,0.14628730840600002,0.0,0.10868232,,0.006,0.0,0.0,1000
ks22,patch,ks22_patch_P16_b8,16,8,128,0.37,0.3,from_t0,persistence,reference,0.13802654639999998,0.130074170477,0.14628730840600002,0.0,0.10868232,,0.006,0.0,0.0,1000
ks22,patch,ks22_patch_P16_b8,16,8,128,0.37,0.5,future,persistence,reference,0.22227345812,0.211803275117,0.23297911948299996,0.0,0.1811372,,0.009,0.0,0.0,1000
ks22,patch,ks22_patch_P16_b8,16,8,128,0.37,0.5,from_t0,persistence,reference,0.22227345812,0.211803275117,0.23297911948299996,0.0,0.1811372,,0.009,0.0,0.0,1000
ks22,patch,ks22_patch_P16_b8,16,8,128,0.92,0.1,future,persistence,reference,0.06075831248,0.05814602032,0.06355188870799999,0.0,0.04503952,,0.0,0.0,0.0,1000
ks22,patch,ks22_patch_P16_b8,16,8,128,0.92,0.1,from_t0,persistence,reference,0.06066823344,0.05805594128,0.06346180966799998,0.0,0.04503952,,0.0,0.0,0.0,1000
ks22,patch,ks22_patch_P16_b8,16,8,128,0.92,0.3,future,persistence,reference,0.14993656207999997,0.14169432991999997,0.158405117828,0.0,0.13511856,,0.006,0.0,0.0,1000
ks22,patch,ks22_patch_P16_b8,16,8,128,0.92,0.3,from_t0,persistence,reference,0.14993656207999997,0.14169432991999997,0.158405117828,0.0,0.13511856,,0.006,0.0,0.0,1000
ks22,patch,ks22_patch_P16_b8,16,8,128,0.92,0.5,future,persistence,reference,0.23632236144000002,0.22573807424,0.24713297222800001,0.0,0.18015808,,0.009,0.0,0.0,1000
ks22,patch,ks22_patch_P16_b8,16,8,128,0.92,0.5,from_t0,persistence,reference,0.23632236144000002,0.22573807424,0.24713297222800001,0.0,0.18015808,,0.009,0.0,0.0,1000
ks22,patch,ks22_patch_P16_b8,16,8,128,1.84,0.1,future,persistence,reference,0.09746552128000001,0.09521354527999999,0.10007781344,0.0,0.09007904,,0.0,0.0,0.0,1000
ks22,patch,ks22_patch_P16_b8,16,8,128,1.84,0.1,from_t0,persistence,reference,0.0972853632,0.09494330815999999,0.09989990733599999,0.0,0.09007904,,0.0,0.0,0.0,1000
ks22,patch,ks22_patch_P16_b8,16,8,128,1.84,0.3,future,persistence,reference,0.17259144064,0.164394248,0.18096879136000002,0.0,0.18015808,,0.006,0.0,0.0,1000
ks22,patch,ks22_patch_P16_b8,16,8,128,1.84,0.3,from_t0,persistence,reference,0.17259144064,0.164394248,0.18096879136000002,0.0,0.18015808,,0.006,0.0,0.0,1000
ks22,patch,ks22_patch_P16_b8,16,8,128,1.84,0.5,future,persistence,reference,0.25753597536,0.24699672768,0.26834546016,0.0,0.18015808,,0.009,0.0,0.0,1000
ks22,patch,ks22_patch_P16_b8,16,8,128,1.84,0.5,from_t0,persistence,reference,0.25753597536,0.24699672768,0.26834546016,0.0,0.18015808,,0.009,0.0,0.0,1000
ks22,patch,ks22_patch_P16_b8,16,8,128,0.37,0.1,future,decode_and_integrate,reference,0.6957660989200001,0.656566197468,0.735784740516,0.0,0.50718416,,0.188,0.015,0.0,1000
ks22,patch,ks22_patch_P16_b8,16,8,128,0.37,0.1,from_t0,decode_and_integrate,reference,0.6933026330000001,0.6535860376849999,0.733157798273,0.0,0.50718416,,0.186,0.015,0.0,1000
ks22,patch,ks22_patch_P16_b8,16,8,128,0.37,0.3,future,decode_and_integrate,reference,1.4812313392799996,1.422723570837,1.5452583582069996,0.0,1.1773917999999999,,0.606,0.074,0.0,1000
ks22,patch,ks22_patch_P16_b8,16,8,128,0.37,0.3,from_t0,decode_and_integrate,reference,1.4812313392799996,1.422723570837,1.5452583582069996,0.0,1.1773917999999999,,0.606,0.074,0.0,1000
ks22,patch,ks22_patch_P16_b8,16,8,128,0.37,0.5,future,decode_and_integrate,reference,1.9629838364,1.893217485291,2.033100687991,0.0,1.66646224,,0.8,0.156,0.0,1000
ks22,patch,ks22_patch_P16_b8,16,8,128,0.37,0.5,from_t0,decode_and_integrate,reference,1.9629838364,1.893217485291,2.033100687991,0.0,1.66646224,,0.8,0.156,0.0,1000
ks22,patch,ks22_patch_P16_b8,16,8,128,0.92,0.1,future,decode_and_integrate,reference,0.7109037836800001,0.6711305095560001,0.750947294924,0.0,0.54047424,,0.191,0.015,0.0,1000
ks22,patch,ks22_patch_P16_b8,16,8,128,0.92,0.1,from_t0,decode_and_integrate,reference,0.7084266100800001,0.668788454516,0.748289963244,0.0,0.54047424,,0.189,0.015,0.0,1000
ks22,patch,ks22_patch_P16_b8,16,8,128,0.92,0.3,future,decode_and_integrate,reference,1.5018878339200001,1.443596561148,1.5668854912199999,0.0,1.21606704,,0.613,0.077,0.0,1000
ks22,patch,ks22_patch_P16_b8,16,8,128,0.92,0.3,from_t0,decode_and_integrate,reference,1.5018878339200001,1.443596561148,1.5668854912199999,0.0,1.21606704,,0.613,0.077,0.0,1000
ks22,patch,ks22_patch_P16_b8,16,8,128,0.92,0.5,future,decode_and_integrate,reference,1.9780005998399999,1.9080992648000001,2.048513346364,0.0,1.688982,,0.801,0.158,0.0,1000
ks22,patch,ks22_patch_P16_b8,16,8,128,0.92,0.5,from_t0,decode_and_integrate,reference,1.9780005998399999,1.9080992648000001,2.048513346364,0.0,1.688982,,0.801,0.158,0.0,1000
ks22,patch,ks22_patch_P16_b8,16,8,128,1.84,0.1,future,decode_and_integrate,reference,0.7449536607999999,0.705046394104,0.7862166170479999,0.0,0.54047424,,0.198,0.016,0.0,1000
ks22,patch,ks22_patch_P16_b8,16,8,128,1.84,0.1,from_t0,decode_and_integrate,reference,0.74243144768,0.7020737857839999,0.7833318357919999,0.0,0.54047424,,0.196,0.016,0.0,1000
ks22,patch,ks22_patch_P16_b8,16,8,128,1.84,0.3,future,decode_and_integrate,reference,1.55719636448,1.499000800688,1.621075915696,0.0,1.26110656,,0.626,0.084,0.0,1000
ks22,patch,ks22_patch_P16_b8,16,8,128,1.84,0.3,from_t0,decode_and_integrate,reference,1.55719636448,1.499000800688,1.621075915696,0.0,1.26110656,,0.626,0.084,0.0,1000
ks22,patch,ks22_patch_P16_b8,16,8,128,1.84,0.5,future,decode_and_integrate,reference,2.02461650304,1.9553412173279998,2.097857518488001,0.0,1.71150176,,0.809,0.164,0.0,1000
ks22,patch,ks22_patch_P16_b8,16,8,128,1.84,0.5,from_t0,decode_and_integrate,reference,2.02461650304,1.9553412173279998,2.097857518488001,0.0,1.71150176,,0.809,0.164,0.0,1000
ks22,patch,ks22_patch_P32_b10,32,10,320,0.37,0.1,future,bound,bound,27.0,27.0,27.0,1.0,27.0,0.0,1.0,1.0,1.0,1000
ks22,patch,ks22_patch_P32_b10,32,10,320,0.37,0.1,from_t0,bound,bound,27.0,27.0,27.0,1.0,27.0,0.0,1.0,1.0,1.0,1000
ks22,patch,ks22_patch_P32_b10,32,10,320,0.37,0.3,future,bound,bound,27.0,27.0,27.0,1.0,27.0,0.0,1.0,1.0,1.0,1000
ks22,patch,ks22_patch_P32_b10,32,10,320,0.37,0.3,from_t0,bound,bound,27.0,27.0,27.0,1.0,27.0,0.0,1.0,1.0,1.0,1000
ks22,patch,ks22_patch_P32_b10,32,10,320,0.37,0.5,future,bound,bound,27.0,27.0,27.0,1.0,27.0,0.0,1.0,1.0,1.0,1000
ks22,patch,ks22_patch_P32_b10,32,10,320,0.37,0.5,from_t0,bound,bound,27.0,27.0,27.0,1.0,27.0,0.0,1.0,1.0,1.0,1000
ks22,patch,ks22_patch_P32_b10,32,10,320,0.92,0.1,future,bound,bound,27.0,27.0,27.0,1.0,27.0,0.0,1.0,1.0,1.0,1000
ks22,patch,ks22_patch_P32_b10,32,10,320,0.92,0.1,from_t0,bound,bound,27.0,27.0,27.0,1.0,27.0,0.0,1.0,1.0,1.0,1000
ks22,patch,ks22_patch_P32_b10,32,10,320,0.92,0.3,future,bound,bound,27.0,27.0,27.0,1.0,27.0,0.0,1.0,1.0,1.0,1000
ks22,patch,ks22_patch_P32_b10,32,10,320,0.92,0.3,from_t0,bound,bound,27.0,27.0,27.0,1.0,27.0,0.0,1.0,1.0,1.0,1000
ks22,patch,ks22_patch_P32_b10,32,10,320,0.92,0.5,future,bound,bound,27.0,27.0,27.0,1.0,27.0,0.0,1.0,1.0,1.0,1000
ks22,patch,ks22_patch_P32_b10,32,10,320,0.92,0.5,from_t0,bound,bound,27.0,27.0,27.0,1.0,27.0,0.0,1.0,1.0,1.0,1000
ks22,patch,ks22_patch_P32_b10,32,10,320,1.84,0.1,future,bound,bound,27.0,27.0,27.0,1.0,27.0,0.0,1.0,1.0,1.0,1000
ks22,patch,ks22_patch_P32_b10,32,10,320,1.84,0.1,from_t0,bound,bound,27.0,27.0,27.0,1.0,27.0,0.0,1.0,1.0,1.0,1000
ks22,patch,ks22_patch_P32_b10,32,10,320,1.84,0.3,future,bound,bound,27.0,27.0,27.0,1.0,27.0,0.0,1.0,1.0,1.0,1000
ks22,patch,ks22_patch_P32_b10,32,10,320,1.84,0.3,from_t0,bound,bound,27.0,27.0,27.0,1.0,27.0,0.0,1.0,1.0,1.0,1000
ks22,patch,ks22_patch_P32_b10,32,10,320,1.84,0.5,future,bound,bound,27.0,27.0,27.0,1.0,27.0,0.0,1.0,1.0,1.0,1000
ks22,patch,ks22_patch_P32_b10,32,10,320,1.84,0.5,from_t0,bound,bound,27.0,27.0,27.0,1.0,27.0,0.0,1.0,1.0,1.0,1000
ks22,patch,ks22_patch_P32_b10,32,10,320,0.37,0.1,future,persistence,reference,0.05222185476,0.04910629492,0.055718255562999995,0.0,0.03622744,,0.0,0.0,0.0,1000
ks22,patch,ks22_patch_P32_b10,32,10,320,0.37,0.1,from_t0,persistence,reference,0.05222185476,0.04910629492,0.055718255562999995,0.0,0.03622744,,0.0,0.0,0.0,1000
ks22,patch,ks22_patch_P32_b10,32,10,320,0.37,0.3,future,persistence,reference,0.13862429916,0.13079736074799997,0.146703923966,0.0,0.10868232,,0.005,0.0,0.0,1000
ks22,patch,ks22_patch_P32_b10,32,10,320,0.37,0.3,from_t0,persistence,reference,0.13862429916,0.13079736074799997,0.146703923966,0.0,0.10868232,,0.005,0.0,0.0,1000
ks22,patch,ks22_patch_P32_b10,32,10,320,0.37,0.5,future,persistence,reference,0.22294366576,0.212310459277,0.23390427773199998,0.0,0.1811372,,0.009,0.0,0.0,1000
ks22,patch,ks22_patch_P32_b10,32,10,320,0.37,0.5,from_t0,persistence,reference,0.22294366576,0.212310459277,0.23390427773199998,0.0,0.1811372,,0.009,0.0,0.0,1000
ks22,patch,ks22_patch_P32_b10,32,10,320,0.92,0.1,future,persistence,reference,0.06467675072,0.06147781881199999,0.068145919748,0.0,0.04503952,,0.0,0.0,0.0,1000
ks22,patch,ks22_patch_P32_b10,32,10,320,0.92,0.1,from_t0,persistence,reference,0.06467675072,0.06147781881199999,0.068145919748,0.0,0.04503952,,0.0,0.0,0.0,1000
ks22,patch,ks22_patch_P32_b10,32,10,320,0.92,0.3,future,persistence,reference,0.15061215488,0.142592868344,0.15885438704000002,0.0,0.13511856,,0.005,0.0,0.0,1000
ks22,patch,ks22_patch_P32_b10,32,10,320,0.92,0.3,from_t0,persistence,reference,0.15061215488,0.142592868344,0.15885438704000002,0.0,0.13511856,,0.005,0.0,0.0,1000
ks22,patch,ks22_patch_P32_b10,32,10,320,0.92,0.5,future,persistence,reference,0.23690787519999998,0.226232382972,0.247763525508,0.0,0.18015808,,0.009,0.0,0.0,1000
ks22,patch,ks22_patch_P32_b10,32,10,320,0.92,0.5,from_t0,persistence,reference,0.23690787519999998,0.226232382972,0.247763525508,0.0,0.18015808,,0.009,0.0,0.0,1000
ks22,patch,ks22_patch_P32_b10,32,10,320,1.84,0.1,future,persistence,reference,0.09971749727999998,0.09683496800000001,0.10305042176000001,0.0,0.09007904,,0.0,0.0,0.0,1000
ks22,patch,ks22_patch_P32_b10,32,10,320,1.84,0.1,from_t0,persistence,reference,0.09971749727999998,0.09683496800000001,0.10305042176000001,0.0,0.09007904,,0.0,0.0,0.0,1000
ks22,patch,ks22_patch_P32_b10,32,10,320,1.84,0.3,future,persistence,reference,0.17268151968,0.16448432704000002,0.18114894943999998,0.0,0.18015808,,0.005,0.0,0.0,1000
ks22,patch,ks22_patch_P32_b10,32,10,320,1.84,0.3,from_t0,persistence,reference,0.17268151968,0.16448432704000002,0.18114894943999998,0.0,0.18015808,,0.005,0.0,0.0,1000
ks22,patch,ks22_patch_P32_b10,32,10,320,1.84,0.5,future,persistence,reference,0.25780621248,0.24690664864,0.26897601344,0.0,0.18015808,,0.009,0.0,0.0,1000
ks22,patch,ks22_patch_P32_b10,32,10,320,1.84,0.5,from_t0,persistence,reference,0.25780621248,0.24690664864,0.26897601344,0.0,0.18015808,,0.009,0.0,0.0,1000
ks22,patch,ks22_patch_P32_b10,32,10,320,0.37,0.1,future,decode_and_integrate,reference,1.7559077893600001,1.686294046342,1.8310072724799997,0.0,1.41287016,,0.718,0.123,0.0,1000
ks22,patch,ks22_patch_P32_b10,32,10,320,0.37,0.1,from_t0,decode_and_integrate,reference,1.7559077893600001,1.686294046342,1.8310072724799997,0.0,1.41287016,,0.718,0.123,0.0,1000
ks22,patch,ks22_patch_P32_b10,32,10,320,0.37,0.3,future,decode_and_integrate,reference,2.75170954636,2.656782785328,2.852147859545,0.0,2.46346592,,0.929,0.354,0.001,1000
ks22,patch,ks22_patch_P32_b10,32,10,320,0.37,0.3,from_t0,decode_and_integrate,reference,2.75170954636,2.656782785328,2.852147859545,0.0,2.46346592,,0.929,0.354,0.001,1000
ks22,patch,ks22_patch_P32_b10,32,10,320,0.37,0.5,future,decode_and_integrate,reference,3.2268867631199996,3.12336685332,3.332673604978,0.0,2.88008148,,0.962,0.473,0.004,1000
ks22,patch,ks22_patch_P32_b10,32,10,320,0.37,0.5,from_t0,decode_and_integrate,reference,3.2268867631199996,3.12336685332,3.332673604978,0.0,2.88008148,,0.962,0.473,0.004,1000
ks22,patch,ks22_patch_P32_b10,32,10,320,0.92,0.1,future,decode_and_integrate,reference,1.7705936102400002,1.7011404184240002,1.8459908927079998,0.0,1.44126464,,0.726,0.123,0.0,1000
ks22,patch,ks22_patch_P32_b10,32,10,320,0.92,0.1,from_t0,decode_and_integrate,reference,1.7705936102400002,1.7011404184240002,1.8459908927079998,0.0,1.44126464,,0.726,0.123,0.0,1000
ks22,patch,ks22_patch_P32_b10,32,10,320,0.92,0.3,future,decode_and_integrate,reference,2.7778574355199996,2.6792085008519995,2.880956274764,0.0,2.4771736,,0.933,0.365,0.001,1000
ks22,patch,ks22_patch_P32_b10,32,10,320,0.92,0.3,from_t0,decode_and_integrate,reference,2.7778574355199996,2.6792085008519995,2.880956274764,0.0,2.4771736,,0.933,0.365,0.001,1000
ks22,patch,ks22_patch_P32_b10,32,10,320,0.92,0.5,future,decode_and_integrate,reference,3.24816010336,3.144289962336,3.354871112108001,0.0,2.88252928,,0.963,0.479,0.004,1000
ks22,patch,ks22_patch_P32_b10,32,10,320,0.92,0.5,from_t0,decode_and_integrate,reference,3.24816010336,3.144289962336,3.354871112108001,0.0,2.88252928,,0.963,0.479,0.004,1000
ks22,patch,ks22_patch_P32_b10,32,10,320,1.84,0.1,future,decode_and_integrate,reference,1.8119398896,1.742745675024,1.8876085351759997,0.0,1.44126464,,0.733,0.127,0.0,1000
ks22,patch,ks22_patch_P32_b10,32,10,320,1.84,0.1,from_t0,decode_and_integrate,reference,1.8119398896,1.742745675024,1.8876085351759997,0.0,1.44126464,,0.733,0.127,0.0,1000
ks22,patch,ks22_patch_P32_b10,32,10,320,1.84,0.3,future,decode_and_integrate,reference,2.81938387296,2.721089624512,2.922256388616,0.0,2.52221312,,0.936,0.366,0.001,1000
ks22,patch,ks22_patch_P32_b10,32,10,320,1.84,0.3,from_t0,decode_and_integrate,reference,2.81938387296,2.721089624512,2.922256388616,0.0,2.52221312,,0.936,0.366,0.001,1000
ks22,patch,ks22_patch_P32_b10,32,10,320,1.84,0.5,future,decode_and_integrate,reference,3.2973432592,3.193108298064,3.404814309848,0.0,2.97260832,,0.966,0.487,0.004,1000
ks22,patch,ks22_patch_P32_b10,32,10,320,1.84,0.5,from_t0,decode_and_integrate,reference,3.2973432592,3.193108298064,3.404814309848,0.0,2.97260832,,0.966,0.487,0.004,1000
ks22,patch,ks22_patch_P32_b12,32,12,384,0.37,0.1,future,bound,bound,27.0,27.0,27.0,1.0,27.0,0.0,1.0,1.0,1.0,1000
ks22,patch,ks22_patch_P32_b12,32,12,384,0.37,0.1,from_t0,bound,bound,27.0,27.0,27.0,1.0,27.0,0.0,1.0,1.0,1.0,1000
ks22,patch,ks22_patch_P32_b12,32,12,384,0.37,0.3,future,bound,bound,27.0,27.0,27.0,1.0,27.0,0.0,1.0,1.0,1.0,1000
ks22,patch,ks22_patch_P32_b12,32,12,384,0.37,0.3,from_t0,bound,bound,27.0,27.0,27.0,1.0,27.0,0.0,1.0,1.0,1.0,1000
ks22,patch,ks22_patch_P32_b12,32,12,384,0.37,0.5,future,bound,bound,27.0,27.0,27.0,1.0,27.0,0.0,1.0,1.0,1.0,1000
ks22,patch,ks22_patch_P32_b12,32,12,384,0.37,0.5,from_t0,bound,bound,27.0,27.0,27.0,1.0,27.0,0.0,1.0,1.0,1.0,1000
ks22,patch,ks22_patch_P32_b12,32,12,384,0.92,0.1,future,bound,bound,27.0,27.0,27.0,1.0,27.0,0.0,1.0,1.0,1.0,1000
ks22,patch,ks22_patch_P32_b12,32,12,384,0.92,0.1,from_t0,bound,bound,27.0,27.0,27.0,1.0,27.0,0.0,1.0,1.0,1.0,1000
ks22,patch,ks22_patch_P32_b12,32,12,384,0.92,0.3,future,bound,bound,27.0,27.0,27.0,1.0,27.0,0.0,1.0,1.0,1.0,1000
ks22,patch,ks22_patch_P32_b12,32,12,384,0.92,0.3,from_t0,bound,bound,27.0,27.0,27.0,1.0,27.0,0.0,1.0,1.0,1.0,1000
ks22,patch,ks22_patch_P32_b12,32,12,384,0.92,0.5,future,bound,bound,27.0,27.0,27.0,1.0,27.0,0.0,1.0,1.0,1.0,1000
ks22,patch,ks22_patch_P32_b12,32,12,384,0.92,0.5,from_t0,bound,bound,27.0,27.0,27.0,1.0,27.0,0.0,1.0,1.0,1.0,1000
ks22,patch,ks22_patch_P32_b12,32,12,384,1.84,0.1,future,bound,bound,27.0,27.0,27.0,1.0,27.0,0.0,1.0,1.0,1.0,1000
ks22,patch,ks22_patch_P32_b12,32,12,384,1.84,0.1,from_t0,bound,bound,27.0,27.0,27.0,1.0,27.0,0.0,1.0,1.0,1.0,1000
ks22,patch,ks22_patch_P32_b12,32,12,384,1.84,0.3,future,bound,bound,27.0,27.0,27.0,1.0,27.0,0.0,1.0,1.0,1.0,1000
ks22,patch,ks22_patch_P32_b12,32,12,384,1.84,0.3,from_t0,bound,bound,27.0,27.0,27.0,1.0,27.0,0.0,1.0,1.0,1.0,1000
ks22,patch,ks22_patch_P32_b12,32,12,384,1.84,0.5,future,bound,bound,27.0,27.0,27.0,1.0,27.0,0.0,1.0,1.0,1.0,1000
ks22,patch,ks22_patch_P32_b12,32,12,384,1.84,0.5,from_t0,bound,bound,27.0,27.0,27.0,1.0,27.0,0.0,1.0,1.0,1.0,1000
ks22,patch,ks22_patch_P32_b12,32,12,384,0.37,0.1,future,persistence,reference,0.0528920624,0.04972125571400001,0.056442351519999996,0.0,0.03622744,,0.0,0.0,0.0,1000
ks22,patch,ks22_patch_P32_b12,32,12,384,0.37,0.1,from_t0,persistence,reference,0.0528920624,0.04972125571400001,0.056442351519999996,0.0,0.03622744,,0.0,0.0,0.0,1000
ks22,patch,ks22_patch_P32_b12,32,12,384,0.37,0.3,future,persistence,reference,0.13867864032,0.13076294468,0.146722037686,0.0,0.10868232,,0.005,0.0,0.0,1000
ks22,patch,ks22_patch_P32_b12,32,12,384,0.37,0.3,from_t0,persistence,reference,0.13867864032,0.13076294468,0.146722037686,0.0,0.10868232,,0.005,0.0,0.0,1000
ks22,patch,ks22_patch_P32_b12,32,12,384,0.37,0.5,future,persistence,reference,0.22301612064,0.21238246131400002,0.233976279769,0.0,0.1811372,,0.009,0.0,0.0,1000
ks22,patch,ks22_patch_P32_b12,32,12,384,0.37,0.5,from_t0,persistence,reference,0.22301612064,0.21238246131400002,0.233976279769,0.0,0.1811372,,0.009,0.0,0.0,1000
ks22,patch,ks22_patch_P32_b12,32,12,384,0.92,0.1,future,persistence,reference,0.06494698784,0.06174918192,0.06846007039999999,0.0,0.04503952,,0.0,0.0,0.0,1000
ks22,patch,ks22_patch_P32_b12,32,12,384,0.92,0.1,from_t0,persistence,reference,0.06494698784,0.06174918192,0.06846007039999999,0.0,0.04503952,,0.0,0.0,0.0,1000
ks22,patch,ks22_patch_P32_b12,32,12,384,0.92,0.3,future,persistence,reference,0.15047703632,0.142413836252,0.15871926847999998,0.0,0.13511856,,0.005,0.0,0.0,1000
ks22,patch,ks22_patch_P32_b12,32,12,384,0.92,0.3,from_t0,persistence,reference,0.15047703632,0.142413836252,0.15871926847999998,0.0,0.13511856,,0.005,0.0,0.0,1000
ks22,patch,ks22_patch_P32_b12,32,12,384,0.92,0.5,future,persistence,reference,0.23695291472,0.22618846944,0.24780743904,0.0,0.18015808,,0.009,0.0,0.0,1000
ks22,patch,ks22_patch_P32_b12,32,12,384,0.92,0.5,from_t0,persistence,reference,0.23695291472,0.22618846944,0.24780743904,0.0,0.18015808,,0.009,0.0,0.0,1000
ks22,patch,ks22_patch_P32_b12,32,12,384,1.84,0.1,future,persistence,reference,0.10007781344,0.09710520512000001,0.10359089599999999,0.0,0.09007904,,0.0,0.0,0.0,1000
ks22,patch,ks22_patch_P32_b12,32,12,384,1.84,0.1,from_t0,persistence,reference,0.10007781344,0.09710520512000001,0.10359089599999999,0.0,0.09007904,,0.0,0.0,0.0,1000
ks22,patch,ks22_patch_P32_b12,32,12,384,1.84,0.3,future,persistence,reference,0.17214104544,0.16403393183999998,0.180700806216,0.0,0.18015808,,0.005,0.0,0.0,1000
ks22,patch,ks22_patch_P32_b12,32,12,384,1.84,0.3,from_t0,persistence,reference,0.17214104544,0.16403393183999998,0.180700806216,0.0,0.18015808,,0.005,0.0,0.0,1000
ks22,patch,ks22_patch_P32_b12,32,12,384,1.84,0.5,future,persistence,reference,0.25789629152,0.24708680672,0.26897601344,0.0,0.18015808,,0.009,0.0,0.0,1000
ks22,patch,ks22_patch_P32_b12,32,12,384,1.84,0.5,from_t0,persistence,reference,0.25789629152,0.24708680672,0.26897601344,0.0,0.18015808,,0.009,0.0,0.0,1000
ks22,patch,ks22_patch_P32_b12,32,12,384,0.37,0.1,future,decode_and_integrate,reference,2.4248112415200005,2.335523734367,2.517970556323,0.0,2.1374189599999998,,0.894,0.268,0.001,1000
ks22,patch,ks22_patch_P32_b12,32,12,384,0.37,0.1,from_t0,decode_and_integrate,reference,2.4248112415200005,2.335523734367,2.517970556323,0.0,2.1374189599999998,,0.894,0.268,0.001,1000
ks22,patch,ks22_patch_P32_b12,32,12,384,0.37,0.3,future,decode_and_integrate,reference,3.4138384672399997,3.3084012201779998,3.5235378726179998,0.0,3.0793324,,0.972,0.517,0.003,1000
ks22,patch,ks22_patch_P32_b12,32,12,384,0.37,0.3,from_t0,decode_and_integrate,reference,3.4138384672399997,3.3084012201779998,3.5235378726179998,0.0,3.0793324,,0.972,0.517,0.003,1000
ks22,patch,ks22_patch_P32_b12,32,12,384,0.37,0.5,future,decode_and_integrate,reference,3.9539352564800003,3.838164585001,4.070860224766,0.0,3.72236946,,0.988,0.659,0.007,1000
ks22,patch,ks22_patch_P32_b12,32,12,384,0.37,0.5,from_t0,decode_and_integrate,reference,3.9539352564800003,3.838164585001,4.070860224766,0.0,3.72236946,,0.988,0.659,0.007,1000
ks22,patch,ks22_patch_P32_b12,32,12,384,0.92,0.1,future,decode_and_integrate,reference,2.44415963184,2.3542157104,2.5355504478600004,0.0,2.16189696,,0.896,0.274,0.001,1000
ks22,patch,ks22_patch_P32_b12,32,12,384,0.92,0.1,from_t0,decode_and_integrate,reference,2.44415963184,2.3542157104,2.5355504478600004,0.0,2.16189696,,0.896,0.274,0.001,1000
ks22,patch,ks22_patch_P32_b12,32,12,384,0.92,0.3,future,decode_and_integrate,reference,3.43237174016,3.3269263419240005,3.542270420935999,0.0,3.10772688,,0.972,0.52,0.003,1000
ks22,patch,ks22_patch_P32_b12,32,12,384,0.92,0.3,from_t0,decode_and_integrate,reference,3.43237174016,3.3269263419240005,3.542270420935999,0.0,3.10772688,,0.972,0.52,0.003,1000
ks22,patch,ks22_patch_P32_b12,32,12,384,0.92,0.5,future,decode_and_integrate,reference,3.97559339088,3.8586201274999996,4.09229641714,0.0,3.7382801599999995,,0.988,0.666,0.007,1000
ks22,patch,ks22_patch_P32_b12,32,12,384,0.92,0.5,from_t0,decode_and_integrate,reference,3.97559339088,3.8586201274999996,4.09229641714,0.0,3.7382801599999995,,0.988,0.666,0.007,1000
ks22,patch,ks22_patch_P32_b12,32,12,384,1.84,0.1,future,decode_and_integrate,reference,2.4813172358399997,2.39132827488,2.5722159951040005,0.0,2.16189696,,0.9,0.278,0.001,1000
ks22,patch,ks22_patch_P32_b12,32,12,384,1.84,0.1,from_t0,decode_and_integrate,reference,2.4813172358399997,2.39132827488,2.5722159951040005,0.0,2.16189696,,0.9,0.278,0.001,1000
ks22,patch,ks22_patch_P32_b12,32,12,384,1.84,0.3,future,decode_and_integrate,reference,3.49155366944,3.386249019704,3.6006551507119995,0.0,3.1527664,,0.974,0.531,0.003,1000
ks22,patch,ks22_patch_P32_b12,32,12,384,1.84,0.3,from_t0,decode_and_integrate,reference,3.49155366944,3.386249019704,3.6006551507119995,0.0,3.1527664,,0.974,0.531,0.003,1000
ks22,patch,ks22_patch_P32_b12,32,12,384,1.84,0.5,future,decode_and_integrate,reference,4.02103826656,3.905081770344,4.13669975392,0.0,3.78331968,,0.988,0.671,0.007,1000
ks22,patch,ks22_patch_P32_b12,32,12,384,1.84,0.5,from_t0,decode_and_integrate,reference,4.02103826656,3.905081770344,4.13669975392,0.0,3.78331968,,0.988,0.671,0.007,1000
ks22,patch,ks22_patch_P32_b14,32,14,448,0.37,0.1,future,bound,bound,27.0,27.0,27.0,1.0,27.0,0.0,1.0,1.0,1.0,1000
ks22,patch,ks22_patch_P32_b14,32,14,448,0.37,0.1,from_t0,bound,bound,27.0,27.0,27.0,1.0,27.0,0.0,1.0,1.0,1.0,1000
ks22,patch,ks22_patch_P32_b14,32,14,448,0.37,0.3,future,bound,bound,27.0,27.0,27.0,1.0,27.0,0.0,1.0,1.0,1.0,1000
ks22,patch,ks22_patch_P32_b14,32,14,448,0.37,0.3,from_t0,bound,bound,27.0,27.0,27.0,1.0,27.0,0.0,1.0,1.0,1.0,1000
ks22,patch,ks22_patch_P32_b14,32,14,448,0.37,0.5,future,bound,bound,27.0,27.0,27.0,1.0,27.0,0.0,1.0,1.0,1.0,1000
ks22,patch,ks22_patch_P32_b14,32,14,448,0.37,0.5,from_t0,bound,bound,27.0,27.0,27.0,1.0,27.0,0.0,1.0,1.0,1.0,1000
ks22,patch,ks22_patch_P32_b14,32,14,448,0.92,0.1,future,bound,bound,27.0,27.0,27.0,1.0,27.0,0.0,1.0,1.0,1.0,1000
ks22,patch,ks22_patch_P32_b14,32,14,448,0.92,0.1,from_t0,bound,bound,27.0,27.0,27.0,1.0,27.0,0.0,1.0,1.0,1.0,1000
ks22,patch,ks22_patch_P32_b14,32,14,448,0.92,0.3,future,bound,bound,27.0,27.0,27.0,1.0,27.0,0.0,1.0,1.0,1.0,1000
ks22,patch,ks22_patch_P32_b14,32,14,448,0.92,0.3,from_t0,bound,bound,27.0,27.0,27.0,1.0,27.0,0.0,1.0,1.0,1.0,1000
ks22,patch,ks22_patch_P32_b14,32,14,448,0.92,0.5,future,bound,bound,27.0,27.0,27.0,1.0,27.0,0.0,1.0,1.0,1.0,1000
ks22,patch,ks22_patch_P32_b14,32,14,448,0.92,0.5,from_t0,bound,bound,27.0,27.0,27.0,1.0,27.0,0.0,1.0,1.0,1.0,1000
ks22,patch,ks22_patch_P32_b14,32,14,448,1.84,0.1,future,bound,bound,27.0,27.0,27.0,1.0,27.0,0.0,1.0,1.0,1.0,1000
ks22,patch,ks22_patch_P32_b14,32,14,448,1.84,0.1,from_t0,bound,bound,27.0,27.0,27.0,1.0,27.0,0.0,1.0,1.0,1.0,1000
ks22,patch,ks22_patch_P32_b14,32,14,448,1.84,0.3,future,bound,bound,27.0,27.0,27.0,1.0,27.0,0.0,1.0,1.0,1.0,1000
ks22,patch,ks22_patch_P32_b14,32,14,448,1.84,0.3,from_t0,bound,bound,27.0,27.0,27.0,1.0,27.0,0.0,1.0,1.0,1.0,1000
ks22,patch,ks22_patch_P32_b14,32,14,448,1.84,0.5,future,bound,bound,27.0,27.0,27.0,1.0,27.0,0.0,1.0,1.0,1.0,1000
ks22,patch,ks22_patch_P32_b14,32,14,448,1.84,0.5,from_t0,bound,bound,27.0,27.0,27.0,1.0,27.0,0.0,1.0,1.0,1.0,1000
ks22,patch,ks22_patch_P32_b14,32,14,448,0.37,0.1,future,persistence,reference,0.05291017612,0.049721708557000005,0.056442804363,0.0,0.03622744,,0.0,0.0,0.0,1000
ks22,patch,ks22_patch_P32_b14,32,14,448,0.37,0.1,from_t0,persistence,reference,0.05291017612,0.049721708557000005,0.056442804363,0.0,0.03622744,,0.0,0.0,0.0,1000
ks22,patch,ks22_patch_P32_b14,32,14,448,0.37,0.3,future,persistence,reference,0.13862429916000002,0.130743925274,0.146739698563,0.0,0.10868232,,0.005,0.0,0.0,1000
ks22,patch,ks22_patch_P32_b14,32,14,448,0.37,0.3,from_t0,persistence,reference,0.13862429916000002,0.130743925274,0.146739698563,0.0,0.10868232,,0.005,0.0,0.0,1000
ks22,patch,ks22_patch_P32_b14,32,14,448,0.37,0.5,future,persistence,reference,0.22308857552,0.21250880451100002,0.234049187492,0.0,0.1811372,,0.009,0.0,0.0,1000
ks22,patch,ks22_patch_P32_b14,32,14,448,0.37,0.5,from_t0,persistence,reference,0.22308857552,0.21250880451100002,0.234049187492,0.0,0.1811372,,0.009,0.0,0.0,1000
ks22,patch,ks22_patch_P32_b14,32,14,448,0.92,0.1,future,persistence,reference,0.06494698784000001,0.06174918192000001,0.0684600704,0.0,0.04503952,,0.0,0.0,0.0,1000
ks22,patch,ks22_patch_P32_b14,32,14,448,0.92,0.1,from_t0,persistence,reference,0.06494698784000001,0.06174918192000001,0.0684600704,0.0,0.04503952,,0.0,0.0,0.0,1000
ks22,patch,ks22_patch_P32_b14,32,14,448,0.92,0.3,future,persistence,reference,0.15047703632,0.14236992272000001,0.15867422896,0.0,0.13511856,,0.005,0.0,0.0,1000
ks22,patch,ks22_patch_P32_b14,32,14,448,0.92,0.3,from_t0,persistence,reference,0.15047703632,0.14236992272000001,0.15867422896,0.0,0.13511856,,0.005,0.0,0.0,1000
ks22,patch,ks22_patch_P32_b14,32,14,448,0.92,0.5,future,persistence,reference,0.23681779616,0.22600831136,0.24776239951999998,0.0,0.18015808,,0.009,0.0,0.0,1000
ks22,patch,ks22_patch_P32_b14,32,14,448,0.92,0.5,from_t0,persistence,reference,0.23681779616,0.22600831136,0.24776239951999998,0.0,0.18015808,,0.009,0.0,0.0,1000
ks22,patch,ks22_patch_P32_b14,32,14,448,1.84,0.1,future,persistence,reference,0.09989765536,0.09701512607999999,0.10332065888,0.0,0.09007904,,0.0,0.0,0.0,1000
ks22,patch,ks22_patch_P32_b14,32,14,448,1.84,0.1,from_t0,persistence,reference,0.09989765536,0.09701512607999999,0.10332065888,0.0,0.09007904,,0.0,0.0,0.0,1000
ks22,patch,ks22_patch_P32_b14,32,14,448,1.84,0.3,future,persistence,reference,0.1720509664,0.16403393184,0.18051839615999998,0.0,0.18015808,,0.005,0.0,0.0,1000
ks22,patch,ks22_patch_P32_b14,32,14,448,1.84,0.3,from_t0,persistence,reference,0.1720509664,0.16403393184,0.18051839615999998,0.0,0.18015808,,0.005,0.0,0.0,1000
ks22,patch,ks22_patch_P32_b14,32,14,448,1.84,0.5,future,persistence,reference,0.25789629152,0.247084554744,0.26897601344,0.0,0.18015808,,0.009,0.0,0.0,1000
ks22,patch,ks22_patch_P32_b14,32,14,448,1.84,0.5,from_t0,persistence,reference,0.25789629152,0.247084554744,0.26897601344,0.0,0.18015808,,0.009,0.0,0.0,1000
ks22,patch,ks22_patch_P32_b14,32,14,448,0.37,0.1,future,decode_and_integrate,reference,3.02926607792,2.9372470217910003,3.125491139833,0.0,2.7170579999999998,,0.958,0.433,0.001,1000
ks22,patch,ks22_patch_P32_b14,32,14,448,0.37,0.1,from_t0,decode_and_integrate,reference,3.02926607792,2.9372470217910003,3.125491139833,0.0,2.7170579999999998,,0.958,0.433,0.001,1000
ks22,patch,ks22_patch_P32_b14,32,14,448,0.37,0.3,future,decode_and_integrate,reference,4.09924351832,3.983913010237,4.225154250255,0.0,3.8763360799999997,,0.992,0.686,0.009,1000
ks22,patch,ks22_patch_P32_b14,32,14,448,0.37,0.3,from_t0,decode_and_integrate,reference,4.09924351832,3.983913010237,4.225154250255,0.0,3.8763360799999997,,0.992,0.686,0.009,1000
ks22,patch,ks22_patch_P32_b14,32,14,448,0.37,0.5,future,decode_and_integrate,reference,4.63825348436,4.516280675153,4.768510150565999,0.0,4.45597512,,0.997,0.785,0.016,1000
ks22,patch,ks22_patch_P32_b14,32,14,448,0.37,0.5,from_t0,decode_and_integrate,reference,4.63825348436,4.516280675153,4.768510150565999,0.0,4.45597512,,0.997,0.785,0.016,1000
ks22,patch,ks22_patch_P32_b14,32,14,448,0.92,0.1,future,decode_and_integrate,reference,3.0493106225599997,2.957089953384,3.145832565896,0.0,2.74741072,,0.958,0.437,0.001,1000
ks22,patch,ks22_patch_P32_b14,32,14,448,0.92,0.1,from_t0,decode_and_integrate,reference,3.0493106225599997,2.957089953384,3.145832565896,0.0,2.74741072,,0.958,0.437,0.001,1000
ks22,patch,ks22_patch_P32_b14,32,14,448,0.92,0.3,future,decode_and_integrate,reference,4.12435892544,4.010857083063999,4.250606951976001,0.0,3.9184382399999995,,0.992,0.694,0.009,1000
ks22,patch,ks22_patch_P32_b14,32,14,448,0.92,0.3,from_t0,decode_and_integrate,reference,4.12435892544,4.010857083063999,4.250606951976001,0.0,3.9184382399999995,,0.992,0.694,0.009,1000
ks22,patch,ks22_patch_P32_b14,32,14,448,0.92,0.5,future,decode_and_integrate,reference,4.6666797857599995,4.545495327260001,4.792538220448,0.0,4.48143224,,0.997,0.791,0.016,1000
ks22,patch,ks22_patch_P32_b14,32,14,448,0.92,0.5,from_t0,decode_and_integrate,reference,4.6666797857599995,4.545495327260001,4.792538220448,0.0,4.48143224,,0.997,0.791,0.016,1000
ks22,patch,ks22_patch_P32_b14,32,14,448,1.84,0.1,future,decode_and_integrate,reference,3.1095284608,3.012508830768,3.208174017504,0.0,2.79245024,,0.96,0.446,0.001,1000
ks22,patch,ks22_patch_P32_b14,32,14,448,1.84,0.1,from_t0,decode_and_integrate,reference,3.1095284608,3.012508830768,3.208174017504,0.0,2.79245024,,0.96,0.446,0.001,1000
ks22,patch,ks22_patch_P32_b14,32,14,448,1.84,0.3,future,decode_and_integrate,reference,4.190116624640001,4.073624158136,4.315058505096,0.0,3.96347776,,0.993,0.701,0.009,1000
ks22,patch,ks22_patch_P32_b14,32,14,448,1.84,0.3,from_t0,decode_and_integrate,reference,4.190116624640001,4.073624158136,4.315058505096,0.0,3.96347776,,0.993,0.701,0.009,1000
ks22,patch,ks22_patch_P32_b14,32,14,448,1.84,0.5,future,decode_and_integrate,reference,4.715277427839999,4.595963235408001,4.843822469896,0.0,4.503952,,0.997,0.798,0.016,1000
ks22,patch,ks22_patch_P32_b14,32,14,448,1.84,0.5,from_t0,decode_and_integrate,reference,4.715277427839999,4.595963235408001,4.843822469896,0.0,4.503952,,0.997,0.798,0.016,1000
ks22,patch,ks22_patch_P32_b16,32,16,512,0.37,0.1,future,bound,bound,27.0,27.0,27.0,1.0,27.0,0.0,1.0,1.0,1.0,1000
ks22,patch,ks22_patch_P32_b16,32,16,512,0.37,0.1,from_t0,bound,bound,27.0,27.0,27.0,1.0,27.0,0.0,1.0,1.0,1.0,1000
ks22,patch,ks22_patch_P32_b16,32,16,512,0.37,0.3,future,bound,bound,27.0,27.0,27.0,1.0,27.0,0.0,1.0,1.0,1.0,1000
ks22,patch,ks22_patch_P32_b16,32,16,512,0.37,0.3,from_t0,bound,bound,27.0,27.0,27.0,1.0,27.0,0.0,1.0,1.0,1.0,1000
ks22,patch,ks22_patch_P32_b16,32,16,512,0.37,0.5,future,bound,bound,27.0,27.0,27.0,1.0,27.0,0.0,1.0,1.0,1.0,1000
ks22,patch,ks22_patch_P32_b16,32,16,512,0.37,0.5,from_t0,bound,bound,27.0,27.0,27.0,1.0,27.0,0.0,1.0,1.0,1.0,1000
ks22,patch,ks22_patch_P32_b16,32,16,512,0.92,0.1,future,bound,bound,27.0,27.0,27.0,1.0,27.0,0.0,1.0,1.0,1.0,1000
ks22,patch,ks22_patch_P32_b16,32,16,512,0.92,0.1,from_t0,bound,bound,27.0,27.0,27.0,1.0,27.0,0.0,1.0,1.0,1.0,1000
ks22,patch,ks22_patch_P32_b16,32,16,512,0.92,0.3,future,bound,bound,27.0,27.0,27.0,1.0,27.0,0.0,1.0,1.0,1.0,1000
ks22,patch,ks22_patch_P32_b16,32,16,512,0.92,0.3,from_t0,bound,bound,27.0,27.0,27.0,1.0,27.0,0.0,1.0,1.0,1.0,1000
ks22,patch,ks22_patch_P32_b16,32,16,512,0.92,0.5,future,bound,bound,27.0,27.0,27.0,1.0,27.0,0.0,1.0,1.0,1.0,1000
ks22,patch,ks22_patch_P32_b16,32,16,512,0.92,0.5,from_t0,bound,bound,27.0,27.0,27.0,1.0,27.0,0.0,1.0,1.0,1.0,1000
ks22,patch,ks22_patch_P32_b16,32,16,512,1.84,0.1,future,bound,bound,27.0,27.0,27.0,1.0,27.0,0.0,1.0,1.0,1.0,1000
ks22,patch,ks22_patch_P32_b16,32,16,512,1.84,0.1,from_t0,bound,bound,27.0,27.0,27.0,1.0,27.0,0.0,1.0,1.0,1.0,1000
ks22,patch,ks22_patch_P32_b16,32,16,512,1.84,0.3,future,bound,bound,27.0,27.0,27.0,1.0,27.0,0.0,1.0,1.0,1.0,1000
ks22,patch,ks22_patch_P32_b16,32,16,512,1.84,0.3,from_t0,bound,bound,27.0,27.0,27.0,1.0,27.0,0.0,1.0,1.0,1.0,1000
ks22,patch,ks22_patch_P32_b16,32,16,512,1.84,0.5,future,bound,bound,27.0,27.0,27.0,1.0,27.0,0.0,1.0,1.0,1.0,1000
ks22,patch,ks22_patch_P32_b16,32,16,512,1.84,0.5,from_t0,bound,bound,27.0,27.0,27.0,1.0,27.0,0.0,1.0,1.0,1.0,1000
ks22,patch,ks22_patch_P32_b16,32,16,512,0.37,0.1,future,persistence,reference,0.052946403559999994,0.04975793599699999,0.05647857896,0.0,0.03622744,,0.0,0.0,0.0,1000
ks22,patch,ks22_patch_P32_b16,32,16,512,0.37,0.1,from_t0,persistence,reference,0.052946403559999994,0.04975793599699999,0.05647857896,0.0,0.03622744,,0.0,0.0,0.0,1000
ks22,patch,ks22_patch_P32_b16,32,16,512,0.37,0.3,future,persistence,reference,0.13866052660000003,0.13081411593900003,0.146758717969,0.0,0.10868232,,0.005,0.0,0.0,1000
ks22,patch,ks22_patch_P32_b16,32,16,512,0.37,0.3,from_t0,persistence,reference,0.13866052660000003,0.13081411593900003,0.146758717969,0.0,0.10868232,,0.005,0.0,0.0,1000
ks22,patch,ks22_patch_P32_b16,32,16,512,0.37,0.5,future,persistence,reference,0.22303423436000003,0.212383367,0.233959071735,0.0,0.1811372,,0.009,0.0,0.0,1000
ks22,patch,ks22_patch_P32_b16,32,16,512,0.37,0.5,from_t0,persistence,reference,0.22303423436000003,0.212383367,0.233959071735,0.0,0.1811372,,0.009,0.0,0.0,1000
ks22,patch,ks22_patch_P32_b16,32,16,512,0.92,0.1,future,persistence,reference,0.06494698784,0.06179422144,0.06841615686799998,0.0,0.04503952,,0.0,0.0,0.0,1000
ks22,patch,ks22_patch_P32_b16,32,16,512,0.92,0.1,from_t0,persistence,reference,0.06494698784,0.06179422144,0.06841615686799998,0.0,0.04503952,,0.0,0.0,0.0,1000
ks22,patch,ks22_patch_P32_b16,32,16,512,0.92,0.3,future,persistence,reference,0.15056711536,0.142502789304,0.158765433988,0.0,0.13511856,,0.005,0.0,0.0,1000
ks22,patch,ks22_patch_P32_b16,32,16,512,0.92,0.3,from_t0,persistence,reference,0.15056711536,0.142502789304,0.158765433988,0.0,0.13511856,,0.005,0.0,0.0,1000
ks22,patch,ks22_patch_P32_b16,32,16,512,0.92,0.5,future,persistence,reference,0.23677275664,0.22600718537199999,0.24771736,0.0,0.18015808,,0.009,0.0,0.0,1000
ks22,patch,ks22_patch_P32_b16,32,16,512,0.92,0.5,from_t0,persistence,reference,0.23677275664,0.22600718537199999,0.24771736,0.0,0.18015808,,0.009,0.0,0.0,1000
ks22,patch,ks22_patch_P32_b16,32,16,512,1.84,0.1,future,persistence,reference,0.09989765536,0.09701512607999999,0.10332065888,0.0,0.09007904,,0.0,0.0,0.0,1000
ks22,patch,ks22_patch_P32_b16,32,16,512,1.84,0.1,from_t0,persistence,reference,0.09989765536,0.09701512607999999,0.10332065888,0.0,0.09007904,,0.0,0.0,0.0,1000
ks22,patch,ks22_patch_P32_b16,32,16,512,1.84,0.3,future,persistence,reference,0.17223112448,0.16421408992,0.18070080621600002,0.0,0.18015808,,0.005,0.0,0.0,1000
ks22,patch,ks22_patch_P32_b16,32,16,512,1.84,0.3,from_t0,persistence,reference,0.17223112448,0.16421408992,0.18070080621600002,0.0,0.18015808,,0.005,0.0,0.0,1000
ks22,patch,ks22_patch_P32_b16,32,16,512,1.84,0.5,future,persistence,reference,0.25789629152,0.24708680672,0.26897826541600006,0.0,0.18015808,,0.009,0.0,0.0,1000
ks22,patch,ks22_patch_P32_b16,32,16,512,1.84,0.5,from_t0,persistence,reference,0.25789629152,0.24708680672,0.26897826541600006,0.0,0.18015808,,0.009,0.0,0.0,1000
ks22,patch,ks22_patch_P32_b16,32,16,512,0.37,0.1,future,decode_and_integrate,reference,3.76700166608,3.652367177688,3.884329211793,0.0,3.4416067999999997,,0.978,0.609,0.008,1000
ks22,patch,ks22_patch_P32_b16,32,16,512,0.37,0.1,from_t0,decode_and_integrate,reference,3.76700166608,3.652367177688,3.884329211793,0.0,3.4416067999999997,,0.978,0.609,0.008,1000
ks22,patch,ks22_patch_P32_b16,32,16,512,0.37,0.3,future,decode_and_integrate,reference,4.77682344236,4.653279720785999,4.896470449919,0.0,4.49220256,,0.998,0.811,0.017,1000
ks22,patch,ks22_patch_P32_b16,32,16,512,0.37,0.3,from_t0,decode_and_integrate,reference,4.77682344236,4.653279720785999,4.896470449919,0.0,4.49220256,,0.998,0.811,0.017,1000
ks22,patch,ks22_patch_P32_b16,32,16,512,0.37,0.5,future,decode_and_integrate,reference,5.313677875719999,5.183839183603,5.440416404658999,0.0,5.044671019999999,,1.0,0.869,0.027,1000
ks22,patch,ks22_patch_P32_b16,32,16,512,0.37,0.5,from_t0,decode_and_integrate,reference,5.313677875719999,5.183839183603,5.440416404658999,0.0,5.044671019999999,,1.0,0.869,0.027,1000
ks22,patch,ks22_patch_P32_b16,32,16,512,0.92,0.1,future,decode_and_integrate,reference,3.78845418528,3.672833233488,3.9071366984440004,0.0,3.46804304,,0.978,0.614,0.008,1000
ks22,patch,ks22_patch_P32_b16,32,16,512,0.92,0.1,from_t0,decode_and_integrate,reference,3.78845418528,3.672833233488,3.9071366984440004,0.0,3.46804304,,0.978,0.614,0.008,1000
ks22,patch,ks22_patch_P32_b16,32,16,512,0.92,0.3,future,decode_and_integrate,reference,4.794321785440001,4.671086902792,4.914461327076,0.0,4.503952,,0.998,0.813,0.017,1000
ks22,patch,ks22_patch_P32_b16,32,16,512,0.92,0.3,from_t0,decode_and_integrate,reference,4.794321785440001,4.671086902792,4.914461327076,0.0,4.503952,,0.998,0.813,0.017,1000
ks22,patch,ks22_patch_P32_b16,32,16,512,0.92,0.5,future,decode_and_integrate,reference,5.337498396639999,5.207375845395999,5.4652924046999996,0.0,5.066946,,1.0,0.874,0.027,1000
ks22,patch,ks22_patch_P32_b16,32,16,512,0.92,0.5,from_t0,decode_and_integrate,reference,5.337498396639999,5.207375845395999,5.4652924046999996,0.0,5.066946,,1.0,0.874,0.027,1000
ks22,patch,ks22_patch_P32_b16,32,16,512,1.84,0.1,future,decode_and_integrate,reference,3.8314218873600003,3.71693142752,3.9493826422159994,0.0,3.51308256,,0.978,0.62,0.008,1000
ks22,patch,ks22_patch_P32_b16,32,16,512,1.84,0.1,from_t0,decode_and_integrate,reference,3.8314218873600003,3.71693142752,3.9493826422159994,0.0,3.51308256,,0.978,0.62,0.008,1000
ks22,patch,ks22_patch_P32_b16,32,16,512,1.84,0.3,future,decode_and_integrate,reference,4.85237772672,4.729325254128001,4.973358381392,0.0,4.59403104,,0.998,0.819,0.017,1000
ks22,patch,ks22_patch_P32_b16,32,16,512,1.84,0.3,from_t0,decode_and_integrate,reference,4.85237772672,4.729325254128001,4.973358381392,0.0,4.59403104,,0.998,0.819,0.017,1000
ks22,patch,ks22_patch_P32_b16,32,16,512,1.84,0.5,future,decode_and_integrate,reference,5.3840242208,5.251594520144,5.5108600130720005,0.0,5.13450528,,1.0,0.874,0.028,1000
ks22,patch,ks22_patch_P32_b16,32,16,512,1.84,0.5,from_t0,decode_and_integrate,reference,5.3840242208,5.251594520144,5.5108600130720005,0.0,5.13450528,,1.0,0.874,0.028,1000
ks22,patch,ks22_patch_P32_b8,32,8,256,0.37,0.1,future,bound,bound,27.0,27.0,27.0,1.0,27.0,0.0,1.0,1.0,1.0,1000
ks22,patch,ks22_patch_P32_b8,32,8,256,0.37,0.1,from_t0,bound,bound,27.0,27.0,27.0,1.0,27.0,0.0,1.0,1.0,1.0,1000
ks22,patch,ks22_patch_P32_b8,32,8,256,0.37,0.3,future,bound,bound,27.0,27.0,27.0,1.0,27.0,0.0,1.0,1.0,1.0,1000
ks22,patch,ks22_patch_P32_b8,32,8,256,0.37,0.3,from_t0,bound,bound,27.0,27.0,27.0,1.0,27.0,0.0,1.0,1.0,1.0,1000
ks22,patch,ks22_patch_P32_b8,32,8,256,0.37,0.5,future,bound,bound,27.0,27.0,27.0,1.0,27.0,0.0,1.0,1.0,1.0,1000
ks22,patch,ks22_patch_P32_b8,32,8,256,0.37,0.5,from_t0,bound,bound,27.0,27.0,27.0,1.0,27.0,0.0,1.0,1.0,1.0,1000
ks22,patch,ks22_patch_P32_b8,32,8,256,0.92,0.1,future,bound,bound,27.0,27.0,27.0,1.0,27.0,0.0,1.0,1.0,1.0,1000
ks22,patch,ks22_patch_P32_b8,32,8,256,0.92,0.1,from_t0,bound,bound,27.0,27.0,27.0,1.0,27.0,0.0,1.0,1.0,1.0,1000
ks22,patch,ks22_patch_P32_b8,32,8,256,0.92,0.3,future,bound,bound,27.0,27.0,27.0,1.0,27.0,0.0,1.0,1.0,1.0,1000
ks22,patch,ks22_patch_P32_b8,32,8,256,0.92,0.3,from_t0,bound,bound,27.0,27.0,27.0,1.0,27.0,0.0,1.0,1.0,1.0,1000
ks22,patch,ks22_patch_P32_b8,32,8,256,0.92,0.5,future,bound,bound,27.0,27.0,27.0,1.0,27.0,0.0,1.0,1.0,1.0,1000
ks22,patch,ks22_patch_P32_b8,32,8,256,0.92,0.5,from_t0,bound,bound,27.0,27.0,27.0,1.0,27.0,0.0,1.0,1.0,1.0,1000
ks22,patch,ks22_patch_P32_b8,32,8,256,1.84,0.1,future,bound,bound,27.0,27.0,27.0,1.0,27.0,0.0,1.0,1.0,1.0,1000
ks22,patch,ks22_patch_P32_b8,32,8,256,1.84,0.1,from_t0,bound,bound,27.0,27.0,27.0,1.0,27.0,0.0,1.0,1.0,1.0,1000
ks22,patch,ks22_patch_P32_b8,32,8,256,1.84,0.3,future,bound,bound,27.0,27.0,27.0,1.0,27.0,0.0,1.0,1.0,1.0,1000
ks22,patch,ks22_patch_P32_b8,32,8,256,1.84,0.3,from_t0,bound,bound,27.0,27.0,27.0,1.0,27.0,0.0,1.0,1.0,1.0,1000
ks22,patch,ks22_patch_P32_b8,32,8,256,1.84,0.5,future,bound,bound,27.0,27.0,27.0,1.0,27.0,0.0,1.0,1.0,1.0,1000
ks22,patch,ks22_patch_P32_b8,32,8,256,1.84,0.5,from_t0,bound,bound,27.0,27.0,27.0,1.0,27.0,0.0,1.0,1.0,1.0,1000
ks22,patch,ks22_patch_P32_b8,32,8,256,0.37,0.1,future,persistence,reference,0.050718415999999995,0.04765719732,0.0541600228,0.0,0.03622744,,0.0,0.0,0.0,1000
ks22,patch,ks22_patch_P32_b8,32,8,256,0.37,0.1,from_t0,persistence,reference,0.050718415999999995,0.04765719732,0.0541600228,0.0,0.03622744,,0.0,0.0,0.0,1000
ks22,patch,ks22_patch_P32_b8,32,8,256,0.37,0.3,future,persistence,reference,0.13833447963999998,0.13045455859700003,0.14634119672299997,0.0,0.10868232,,0.005,0.0,0.0,1000
ks22,patch,ks22_patch_P32_b8,32,8,256,0.37,0.3,from_t0,persistence,reference,0.13833447963999998,0.13045455859700003,0.14634119672299997,0.0,0.10868232,,0.005,0.0,0.0,1000
ks22,patch,ks22_patch_P32_b8,32,8,256,0.37,0.5,future,persistence,reference,0.22321537156,0.212437255317,0.23444678364600002,0.0,0.1811372,,0.009,0.0,0.0,1000
ks22,patch,ks22_patch_P32_b8,32,8,256,0.37,0.5,from_t0,persistence,reference,0.22321537156,0.212437255317,0.23444678364600002,0.0,0.1811372,,0.009,0.0,0.0,1000
ks22,patch,ks22_patch_P32_b8,32,8,256,0.92,0.1,future,persistence,reference,0.06377596031999999,0.06066823344,0.06724400336,0.0,0.04503952,,0.0,0.0,0.0,1000
ks22,patch,ks22_patch_P32_b8,32,8,256,0.92,0.1,from_t0,persistence,reference,0.06377596031999999,0.06066823344,0.06724400336,0.0,0.04503952,,0.0,0.0,0.0,1000
ks22,patch,ks22_patch_P32_b8,32,8,256,0.92,0.3,future,persistence,reference,0.15047703632,0.14232488319999997,0.15872039446800001,0.0,0.13511856,,0.005,0.0,0.0,1000
ks22,patch,ks22_patch_P32_b8,32,8,256,0.92,0.3,from_t0,persistence,reference,0.15047703632,0.14232488319999997,0.15872039446800001,0.0,0.13511856,,0.005,0.0,0.0,1000
ks22,patch,ks22_patch_P32_b8,32,8,256,0.92,0.5,future,persistence,reference,0.23731323087999998,0.226502620092,0.248395204776,0.0,0.18015808,,0.009,0.0,0.0,1000
ks22,patch,ks22_patch_P32_b8,32,8,256,0.92,0.5,from_t0,persistence,reference,0.23731323087999998,0.226502620092,0.248395204776,0.0,0.18015808,,0.009,0.0,0.0,1000
ks22,patch,ks22_patch_P32_b8,32,8,256,1.84,0.1,future,persistence,reference,0.09953733919999999,0.09674488896,0.10287026367999999,0.0,0.09007904,,0.0,0.0,0.0,1000
ks22,patch,ks22_patch_P32_b8,32,8,256,1.84,0.1,from_t0,persistence,reference,0.09953733919999999,0.09674488896,0.10287026367999999,0.0,0.09007904,,0.0,0.0,0.0,1000
ks22,patch,ks22_patch_P32_b8,32,8,256,1.84,0.3,future,persistence,reference,0.17250136159999999,0.164394248,0.18096879136,0.0,0.18015808,,0.005,0.0,0.0,1000
ks22,patch,ks22_patch_P32_b8,32,8,256,1.84,0.3,from_t0,persistence,reference,0.17250136159999999,0.164394248,0.18096879136,0.0,0.18015808,,0.005,0.0,0.0,1000
ks22,patch,ks22_patch_P32_b8,32,8,256,1.84,0.5,future,persistence,reference,0.25834668672,0.24744261892799999,0.26969889773600003,0.0,0.18015808,,0.009,0.0,0.0,1000
ks22,patch,ks22_patch_P32_b8,32,8,256,1.84,0.5,from_t0,persistence,reference,0.25834668672,0.24744261892799999,0.26969889773600003,0.0,0.18015808,,0.009,0.0,0.0,1000
ks22,patch,ks22_patch_P32_b8,32,8,256,0.37,0.1,future,decode_and_integrate,reference,1.26366744836,1.203173057676,1.3327404968360002,0.0,0.94191344,,0.455,0.058,0.001,1000
ks22,patch,ks22_patch_P32_b8,32,8,256,0.37,0.1,from_t0,decode_and_integrate,reference,1.26366744836,1.203173057676,1.3327404968360002,0.0,0.94191344,,0.455,0.058,0.001,1000
ks22,patch,ks22_patch_P32_b8,32,8,256,0.37,0.3,future,decode_and_integrate,reference,2.1940062212800004,2.1117377806269997,2.28090226455,0.0,1.84759944,,0.858,0.196,0.001,1000
ks22,patch,ks22_patch_P32_b8,32,8,256,0.37,0.3,from_t0,decode_and_integrate,reference,2.1940062212800004,2.1117377806269997,2.28090226455,0.0,1.84759944,,0.858,0.196,0.001,1000
ks22,patch,ks22_patch_P32_b8,32,8,256,0.37,0.5,future,decode_and_integrate,reference,2.69760386472,2.6055431470349997,2.794077990283,0.0,2.37289732,,0.94,0.331,0.003,1000
ks22,patch,ks22_patch_P32_b8,32,8,256,0.37,0.5,from_t0,decode_and_integrate,reference,2.69760386472,2.6055431470349997,2.794077990283,0.0,2.37289732,,0.94,0.331,0.003,1000
ks22,patch,ks22_patch_P32_b8,32,8,256,0.92,0.1,future,decode_and_integrate,reference,1.2797078817599998,1.2185723633,1.348091384976,0.0,0.94582992,,0.462,0.058,0.001,1000
ks22,patch,ks22_patch_P32_b8,32,8,256,0.92,0.1,from_t0,decode_and_integrate,reference,1.2797078817599998,1.2185723633,1.348091384976,0.0,0.94582992,,0.462,0.058,0.001,1000
ks22,patch,ks22_patch_P32_b8,32,8,256,0.92,0.3,future,decode_and_integrate,reference,2.21945746656,2.137297500164,2.306340952616,0.0,1.89165984,,0.862,0.204,0.001,1000
ks22,patch,ks22_patch_P32_b8,32,8,256,0.92,0.3,from_t0,decode_and_integrate,reference,2.21945746656,2.137297500164,2.306340952616,0.0,1.89165984,,0.862,0.204,0.001,1000
ks22,patch,ks22_patch_P32_b8,32,8,256,0.92,0.5,future,decode_and_integrate,reference,2.71714416256,2.6248953436840003,2.813862027808,0.0,2.38709456,,0.94,0.341,0.003,1000
ks22,patch,ks22_patch_P32_b8,32,8,256,0.92,0.5,from_t0,decode_and_integrate,reference,2.71714416256,2.6248953436840003,2.813862027808,0.0,2.38709456,,0.94,0.341,0.003,1000
ks22,patch,ks22_patch_P32_b8,32,8,256,1.84,0.1,future,decode_and_integrate,reference,1.3165051696,1.25462086912,1.38442476576,0.0,0.99086944,,0.47,0.06,0.001,1000
ks22,patch,ks22_patch_P32_b8,32,8,256,1.84,0.1,from_t0,decode_and_integrate,reference,1.3165051696,1.25462086912,1.38442476576,0.0,0.99086944,,0.47,0.06,0.001,1000
ks22,patch,ks22_patch_P32_b8,32,8,256,1.84,0.3,future,decode_and_integrate,reference,2.2516156838400003,2.169369016368,2.3389045255759995,0.0,1.89165984,,0.862,0.205,0.001,1000
ks22,patch,ks22_patch_P32_b8,32,8,256,1.84,0.3,from_t0,decode_and_integrate,reference,2.2516156838400003,2.169369016368,2.3389045255759995,0.0,1.89165984,,0.862,0.205,0.001,1000
ks22,patch,ks22_patch_P32_b8,32,8,256,1.84,0.5,future,decode_and_integrate,reference,2.75470712224,2.66209460924,2.852355053576,0.0,2.43213408,,0.941,0.348,0.003,1000
ks22,patch,ks22_patch_P32_b8,32,8,256,1.84,0.5,from_t0,decode_and_integrate,reference,2.75470712224,2.66209460924,2.852355053576,0.0,2.43213408,,0.941,0.348,0.003,1000
ks22,patch,ks22_patch_P8_b10,8,10,80,0.37,0.1,future,bound,bound,20.898507383240002,20.328152519678,21.423630855931002,0.587,27.0,0.001,0.984,0.939,0.812,1000
ks22,patch,ks22_patch_P8_b10,8,10,80,0.37,0.1,from_t0,bound,bound,20.898489269520002,20.328152519678,21.423630855931002,0.587,27.0,0.001,0.984,0.939,0.812,1000
ks22,patch,ks22_patch_P8_b10,8,10,80,0.37,0.3,future,bound,bound,27.0,27.0,27.0,1.0,27.0,0.0,1.0,1.0,1.0,1000
ks22,patch,ks22_patch_P8_b10,8,10,80,0.37,0.3,from_t0,bound,bound,27.0,27.0,27.0,1.0,27.0,0.0,1.0,1.0,1.0,1000
ks22,patch,ks22_patch_P8_b10,8,10,80,0.37,0.5,future,bound,bound,27.0,27.0,27.0,1.0,27.0,0.0,1.0,1.0,1.0,1000
ks22,patch,ks22_patch_P8_b10,8,10,80,0.37,0.5,from_t0,bound,bound,27.0,27.0,27.0,1.0,27.0,0.0,1.0,1.0,1.0,1000
ks22,patch,ks22_patch_P8_b10,8,10,80,0.92,0.1,future,bound,bound,23.30592904752,22.830940802835997,23.759678876816004,0.752,27.0,0.001,0.988,0.966,0.887,1000
ks22,patch,ks22_patch_P8_b10,8,10,80,0.92,0.1,from_t0,bound,bound,23.296200511200002,22.820888945576,23.748043579195997,0.752,27.0,0.001,0.987,0.965,0.887,1000
ks22,patch,ks22_patch_P8_b10,8,10,80,0.92,0.3,future,bound,bound,27.0,27.0,27.0,1.0,27.0,0.0,1.0,1.0,1.0,1000
ks22,patch,ks22_patch_P8_b10,8,10,80,0.92,0.3,from_t0,bound,bound,27.0,27.0,27.0,1.0,27.0,0.0,1.0,1.0,1.0,1000
ks22,patch,ks22_patch_P8_b10,8,10,80,0.92,0.5,future,bound,bound,27.0,27.0,27.0,1.0,27.0,0.0,1.0,1.0,1.0,1000
ks22,patch,ks22_patch_P8_b10,8,10,80,0.92,0.5,from_t0,bound,bound,27.0,27.0,27.0,1.0,27.0,0.0,1.0,1.0,1.0,1000
ks22,patch,ks22_patch_P8_b10,8,10,80,1.84,0.1,future,bound,bound,24.48481900928,24.08878789804,24.852058243344,0.825,27.0,0.001,0.993,0.981,0.924,1000
ks22,patch,ks22_patch_P8_b10,8,10,80,1.84,0.1,from_t0,bound,bound,24.47509047296,24.080343984696004,24.85105594168,0.825,27.0,0.001,0.992,0.98,0.924,1000
ks22,patch,ks22_patch_P8_b10,8,10,80,1.84,0.3,future,bound,bound,27.0,27.0,27.0,1.0,27.0,0.0,1.0,1.0,1.0,1000
ks22,patch,ks22_patch_P8_b10,8,10,80,1.84,0.3,from_t0,bound,bound,27.0,27.0,27.0,1.0,27.0,0.0,1.0,1.0,1.0,1000
ks22,patch,ks22_patch_P8_b10,8,10,80,1.84,0.5,future,bound,bound,27.0,27.0,27.0,1.0,27.0,0.0,1.0,1.0,1.0,1000
ks22,patch,ks22_patch_P8_b10,8,10,80,1.84,0.5,from_t0,bound,bound,27.0,27.0,27.0,1.0,27.0,0.0,1.0,1.0,1.0,1000
ks22,patch,ks22_patch_P8_b10,8,10,80,0.37,0.1,future,persistence,reference,0.04678773876,0.04372652008,0.050211684682999996,0.0,0.03622744,,0.001,0.0,0.0,1000
ks22,patch,ks22_patch_P8_b10,8,10,80,0.37,0.1,from_t0,persistence,reference,0.04676962504,0.043726067236999996,0.05019357096299999,0.0,0.03622744,,0.001,0.0,0.0,1000
ks22,patch,ks22_patch_P8_b10,8,10,80,0.37,0.3,future,persistence,reference,0.13789975036,0.12992971356,0.14609213307299998,0.0,0.10868232,,0.006,0.0,0.0,1000
ks22,patch,ks22_patch_P8_b10,8,10,80,0.37,0.3,from_t0,persistence,reference,0.13789975036,0.12992971356,0.14609213307299998,0.0,0.10868232,,0.006,0.0,0.0,1000
ks22,patch,ks22_patch_P8_b10,8,10,80,0.37,0.5,future,persistence,reference,0.22287121087999998,0.21214743579700002,0.233939146643,0.0,0.1811372,,0.009,0.0,0.0,1000
ks22,patch,ks22_patch_P8_b10,8,10,80,0.37,0.5,from_t0,persistence,reference,0.22287121087999998,0.21214743579700002,0.233939146643,0.0,0.1811372,,0.009,0.0,0.0,1000
ks22,patch,ks22_patch_P8_b10,8,10,80,0.92,0.1,future,persistence,reference,0.06120870768,0.05819105984,0.06467675072,0.0,0.04503952,,0.001,0.0,0.0,1000
ks22,patch,ks22_patch_P8_b10,8,10,80,0.92,0.1,from_t0,persistence,reference,0.061163668160000004,0.058146020320000005,0.06458667168,0.0,0.04503952,,0.001,0.0,0.0,1000
ks22,patch,ks22_patch_P8_b10,8,10,80,0.92,0.3,future,persistence,reference,0.15029687824000001,0.142188638652,0.15858640189599998,0.0,0.13511856,,0.006,0.0,0.0,1000
ks22,patch,ks22_patch_P8_b10,8,10,80,0.92,0.3,from_t0,persistence,reference,0.15029687824000001,0.142188638652,0.15858640189599998,0.0,0.13511856,,0.006,0.0,0.0,1000
ks22,patch,ks22_patch_P8_b10,8,10,80,0.92,0.5,future,persistence,reference,0.23663763808,0.225827027292,0.2474921624,0.0,0.18015808,,0.009,0.0,0.0,1000
ks22,patch,ks22_patch_P8_b10,8,10,80,0.92,0.5,from_t0,persistence,reference,0.23663763808,0.225827027292,0.2474921624,0.0,0.18015808,,0.009,0.0,0.0,1000
ks22,patch,ks22_patch_P8_b10,8,10,80,1.84,0.1,future,persistence,reference,0.09827623263999999,0.09557386144,0.10142899904000001,0.0,0.09007904,,0.001,0.0,0.0,1000
ks22,patch,ks22_patch_P8_b10,8,10,80,1.84,0.1,from_t0,persistence,reference,0.09818615359999999,0.0954837824,0.10133892,0.0,0.09007904,,0.001,0.0,0.0,1000
ks22,patch,ks22_patch_P8_b10,8,10,80,1.84,0.3,future,persistence,reference,0.17277159871999997,0.16457440608,0.181151201416,0.0,0.18015808,,0.006,0.0,0.0,1000
ks22,patch,ks22_patch_P8_b10,8,10,80,1.84,0.3,from_t0,persistence,reference,0.17277159871999997,0.16457440608,0.181151201416,0.0,0.18015808,,0.006,0.0,0.0,1000
ks22,patch,ks22_patch_P8_b10,8,10,80,1.84,0.5,future,persistence,reference,0.2585268448,0.247712856048,0.269701149712,0.0,0.18015808,,0.009,0.0,0.0,1000
ks22,patch,ks22_patch_P8_b10,8,10,80,1.84,0.5,from_t0,persistence,reference,0.2585268448,0.247712856048,0.269701149712,0.0,0.18015808,,0.009,0.0,0.0,1000
ks22,patch,ks22_patch_P8_b10,8,10,80,0.37,0.1,future,decode_and_integrate,reference,0.52526165256,0.4977650256,0.553864122126,0.0,0.3622744,,0.116,0.004,0.0,1000
ks22,patch,ks22_patch_P8_b10,8,10,80,0.37,0.1,from_t0,decode_and_integrate,reference,0.52518919768,0.4977650256,0.553864122126,0.0,0.3622744,,0.116,0.004,0.0,1000
ks22,patch,ks22_patch_P8_b10,8,10,80,0.37,0.3,future,decode_and_integrate,reference,1.3419368324799998,1.282391600724,1.40544806323,0.0,1.0324820399999999,,0.507,0.071,0.0,1000
ks22,patch,ks22_patch_P8_b10,8,10,80,0.37,0.3,from_t0,decode_and_integrate,reference,1.3419368324799998,1.282391600724,1.40544806323,0.0,1.0324820399999999,,0.507,0.071,0.0,1000
ks22,patch,ks22_patch_P8_b10,8,10,80,0.37,0.5,future,decode_and_integrate,reference,1.77213768248,1.70186550574,1.8487437742609998,0.0,1.4309838799999999,,0.696,0.134,0.0,1000
ks22,patch,ks22_patch_P8_b10,8,10,80,0.37,0.5,from_t0,decode_and_integrate,reference,1.77213768248,1.70186550574,1.8487437742609998,0.0,1.4309838799999999,,0.696,0.134,0.0,1000
ks22,patch,ks22_patch_P8_b10,8,10,80,0.92,0.1,future,decode_and_integrate,reference,0.5425010184,0.513623930152,0.571642713828,0.0,0.36031616,,0.119,0.005,0.0,1000
ks22,patch,ks22_patch_P8_b10,8,10,80,0.92,0.1,from_t0,decode_and_integrate,reference,0.5424109393600001,0.5135361030879999,0.571463681736,0.0,0.36031616,,0.119,0.005,0.0,1000
ks22,patch,ks22_patch_P8_b10,8,10,80,0.92,0.3,future,decode_and_integrate,reference,1.3574010537599999,1.297710177904,1.420776162352,0.0,1.03590896,,0.51,0.073,0.0,1000
ks22,patch,ks22_patch_P8_b10,8,10,80,0.92,0.3,from_t0,decode_and_integrate,reference,1.3574010537599999,1.297710177904,1.420776162352,0.0,1.03590896,,0.51,0.073,0.0,1000
ks22,patch,ks22_patch_P8_b10,8,10,80,0.92,0.5,future,decode_and_integrate,reference,1.78914989248,1.719277833128,1.8661742276079998,0.0,1.44126464,,0.703,0.137,0.0,1000
ks22,patch,ks22_patch_P8_b10,8,10,80,0.92,0.5,from_t0,decode_and_integrate,reference,1.78914989248,1.719277833128,1.8661742276079998,0.0,1.44126464,,0.703,0.137,0.0,1000
ks22,patch,ks22_patch_P8_b10,8,10,80,1.84,0.1,future,decode_and_integrate,reference,0.5782173577599999,0.548036375408,0.60875415232,0.0,0.36031616,,0.125,0.007,0.0,1000
ks22,patch,ks22_patch_P8_b10,8,10,80,1.84,0.1,from_t0,decode_and_integrate,reference,0.57812727872,0.547946296368,0.608576246216,0.0,0.36031616,,0.125,0.007,0.0,1000
ks22,patch,ks22_patch_P8_b10,8,10,80,1.84,0.3,future,decode_and_integrate,reference,1.40397191744,1.3436144566879997,1.468380683016,0.0,1.08094848,,0.519,0.076,0.0,1000
ks22,patch,ks22_patch_P8_b10,8,10,80,1.84,0.3,from_t0,decode_and_integrate,reference,1.40397191744,1.3436144566879997,1.468380683016,0.0,1.08094848,,0.519,0.076,0.0,1000
ks22,patch,ks22_patch_P8_b10,8,10,80,1.84,0.5,future,decode_and_integrate,reference,1.84193620992,1.773834203704,1.9215728372079999,0.0,1.53134368,,0.712,0.144,0.0,1000
ks22,patch,ks22_patch_P8_b10,8,10,80,1.84,0.5,from_t0,decode_and_integrate,reference,1.84193620992,1.773834203704,1.9215728372079999,0.0,1.53134368,,0.712,0.144,0.0,1000
ks22,patch,ks22_patch_P8_b12,8,12,96,0.37,0.1,future,bound,bound,27.0,27.0,27.0,1.0,27.0,0.0,1.0,1.0,1.0,1000
ks22,patch,ks22_patch_P8_b12,8,12,96,0.37,0.1,from_t0,bound,bound,27.0,27.0,27.0,1.0,27.0,0.0,1.0,1.0,1.0,1000
ks22,patch,ks22_patch_P8_b12,8,12,96,0.37,0.3,future,bound,bound,27.0,27.0,27.0,1.0,27.0,0.0,1.0,1.0,1.0,1000
ks22,patch,ks22_patch_P8_b12,8,12,96,0.37,0.3,from_t0,bound,bound,27.0,27.0,27.0,1.0,27.0,0.0,1.0,1.0,1.0,1000
ks22,patch,ks22_patch_P8_b12,8,12,96,0.37,0.5,future,bound,bound,27.0,27.0,27.0,1.0,27.0,0.0,1.0,1.0,1.0,1000
ks22,patch,ks22_patch_P8_b12,8,12,96,0.37,0.5,from_t0,bound,bound,27.0,27.0,27.0,1.0,27.0,0.0,1.0,1.0,1.0,1000
ks22,patch,ks22_patch_P8_b12,8,12,96,0.92,0.1,future,bound,bound,27.0,27.0,27.0,1.0,27.0,0.0,1.0,1.0,1.0,1000
ks22,patch,ks22_patch_P8_b12,8,12,96,0.92,0.1,from_t0,bound,bound,27.0,27.0,27.0,1.0,27.0,0.0,1.0,1.0,1.0,1000
ks22,patch,ks22_patch_P8_b12,8,12,96,0.92,0.3,future,bound,bound,27.0,27.0,27.0,1.0,27.0,0.0,1.0,1.0,1.0,1000
ks22,patch,ks22_patch_P8_b12,8,12,96,0.92,0.3,from_t0,bound,bound,27.0,27.0,27.0,1.0,27.0,0.0,1.0,1.0,1.0,1000
ks22,patch,ks22_patch_P8_b12,8,12,96,0.92,0.5,future,bound,bound,27.0,27.0,27.0,1.0,27.0,0.0,1.0,1.0,1.0,1000
ks22,patch,ks22_patch_P8_b12,8,12,96,0.92,0.5,from_t0,bound,bound,27.0,27.0,27.0,1.0,27.0,0.0,1.0,1.0,1.0,1000
ks22,patch,ks22_patch_P8_b12,8,12,96,1.84,0.1,future,bound,bound,27.0,27.0,27.0,1.0,27.0,0.0,1.0,1.0,1.0,1000
ks22,patch,ks22_patch_P8_b12,8,12,96,1.84,0.1,from_t0,bound,bound,27.0,27.0,27.0,1.0,27.0,0.0,1.0,1.0,1.0,1000
ks22,patch,ks22_patch_P8_b12,8,12,96,1.84,0.3,future,bound,bound,27.0,27.0,27.0,1.0,27.0,0.0,1.0,1.0,1.0,1000
ks22,patch,ks22_patch_P8_b12,8,12,96,1.84,0.3,from_t0,bound,bound,27.0,27.0,27.0,1.0,27.0,0.0,1.0,1.0,1.0,1000
ks22,patch,ks22_patch_P8_b12,8,12,96,1.84,0.5,future,bound,bound,27.0,27.0,27.0,1.0,27.0,0.0,1.0,1.0,1.0,1000
ks22,patch,ks22_patch_P8_b12,8,12,96,1.84,0.5,from_t0,bound,bound,27.0,27.0,27.0,1.0,27.0,0.0,1.0,1.0,1.0,1000
ks22,patch,ks22_patch_P8_b12,8,12,96,0.37,0.1,future,persistence,reference,0.05041048276,0.04738549152,0.05385208956,0.0,0.03622744,,0.0,0.0,0.0,1000
ks22,patch,ks22_patch_P8_b12,8,12,96,0.37,0.1,from_t0,persistence,reference,0.05041048276,0.04738549152,0.05385208956,0.0,0.03622744,,0.0,0.0,0.0,1000
ks22,patch,ks22_patch_P8_b12,8,12,96,0.37,0.3,future,persistence,reference,0.1382076836,0.13041787831399998,0.14621394784,0.0,0.10868232,,0.005,0.0,0.0,1000
ks22,patch,ks22_patch_P8_b12,8,12,96,0.37,0.3,from_t0,persistence,reference,0.1382076836,0.13041787831399998,0.14621394784,0.0,0.10868232,,0.005,0.0,0.0,1000
ks22,patch,ks22_patch_P8_b12,8,12,96,0.37,0.5,future,persistence,reference,0.22326971272,0.21256359851399997,0.234247532726,0.0,0.1811372,,0.009,0.0,0.0,1000
ks22,patch,ks22_patch_P8_b12,8,12,96,0.37,0.5,from_t0,persistence,reference,0.22326971272,0.21256359851399997,0.234247532726,0.0,0.1811372,,0.009,0.0,0.0,1000
ks22,patch,ks22_patch_P8_b12,8,12,96,0.92,0.1,future,persistence,reference,0.06346068368,0.06044190985199999,0.06692872672,0.0,0.04503952,,0.0,0.0,0.0,1000
ks22,patch,ks22_patch_P8_b12,8,12,96,0.92,0.1,from_t0,persistence,reference,0.06346068368,0.06044190985199999,0.06692872672,0.0,0.04503952,,0.0,0.0,0.0,1000
ks22,patch,ks22_patch_P8_b12,8,12,96,0.92,0.3,future,persistence,reference,0.15025183872,0.14214472512,0.15844903136,0.0,0.13511856,,0.005,0.0,0.0,1000
ks22,patch,ks22_patch_P8_b12,8,12,96,0.92,0.3,from_t0,persistence,reference,0.15025183872,0.14214472512,0.15844903136,0.0,0.13511856,,0.005,0.0,0.0,1000
ks22,patch,ks22_patch_P8_b12,8,12,96,0.92,0.5,future,persistence,reference,0.23722315184,0.22627854847999998,0.24807880214800002,0.0,0.18015808,,0.009,0.0,0.0,1000
ks22,patch,ks22_patch_P8_b12,8,12,96,0.92,0.5,from_t0,persistence,reference,0.23722315184,0.22627854847999998,0.24807880214800002,0.0,0.18015808,,0.009,0.0,0.0,1000
ks22,patch,ks22_patch_P8_b12,8,12,96,1.84,0.1,future,persistence,reference,0.09926710208,0.09665255794399999,0.10250994751999999,0.0,0.09007904,,0.0,0.0,0.0,1000
ks22,patch,ks22_patch_P8_b12,8,12,96,1.84,0.1,from_t0,persistence,reference,0.09926710208,0.09665255794399999,0.10250994751999999,0.0,0.09007904,,0.0,0.0,0.0,1000
ks22,patch,ks22_patch_P8_b12,8,12,96,1.84,0.3,future,persistence,reference,0.17250136159999999,0.164394248,0.18096879136000002,0.0,0.18015808,,0.005,0.0,0.0,1000
ks22,patch,ks22_patch_P8_b12,8,12,96,1.84,0.3,from_t0,persistence,reference,0.17250136159999999,0.164394248,0.18096879136000002,0.0,0.18015808,,0.005,0.0,0.0,1000
ks22,patch,ks22_patch_P8_b12,8,12,96,1.84,0.5,future,persistence,reference,0.25834668672,0.24735704384,0.269518739656,0.0,0.18015808,,0.009,0.0,0.0,1000
ks22,patch,ks22_patch_P8_b12,8,12,96,1.84,0.5,from_t0,persistence,reference,0.25834668672,0.24735704384,0.269518739656,0.0,0.18015808,,0.009,0.0,0.0,1000
ks22,patch,ks22_patch_P8_b12,8,12,96,0.37,0.1,future,decode_and_integrate,reference,0.83915430644,0.795582205823,0.88351480672,0.0,0.65209392,,0.241,0.019,0.0,1000
ks22,patch,ks22_patch_P8_b12,8,12,96,0.37,0.1,from_t0,decode_and_integrate,reference,0.83915430644,0.795582205823,0.88351480672,0.0,0.65209392,,0.241,0.019,0.0,1000
ks22,patch,ks22_patch_P8_b12,8,12,96,0.37,0.3,future,decode_and_integrate,reference,1.71326809248,1.6495213833699998,1.779529891612,0.0,1.3947564399999999,,0.704,0.114,0.0,1000
ks22,patch,ks22_patch_P8_b12,8,12,96,0.37,0.3,from_t0,decode_and_integrate,reference,1.71326809248,1.6495213833699998,1.779529891612,0.0,1.3947564399999999,,0.704,0.114,0.0,1000
ks22,patch,ks22_patch_P8_b12,8,12,96,0.37,0.5,future,decode_and_integrate,reference,2.1787725827599997,2.1012454083170002,2.2589502472820002,0.0,1.9019406,,0.852,0.205,0.0,1000
ks22,patch,ks22_patch_P8_b12,8,12,96,0.37,0.5,from_t0,decode_and_integrate,reference,2.1787725827599997,2.1012454083170002,2.2589502472820002,0.0,1.9019406,,0.852,0.205,0.0,1000
ks22,patch,ks22_patch_P8_b12,8,12,96,0.92,0.1,future,decode_and_integrate,reference,0.8518324417600001,0.8075980031800001,0.8957527296879999,0.0,0.6755928,,0.244,0.019,0.0,1000
ks22,patch,ks22_patch_P8_b12,8,12,96,0.92,0.1,from_t0,decode_and_integrate,reference,0.8518324417600001,0.8075980031800001,0.8957527296879999,0.0,0.6755928,,0.244,0.019,0.0,1000
ks22,patch,ks22_patch_P8_b12,8,12,96,0.92,0.3,future,decode_and_integrate,reference,1.7335711248,1.66878740522,1.79973417968,0.0,1.39622512,,0.705,0.118,0.0,1000
ks22,patch,ks22_patch_P8_b12,8,12,96,0.92,0.3,from_t0,decode_and_integrate,reference,1.7335711248,1.66878740522,1.79973417968,0.0,1.39622512,,0.705,0.118,0.0,1000
ks22,patch,ks22_patch_P8_b12,8,12,96,0.92,0.5,future,decode_and_integrate,reference,2.2001805520000004,2.1216710386999997,2.27904475152,0.0,1.9141796,,0.855,0.208,0.0,1000
ks22,patch,ks22_patch_P8_b12,8,12,96,0.92,0.5,from_t0,decode_and_integrate,reference,2.2001805520000004,2.1216710386999997,2.27904475152,0.0,1.9141796,,0.855,0.208,0.0,1000
ks22,patch,ks22_patch_P8_b12,8,12,96,1.84,0.1,future,decode_and_integrate,reference,0.88853965056,0.8462002497839999,0.9328585382399999,0.0,0.72063232,,0.254,0.02,0.0,1000
ks22,patch,ks22_patch_P8_b12,8,12,96,1.84,0.1,from_t0,decode_and_integrate,reference,0.88853965056,0.8462002497839999,0.9328585382399999,0.0,0.72063232,,0.254,0.02,0.0,1000
ks22,patch,ks22_patch_P8_b12,8,12,96,1.84,0.3,future,decode_and_integrate,reference,1.7804122256000001,1.715447221952,1.846892809096,0.0,1.44126464,,0.716,0.123,0.0,1000
ks22,patch,ks22_patch_P8_b12,8,12,96,1.84,0.3,from_t0,decode_and_integrate,reference,1.7804122256000001,1.715447221952,1.846892809096,0.0,1.44126464,,0.716,0.123,0.0,1000
ks22,patch,ks22_patch_P8_b12,8,12,96,1.84,0.5,future,decode_and_integrate,reference,2.2454903091200005,2.165045222448,2.3254827486159995,0.0,1.98173888,,0.859,0.213,0.0,1000
ks22,patch,ks22_patch_P8_b12,8,12,96,1.84,0.5,from_t0,decode_and_integrate,reference,2.2454903091200005,2.165045222448,2.3254827486159995,0.0,1.98173888,,0.859,0.213,0.0,1000
ks22,patch,ks22_patch_P8_b14,8,14,112,0.37,0.1,future,bound,bound,27.0,27.0,27.0,1.0,27.0,0.0,1.0,1.0,1.0,1000
ks22,patch,ks22_patch_P8_b14,8,14,112,0.37,0.1,from_t0,bound,bound,27.0,27.0,27.0,1.0,27.0,0.0,1.0,1.0,1.0,1000
ks22,patch,ks22_patch_P8_b14,8,14,112,0.37,0.3,future,bound,bound,27.0,27.0,27.0,1.0,27.0,0.0,1.0,1.0,1.0,1000
ks22,patch,ks22_patch_P8_b14,8,14,112,0.37,0.3,from_t0,bound,bound,27.0,27.0,27.0,1.0,27.0,0.0,1.0,1.0,1.0,1000
ks22,patch,ks22_patch_P8_b14,8,14,112,0.37,0.5,future,bound,bound,27.0,27.0,27.0,1.0,27.0,0.0,1.0,1.0,1.0,1000
ks22,patch,ks22_patch_P8_b14,8,14,112,0.37,0.5,from_t0,bound,bound,27.0,27.0,27.0,1.0,27.0,0.0,1.0,1.0,1.0,1000
ks22,patch,ks22_patch_P8_b14,8,14,112,0.92,0.1,future,bound,bound,27.0,27.0,27.0,1.0,27.0,0.0,1.0,1.0,1.0,1000
ks22,patch,ks22_patch_P8_b14,8,14,112,0.92,0.1,from_t0,bound,bound,27.0,27.0,27.0,1.0,27.0,0.0,1.0,1.0,1.0,1000
ks22,patch,ks22_patch_P8_b14,8,14,112,0.92,0.3,future,bound,bound,27.0,27.0,27.0,1.0,27.0,0.0,1.0,1.0,1.0,1000
ks22,patch,ks22_patch_P8_b14,8,14,112,0.92,0.3,from_t0,bound,bound,27.0,27.0,27.0,1.0,27.0,0.0,1.0,1.0,1.0,1000
ks22,patch,ks22_patch_P8_b14,8,14,112,0.92,0.5,future,bound,bound,27.0,27.0,27.0,1.0,27.0,0.0,1.0,1.0,1.0,1000
ks22,patch,ks22_patch_P8_b14,8,14,112,0.92,0.5,from_t0,bound,bound,27.0,27.0,27.0,1.0,27.0,0.0,1.0,1.0,1.0,1000
ks22,patch,ks22_patch_P8_b14,8,14,112,1.84,0.1,future,bound,bound,27.0,27.0,27.0,1.0,27.0,0.0,1.0,1.0,1.0,1000
ks22,patch,ks22_patch_P8_b14,8,14,112,1.84,0.1,from_t0,bound,bound,27.0,27.0,27.0,1.0,27.0,0.0,1.0,1.0,1.0,1000
ks22,patch,ks22_patch_P8_b14,8,14,112,1.84,0.3,future,bound,bound,27.0,27.0,27.0,1.0,27.0,0.0,1.0,1.0,1.0,1000
ks22,patch,ks22_patch_P8_b14,8,14,112,1.84,0.3,from_t0,bound,bound,27.0,27.0,27.0,1.0,27.0,0.0,1.0,1.0,1.0,1000
ks22,patch,ks22_patch_P8_b14,8,14,112,1.84,0.5,future,bound,bound,27.0,27.0,27.0,1.0,27.0,0.0,1.0,1.0,1.0,1000
ks22,patch,ks22_patch_P8_b14,8,14,112,1.84,0.5,from_t0,bound,bound,27.0,27.0,27.0,1.0,27.0,0.0,1.0,1.0,1.0,1000
ks22,patch,ks22_patch_P8_b14,8,14,112,0.37,0.1,future,persistence,reference,0.0518958078,0.04874402052,0.055337867443,0.0,0.03622744,,0.0,0.0,0.0,1000
ks22,patch,ks22_patch_P8_b14,8,14,112,0.37,0.1,from_t0,persistence,reference,0.0518958078,0.04874402052,0.055337867443,0.0,0.03622744,,0.0,0.0,0.0,1000
ks22,patch,ks22_patch_P8_b14,8,14,112,0.37,0.3,future,persistence,reference,0.13833447963999998,0.130472219474,0.14634255525199996,0.0,0.10868232,,0.005,0.0,0.0,1000
ks22,patch,ks22_patch_P8_b14,8,14,112,0.37,0.3,from_t0,persistence,reference,0.13833447963999998,0.130472219474,0.14634255525199996,0.0,0.10868232,,0.005,0.0,0.0,1000
ks22,patch,ks22_patch_P8_b14,8,14,112,0.37,0.5,future,persistence,reference,0.22276252856,0.21214653011100001,0.233706385341,0.0,0.1811372,,0.009,0.0,0.0,1000
ks22,patch,ks22_patch_P8_b14,8,14,112,0.37,0.5,from_t0,persistence,reference,0.22276252856,0.21214653011100001,0.233706385341,0.0,0.1811372,,0.009,0.0,0.0,1000
ks22,patch,ks22_patch_P8_b14,8,14,112,0.92,0.1,future,persistence,reference,0.06418131600000002,0.06107358912,0.06756040598799999,0.0,0.04503952,,0.0,0.0,0.0,1000
ks22,patch,ks22_patch_P8_b14,8,14,112,0.92,0.1,from_t0,persistence,reference,0.06418131600000002,0.06107358912,0.06756040598799999,0.0,0.04503952,,0.0,0.0,0.0,1000
ks22,patch,ks22_patch_P8_b14,8,14,112,0.92,0.3,future,persistence,reference,0.15025183872000003,0.142276465716,0.158450157348,0.0,0.13511856,,0.005,0.0,0.0,1000
ks22,patch,ks22_patch_P8_b14,8,14,112,0.92,0.3,from_t0,persistence,reference,0.15025183872000003,0.142276465716,0.158450157348,0.0,0.13511856,,0.005,0.0,0.0,1000
ks22,patch,ks22_patch_P8_b14,8,14,112,0.92,0.5,future,persistence,reference,0.23650251951999998,0.22569190873199999,0.24749441437599998,0.0,0.18015808,,0.009,0.0,0.0,1000
ks22,patch,ks22_patch_P8_b14,8,14,112,0.92,0.5,from_t0,persistence,reference,0.23650251951999998,0.22569190873199999,0.24749441437599998,0.0,0.18015808,,0.009,0.0,0.0,1000
ks22,patch,ks22_patch_P8_b14,8,14,112,1.84,0.1,future,persistence,reference,0.09971749728,0.09692504703999999,0.10296034272,0.0,0.09007904,,0.0,0.0,0.0,1000
ks22,patch,ks22_patch_P8_b14,8,14,112,1.84,0.1,from_t0,persistence,reference,0.09971749728,0.09692504703999999,0.10296034272,0.0,0.09007904,,0.0,0.0,0.0,1000
ks22,patch,ks22_patch_P8_b14,8,14,112,1.84,0.3,future,persistence,reference,0.17178072927999996,0.16376144274400004,0.18042831712,0.0,0.18015808,,0.005,0.0,0.0,1000
ks22,patch,ks22_patch_P8_b14,8,14,112,1.84,0.3,from_t0,persistence,reference,0.17178072927999996,0.16376144274400004,0.18042831712,0.0,0.18015808,,0.005,0.0,0.0,1000
ks22,patch,ks22_patch_P8_b14,8,14,112,1.84,0.5,future,persistence,reference,0.25753597535999995,0.24672649056,0.26852561824,0.0,0.18015808,,0.009,0.0,0.0,1000
ks22,patch,ks22_patch_P8_b14,8,14,112,1.84,0.5,from_t0,persistence,reference,0.25753597535999995,0.24672649056,0.26852561824,0.0,0.18015808,,0.009,0.0,0.0,1000
ks22,patch,ks22_patch_P8_b14,8,14,112,0.37,0.1,future,decode_and_integrate,reference,1.16012942484,1.110543569183,1.2112825701199998,0.0,0.91474286,,0.447,0.038,0.0,1000
ks22,patch,ks22_patch_P8_b14,8,14,112,0.37,0.1,from_t0,decode_and_integrate,reference,1.16012942484,1.110543569183,1.2112825701199998,0.0,0.91474286,,0.447,0.038,0.0,1000
ks22,patch,ks22_patch_P8_b14,8,14,112,0.37,0.3,future,decode_and_integrate,reference,2.0958298588799997,2.015349695234,2.1776536077069997,0.0,1.7932582799999999,,0.839,0.196,0.0,1000
ks22,patch,ks22_patch_P8_b14,8,14,112,0.37,0.3,from_t0,decode_and_integrate,reference,2.0958298588799997,2.015349695234,2.1776536077069997,0.0,1.7932582799999999,,0.839,0.196,0.0,1000
ks22,patch,ks22_patch_P8_b14,8,14,112,0.37,0.5,future,decode_and_integrate,reference,2.58696526296,2.495796193142,2.6784807576729994,0.0,2.264215,,0.919,0.303,0.001,1000
ks22,patch,ks22_patch_P8_b14,8,14,112,0.37,0.5,from_t0,decode_and_integrate,reference,2.58696526296,2.495796193142,2.6784807576729994,0.0,2.264215,,0.919,0.303,0.001,1000
ks22,patch,ks22_patch_P8_b14,8,14,112,0.92,0.1,future,decode_and_integrate,reference,1.17949494976,1.130172171408,1.2310742080640003,0.0,0.94582992,,0.451,0.04,0.0,1000
ks22,patch,ks22_patch_P8_b14,8,14,112,0.92,0.1,from_t0,decode_and_integrate,reference,1.17949494976,1.130172171408,1.2310742080640003,0.0,0.94582992,,0.451,0.04,0.0,1000
ks22,patch,ks22_patch_P8_b14,8,14,112,0.92,0.3,future,decode_and_integrate,reference,2.11532609632,2.0339835972119995,2.196358948728,0.0,1.8015808,,0.844,0.201,0.0,1000
ks22,patch,ks22_patch_P8_b14,8,14,112,0.92,0.3,from_t0,decode_and_integrate,reference,2.11532609632,2.0339835972119995,2.196358948728,0.0,1.8015808,,0.844,0.201,0.0,1000
ks22,patch,ks22_patch_P8_b14,8,14,112,0.92,0.5,future,decode_and_integrate,reference,2.607788208,2.518099885836,2.6996710807760005,0.0,2.29701552,,0.92,0.309,0.001,1000
ks22,patch,ks22_patch_P8_b14,8,14,112,0.92,0.5,from_t0,decode_and_integrate,reference,2.607788208,2.518099885836,2.6996710807760005,0.0,2.29701552,,0.92,0.309,0.001,1000
ks22,patch,ks22_patch_P8_b14,8,14,112,1.84,0.1,future,decode_and_integrate,reference,1.2168777513599998,1.165440367544,1.2694073435359998,0.0,0.99086944,,0.454,0.041,0.0,1000
ks22,patch,ks22_patch_P8_b14,8,14,112,1.84,0.1,from_t0,decode_and_integrate,reference,1.2168777513599998,1.165440367544,1.2694073435359998,0.0,0.99086944,,0.454,0.041,0.0,1000
ks22,patch,ks22_patch_P8_b14,8,14,112,1.84,0.3,future,decode_and_integrate,reference,2.16712154432,2.085687840184,2.2507216493680002,0.0,1.89165984,,0.85,0.209,0.0,1000
ks22,patch,ks22_patch_P8_b14,8,14,112,1.84,0.3,from_t0,decode_and_integrate,reference,2.16712154432,2.085687840184,2.2507216493680002,0.0,1.89165984,,0.85,0.209,0.0,1000
ks22,patch,ks22_patch_P8_b14,8,14,112,1.84,0.5,future,decode_and_integrate,reference,2.67111377312,2.5798637056000002,2.76363620708,0.0,2.34205504,,0.924,0.322,0.001,1000
ks22,patch,ks22_patch_P8_b14,8,14,112,1.84,0.5,from_t0,decode_and_integrate,reference,2.67111377312,2.5798637056000002,2.76363620708,0.0,2.34205504,,0.924,0.322,0.001,1000
ks22,patch,ks22_patch_P8_b16,8,16,128,0.37,0.1,future,bound,bound,27.0,27.0,27.0,1.0,27.0,0.0,1.0,1.0,1.0,1000
ks22,patch,ks22_patch_P8_b16,8,16,128,0.37,0.1,from_t0,bound,bound,27.0,27.0,27.0,1.0,27.0,0.0,1.0,1.0,1.0,1000
ks22,patch,ks22_patch_P8_b16,8,16,128,0.37,0.3,future,bound,bound,27.0,27.0,27.0,1.0,27.0,0.0,1.0,1.0,1.0,1000
ks22,patch,ks22_patch_P8_b16,8,16,128,0.37,0.3,from_t0,bound,bound,27.0,27.0,27.0,1.0,27.0,0.0,1.0,1.0,1.0,1000
ks22,patch,ks22_patch_P8_b16,8,16,128,0.37,0.5,future,bound,bound,27.0,27.0,27.0,1.0,27.0,0.0,1.0,1.0,1.0,1000
ks22,patch,ks22_patch_P8_b16,8,16,128,0.37,0.5,from_t0,bound,bound,27.0,27.0,27.0,1.0,27.0,0.0,1.0,1.0,1.0,1000
ks22,patch,ks22_patch_P8_b16,8,16,128,0.92,0.1,future,bound,bound,27.0,27.0,27.0,1.0,27.0,0.0,1.0,1.0,1.0,1000
ks22,patch,ks22_patch_P8_b16,8,16,128,0.92,0.1,from_t0,bound,bound,27.0,27.0,27.0,1.0,27.0,0.0,1.0,1.0,1.0,1000
ks22,patch,ks22_patch_P8_b16,8,16,128,0.92,0.3,future,bound,bound,27.0,27.0,27.0,1.0,27.0,0.0,1.0,1.0,1.0,1000
ks22,patch,ks22_patch_P8_b16,8,16,128,0.92,0.3,from_t0,bound,bound,27.0,27.0,27.0,1.0,27.0,0.0,1.0,1.0,1.0,1000
ks22,patch,ks22_patch_P8_b16,8,16,128,0.92,0.5,future,bound,bound,27.0,27.0,27.0,1.0,27.0,0.0,1.0,1.0,1.0,1000
ks22,patch,ks22_patch_P8_b16,8,16,128,0.92,0.5,from_t0,bound,bound,27.0,27.0,27.0,1.0,27.0,0.0,1.0,1.0,1.0,1000
ks22,patch,ks22_patch_P8_b16,8,16,128,1.84,0.1,future,bound,bound,27.0,27.0,27.0,1.0,27.0,0.0,1.0,1.0,1.0,1000
ks22,patch,ks22_patch_P8_b16,8,16,128,1.84,0.1,from_t0,bound,bound,27.0,27.0,27.0,1.0,27.0,0.0,1.0,1.0,1.0,1000
ks22,patch,ks22_patch_P8_b16,8,16,128,1.84,0.3,future,bound,bound,27.0,27.0,27.0,1.0,27.0,0.0,1.0,1.0,1.0,1000
ks22,patch,ks22_patch_P8_b16,8,16,128,1.84,0.3,from_t0,bound,bound,27.0,27.0,27.0,1.0,27.0,0.0,1.0,1.0,1.0,1000
ks22,patch,ks22_patch_P8_b16,8,16,128,1.84,0.5,future,bound,bound,27.0,27.0,27.0,1.0,27.0,0.0,1.0,1.0,1.0,1000
ks22,patch,ks22_patch_P8_b16,8,16,128,1.84,0.5,from_t0,bound,bound,27.0,27.0,27.0,1.0,27.0,0.0,1.0,1.0,1.0,1000
ks22,patch,ks22_patch_P8_b16,8,16,128,0.37,0.1,future,persistence,reference,0.0523486508,0.04919686352,0.055882637571999995,0.0,0.03622744,,0.0,0.0,0.0,1000
ks22,patch,ks22_patch_P8_b16,8,16,128,0.37,0.1,from_t0,persistence,reference,0.0523486508,0.04919686352,0.055882637571999995,0.0,0.03622744,,0.0,0.0,0.0,1000
ks22,patch,ks22_patch_P8_b16,8,16,128,0.37,0.3,future,persistence,reference,0.13889600496000004,0.13099842304,0.147192541563,0.0,0.10868232,,0.006,0.0,0.0,1000
ks22,patch,ks22_patch_P8_b16,8,16,128,0.37,0.3,from_t0,persistence,reference,0.13889600496000004,0.13099842304,0.147192541563,0.0,0.10868232,,0.006,0.0,0.0,1000
ks22,patch,ks22_patch_P8_b16,8,16,128,0.37,0.5,future,persistence,reference,0.22299800692,0.212417783068,0.23395680751999998,0.0,0.1811372,,0.009,0.0,0.0,1000
ks22,patch,ks22_patch_P8_b16,8,16,128,0.37,0.5,from_t0,persistence,reference,0.22299800692,0.212417783068,0.23395680751999998,0.0,0.1811372,,0.009,0.0,0.0,1000
ks22,patch,ks22_patch_P8_b16,8,16,128,0.92,0.1,future,persistence,reference,0.06458667168,0.06138886576,0.068100880228,0.0,0.04503952,,0.0,0.0,0.0,1000
ks22,patch,ks22_patch_P8_b16,8,16,128,0.92,0.1,from_t0,persistence,reference,0.06458667168,0.06138886576,0.068100880228,0.0,0.04503952,,0.0,0.0,0.0,1000
ks22,patch,ks22_patch_P8_b16,8,16,128,0.92,0.3,future,persistence,reference,0.15056711536,0.14236992272000001,0.15898950559999997,0.0,0.13511856,,0.006,0.0,0.0,1000
ks22,patch,ks22_patch_P8_b16,8,16,128,0.92,0.3,from_t0,persistence,reference,0.15056711536,0.14236992272000001,0.15898950559999997,0.0,0.13511856,,0.006,0.0,0.0,1000
ks22,patch,ks22_patch_P8_b16,8,16,128,0.92,0.5,future,persistence,reference,0.23681779616,0.22605109890400002,0.24758224144000002,0.0,0.18015808,,0.009,0.0,0.0,1000
ks22,patch,ks22_patch_P8_b16,8,16,128,0.92,0.5,from_t0,persistence,reference,0.23681779616,0.22605109890400002,0.24758224144000002,0.0,0.18015808,,0.009,0.0,0.0,1000
ks22,patch,ks22_patch_P8_b16,8,16,128,1.84,0.1,future,persistence,reference,0.09980757632,0.09692504703999999,0.10323057983999999,0.0,0.09007904,,0.0,0.0,0.0,1000
ks22,patch,ks22_patch_P8_b16,8,16,128,1.84,0.1,from_t0,persistence,reference,0.09980757632,0.09692504703999999,0.10323057983999999,0.0,0.09007904,,0.0,0.0,0.0,1000
ks22,patch,ks22_patch_P8_b16,8,16,128,1.84,0.3,future,persistence,reference,0.17223112448,0.16403393184,0.18078863328,0.0,0.18015808,,0.006,0.0,0.0,1000
ks22,patch,ks22_patch_P8_b16,8,16,128,1.84,0.3,from_t0,persistence,reference,0.17223112448,0.16403393184,0.18078863328,0.0,0.18015808,,0.006,0.0,0.0,1000
ks22,patch,ks22_patch_P8_b16,8,16,128,1.84,0.5,future,persistence,reference,0.25789629152,0.24708680672000002,0.26888593439999997,0.0,0.18015808,,0.009,0.0,0.0,1000
ks22,patch,ks22_patch_P8_b16,8,16,128,1.84,0.5,from_t0,persistence,reference,0.25789629152,0.24708680672000002,0.26888593439999997,0.0,0.18015808,,0.009,0.0,0.0,1000
ks22,patch,ks22_patch_P8_b16,8,16,128,0.37,0.1,future,decode_and_integrate,reference,1.53973865488,1.476356937228,1.608674039084,0.0,1.2498466799999999,,0.622,0.085,0.001,1000
ks22,patch,ks22_patch_P8_b16,8,16,128,0.37,0.1,from_t0,decode_and_integrate,reference,1.53973865488,1.476356937228,1.608674039084,0.0,1.2498466799999999,,0.622,0.085,0.001,1000
ks22,patch,ks22_patch_P8_b16,8,16,128,0.37,0.3,future,decode_and_integrate,reference,2.55202389708,2.4604721749269998,2.646163616978,0.0,2.24610128,,0.898,0.303,0.002,1000
ks22,patch,ks22_patch_P8_b16,8,16,128,0.37,0.3,from_t0,decode_and_integrate,reference,2.55202389708,2.4604721749269998,2.646163616978,0.0,2.24610128,,0.898,0.303,0.002,1000
ks22,patch,ks22_patch_P8_b16,8,16,128,0.37,0.5,future,decode_and_integrate,reference,2.9910461287199994,2.892173746629,3.088266086704,0.0,2.68083056,,0.946,0.414,0.003,1000
ks22,patch,ks22_patch_P8_b16,8,16,128,0.37,0.5,from_t0,decode_and_integrate,reference,2.9910461287199994,2.892173746629,3.088266086704,0.0,2.68083056,,0.946,0.414,0.003,1000
ks22,patch,ks22_patch_P8_b16,8,16,128,0.92,0.1,future,decode_and_integrate,reference,1.5655286756800002,1.501519635844,1.63467559876,0.0,1.26110656,,0.628,0.09,0.001,1000
ks22,patch,ks22_patch_P8_b16,8,16,128,0.92,0.1,from_t0,decode_and_integrate,reference,1.5655286756800002,1.501519635844,1.63467559876,0.0,1.26110656,,0.628,0.09,0.001,1000
ks22,patch,ks22_patch_P8_b16,8,16,128,0.92,0.3,future,decode_and_integrate,reference,2.5699099716799996,2.4774415851440006,2.6638320087240004,0.0,2.251976,,0.899,0.306,0.002,1000
ks22,patch,ks22_patch_P8_b16,8,16,128,0.92,0.3,from_t0,decode_and_integrate,reference,2.5699099716799996,2.4774415851440006,2.6638320087240004,0.0,2.251976,,0.899,0.306,0.002,1000
ks22,patch,ks22_patch_P8_b16,8,16,128,0.92,0.5,future,decode_and_integrate,reference,3.0078292246399996,2.908422500048,3.106424111884,0.0,2.7023712,,0.945,0.416,0.003,1000
ks22,patch,ks22_patch_P8_b16,8,16,128,0.92,0.5,from_t0,decode_and_integrate,reference,3.0078292246399996,2.908422500048,3.106424111884,0.0,2.7023712,,0.945,0.416,0.003,1000
ks22,patch,ks22_patch_P8_b16,8,16,128,1.84,0.1,future,decode_and_integrate,reference,1.60394738624,1.53970977084,1.674303620432,0.0,1.26110656,,0.632,0.094,0.001,1000
ks22,patch,ks22_patch_P8_b16,8,16,128,1.84,0.1,from_t0,decode_and_integrate,reference,1.60394738624,1.53970977084,1.674303620432,0.0,1.26110656,,0.632,0.094,0.001,1000
ks22,patch,ks22_patch_P8_b16,8,16,128,1.84,0.3,future,decode_and_integrate,reference,2.61355326656,2.5212830539119997,2.708230841552,0.0,2.34205504,,0.902,0.312,0.002,1000
ks22,patch,ks22_patch_P8_b16,8,16,128,1.84,0.3,from_t0,decode_and_integrate,reference,2.61355326656,2.5212830539119997,2.708230841552,0.0,2.34205504,,0.902,0.312,0.002,1000
ks22,patch,ks22_patch_P8_b16,8,16,128,1.84,0.5,future,decode_and_integrate,reference,3.05962467264,2.959274370104,3.15871161664,0.0,2.79245024,,0.949,0.425,0.003,1000
ks22,patch,ks22_patch_P8_b16,8,16,128,1.84,0.5,from_t0,decode_and_integrate,reference,3.05962467264,2.959274370104,3.15871161664,0.0,2.79245024,,0.949,0.425,0.003,1000
ks22,patch,ks22_patch_P8_b8,8,8,64,0.37,0.1,future,bound,bound,0.32988706864,0.306754036828,0.3533307507499999,0.0,0.12679604,0.296,0.08,0.0,0.0,1000
ks22,patch,ks22_patch_P8_b8,8,8,64,0.37,0.1,from_t0,bound,bound,0.31601195912,0.29231921336,0.339416243889,0.0,0.10868232,0.296,0.076,0.0,0.0,1000
ks22,patch,ks22_patch_P8_b8,8,8,64,0.37,0.3,future,bound,bound,27.0,27.0,27.0,1.0,27.0,0.0,1.0,1.0,1.0,1000
ks22,patch,ks22_patch_P8_b8,8,8,64,0.37,0.3,from_t0,bound,bound,27.0,27.0,27.0,1.0,27.0,0.0,1.0,1.0,1.0,1000
ks22,patch,ks22_patch_P8_b8,8,8,64,0.37,0.5,future,bound,bound,27.0,27.0,27.0,1.0,27.0,0.0,1.0,1.0,1.0,1000
ks22,patch,ks22_patch_P8_b8,8,8,64,0.37,0.5,from_t0,bound,bound,27.0,27.0,27.0,1.0,27.0,0.0,1.0,1.0,1.0,1000
ks22,patch,ks22_patch_P8_b8,8,8,64,0.92,0.1,future,bound,bound,0.40553583808,0.38079900770799996,0.430488858148,0.0,0.2251976,0.296,0.114,0.0,0.0,1000
ks22,patch,ks22_patch_P8_b8,8,8,64,0.92,0.1,from_t0,bound,bound,0.36081159472,0.33558946351999996,0.385001194924,0.0,0.18015808,0.296,0.097,0.0,0.0,1000
ks22,patch,ks22_patch_P8_b8,8,8,64,0.92,0.3,future,bound,bound,27.0,27.0,27.0,1.0,27.0,0.0,1.0,1.0,1.0,1000
ks22,patch,ks22_patch_P8_b8,8,8,64,0.92,0.3,from_t0,bound,bound,27.0,27.0,27.0,1.0,27.0,0.0,1.0,1.0,1.0,1000
ks22,patch,ks22_patch_P8_b8,8,8,64,0.92,0.5,future,bound,bound,27.0,27.0,27.0,1.0,27.0,0.0,1.0,1.0,1.0,1000
ks22,patch,ks22_patch_P8_b8,8,8,64,0.92,0.5,from_t0,bound,bound,27.0,27.0,27.0,1.0,27.0,0.0,1.0,1.0,1.0,1000
ks22,patch,ks22_patch_P8_b8,8,8,64,1.84,0.1,future,bound,bound,0.50047914624,0.47282488096,0.527597441232,0.0,0.36031616,0.296,0.152,0.0,0.0,1000
ks22,patch,ks22_patch_P8_b8,8,8,64,1.84,0.1,from_t0,bound,bound,0.4134627936,0.3868894768,0.440128441416,0.0,0.27023712,0.296,0.116,0.0,0.0,1000
ks22,patch,ks22_patch_P8_b8,8,8,64,1.84,0.3,future,bound,bound,27.0,27.0,27.0,1.0,27.0,0.0,1.0,1.0,1.0,1000
ks22,patch,ks22_patch_P8_b8,8,8,64,1.84,0.3,from_t0,bound,bound,27.0,27.0,27.0,1.0,27.0,0.0,1.0,1.0,1.0,1000
ks22,patch,ks22_patch_P8_b8,8,8,64,1.84,0.5,future,bound,bound,27.0,27.0,27.0,1.0,27.0,0.0,1.0,1.0,1.0,1000
ks22,patch,ks22_patch_P8_b8,8,8,64,1.84,0.5,from_t0,bound,bound,27.0,27.0,27.0,1.0,27.0,0.0,1.0,1.0,1.0,1000
ks22,patch,ks22_patch_P8_b8,8,8,64,0.37,0.1,future,persistence,reference,0.0370425574,0.03428927196,0.040285366123,0.0,0.01811372,,0.0,0.0,0.0,1000
ks22,patch,ks22_patch_P8_b8,8,8,64,0.37,0.1,from_t0,persistence,reference,0.03157221396,0.028655452197,0.03496129097199999,0.0,0.01811372,,0.0,0.0,0.0,1000
ks22,patch,ks22_patch_P8_b8,8,8,64,0.37,0.3,future,persistence,reference,0.13505589631999998,0.12723031643700003,0.142953931083,0.0,0.10868232,,0.004,0.0,0.0,1000
ks22,patch,ks22_patch_P8_b8,8,8,64,0.37,0.3,from_t0,persistence,reference,0.13505589631999998,0.12723031643700003,0.142953931083,0.0,0.10868232,,0.004,0.0,0.0,1000
ks22,patch,ks22_patch_P8_b8,8,8,64,0.37,0.5,future,persistence,reference,0.22332405387999998,0.21243770816,0.23446716158099998,0.0,0.1811372,,0.009,0.0,0.0,1000
ks22,patch,ks22_patch_P8_b8,8,8,64,0.37,0.5,from_t0,persistence,reference,0.22332405387999998,0.21243770816,0.23446716158099998,0.0,0.1811372,,0.009,0.0,0.0,1000
ks22,patch,ks22_patch_P8_b8,8,8,64,0.92,0.1,future,persistence,reference,0.056344439520000004,0.053732147359999996,0.059407126879999994,0.0,0.04503952,,0.0,0.0,0.0,1000
ks22,patch,ks22_patch_P8_b8,8,8,64,0.92,0.1,from_t0,persistence,reference,0.0430127416,0.039814935679999996,0.046480784639999995,0.0,0.04503952,,0.0,0.0,0.0,1000
ks22,patch,ks22_patch_P8_b8,8,8,64,0.92,0.3,future,persistence,reference,0.14799986272,0.14011794672000003,0.15579169968,0.0,0.13511856,,0.004,0.0,0.0,1000
ks22,patch,ks22_patch_P8_b8,8,8,64,0.92,0.3,from_t0,persistence,reference,0.14799986272,0.14011794672000003,0.15579169968,0.0,0.13511856,,0.004,0.0,0.0,1000
ks22,patch,ks22_patch_P8_b8,8,8,64,0.92,0.5,future,persistence,reference,0.23650251952,0.22569303472000002,0.247583367428,0.0,0.18015808,,0.009,0.0,0.0,1000
ks22,patch,ks22_patch_P8_b8,8,8,64,0.92,0.5,from_t0,persistence,reference,0.23650251952,0.22569303472000002,0.247583367428,0.0,0.18015808,,0.009,0.0,0.0,1000
ks22,patch,ks22_patch_P8_b8,8,8,64,1.84,0.1,future,persistence,reference,0.09620441472,0.09386235968,0.09908694399999998,0.0,0.09007904,,0.0,0.0,0.0,1000
ks22,patch,ks22_patch_P8_b8,8,8,64,1.84,0.1,from_t0,persistence,reference,0.06954101888,0.06566762016,0.07350674861599998,0.0,0.09007904,,0.0,0.0,0.0,1000
ks22,patch,ks22_patch_P8_b8,8,8,64,1.84,0.3,future,persistence,reference,0.17051962272,0.16259266719999999,0.17862673631999998,0.0,0.18015808,,0.004,0.0,0.0,1000
ks22,patch,ks22_patch_P8_b8,8,8,64,1.84,0.3,from_t0,persistence,reference,0.17051962272,0.16259266719999999,0.17862673631999998,0.0,0.18015808,,0.004,0.0,0.0,1000
ks22,patch,ks22_patch_P8_b8,8,8,64,1.84,0.5,future,persistence,reference,0.25735581728,0.246454001464,0.26861569728,0.0,0.18015808,,0.009,0.0,0.0,1000
ks22,patch,ks22_patch_P8_b8,8,8,64,1.84,0.5,from_t0,persistence,reference,0.25735581728,0.246454001464,0.26861569728,0.0,0.18015808,,0.009,0.0,0.0,1000
ks22,patch,ks22_patch_P8_b8,8,8,64,0.37,0.1,future,decode_and_integrate,reference,0.29766276076,0.27831685495700004,0.31920042668299997,0.0,0.19925092,,0.035,0.002,0.0,1000
ks22,patch,ks22_patch_P8_b8,8,8,64,0.37,0.1,from_t0,decode_and_integrate,reference,0.2118399554,0.194050923831,0.23088381492199994,0.0,0.14490976,,0.015,0.002,0.0,1000
ks22,patch,ks22_patch_P8_b8,8,8,64,0.37,0.3,future,decode_and_integrate,reference,0.948706085,0.905336405204,0.9944441336859999,0.0,0.73360566,,0.332,0.019,0.0,1000
ks22,patch,ks22_patch_P8_b8,8,8,64,0.37,0.3,from_t0,decode_and_integrate,reference,0.948706085,0.905336405204,0.9944441336859999,0.0,0.73360566,,0.332,0.019,0.0,1000
ks22,patch,ks22_patch_P8_b8,8,8,64,0.37,0.5,future,decode_and_integrate,reference,1.35238844892,1.29887599161,1.4127773271850002,0.0,1.0868232,,0.543,0.054,0.0,1000
ks22,patch,ks22_patch_P8_b8,8,8,64,0.37,0.5,from_t0,decode_and_integrate,reference,1.35238844892,1.29887599161,1.4127773271850002,0.0,1.0868232,,0.543,0.054,0.0,1000
ks22,patch,ks22_patch_P8_b8,8,8,64,0.92,0.1,future,decode_and_integrate,reference,0.31374529632,0.29433326320000003,0.33532260436399997,0.0,0.2251976,,0.038,0.002,0.0,1000
ks22,patch,ks22_patch_P8_b8,8,8,64,0.92,0.1,from_t0,decode_and_integrate,reference,0.22217995216,0.20420918368000002,0.24141295318800002,0.0,0.18015808,,0.018,0.002,0.0,1000
ks22,patch,ks22_patch_P8_b8,8,8,64,0.92,0.3,future,decode_and_integrate,reference,0.96934054944,0.926094728324,1.0164530133479999,0.0,0.76567184,,0.34,0.021,0.0,1000
ks22,patch,ks22_patch_P8_b8,8,8,64,0.92,0.3,from_t0,decode_and_integrate,reference,0.96934054944,0.926094728324,1.0164530133479999,0.0,0.76567184,,0.34,0.021,0.0,1000
ks22,patch,ks22_patch_P8_b8,8,8,64,0.92,0.5,future,decode_and_integrate,reference,1.3752367036800002,1.32186487248,1.4348307445679995,0.0,1.125988,,0.556,0.054,0.0,1000
ks22,patch,ks22_patch_P8_b8,8,8,64,0.92,0.5,from_t0,decode_and_integrate,reference,1.3752367036800002,1.32186487248,1.4348307445679995,0.0,1.125988,,0.556,0.054,0.0,1000
ks22,patch,ks22_patch_P8_b8,8,8,64,1.84,0.1,future,decode_and_integrate,reference,0.33860711136,0.31869964352,0.36085888621600004,0.0,0.27023712,,0.039,0.002,0.0,1000
ks22,patch,ks22_patch_P8_b8,8,8,64,1.84,0.1,from_t0,decode_and_integrate,reference,0.23726819136,0.21915780036799998,0.25709008411199996,0.0,0.18015808,,0.018,0.002,0.0,1000
ks22,patch,ks22_patch_P8_b8,8,8,64,1.84,0.3,future,decode_and_integrate,reference,1.0034805055999998,0.958799049784,1.049970298144,0.0,0.81071136,,0.349,0.022,0.0,1000
ks22,patch,ks22_patch_P8_b8,8,8,64,1.84,0.3,from_t0,decode_and_integrate,reference,1.0034805055999998,0.958799049784,1.049970298144,0.0,0.81071136,,0.349,0.022,0.0,1000
ks22,patch,ks22_patch_P8_b8,8,8,64,1.84,0.5,future,decode_and_integrate,reference,1.4109980825600001,1.3586599083440003,1.47191403336,0.0,1.17102752,,0.561,0.056,0.0,1000
ks22,patch,ks22_patch_P8_b8,8,8,64,1.84,0.5,from_t0,decode_and_integrate,reference,1.4109980825600001,1.3586599083440003,1.47191403336,0.0,1.17102752,,0.561,0.056,0.0,1000
ks22,rvq,ks22_rvq_s1,,8,8,0.37,0.1,future,persistence,reference,0.0197439548,0.01843976696,0.021646348242999998,0.0,0.01811372,,0.0,0.0,0.0,1000
ks22,rvq,ks22_rvq_s1,,8,8,0.37,0.1,from_t0,persistence,reference,0.0016121210800000001,0.0002717058,0.0035507419629999975,0.0,0.0,,0.0,0.0,0.0,1000
ks22,rvq,ks22_rvq_s1,,8,8,0.37,0.3,future,persistence,reference,0.0953687358,0.08618507976,0.10509625628300001,0.0,0.01811372,,0.006,0.0,0.0,1000
ks22,rvq,ks22_rvq_s1,,8,8,0.37,0.3,from_t0,persistence,reference,0.08335933944,0.07390126054200001,0.093123087363,0.0,0.01811372,,0.006,0.0,0.0,1000
ks22,rvq,ks22_rvq_s1,,8,8,0.37,0.5,future,persistence,reference,0.21376000972,0.200500313837,0.22736477196899998,0.0,0.14490976,,0.013,0.0,0.0,1000
ks22,rvq,ks22_rvq_s1,,8,8,0.37,0.5,from_t0,persistence,reference,0.20995612851999998,0.196677866074,0.22341733953799997,0.0,0.14490976,,0.012,0.0,0.0,1000
ks22,rvq,ks22_rvq_s1,,8,8,0.92,0.1,future,persistence,reference,0.0477418912,0.045670073279999994,0.05049042790799999,0.0,0.04503952,,0.0,0.0,0.0,1000
ks22,rvq,ks22_rvq_s1,,8,8,0.92,0.1,from_t0,persistence,reference,0.0017565412799999999,0.00036031616,0.00378331968,0.0,0.0,,0.0,0.0,0.0,1000
ks22,rvq,ks22_rvq_s1,,8,8,0.92,0.3,future,persistence,reference,0.1186791352,0.10958115216000001,0.12818359990800002,0.0,0.04503952,,0.006,0.0,0.0,1000
ks22,rvq,ks22_rvq_s1,,8,8,0.92,0.3,from_t0,persistence,reference,0.09061951424,0.08080089888,0.100529334628,0.0,0.04503952,,0.006,0.0,0.0,1000
ks22,rvq,ks22_rvq_s1,,8,8,0.92,0.5,future,persistence,reference,0.22799005024000002,0.21483738441199998,0.24154694575999996,0.0,0.18015808,,0.013,0.0,0.0,1000
ks22,rvq,ks22_rvq_s1,,8,8,0.92,0.5,from_t0,persistence,reference,0.22303570303999998,0.209746792664,0.23645973197599995,0.0,0.18015808,,0.012,0.0,0.0,1000
ks22,rvq,ks22_rvq_s1,,8,8,1.84,0.1,future,persistence,reference,0.09386235968,0.09125006751999999,0.09719753613599999,0.0,0.09007904,,0.001,0.0,0.0,1000
ks22,rvq,ks22_rvq_s1,,8,8,1.84,0.1,from_t0,persistence,reference,0.0019817388799999998,0.0004503952,0.00414363584,0.0,0.0,,0.0,0.0,0.0,1000
ks22,rvq,ks22_rvq_s1,,8,8,1.84,0.3,future,persistence,reference,0.15349468416000003,0.144664686264,0.16259266719999999,0.0,0.09007904,,0.006,0.0,0.0,1000
ks22,rvq,ks22_rvq_s1,,8,8,1.84,0.3,from_t0,persistence,reference,0.10395121216,0.0936822016,0.11422247469599997,0.0,0.09007904,,0.006,0.0,0.0,1000
ks22,rvq,ks22_rvq_s1,,8,8,1.84,0.5,future,persistence,reference,0.25096020544000003,0.237896492664,0.26447206144,0.0,0.18015808,,0.013,0.0,0.0,1000
ks22,rvq,ks22_rvq_s1,,8,8,1.84,0.5,from_t0,persistence,reference,0.24420427744,0.2310527376,0.25780621248,0.0,0.18015808,,0.012,0.0,0.0,1000
ks22,rvq,ks22_rvq_s1,,8,8,0.37,0.1,future,decode_and_integrate,reference,0.01987075084,0.01863901788,0.021628234523,0.0,0.01811372,,0.0,0.0,0.0,1000
ks22,rvq,ks22_rvq_s1,,8,8,0.37,0.1,from_t0,decode_and_integrate,reference,0.0015396662000000001,0.0003622744,0.0033148107600000005,0.0,0.0,,0.0,0.0,0.0,1000
ks22,rvq,ks22_rvq_s1,,8,8,0.37,0.3,future,decode_and_integrate,reference,0.1279734318,0.11569187679700002,0.140363669123,0.0,0.01811372,,0.007,0.0,0.0,1000
ks22,rvq,ks22_rvq_s1,,8,8,0.37,0.3,from_t0,decode_and_integrate,reference,0.11609083147999999,0.10375402963099999,0.128336611886,0.0,0.01811372,,0.007,0.0,0.0,1000
ks22,rvq,ks22_rvq_s1,,8,8,0.37,0.5,future,decode_and_integrate,reference,0.32898138264,0.306627693631,0.35117340669799996,0.0,0.19925092,,0.05,0.001,0.0,1000
ks22,rvq,ks22_rvq_s1,,8,8,0.37,0.5,from_t0,decode_and_integrate,reference,0.32410879196,0.301438112851,0.34628043808299996,0.0,0.19925092,,0.05,0.001,0.0,1000
ks22,rvq,ks22_rvq_s1,,8,8,0.92,0.1,future,decode_and_integrate,reference,0.0477418912,0.04607542896,0.04981483510799999,0.0,0.04503952,,0.0,0.0,0.0,1000
ks22,rvq,ks22_rvq_s1,,8,8,0.92,0.1,from_t0,decode_and_integrate,reference,0.00166646224,0.000449269212000002,0.0034691690279999936,0.0,0.0,,0.0,0.0,0.0,1000
ks22,rvq,ks22_rvq_s1,,8,8,0.92,0.3,future,decode_and_integrate,reference,0.15444051408,0.141918401532,0.16705157967999998,0.0,0.04503952,,0.01,0.0,0.0,1000
ks22,rvq,ks22_rvq_s1,,8,8,0.92,0.3,from_t0,decode_and_integrate,reference,0.12372356143999999,0.11093233776000001,0.136155594948,0.0,0.04503952,,0.009,0.0,0.0,1000
ks22,rvq,ks22_rvq_s1,,8,8,0.92,0.5,future,decode_and_integrate,reference,0.34779517344,0.324913971292,0.36982287668399993,0.0,0.2251976,,0.054,0.001,0.0,1000
ks22,rvq,ks22_rvq_s1,,8,8,0.92,0.5,from_t0,decode_and_integrate,reference,0.34013845504,0.31721333936,0.36216390630800005,0.0,0.2251976,,0.054,0.001,0.0,1000
ks22,rvq,ks22_rvq_s1,,8,8,1.84,0.1,future,decode_and_integrate,reference,0.09269133216,0.09115998848,0.09458299199999999,0.0,0.09007904,,0.0,0.0,0.0,1000
ks22,rvq,ks22_rvq_s1,,8,8,1.84,0.1,from_t0,decode_and_integrate,reference,0.0018015808,0.00054047424,0.00369324064,0.0,0.0,,0.0,0.0,0.0,1000
ks22,rvq,ks22_rvq_s1,,8,8,1.84,0.3,future,decode_and_integrate,reference,0.19222867136000002,0.17988784287999998,0.20475190989599998,0.0,0.09007904,,0.01,0.0,0.0,1000
ks22,rvq,ks22_rvq_s1,,8,8,1.84,0.3,from_t0,decode_and_integrate,reference,0.13628958752,0.12313804768,0.14926322125599997,0.0,0.09007904,,0.009,0.0,0.0,1000
ks22,rvq,ks22_rvq_s1,,8,8,1.84,0.5,future,decode_and_integrate,reference,0.3742784112,0.35076778176,0.39680267515199996,0.0,0.27023712,,0.054,0.002,0.0,1000
ks22,rvq,ks22_rvq_s1,,8,8,1.84,0.5,from_t0,decode_and_integrate,reference,0.36400940064,0.340314109168,0.386443585552,0.0,0.27023712,,0.054,0.002,0.0,1000
ks22,rvq,ks22_rvq_s2,,8,16,0.37,0.1,future,persistence,reference,0.02075832312,0.019580931319999998,0.022244101003,0.0,0.01811372,,0.0,0.0,0.0,1000
ks22,rvq,ks22_rvq_s2,,8,16,0.37,0.1,from_t0,persistence,reference,0.00266271684,0.00150343876,0.00420238304,0.0,0.0,,0.0,0.0,0.0,1000
ks22,rvq,ks22_rvq_s2,,8,16,0.37,0.3,future,persistence,reference,0.12384350363999999,0.11552930616,0.13241219888600003,0.0,0.0905686,,0.006,0.0,0.0,1000
ks22,rvq,ks22_rvq_s2,,8,16,0.37,0.3,from_t0,persistence,reference,0.12224949628000001,0.113826163637,0.130781511243,0.0,0.0905686,,0.006,0.0,0.0,1000
ks22,rvq,ks22_rvq_s2,,8,16,0.37,0.5,future,persistence,reference,0.21874128272,0.207654780394,0.22979065192,0.0,0.16302348,,0.01,0.0,0.0,1000
ks22,rvq,ks22_rvq_s2,,8,16,0.37,0.5,from_t0,persistence,reference,0.21874128272,0.207654780394,0.22979065192,0.0,0.16302348,,0.01,0.0,0.0,1000
ks22,rvq,ks22_rvq_s2,,8,16,0.92,0.1,future,persistence,reference,0.04787700976,0.046704856252,0.049318274399999994,0.0,0.04503952,,0.0,0.0,0.0,1000
ks22,rvq,ks22_rvq_s2,,8,16,0.92,0.1,from_t0,persistence,reference,0.00328788496,0.00207181792,0.00486426816,0.0,0.0,,0.0,0.0,0.0,1000
ks22,rvq,ks22_rvq_s2,,8,16,0.92,0.3,future,persistence,reference,0.13764077312,0.12935350144,0.146156620364,0.0,0.09007904,,0.006,0.0,0.0,1000
ks22,rvq,ks22_rvq_s2,,8,16,0.92,0.3,from_t0,persistence,reference,0.13484832288,0.1265610512,0.14349591071999998,0.0,0.09007904,,0.006,0.0,0.0,1000
ks22,rvq,ks22_rvq_s2,,8,16,0.92,0.5,future,persistence,reference,0.23199856752,0.220693648,0.24326407745999998,0.0,0.18015808,,0.01,0.0,0.0,1000
ks22,rvq,ks22_rvq_s2,,8,16,0.92,0.5,from_t0,persistence,reference,0.23199856752,0.220693648,0.24326407745999998,0.0,0.18015808,,0.01,0.0,0.0,1000
ks22,rvq,ks22_rvq_s2,,8,16,1.84,0.1,future,persistence,reference,0.09278141120000001,0.09152030464,0.09431275488,0.0,0.09007904,,0.0,0.0,0.0,1000
ks22,rvq,ks22_rvq_s2,,8,16,1.84,0.1,from_t0,persistence,reference,0.00513450528,0.0035130825599999998,0.0070261651199999995,0.0,0.0,,0.0,0.0,0.0,1000
ks22,rvq,ks22_rvq_s2,,8,16,1.84,0.3,future,persistence,reference,0.16133156064,0.153134368,0.169891321416,0.0,0.09007904,,0.006,0.0,0.0,1000
ks22,rvq,ks22_rvq_s2,,8,16,1.84,0.3,from_t0,persistence,reference,0.15682760864,0.14854033696,0.16565760653599995,0.0,0.09007904,,0.006,0.0,0.0,1000
ks22,rvq,ks22_rvq_s2,,8,16,1.84,0.5,future,persistence,reference,0.2531221024,0.241950049464,0.26438423437600006,0.0,0.18015808,,0.01,0.0,0.0,1000
ks22,rvq,ks22_rvq_s2,,8,16,1.84,0.5,from_t0,persistence,reference,0.2531221024,0.241950049464,0.26438423437600006,0.0,0.18015808,,0.01,0.0,0.0,1000
ks22,rvq,ks22_rvq_s2,,8,16,0.37,0.1,future,decode_and_integrate,reference,0.029416681280000002,0.025793937280000002,0.033710085763,0.0,0.01811372,,0.001,0.0,0.0,1000
ks22,rvq,ks22_rvq_s2,,8,16,0.37,0.1,from_t0,decode_and_integrate,reference,0.0061948922399999995,0.004129475317000001,0.008731718725999996,0.0,0.0,,0.0,0.0,0.0,1000
ks22,rvq,ks22_rvq_s2,,8,16,0.37,0.3,future,decode_and_integrate,reference,0.32981461376,0.307932787157,0.35273435651899987,0.0,0.19925092,,0.054,0.001,0.0,1000
ks22,rvq,ks22_rvq_s2,,8,16,0.37,0.3,from_t0,decode_and_integrate,reference,0.32637300696,0.304324534133,0.34943584810699996,0.0,0.19925092,,0.053,0.001,0.0,1000
ks22,rvq,ks22_rvq_s2,,8,16,0.37,0.5,future,decode_and_integrate,reference,0.6162468681200001,0.58447540324,0.649639058097,0.0,0.452843,,0.158,0.006,0.0,1000
ks22,rvq,ks22_rvq_s2,,8,16,0.37,0.5,from_t0,decode_and_integrate,reference,0.6162468681200001,0.58447540324,0.649639058097,0.0,0.452843,,0.158,0.006,0.0,1000
ks22,rvq,ks22_rvq_s2,,8,16,0.92,0.1,future,decode_and_integrate,reference,0.0581009808,0.054271495612,0.06255989328,0.0,0.04503952,,0.001,0.0,0.0,1000
ks22,rvq,ks22_rvq_s2,,8,16,0.92,0.1,from_t0,decode_and_integrate,reference,0.006755928,0.004592905052000002,0.00941325968,0.0,0.0,,0.0,0.0,0.0,1000
ks22,rvq,ks22_rvq_s2,,8,16,0.92,0.3,future,decode_and_integrate,reference,0.34707454111999997,0.32500179835599996,0.36986904219199995,0.0,0.2251976,,0.058,0.001,0.0,1000
ks22,rvq,ks22_rvq_s2,,8,16,0.92,0.3,from_t0,decode_and_integrate,reference,0.34108428496,0.31851948544,0.364777324456,0.0,0.2251976,,0.056,0.001,0.0,1000
ks22,rvq,ks22_rvq_s2,,8,16,0.92,0.5,future,decode_and_integrate,reference,0.6301929638399999,0.5982599441600001,0.6639737298279998,0.0,0.4503952,,0.16,0.006,0.0,1000
ks22,rvq,ks22_rvq_s2,,8,16,0.92,0.5,from_t0,decode_and_integrate,reference,0.6301929638399999,0.5982599441600001,0.6639737298279998,0.0,0.4503952,,0.16,0.006,0.0,1000
ks22,rvq,ks22_rvq_s2,,8,16,1.84,0.1,future,decode_and_integrate,reference,0.10440160736,0.10034579858399999,0.108907811336,0.0,0.09007904,,0.001,0.0,0.0,1000
ks22,rvq,ks22_rvq_s2,,8,16,1.84,0.1,from_t0,decode_and_integrate,reference,0.00774679744,0.0054047424,0.01062932672,0.0,0.0,,0.0,0.0,0.0,1000
ks22,rvq,ks22_rvq_s2,,8,16,1.84,0.3,future,decode_and_integrate,reference,0.37698078239999994,0.353560232,0.40167144726399995,0.0,0.27023712,,0.061,0.002,0.0,1000
ks22,rvq,ks22_rvq_s2,,8,16,1.84,0.3,from_t0,decode_and_integrate,reference,0.36860343168,0.34509280224,0.39382556288,0.0,0.27023712,,0.059,0.002,0.0,1000
ks22,rvq,ks22_rvq_s2,,8,16,1.84,0.5,future,decode_and_integrate,reference,0.65613572736,0.62505845856,0.689744217184,0.0,0.4503952,,0.162,0.006,0.0,1000
ks22,rvq,ks22_rvq_s2,,8,16,1.84,0.5,from_t0,decode_and_integrate,reference,0.65613572736,0.62505845856,0.689744217184,0.0,0.4503952,,0.162,0.006,0.0,1000
ks22,rvq,ks22_rvq_s3,,8,24,0.37,0.1,future,persistence,reference,0.03077521028,0.028637338477,0.03303942528000001,0.0,0.01811372,,0.0,0.0,0.0,1000
ks22,rvq,ks22_rvq_s3,,8,24,0.37,0.1,from_t0,persistence,reference,0.01824051604,0.015849505,0.02075832312,0.0,0.0,,0.0,0.0,0.0,1000
ks22,rvq,ks22_rvq_s3,,8,24,0.37,0.3,future,persistence,reference,0.1333169792,0.12541894443700002,0.141450492323,0.0,0.10868232,,0.005,0.0,0.0,1000
ks22,rvq,ks22_rvq_s3,,8,24,0.37,0.3,from_t0,persistence,reference,0.13319018316,0.125291695554,0.14132369628299998,0.0,0.10868232,,0.005,0.0,0.0,1000
ks22,rvq,ks22_rvq_s3,,8,24,0.37,0.5,future,persistence,reference,0.22258139136000002,0.211657459671,0.23373944288,0.0,0.16302348,,0.009,0.0,0.0,1000
ks22,rvq,ks22_rvq_s3,,8,24,0.37,0.5,from_t0,persistence,reference,0.22258139136000002,0.211657459671,0.23373944288,0.0,0.16302348,,0.009,0.0,0.0,1000
ks22,rvq,ks22_rvq_s3,,8,24,0.92,0.1,future,persistence,reference,0.05355198928,0.051525210880000005,0.055713886239999996,0.0,0.04503952,,0.0,0.0,0.0,1000
ks22,rvq,ks22_rvq_s3,,8,24,0.92,0.1,from_t0,persistence,reference,0.024456459360000002,0.021752962171999998,0.027293949119999997,0.0,0.0,,0.0,0.0,0.0,1000
ks22,rvq,ks22_rvq_s3,,8,24,0.92,0.3,future,persistence,reference,0.1457028472,0.13768468665199998,0.15394507936,0.0,0.13511856,,0.005,0.0,0.0,1000
ks22,rvq,ks22_rvq_s3,,8,24,0.92,0.3,from_t0,persistence,reference,0.1454776496,0.13745948905199998,0.15372213373599997,0.0,0.13511856,,0.005,0.0,0.0,1000
ks22,rvq,ks22_rvq_s3,,8,24,0.92,0.5,future,persistence,reference,0.23596204527999998,0.22506135545199998,0.24690664863999998,0.0,0.18015808,,0.009,0.0,0.0,1000
ks22,rvq,ks22_rvq_s3,,8,24,0.92,0.5,from_t0,persistence,reference,0.23596204527999998,0.22506135545199998,0.24690664863999998,0.0,0.18015808,,0.009,0.0,0.0,1000
ks22,rvq,ks22_rvq_s3,,8,24,1.84,0.1,future,persistence,reference,0.09476315008,0.09305164832,0.09665480991999999,0.0,0.09007904,,0.0,0.0,0.0,1000
ks22,rvq,ks22_rvq_s3,,8,24,1.84,0.1,from_t0,persistence,reference,0.03774311776,0.034227783224,0.041346279359999995,0.0,0.0,,0.0,0.0,0.0,1000
ks22,rvq,ks22_rvq_s3,,8,24,1.84,0.3,future,persistence,reference,0.16790733055999998,0.15970788594399998,0.17628693325599998,0.0,0.18015808,,0.005,0.0,0.0,1000
ks22,rvq,ks22_rvq_s3,,8,24,1.84,0.3,from_t0,persistence,reference,0.16745693535999998,0.15925974272,0.17583428607999999,0.0,0.18015808,,0.005,0.0,0.0,1000
ks22,rvq,ks22_rvq_s3,,8,24,1.84,0.5,future,persistence,reference,0.25654510591999996,0.245465384,0.267717158856,0.0,0.18015808,,0.009,0.0,0.0,1000
ks22,rvq,ks22_rvq_s3,,8,24,1.84,0.5,from_t0,persistence,reference,0.25654510591999996,0.245465384,0.267717158856,0.0,0.18015808,,0.009,0.0,0.0,1000
ks22,rvq,ks22_rvq_s3,,8,24,0.37,0.1,future,decode_and_integrate,reference,0.11043935084000002,0.09855629767700001,0.12324575088,0.0,0.05434116,,0.01,0.001,0.0,1000
ks22,rvq,ks22_rvq_s3,,8,24,0.37,0.1,from_t0,decode_and_integrate,reference,0.06444861576,0.056332310671,0.07352449516599999,0.0,0.0,,0.003,0.0,0.0,1000
ks22,rvq,ks22_rvq_s3,,8,24,0.37,0.3,future,decode_and_integrate,reference,0.54890005716,0.51555269864,0.5836688898569999,0.0,0.38038812,,0.105,0.013,0.0,1000
ks22,rvq,ks22_rvq_s3,,8,24,0.37,0.3,from_t0,decode_and_integrate,reference,0.54841098672,0.514935473631,0.583464657664,0.0,0.38038812,,0.105,0.013,0.0,1000
ks22,rvq,ks22_rvq_s3,,8,24,0.37,0.5,future,decode_and_integrate,reference,0.91928940372,0.873637848047,0.9668211635289998,0.0,0.70643508,,0.291,0.022,0.0,1000
ks22,rvq,ks22_rvq_s3,,8,24,0.37,0.5,from_t0,decode_and_integrate,reference,0.91928940372,0.873637848047,0.9668211635289998,0.0,0.70643508,,0.291,0.022,0.0,1000
ks22,rvq,ks22_rvq_s3,,8,24,0.92,0.1,future,decode_and_integrate,reference,0.13561399472,0.12381251449200001,0.14899073216,0.0,0.09007904,,0.011,0.001,0.0,1000
ks22,rvq,ks22_rvq_s3,,8,24,0.92,0.1,from_t0,decode_and_integrate,reference,0.06927078176000001,0.060803352000000005,0.07864237988399997,0.0,0.0,,0.003,0.0,0.0,1000
ks22,rvq,ks22_rvq_s3,,8,24,0.92,0.3,future,decode_and_integrate,reference,0.5668223591999999,0.532546158492,0.6025477064639999,0.0,0.40535568,,0.108,0.014,0.0,1000
ks22,rvq,ks22_rvq_s3,,8,24,0.92,0.3,from_t0,decode_and_integrate,reference,0.56623684544,0.532082251436,0.601956562764,0.0,0.40535568,,0.108,0.014,0.0,1000
ks22,rvq,ks22_rvq_s3,,8,24,0.92,0.5,future,decode_and_integrate,reference,0.9430825092799999,0.8960072029760001,0.991681277348,0.0,0.72063232,,0.298,0.024,0.0,1000
ks22,rvq,ks22_rvq_s3,,8,24,0.92,0.5,from_t0,decode_and_integrate,reference,0.9430825092799999,0.8960072029760001,0.991681277348,0.0,0.72063232,,0.298,0.024,0.0,1000
ks22,rvq,ks22_rvq_s3,,8,24,1.84,0.1,future,decode_and_integrate,reference,0.16817756768,0.15682760864,0.18114894943999998,0.0,0.09007904,,0.011,0.001,0.0,1000
ks22,rvq,ks22_rvq_s3,,8,24,1.84,0.1,from_t0,decode_and_integrate,reference,0.07710765824,0.06836773938400001,0.0869262736,0.0,0.0,,0.003,0.0,0.0,1000
ks22,rvq,ks22_rvq_s3,,8,24,1.84,0.3,future,decode_and_integrate,reference,0.59263000416,0.557587005624,0.6287562031520001,0.0,0.4503952,,0.109,0.014,0.0,1000
ks22,rvq,ks22_rvq_s3,,8,24,1.84,0.3,from_t0,decode_and_integrate,reference,0.5919093718399999,0.5569542003679999,0.62821122496,0.0,0.4503952,,0.109,0.014,0.0,1000
ks22,rvq,ks22_rvq_s3,,8,24,1.84,0.5,future,decode_and_integrate,reference,0.9877166735999999,0.937630475384,1.0385257561120003,0.0,0.72063232,,0.307,0.028,0.0,1000
ks22,rvq,ks22_rvq_s3,,8,24,1.84,0.5,from_t0,decode_and_integrate,reference,0.9877166735999999,0.937630475384,1.0385257561120003,0.0,0.72063232,,0.307,0.028,0.0,1000
ks22,rvq,ks22_rvq_s4,,8,32,0.37,0.1,future,persistence,reference,0.04033925444000001,0.03762219644,0.04325601620299999,0.0,0.03622744,,0.0,0.0,0.0,1000
ks22,rvq,ks22_rvq_s4,,8,32,0.37,0.1,from_t0,persistence,reference,0.03619121256,0.03334735852,0.03919854292299999,0.0,0.03622744,,0.0,0.0,0.0,1000
ks22,rvq,ks22_rvq_s4,,8,32,0.37,0.3,future,persistence,reference,0.13616083324,0.128117435874,0.14445736984299995,0.0,0.10868232,,0.006,0.0,0.0,1000
ks22,rvq,ks22_rvq_s4,,8,32,0.37,0.3,from_t0,persistence,reference,0.13616083324,0.128117435874,0.14445736984299995,0.0,0.10868232,,0.006,0.0,0.0,1000
ks22,rvq,ks22_rvq_s4,,8,32,0.37,0.5,future,persistence,reference,0.22227345812,0.211296090957,0.233196936966,0.0,0.1811372,,0.009,0.0,0.0,1000
ks22,rvq,ks22_rvq_s4,,8,32,0.37,0.5,from_t0,persistence,reference,0.22227345812,0.211296090957,0.233196936966,0.0,0.1811372,,0.009,0.0,0.0,1000
ks22,rvq,ks22_rvq_s4,,8,32,0.92,0.1,future,persistence,reference,0.05873153408,0.05616428144,0.061523984319999996,0.0,0.04503952,,0.0,0.0,0.0,1000
ks22,rvq,ks22_rvq_s4,,8,32,0.92,0.1,from_t0,persistence,reference,0.04859764208,0.045579994240000005,0.051705368960000005,0.0,0.04503952,,0.0,0.0,0.0,1000
ks22,rvq,ks22_rvq_s4,,8,32,0.92,0.3,future,persistence,reference,0.14845025792000002,0.14020802576,0.15674203355199998,0.0,0.13511856,,0.006,0.0,0.0,1000
ks22,rvq,ks22_rvq_s4,,8,32,0.92,0.3,from_t0,persistence,reference,0.14845025792000002,0.14020802576,0.15674203355199998,0.0,0.13511856,,0.006,0.0,0.0,1000
ks22,rvq,ks22_rvq_s4,,8,32,0.92,0.5,future,persistence,reference,0.23654755904000002,0.22551287664,0.24771736,0.0,0.18015808,,0.009,0.0,0.0,1000
ks22,rvq,ks22_rvq_s4,,8,32,0.92,0.5,from_t0,persistence,reference,0.23654755904000002,0.22551287664,0.24771736,0.0,0.18015808,,0.009,0.0,0.0,1000
ks22,rvq,ks22_rvq_s4,,8,32,1.84,0.1,future,persistence,reference,0.09683496800000001,0.09467307104,0.09926710208,0.0,0.09007904,,0.0,0.0,0.0,1000
ks22,rvq,ks22_rvq_s4,,8,32,1.84,0.1,from_t0,persistence,reference,0.076567184,0.07314418048,0.07990010848,0.0,0.09007904,,0.0,0.0,0.0,1000
ks22,rvq,ks22_rvq_s4,,8,32,1.84,0.3,future,persistence,reference,0.1702493856,0.16187203488,0.17871681536,0.0,0.18015808,,0.006,0.0,0.0,1000
ks22,rvq,ks22_rvq_s4,,8,32,1.84,0.3,from_t0,persistence,reference,0.1702493856,0.16187203488,0.17871681536,0.0,0.18015808,,0.006,0.0,0.0,1000
ks22,rvq,ks22_rvq_s4,,8,32,1.84,0.5,future,persistence,reference,0.2571756592,0.24600585824,0.26834546016,0.0,0.18015808,,0.009,0.0,0.0,1000
ks22,rvq,ks22_rvq_s4,,8,32,1.84,0.5,from_t0,persistence,reference,0.2571756592,0.24600585824,0.26834546016,0.0,0.18015808,,0.009,0.0,0.0,1000
ks22,rvq,ks22_rvq_s4,,8,32,0.37,0.1,future,decode_and_integrate,reference,0.22622224908000002,0.20911927465600003,0.243649006249,0.0,0.14490976,,0.024,0.001,0.0,1000
ks22,rvq,ks22_rvq_s4,,8,32,0.37,0.1,from_t0,decode_and_integrate,reference,0.20126154292,0.184939722671,0.21784103083599998,0.0,0.14490976,,0.02,0.001,0.0,1000
ks22,rvq,ks22_rvq_s4,,8,32,0.37,0.3,future,decode_and_integrate,reference,0.78240402168,0.744092145351,0.820299735292,0.0,0.59775276,,0.225,0.016,0.0,1000
ks22,rvq,ks22_rvq_s4,,8,32,0.37,0.3,from_t0,decode_and_integrate,reference,0.78240402168,0.744092145351,0.820299735292,0.0,0.59775276,,0.225,0.016,0.0,1000
ks22,rvq,ks22_rvq_s4,,8,32,0.37,0.5,future,decode_and_integrate,reference,1.16835305372,1.1168543892309999,1.219527935464,0.0,0.88757228,,0.432,0.044,0.0,1000
ks22,rvq,ks22_rvq_s4,,8,32,0.37,0.5,from_t0,decode_and_integrate,reference,1.16835305372,1.1168543892309999,1.219527935464,0.0,0.88757228,,0.432,0.044,0.0,1000
ks22,rvq,ks22_rvq_s4,,8,32,0.92,0.1,future,decode_and_integrate,reference,0.24325844752,0.22605335088,0.26127425552,0.0,0.18015808,,0.024,0.001,0.0,1000
ks22,rvq,ks22_rvq_s4,,8,32,0.92,0.1,from_t0,decode_and_integrate,reference,0.21195598112,0.19542535129199998,0.22831095681999997,0.0,0.13511856,,0.02,0.001,0.0,1000
ks22,rvq,ks22_rvq_s4,,8,32,0.92,0.3,future,decode_and_integrate,reference,0.7963437531199999,0.75819527968,0.8344944785360001,0.0,0.58551376,,0.226,0.016,0.0,1000
ks22,rvq,ks22_rvq_s4,,8,32,0.92,0.3,from_t0,decode_and_integrate,reference,0.7963437531199999,0.75819527968,0.8344944785360001,0.0,0.58551376,,0.226,0.016,0.0,1000
ks22,rvq,ks22_rvq_s4,,8,32,0.92,0.5,future,decode_and_integrate,reference,1.1885929328,1.135708654404,1.2415605343079998,0.0,0.9007904,,0.435,0.045,0.0,1000
ks22,rvq,ks22_rvq_s4,,8,32,0.92,0.5,from_t0,decode_and_integrate,reference,1.1885929328,1.135708654404,1.2415605343079998,0.0,0.9007904,,0.435,0.045,0.0,1000
ks22,rvq,ks22_rvq_s4,,8,32,1.84,0.1,future,decode_and_integrate,reference,0.26987680383999996,0.252489297144,0.28726205856000003,0.0,0.18015808,,0.025,0.001,0.0,1000
ks22,rvq,ks22_rvq_s4,,8,32,1.84,0.1,from_t0,decode_and_integrate,reference,0.23042218431999997,0.213572899888,0.24717688575999996,0.0,0.18015808,,0.021,0.001,0.0,1000
ks22,rvq,ks22_rvq_s4,,8,32,1.84,0.3,future,decode_and_integrate,reference,0.8268355081600001,0.787286305648,0.864583129872,0.0,0.63055328,,0.23,0.016,0.0,1000
ks22,rvq,ks22_rvq_s4,,8,32,1.84,0.3,from_t0,decode_and_integrate,reference,0.8268355081600001,0.787286305648,0.864583129872,0.0,0.63055328,,0.23,0.016,0.0,1000
ks22,rvq,ks22_rvq_s4,,8,32,1.84,0.5,future,decode_and_integrate,reference,1.22606581344,1.173545229168,1.28156576196,0.0,0.9007904,,0.44,0.046,0.0,1000
ks22,rvq,ks22_rvq_s4,,8,32,1.84,0.5,from_t0,decode_and_integrate,reference,1.22606581344,1.173545229168,1.28156576196,0.0,0.9007904,,0.44,0.046,0.0,1000
ks22,whole,ks22_whole_b10,1,10,10,0.37,0.1,future,bound,bound,0.02035982128,0.019019406,0.022461465643,0.0,0.01811372,0.968,0.0,0.0,0.0,1000
ks22,whole,ks22_whole_b10,1,10,10,0.37,0.1,from_t0,bound,bound,0.0023728973199999997,0.0009962546,0.004546996562999998,0.0,0.0,0.968,0.0,0.0,0.0,1000
ks22,whole,ks22_whole_b10,1,10,10,0.37,0.3,future,bound,bound,0.46133833467999996,0.43327610681299994,0.4874270727529999,0.0,0.30793324,0.204,0.162,0.0,0.0,1000
ks22,whole,ks22_whole_b10,1,10,10,0.37,0.3,from_t0,bound,bound,0.4431521598,0.415577643844,0.46909372389799997,0.0,0.28981952,0.204,0.156,0.0,0.0,1000
ks22,whole,ks22_whole_b10,1,10,10,0.37,0.5,future,bound,bound,21.656771488600004,21.109957771325,22.164698451705,0.627,27.0,0.003,0.975,0.95,0.847,1000
ks22,whole,ks22_whole_b10,1,10,10,0.37,0.5,from_t0,bound,bound,21.62973526116,21.075189875691,22.142683003524997,0.626,27.0,0.003,0.974,0.949,0.846,1000
ks22,whole,ks22_whole_b10,1,10,10,0.92,0.1,future,bound,bound,0.04760677264,0.046165508,0.049768669599999996,0.0,0.04503952,0.968,0.0,0.0,0.0,1000
ks22,whole,ks22_whole_b10,1,10,10,0.92,0.1,from_t0,bound,bound,0.00283748976,0.0013511856,0.00513450528,0.0,0.0,0.968,0.0,0.0,0.0,1000
ks22,whole,ks22_whole_b10,1,10,10,0.92,0.3,future,bound,bound,0.5384925011199999,0.5085862598399999,0.5685822784439999,0.0,0.40535568,0.204,0.21,0.0,0.0,1000
ks22,whole,ks22_whole_b10,1,10,10,0.92,0.3,from_t0,bound,bound,0.49534464095999997,0.46552284878,0.52385465712,0.0,0.36031616,0.204,0.191,0.0,0.0,1000
ks22,whole,ks22_whole_b10,1,10,10,0.92,0.5,future,bound,bound,22.659389520799998,22.157590071296,23.143770422503998,0.6930000000000001,27.0,0.003,0.977,0.954,0.877,1000
ks22,whole,ks22_whole_b10,1,10,10,0.92,0.5,from_t0,bound,bound,22.6303627424,22.12689157152,23.099542180695998,0.692,27.0,0.003,0.975,0.953,0.876,1000
ks22,whole,ks22_whole_b10,1,10,10,1.84,0.1,future,bound,bound,0.09449291296,0.09260125312,0.09692504704,0.0,0.09007904,0.968,0.0,0.0,0.0,1000
ks22,whole,ks22_whole_b10,1,10,10,1.84,0.1,from_t0,bound,bound,0.0039634777599999995,0.002251976,0.00639561184,0.0,0.0,0.968,0.0,0.0,0.0,1000
ks22,whole,ks22_whole_b10,1,10,10,1.84,0.3,future,bound,bound,0.6692872672,0.6356855333039999,0.703249317256,0.0,0.54047424,0.204,0.272,0.001,0.0,1000
ks22,whole,ks22_whole_b10,1,10,10,1.84,0.3,from_t0,bound,bound,0.5832617840000001,0.550020366264,0.6148795270399999,0.0,0.4503952,0.204,0.233,0.001,0.0,1000
ks22,whole,ks22_whole_b10,1,10,10,1.84,0.5,future,bound,bound,24.03580374144,23.625166383287997,24.450096864648,0.782,27.0,0.003,0.983,0.972,0.92,1000
ks22,whole,ks22_whole_b10,1,10,10,1.84,0.5,from_t0,bound,bound,23.97982200256,23.56220632736,24.400861069128,0.78,27.0,0.003,0.98,0.97,0.918,1000
ks22,whole,ks22_whole_b10,1,10,10,0.37,0.1,future,persistence,reference,0.02035982128,0.019019406,0.022461465643,0.0,0.01811372,,0.0,0.0,0.0,1000
ks22,whole,ks22_whole_b10,1,10,10,0.37,0.1,from_t0,persistence,reference,0.0023728973199999997,0.0009962546,0.004546996562999998,0.0,0.0,,0.0,0.0,0.0,1000
ks22,whole,ks22_whole_b10,1,10,10,0.37,0.3,future,persistence,reference,0.11406209484000002,0.10598201719099999,0.12230474312599998,0.0,0.07245488,,0.005,0.0,0.0,1000
ks22,whole,ks22_whole_b10,1,10,10,0.37,0.3,from_t0,persistence,reference,0.10692528916,0.09882664494800003,0.11542107668299999,0.0,0.07245488,,0.005,0.0,0.0,1000
ks22,whole,ks22_whole_b10,1,10,10,0.37,0.5,future,persistence,reference,0.21522722103999997,0.203921995545,0.226621656606,0.0,0.16302348,,0.009,0.0,0.0,1000
ks22,whole,ks22_whole_b10,1,10,10,0.37,0.5,from_t0,persistence,reference,0.21504608383999999,0.20376033059399998,0.22642195284299996,0.0,0.16302348,,0.009,0.0,0.0,1000
ks22,whole,ks22_whole_b10,1,10,10,0.92,0.1,future,persistence,reference,0.0475166936,0.04612046848,0.04967971654799999,0.0,0.04503952,,0.0,0.0,0.0,1000
ks22,whole,ks22_whole_b10,1,10,10,0.92,0.1,from_t0,persistence,reference,0.00283748976,0.0013511856,0.00513450528,0.0,0.0,,0.0,0.0,0.0,1000
ks22,whole,ks22_whole_b10,1,10,10,0.92,0.3,future,persistence,reference,0.1308398056,0.12291285008,0.13899421069599996,0.0,0.09007904,,0.005,0.0,0.0,1000
ks22,whole,ks22_whole_b10,1,10,10,0.92,0.3,from_t0,persistence,reference,0.11800354239999998,0.10976131024,0.1265610512,0.0,0.09007904,,0.005,0.0,0.0,1000
ks22,whole,ks22_whole_b10,1,10,10,0.92,0.5,future,persistence,reference,0.22848548496,0.217179439452,0.24006064159999999,0.0,0.18015808,,0.009,0.0,0.0,1000
ks22,whole,ks22_whole_b10,1,10,10,0.92,0.5,from_t0,persistence,reference,0.22821524784,0.21691032832,0.239837695976,0.0,0.18015808,,0.009,0.0,0.0,1000
ks22,whole,ks22_whole_b10,1,10,10,1.84,0.1,future,persistence,reference,0.0932318064,0.09152030464000001,0.09557386144,0.0,0.09007904,,0.0,0.0,0.0,1000
ks22,whole,ks22_whole_b10,1,10,10,1.84,0.1,from_t0,persistence,reference,0.0039634777599999995,0.002251976,0.00639561184,0.0,0.0,,0.0,0.0,0.0,1000
ks22,whole,ks22_whole_b10,1,10,10,1.84,0.3,future,persistence,reference,0.15790855712000001,0.15016175967999998,0.166017922696,0.0,0.09007904,,0.005,0.0,0.0,1000
ks22,whole,ks22_whole_b10,1,10,10,1.84,0.3,from_t0,persistence,reference,0.13701021984,0.12854279008,0.14583796576,0.0,0.09007904,,0.005,0.0,0.0,1000
ks22,whole,ks22_whole_b10,1,10,10,1.84,0.5,future,persistence,reference,0.25032965215999997,0.23888961408,0.26203992736,0.0,0.18015808,,0.009,0.0,0.0,1000
ks22,whole,ks22_whole_b10,1,10,10,1.84,0.5,from_t0,persistence,reference,0.249969336,0.23852929792,0.26167961119999994,0.0,0.18015808,,0.009,0.0,0.0,1000
ks22,whole,ks22_whole_b10,1,10,10,0.37,0.1,future,decode_and_integrate,reference,0.02224364816,0.020449937037,0.024218496483,0.0,0.01811372,,0.0,0.0,0.0,1000
ks22,whole,ks22_whole_b10,1,10,10,0.37,0.1,from_t0,decode_and_integrate,reference,0.0044559751199999996,0.0025540345200000003,0.006593846922999997,0.0,0.0,,0.0,0.0,0.0,1000
ks22,whole,ks22_whole_b10,1,10,10,0.37,0.3,future,decode_and_integrate,reference,0.2188137376,0.20359006162600002,0.23475426404299998,0.0,0.14490976,,0.022,0.001,0.0,1000
ks22,whole,ks22_whole_b10,1,10,10,0.37,0.3,from_t0,decode_and_integrate,reference,0.21140522612,0.196189248477,0.227636024926,0.0,0.12679604,,0.022,0.001,0.0,1000
ks22,whole,ks22_whole_b10,1,10,10,0.37,0.5,future,decode_and_integrate,reference,0.48233213616,0.4559395404340001,0.5081740747979999,0.0,0.3622744,,0.101,0.003,0.0,1000
ks22,whole,ks22_whole_b10,1,10,10,0.37,0.5,from_t0,decode_and_integrate,reference,0.48202420292,0.455666023262,0.507748402378,0.0,0.3622744,,0.101,0.003,0.0,1000
ks22,whole,ks22_whole_b10,1,10,10,0.92,0.1,future,decode_and_integrate,reference,0.0502190648,0.04823732592,0.052426001279999995,0.0,0.04503952,,0.0,0.0,0.0,1000
ks22,whole,ks22_whole_b10,1,10,10,0.92,0.1,from_t0,decode_and_integrate,reference,0.00490930768,0.0029275688,0.0072063232,0.0,0.0,,0.0,0.0,0.0,1000
ks22,whole,ks22_whole_b10,1,10,10,0.92,0.3,future,decode_and_integrate,reference,0.23956520687999996,0.22429568361199997,0.25533129085600004,0.0,0.13511856,,0.024,0.001,0.0,1000
ks22,whole,ks22_whole_b10,1,10,10,0.92,0.3,from_t0,decode_and_integrate,reference,0.2220448336,0.20700163392,0.23821627325599998,0.0,0.13511856,,0.023,0.001,0.0,1000
ks22,whole,ks22_whole_b10,1,10,10,0.92,0.5,future,decode_and_integrate,reference,0.5006142648,0.474482335296,0.52678222592,0.0,0.36031616,,0.103,0.003,0.0,1000
ks22,whole,ks22_whole_b10,1,10,10,0.92,0.5,from_t0,decode_and_integrate,reference,0.50007379056,0.47385515998000005,0.5262428776679999,0.0,0.36031616,,0.103,0.003,0.0,1000
ks22,whole,ks22_whole_b10,1,10,10,1.84,0.1,future,decode_and_integrate,reference,0.09566394047999999,0.09368220159999999,0.09773575840000001,0.0,0.09007904,,0.0,0.0,0.0,1000
ks22,whole,ks22_whole_b10,1,10,10,1.84,0.1,from_t0,decode_and_integrate,reference,0.0058551376,0.003690988664000004,0.00837735072,0.0,0.0,,0.0,0.0,0.0,1000
ks22,whole,ks22_whole_b10,1,10,10,1.84,0.3,future,decode_and_integrate,reference,0.27347996544000003,0.25825660768,0.289520790488,0.0,0.18015808,,0.027,0.001,0.0,1000
ks22,whole,ks22_whole_b10,1,10,10,1.84,0.3,from_t0,decode_and_integrate,reference,0.24510506784,0.22961147295999998,0.261413878032,0.0,0.18015808,,0.025,0.001,0.0,1000
ks22,whole,ks22_whole_b10,1,10,10,1.84,0.5,future,decode_and_integrate,reference,0.5265119888,0.49993642002399996,0.552639414352,0.0,0.36031616,,0.106,0.003,0.0,1000
ks22,whole,ks22_whole_b10,1,10,10,1.84,0.5,from_t0,decode_and_integrate,reference,0.52588143552,0.49912796064000003,0.55209443616,0.0,0.36031616,,0.106,0.003,0.0,1000
ks22,whole,ks22_whole_b11,1,11,11,0.37,0.1,future,bound,bound,0.02139230332,0.0200156606,0.023167447879999997,0.0,0.01811372,0.942,0.0,0.0,0.0,1000
ks22,whole,ks22_whole_b11,1,11,11,0.37,0.1,from_t0,bound,bound,0.0034959479599999998,0.00211930524,0.005271545362999997,0.0,0.0,0.942,0.0,0.0,0.0,1000
ks22,whole,ks22_whole_b11,1,11,11,0.37,0.3,future,bound,bound,0.6962732830799999,0.659966595555,0.729460335178,0.0,0.61586648,0.09,0.293,0.001,0.0,1000
ks22,whole,ks22_whole_b11,1,11,11,0.37,0.3,from_t0,bound,bound,0.67776106124,0.6395950003570001,0.710513384058,0.0,0.5886959,0.09,0.284,0.001,0.0,1000
ks22,whole,ks22_whole_b11,1,11,11,0.37,0.5,future,bound,bound,26.81579869028,26.694349272367,26.912820381798,0.986,27.0,0.0,1.0,0.999,0.994,1000
ks22,whole,ks22_whole_b11,1,11,11,0.37,0.5,from_t0,bound,bound,26.81579869028,26.694349272367,26.912820381798,0.986,27.0,0.0,1.0,0.999,0.994,1000
ks22,whole,ks22_whole_b11,1,11,11,0.92,0.1,future,bound,bound,0.049543472,0.04810220736,0.051254973759999996,0.0,0.04503952,0.942,0.0,0.0,0.0,1000
ks22,whole,ks22_whole_b11,1,11,11,0.92,0.1,from_t0,bound,bound,0.00441387296,0.00297260832,0.0063055328,0.0,0.0,0.942,0.0,0.0,0.0,1000
ks22,whole,ks22_whole_b11,1,11,11,0.92,0.3,future,bound,bound,0.9346601190399999,0.882681134996,0.985162932816,0.0,0.76567184,0.09,0.397,0.029,0.0,1000
ks22,whole,ks22_whole_b11,1,11,11,0.92,0.3,from_t0,bound,bound,0.88372042192,0.833437175804,0.9346702529319999,0.0,0.72063232,0.09,0.373,0.027,0.0,1000
ks22,whole,ks22_whole_b11,1,11,11,0.92,0.5,future,bound,bound,26.88498098832,26.797451049476,26.954132603999998,0.99,27.0,0.0,1.0,1.0,0.997,1000
ks22,whole,ks22_whole_b11,1,11,11,0.92,0.5,from_t0,bound,bound,26.88498098832,26.797451049476,26.954132603999998,0.99,27.0,0.0,1.0,1.0,0.997,1000
ks22,whole,ks22_whole_b11,1,11,11,1.84,0.1,future,bound,bound,0.09746552128000001,0.0954837824,0.09962741824,0.0,0.09007904,0.942,0.0,0.0,0.0,1000
ks22,whole,ks22_whole_b11,1,11,11,1.84,0.1,from_t0,bound,bound,0.0072063232,0.00522458432,0.009458299199999999,0.0,0.0,0.942,0.0,0.0,0.0,1000
ks22,whole,ks22_whole_b11,1,11,11,1.84,0.3,future,bound,bound,1.36730974816,1.289564780712,1.4451447946479998,0.0,1.08094848,0.09,0.516,0.105,0.0,1000
ks22,whole,ks22_whole_b11,1,11,11,1.84,0.3,from_t0,bound,bound,1.25858434688,1.183899814816,1.335784336136,0.0,0.99086944,0.09,0.481,0.09,0.0,1000
ks22,whole,ks22_whole_b11,1,11,11,1.84,0.5,future,bound,bound,26.95615998848,26.911972586496002,26.991466203199998,0.995,27.0,0.0,1.0,1.0,1.0,1000
ks22,whole,ks22_whole_b11,1,11,11,1.84,0.5,from_t0,bound,bound,26.95615998848,26.911972586496002,26.991466203199998,0.995,27.0,0.0,1.0,1.0,1.0,1000
ks22,whole,ks22_whole_b11,1,11,11,0.37,0.1,future,persistence,reference,0.02139230332,0.0200156606,0.023167447879999997,0.0,0.01811372,,0.0,0.0,0.0,1000
ks22,whole,ks22_whole_b11,1,11,11,0.37,0.1,from_t0,persistence,reference,0.0034959479599999998,0.00211930524,0.005271545362999997,0.0,0.0,,0.0,0.0,0.0,1000
ks22,whole,ks22_whole_b11,1,11,11,0.37,0.3,future,persistence,reference,0.12420577803999998,0.11580101196,0.133607704406,0.0,0.0905686,,0.006,0.0,0.0,1000
ks22,whole,ks22_whole_b11,1,11,11,0.37,0.3,from_t0,persistence,reference,0.12094530844,0.11223215627699999,0.130364895683,0.0,0.0905686,,0.006,0.0,0.0,1000
ks22,whole,ks22_whole_b11,1,11,11,0.37,0.5,future,persistence,reference,0.21700236559999997,0.20575283979399997,0.22843257576299997,0.0,0.16302348,,0.01,0.0,0.0,1000
ks22,whole,ks22_whole_b11,1,11,11,0.37,0.5,from_t0,persistence,reference,0.21700236559999997,0.20575283979399997,0.22843257576299997,0.0,0.16302348,,0.01,0.0,0.0,1000
ks22,whole,ks22_whole_b11,1,11,11,0.92,0.1,future,persistence,reference,0.04900299776,0.047650686172,0.05067058598799999,0.0,0.04503952,,0.0,0.0,0.0,1000
ks22,whole,ks22_whole_b11,1,11,11,0.92,0.1,from_t0,persistence,reference,0.00441387296,0.00297260832,0.0063055328,0.0,0.0,,0.0,0.0,0.0,1000
ks22,whole,ks22_whole_b11,1,11,11,0.92,0.3,future,persistence,reference,0.13876676112000003,0.13043444992,0.14786587014799998,0.0,0.09007904,,0.005,0.0,0.0,1000
ks22,whole,ks22_whole_b11,1,11,11,0.92,0.3,from_t0,persistence,reference,0.13336201871999998,0.12462435184000001,0.14291152294800002,0.0,0.09007904,,0.005,0.0,0.0,1000
ks22,whole,ks22_whole_b11,1,11,11,0.92,0.5,future,persistence,reference,0.23019698672,0.21889094121199998,0.24168431629599998,0.0,0.18015808,,0.01,0.0,0.0,1000
ks22,whole,ks22_whole_b11,1,11,11,0.92,0.5,from_t0,persistence,reference,0.23019698672,0.21889094121199998,0.24168431629599998,0.0,0.18015808,,0.01,0.0,0.0,1000
ks22,whole,ks22_whole_b11,1,11,11,1.84,0.1,future,persistence,reference,0.09377228064000001,0.09224093696,0.09566394047999999,0.0,0.09007904,,0.0,0.0,0.0,1000
ks22,whole,ks22_whole_b11,1,11,11,1.84,0.1,from_t0,persistence,reference,0.00648569088,0.00468411008,0.00864758784,0.0,0.0,,0.0,0.0,0.0,1000
ks22,whole,ks22_whole_b11,1,11,11,1.84,0.3,future,persistence,reference,0.1634934576,0.15529626496,0.17259594459199998,0.0,0.09007904,,0.005,0.0,0.0,1000
ks22,whole,ks22_whole_b11,1,11,11,1.84,0.3,from_t0,persistence,reference,0.15466571168,0.14574788672,0.16403393184,0.0,0.09007904,,0.005,0.0,0.0,1000
ks22,whole,ks22_whole_b11,1,11,11,1.84,0.5,future,persistence,reference,0.25222131200000003,0.24087135296000003,0.263843760136,0.0,0.18015808,,0.01,0.0,0.0,1000
ks22,whole,ks22_whole_b11,1,11,11,1.84,0.5,from_t0,persistence,reference,0.25222131200000003,0.24087135296000003,0.263843760136,0.0,0.18015808,,0.01,0.0,0.0,1000
ks22,whole,ks22_whole_b11,1,11,11,0.37,0.1,future,decode_and_integrate,reference,0.02528675312,0.022750379477000003,0.028329858080000003,0.0,0.01811372,,0.0,0.0,0.0,1000
ks22,whole,ks22_whole_b11,1,11,11,0.37,0.1,from_t0,decode_and_integrate,reference,0.0079700368,0.005288753397000001,0.01115805152,0.0,0.0,,0.0,0.0,0.0,1000
ks22,whole,ks22_whole_b11,1,11,11,0.37,0.3,future,decode_and_integrate,reference,0.30316933164,0.28251652093900004,0.323440848535,0.0,0.19925092,,0.046,0.001,0.0,1000
ks22,whole,ks22_whole_b11,1,11,11,0.37,0.3,from_t0,decode_and_integrate,reference,0.29943790532000003,0.278998383672,0.31943635788599994,0.0,0.19925092,,0.046,0.001,0.0,1000
ks22,whole,ks22_whole_b11,1,11,11,0.37,0.5,future,decode_and_integrate,reference,0.6088926978000001,0.5756712296340001,0.6410862123559999,0.0,0.47095672,,0.166,0.005,0.0,1000
ks22,whole,ks22_whole_b11,1,11,11,0.37,0.5,from_t0,decode_and_integrate,reference,0.6088926978000001,0.5756712296340001,0.6410862123559999,0.0,0.47095672,,0.166,0.005,0.0,1000
ks22,whole,ks22_whole_b11,1,11,11,0.92,0.1,future,decode_and_integrate,reference,0.053101594079999995,0.05030914384000001,0.056389479039999996,0.0,0.04503952,,0.0,0.0,0.0,1000
ks22,whole,ks22_whole_b11,1,11,11,0.92,0.1,from_t0,decode_and_integrate,reference,0.0087827064,0.005899051132000003,0.012161796387999994,0.0,0.0,,0.0,0.0,0.0,1000
ks22,whole,ks22_whole_b11,1,11,11,0.92,0.3,future,decode_and_integrate,reference,0.31928515728,0.298113204916,0.339599106788,0.0,0.2251976,,0.046,0.001,0.0,1000
ks22,whole,ks22_whole_b11,1,11,11,0.92,0.3,from_t0,decode_and_integrate,reference,0.31248418976000003,0.291717593076,0.33248286262800003,0.0,0.2251976,,0.046,0.001,0.0,1000
ks22,whole,ks22_whole_b11,1,11,11,0.92,0.5,future,decode_and_integrate,reference,0.62812114592,0.594790775132,0.6615404697599999,0.0,0.49543472,,0.168,0.006,0.0,1000
ks22,whole,ks22_whole_b11,1,11,11,0.92,0.5,from_t0,decode_and_integrate,reference,0.62812114592,0.594790775132,0.6615404697599999,0.0,0.49543472,,0.168,0.006,0.0,1000
ks22,whole,ks22_whole_b11,1,11,11,1.84,0.1,future,decode_and_integrate,reference,0.10187939424,0.09827623264,0.105842872,0.0,0.09007904,,0.0,0.0,0.0,1000
ks22,whole,ks22_whole_b11,1,11,11,1.84,0.1,from_t0,decode_and_integrate,reference,0.010359089600000001,0.00711624416,0.013964503175999989,0.0,0.0,,0.0,0.0,0.0,1000
ks22,whole,ks22_whole_b11,1,11,11,1.84,0.3,future,decode_and_integrate,reference,0.35437094336,0.33320236896,0.37445856928,0.0,0.27023712,,0.051,0.001,0.0,1000
ks22,whole,ks22_whole_b11,1,11,11,1.84,0.3,from_t0,decode_and_integrate,reference,0.34121940352,0.319508102904,0.3608566342400001,0.0,0.27023712,,0.05,0.001,0.0,1000
ks22,whole,ks22_whole_b11,1,11,11,1.84,0.5,future,decode_and_integrate,reference,0.6617206278399999,0.626405140208,0.6971239425360001,0.0,0.54047424,,0.175,0.007,0.0,1000
ks22,whole,ks22_whole_b11,1,11,11,1.84,0.5,from_t0,decode_and_integrate,reference,0.6617206278399999,0.626405140208,0.6971239425360001,0.0,0.54047424,,0.175,0.007,0.0,1000
ks22,whole,ks22_whole_b12,1,12,12,0.37,0.1,future,bound,bound,0.025630913800000002,0.0230044244,0.028692132480000004,0.0,0.01811372,0.878,0.001,0.0,0.0,1000
ks22,whole,ks22_whole_b12,1,12,12,0.37,0.1,from_t0,bound,bound,0.008133060279999998,0.005506118037,0.011249072962999998,0.0,0.0,0.878,0.001,0.0,0.0,1000
ks22,whole,ks22_whole_b12,1,12,12,0.37,0.3,future,bound,bound,2.9698530763199997,2.8049724871769994,3.143195942604,0.0,2.1827032600000003,0.016,0.733,0.377,0.025,1000
ks22,whole,ks22_whole_b12,1,12,12,0.37,0.3,from_t0,bound,bound,2.9555432375199997,2.789086754737,3.1306721165959996,0.0,2.1736464,0.016,0.728,0.375,0.025,1000
ks22,whole,ks22_whole_b12,1,12,12,0.37,0.5,future,bound,bound,27.0,27.0,27.0,1.0,27.0,0.0,1.0,1.0,1.0,1000
ks22,whole,ks22_whole_b12,1,12,12,0.37,0.5,from_t0,bound,bound,27.0,27.0,27.0,1.0,27.0,0.0,1.0,1.0,1.0,1000
ks22,whole,ks22_whole_b12,1,12,12,0.92,0.1,future,bound,bound,0.05436270064,0.051614163931999996,0.05751546704,0.0,0.04503952,0.878,0.001,0.0,0.0,1000
ks22,whole,ks22_whole_b12,1,12,12,0.92,0.1,from_t0,bound,bound,0.0108094848,0.00797199504,0.014097369759999999,0.0,0.0,0.878,0.001,0.0,0.0,1000
ks22,whole,ks22_whole_b12,1,12,12,0.92,0.3,future,bound,bound,4.6841503505599995,4.391265187459999,4.968637934996,0.0040000000000000036,3.28788496,0.016,0.815,0.541,0.116,1000
ks22,whole,ks22_whole_b12,1,12,12,0.92,0.3,from_t0,bound,bound,4.64604691664,4.359172731139999,4.933804549064,0.0040000000000000036,3.24284544,0.016,0.806,0.536,0.115,1000
ks22,whole,ks22_whole_b12,1,12,12,0.92,0.5,future,bound,bound,27.0,27.0,27.0,1.0,27.0,0.0,1.0,1.0,1.0,1000
ks22,whole,ks22_whole_b12,1,12,12,0.92,0.5,from_t0,bound,bound,27.0,27.0,27.0,1.0,27.0,0.0,1.0,1.0,1.0,1000
ks22,whole,ks22_whole_b12,1,12,12,1.84,0.1,future,bound,bound,0.10638334624000001,0.10278018464000001,0.11016666591999999,0.0,0.09007904,0.878,0.001,0.0,0.0,1000
ks22,whole,ks22_whole_b12,1,12,12,1.84,0.1,from_t0,bound,bound,0.01720509664,0.013599683064000005,0.021260905415999988,0.0,0.0,0.878,0.001,0.0,0.0,1000
ks22,whole,ks22_whole_b12,1,12,12,1.84,0.3,future,bound,bound,7.1992588832,6.75887084216,7.5973323284,0.03200000000000003,4.9543472,0.016,0.874,0.671,0.256,1000
ks22,whole,ks22_whole_b12,1,12,12,1.84,0.3,from_t0,bound,bound,7.136113476159999,6.704548677088001,7.536043867688,0.03200000000000003,4.9543472,0.016,0.864,0.662,0.255,1000
ks22,whole,ks22_whole_b12,1,12,12,1.84,0.5,future,bound,bound,27.0,27.0,27.0,1.0,27.0,0.0,1.0,1.0,1.0,1000
ks22,whole,ks22_whole_b12,1,12,12,1.84,0.5,from_t0,bound,bound,27.0,27.0,27.0,1.0,27.0,0.0,1.0,1.0,1.0,1000
ks22,whole,ks22_whole_b12,1,12,12,0.37,0.1,future,persistence,reference,0.0254497766,0.022877175517,0.028529109,0.0,0.01811372,,0.001,0.0,0.0,1000
ks22,whole,ks22_whole_b12,1,12,12,0.37,0.1,from_t0,persistence,reference,0.0080606054,0.005469890597000001,0.011141296328999994,0.0,0.0,,0.001,0.0,0.0,1000
ks22,whole,ks22_whole_b12,1,12,12,0.37,0.3,future,persistence,reference,0.12657867536,0.11853618367999999,0.13516639001199998,0.0,0.0905686,,0.004,0.0,0.0,1000
ks22,whole,ks22_whole_b12,1,12,12,0.37,0.3,from_t0,persistence,reference,0.12612583236,0.11806477411699999,0.134730302203,0.0,0.0905686,,0.004,0.0,0.0,1000
ks22,whole,ks22_whole_b12,1,12,12,0.37,0.5,future,persistence,reference,0.21662197748,0.20591359905900003,0.227926297289,0.0,0.16302348,,0.009,0.0,0.0,1000
ks22,whole,ks22_whole_b12,1,12,12,0.37,0.5,from_t0,persistence,reference,0.21662197748,0.20591359905900003,0.227926297289,0.0,0.16302348,,0.009,0.0,0.0,1000
ks22,whole,ks22_whole_b12,1,12,12,0.92,0.1,future,persistence,reference,0.051705368960000005,0.04918315584,0.054724142787999995,0.0,0.04503952,,0.001,0.0,0.0,1000
ks22,whole,ks22_whole_b12,1,12,12,0.92,0.1,from_t0,persistence,reference,0.01026901056,0.00747656032,0.013511855999999997,0.0,0.0,,0.001,0.0,0.0,1000
ks22,whole,ks22_whole_b12,1,12,12,0.92,0.3,future,persistence,reference,0.13930723536,0.13115508224000003,0.148046028228,0.0,0.09007904,,0.005,0.0,0.0,1000
ks22,whole,ks22_whole_b12,1,12,12,0.92,0.3,from_t0,persistence,reference,0.138496524,0.130298205372,0.147190277348,0.0,0.09007904,,0.005,0.0,0.0,1000
ks22,whole,ks22_whole_b12,1,12,12,0.92,0.5,future,persistence,reference,0.23051226336,0.21961269952,0.24177214336,0.0,0.18015808,,0.009,0.0,0.0,1000
ks22,whole,ks22_whole_b12,1,12,12,0.92,0.5,from_t0,persistence,reference,0.23051226336,0.21961269952,0.24177214336,0.0,0.18015808,,0.009,0.0,0.0,1000
ks22,whole,ks22_whole_b12,1,12,12,1.84,0.1,future,persistence,reference,0.09467307104000001,0.09233101599999999,0.09764567936,0.0,0.09007904,,0.001,0.0,0.0,1000
ks22,whole,ks22_whole_b12,1,12,12,1.84,0.1,from_t0,persistence,reference,0.01450272544,0.011347707064000003,0.018286045119999997,0.0,0.0,,0.001,0.0,0.0,1000
ks22,whole,ks22_whole_b12,1,12,12,1.84,0.3,future,persistence,reference,0.1634934576,0.155113854904,0.17214104544,0.0,0.09007904,,0.005,0.0,0.0,1000
ks22,whole,ks22_whole_b12,1,12,12,1.84,0.3,from_t0,persistence,reference,0.16205219296,0.15358251122400002,0.17078985984,0.0,0.09007904,,0.005,0.0,0.0,1000
ks22,whole,ks22_whole_b12,1,12,12,1.84,0.5,future,persistence,reference,0.25258162815999996,0.24168206432,0.264023918216,0.0,0.18015808,,0.009,0.0,0.0,1000
ks22,whole,ks22_whole_b12,1,12,12,1.84,0.5,from_t0,persistence,reference,0.25258162815999996,0.24168206432,0.264023918216,0.0,0.18015808,,0.009,0.0,0.0,1000
ks22,whole,ks22_whole_b12,1,12,12,0.37,0.1,future,decode_and_integrate,reference,0.041009462079999996,0.034216364237,0.04934313180899999,0.0,0.01811372,,0.003,0.0,0.0,1000
ks22,whole,ks22_whole_b12,1,12,12,0.37,0.1,from_t0,decode_and_integrate,reference,0.02208062468,0.01528797968,0.03019783545499999,0.0,0.0,,0.003,0.0,0.0,1000
ks22,whole,ks22_whole_b12,1,12,12,0.37,0.3,future,decode_and_integrate,reference,0.408917229,0.380874926225,0.4366602025519999,0.0,0.25359208,,0.087,0.005,0.0,1000
ks22,whole,ks22_whole_b12,1,12,12,0.37,0.3,from_t0,decode_and_integrate,reference,0.40859118204,0.38042434744000003,0.4363386840219999,0.0,0.25359208,,0.087,0.005,0.0,1000
ks22,whole,ks22_whole_b12,1,12,12,0.37,0.5,future,decode_and_integrate,reference,0.70467804916,0.669461354736,0.741421277337,0.0,0.56152532,,0.205,0.014,0.0,1000
ks22,whole,ks22_whole_b12,1,12,12,0.37,0.5,from_t0,decode_and_integrate,reference,0.70467804916,0.669461354736,0.741421277337,0.0,0.56152532,,0.205,0.014,0.0,1000
ks22,whole,ks22_whole_b12,1,12,12,0.92,0.1,future,decode_and_integrate,reference,0.06891046560000001,0.062333569692,0.07710878422799998,0.0,0.04503952,,0.003,0.0,0.0,1000
ks22,whole,ks22_whole_b12,1,12,12,0.92,0.1,from_t0,decode_and_integrate,reference,0.02396102464,0.01702493856,0.03224829632,0.0,0.0,,0.003,0.0,0.0,1000
ks22,whole,ks22_whole_b12,1,12,12,0.92,0.3,future,decode_and_integrate,reference,0.42521810832,0.397022242812,0.45318765023999996,0.0,0.27023712,,0.089,0.005,0.0,1000
ks22,whole,ks22_whole_b12,1,12,12,0.92,0.3,from_t0,decode_and_integrate,reference,0.42436235744,0.396211531452,0.4524219784,0.0,0.27023712,,0.089,0.005,0.0,1000
ks22,whole,ks22_whole_b12,1,12,12,0.92,0.5,future,decode_and_integrate,reference,0.7203170433599999,0.6843755064,0.757523064844,0.0,0.58551376,,0.211,0.014,0.0,1000
ks22,whole,ks22_whole_b12,1,12,12,0.92,0.5,from_t0,decode_and_integrate,reference,0.7203170433599999,0.6843755064,0.757523064844,0.0,0.58551376,,0.211,0.014,0.0,1000
ks22,whole,ks22_whole_b12,1,12,12,1.84,0.1,future,decode_and_integrate,reference,0.114850776,0.108094848,0.12322812672,0.0,0.09007904,,0.003,0.0,0.0,1000
ks22,whole,ks22_whole_b12,1,12,12,1.84,0.1,from_t0,decode_and_integrate,reference,0.02729394912,0.01999754688,0.03585145792,0.0,0.0,,0.003,0.0,0.0,1000
ks22,whole,ks22_whole_b12,1,12,12,1.84,0.3,future,decode_and_integrate,reference,0.45057535808,0.422288287544,0.478862428616,0.0,0.27023712,,0.092,0.005,0.0,1000
ks22,whole,ks22_whole_b12,1,12,12,1.84,0.3,from_t0,decode_and_integrate,reference,0.44904401439999997,0.42084477092800004,0.477331084936,0.0,0.27023712,,0.092,0.005,0.0,1000
ks22,whole,ks22_whole_b12,1,12,12,1.84,0.5,future,decode_and_integrate,reference,0.7490072176,0.712966593696,0.786759343264,0.0,0.63055328,,0.216,0.015,0.0,1000
ks22,whole,ks22_whole_b12,1,12,12,1.84,0.5,from_t0,decode_and_integrate,reference,0.7490072176,0.712966593696,0.786759343264,0.0,0.63055328,,0.216,0.015,0.0,1000
ks22,whole,ks22_whole_b13,1,13,13,0.37,0.1,future,bound,bound,0.03557534608,0.031246167,0.04046605048,0.0,0.01811372,0.769,0.001,0.0,0.0,1000
ks22,whole,ks22_whole_b13,1,13,13,0.37,0.1,from_t0,bound,bound,0.01871147276,0.014308027428000003,0.023639763128999996,0.0,0.0,0.769,0.001,0.0,0.0,1000
ks22,whole,ks22_whole_b13,1,13,13,0.37,0.3,future,bound,bound,13.0173054394,12.471435402575999,13.564262290191,0.18600000000000005,11.0493692,0.0,0.934,0.841,0.54,1000
ks22,whole,ks22_whole_b13,1,13,13,0.37,0.3,from_t0,bound,bound,13.0173054394,12.471435402575999,13.564262290191,0.18600000000000005,11.0493692,0.0,0.934,0.841,0.54,1000
ks22,whole,ks22_whole_b13,1,13,13,0.37,0.5,future,bound,bound,27.0,27.0,27.0,1.0,27.0,0.0,1.0,1.0,1.0,1000
ks22,whole,ks22_whole_b13,1,13,13,0.37,0.5,from_t0,bound,bound,27.0,27.0,27.0,1.0,27.0,0.0,1.0,1.0,1.0,1000
ks22,whole,ks22_whole_b13,1,13,13,0.92,0.1,future,bound,bound,0.07107236256,0.066252007932,0.07625190736,0.0,0.04503952,0.769,0.001,0.0,0.0,1000
ks22,whole,ks22_whole_b13,1,13,13,0.92,0.1,from_t0,bound,bound,0.027023712,0.022113278332,0.03260861248,0.0,0.0,0.769,0.001,0.0,0.0,1000
ks22,whole,ks22_whole_b13,1,13,13,0.92,0.3,future,bound,bound,16.37742670256,15.815450850908002,16.98171909386,0.34099999999999997,16.822260720000003,0.0,0.954,0.887,0.669,1000
ks22,whole,ks22_whole_b13,1,13,13,0.92,0.3,from_t0,bound,bound,16.37742670256,15.815450850908002,16.98171909386,0.34099999999999997,16.822260720000003,0.0,0.954,0.887,0.669,1000
ks22,whole,ks22_whole_b13,1,13,13,0.92,0.5,future,bound,bound,27.0,27.0,27.0,1.0,27.0,0.0,1.0,1.0,1.0,1000
ks22,whole,ks22_whole_b13,1,13,13,0.92,0.5,from_t0,bound,bound,27.0,27.0,27.0,1.0,27.0,0.0,1.0,1.0,1.0,1000
ks22,whole,ks22_whole_b13,1,13,13,1.84,0.1,future,bound,bound,0.13241618879999997,0.1256602608,0.139534684936,0.0,0.09007904,0.769,0.002,0.0,0.0,1000
ks22,whole,ks22_whole_b13,1,13,13,1.84,0.1,from_t0,bound,bound,0.04503951999999999,0.03810343392,0.05251608032,0.0,0.0,0.769,0.001,0.0,0.0,1000
ks22,whole,ks22_whole_b13,1,13,13,1.84,0.3,future,bound,bound,20.1530479328,19.588991977456,20.73773958212,0.546,27.0,0.0,0.969,0.933,0.799,1000
ks22,whole,ks22_whole_b13,1,13,13,1.84,0.3,from_t0,bound,bound,20.1530479328,19.588991977456,20.73773958212,0.546,27.0,0.0,0.969,0.933,0.799,1000
ks22,whole,ks22_whole_b13,1,13,13,1.84,0.5,future,bound,bound,27.0,27.0,27.0,1.0,27.0,0.0,1.0,1.0,1.0,1000
ks22,whole,ks22_whole_b13,1,13,13,1.84,0.5,from_t0,bound,bound,27.0,27.0,27.0,1.0,27.0,0.0,1.0,1.0,1.0,1000
ks22,whole,ks22_whole_b13,1,13,13,0.37,0.1,future,persistence,reference,0.029398567559999998,0.027097672277000003,0.031880600042999994,0.0,0.01811372,,0.0,0.0,0.0,1000
ks22,whole,ks22_whole_b13,1,13,13,0.37,0.1,from_t0,persistence,reference,0.0132230156,0.01072332224,0.015831844122999997,0.0,0.0,,0.0,0.0,0.0,1000
ks22,whole,ks22_whole_b13,1,13,13,0.37,0.3,future,persistence,reference,0.13154183464,0.12377104876,0.13947564399999998,0.0,0.10868232,,0.004,0.0,0.0,1000
ks22,whole,ks22_whole_b13,1,13,13,0.37,0.3,from_t0,persistence,reference,0.13154183464,0.12377104876,0.13947564399999998,0.0,0.10868232,,0.004,0.0,0.0,1000
ks22,whole,ks22_whole_b13,1,13,13,0.37,0.5,future,persistence,reference,0.218270326,0.208035168514,0.229014026175,0.0,0.1811372,,0.008,0.0,0.0,1000
ks22,whole,ks22_whole_b13,1,13,13,0.37,0.5,from_t0,persistence,reference,0.218270326,0.208035168514,0.229014026175,0.0,0.1811372,,0.008,0.0,0.0,1000
ks22,whole,ks22_whole_b13,1,13,13,0.92,0.1,future,persistence,reference,0.05440774016,0.0522458432,0.05679483472,0.0,0.04503952,,0.0,0.0,0.0,1000
ks22,whole,ks22_whole_b13,1,13,13,0.92,0.1,from_t0,persistence,reference,0.017160057120000002,0.01436760688,0.020042586399999996,0.0,0.0,,0.0,0.0,0.0,1000
ks22,whole,ks22_whole_b13,1,13,13,0.92,0.3,future,persistence,reference,0.14484709631999998,0.13710029888,0.15295533590799998,0.0,0.13511856,,0.004,0.0,0.0,1000
ks22,whole,ks22_whole_b13,1,13,13,0.92,0.3,from_t0,persistence,reference,0.14484709631999998,0.13710029888,0.15295533590799998,0.0,0.13511856,,0.004,0.0,0.0,1000
ks22,whole,ks22_whole_b13,1,13,13,0.92,0.5,future,persistence,reference,0.23208864656,0.221907463064,0.24285872177999995,0.0,0.18015808,,0.008,0.0,0.0,1000
ks22,whole,ks22_whole_b13,1,13,13,0.92,0.5,from_t0,persistence,reference,0.23208864656,0.221907463064,0.24285872177999995,0.0,0.18015808,,0.008,0.0,0.0,1000
ks22,whole,ks22_whole_b13,1,13,13,1.84,0.1,future,persistence,reference,0.09611433568,0.09377228064,0.09872662784,0.0,0.09007904,,0.0,0.0,0.0,1000
ks22,whole,ks22_whole_b13,1,13,13,1.84,0.1,from_t0,persistence,reference,0.025041973119999998,0.021796875704000004,0.02846497664,0.0,0.0,,0.0,0.0,0.0,1000
ks22,whole,ks22_whole_b13,1,13,13,1.84,0.3,future,persistence,reference,0.16718669824,0.15916966368000002,0.17556404895999997,0.0,0.18015808,,0.004,0.0,0.0,1000
ks22,whole,ks22_whole_b13,1,13,13,1.84,0.3,from_t0,persistence,reference,0.16718669824,0.15916966368000002,0.17556404895999997,0.0,0.18015808,,0.004,0.0,0.0,1000
ks22,whole,ks22_whole_b13,1,13,13,1.84,0.5,future,persistence,reference,0.25321218144,0.24294091890400002,0.26420182432,0.0,0.18015808,,0.008,0.0,0.0,1000
ks22,whole,ks22_whole_b13,1,13,13,1.84,0.5,from_t0,persistence,reference,0.25321218144,0.24294091890400002,0.26420182432,0.0,0.18015808,,0.008,0.0,0.0,1000
ks22,whole,ks22_whole_b13,1,13,13,0.37,0.1,future,decode_and_integrate,reference,0.05202260384,0.04598982939400001,0.058181268640000006,0.0,0.01811372,,0.001,0.0,0.0,1000
ks22,whole,ks22_whole_b13,1,13,13,0.37,0.1,from_t0,decode_and_integrate,reference,0.036662169280000004,0.030555581425000006,0.043039104406,0.0,0.0,,0.001,0.0,0.0,1000
ks22,whole,ks22_whole_b13,1,13,13,0.37,0.3,future,decode_and_integrate,reference,0.48008603487999996,0.452675900933,0.5088891138949999,0.0,0.32604696,,0.113,0.004,0.0,1000
ks22,whole,ks22_whole_b13,1,13,13,0.37,0.3,from_t0,decode_and_integrate,reference,0.48008603487999996,0.452675900933,0.5088891138949999,0.0,0.32604696,,0.113,0.004,0.0,1000
ks22,whole,ks22_whole_b13,1,13,13,0.37,0.5,future,decode_and_integrate,reference,0.7885989139199999,0.751282839348,0.8280533131380001,0.0,0.6339802,,0.266,0.009,0.0,1000
ks22,whole,ks22_whole_b13,1,13,13,0.37,0.5,from_t0,decode_and_integrate,reference,0.7885989139199999,0.751282839348,0.8280533131380001,0.0,0.6339802,,0.266,0.009,0.0,1000
ks22,whole,ks22_whole_b13,1,13,13,0.92,0.1,future,decode_and_integrate,reference,0.07940467375999999,0.07345833113200001,0.08566516704,0.0,0.04503952,,0.001,0.0,0.0,1000
ks22,whole,ks22_whole_b13,1,13,13,0.92,0.1,from_t0,decode_and_integrate,reference,0.03954469856,0.033238039772,0.04598534992,0.0,0.0,,0.001,0.0,0.0,1000
ks22,whole,ks22_whole_b13,1,13,13,0.92,0.3,future,decode_and_integrate,reference,0.49466904816,0.46682899486000007,0.523183568272,0.0,0.36031616,,0.115,0.004,0.0,1000
ks22,whole,ks22_whole_b13,1,13,13,0.92,0.3,from_t0,decode_and_integrate,reference,0.49466904816,0.46682899486000007,0.523183568272,0.0,0.36031616,,0.115,0.004,0.0,1000
ks22,whole,ks22_whole_b13,1,13,13,0.92,0.5,future,decode_and_integrate,reference,0.8058921313600002,0.7680927142,0.845619239976,0.0,0.63055328,,0.272,0.009,0.0,1000
ks22,whole,ks22_whole_b13,1,13,13,0.92,0.5,from_t0,decode_and_integrate,reference,0.8058921313600002,0.7680927142,0.845619239976,0.0,0.63055328,,0.272,0.009,0.0,1000
ks22,whole,ks22_whole_b13,1,13,13,1.84,0.1,future,decode_and_integrate,reference,0.12232733632000001,0.116650104824,0.128362632,0.0,0.09007904,,0.001,0.0,0.0,1000
ks22,whole,ks22_whole_b13,1,13,13,1.84,0.1,from_t0,decode_and_integrate,reference,0.0454899152,0.038643908160000004,0.052245843199999996,0.0,0.0,,0.001,0.0,0.0,1000
ks22,whole,ks22_whole_b13,1,13,13,1.84,0.3,future,decode_and_integrate,reference,0.52128740448,0.4940835344,0.5498514680639999,0.0,0.36031616,,0.117,0.004,0.0,1000
ks22,whole,ks22_whole_b13,1,13,13,1.84,0.3,from_t0,decode_and_integrate,reference,0.52128740448,0.4940835344,0.5498514680639999,0.0,0.36031616,,0.117,0.004,0.0,1000
ks22,whole,ks22_whole_b13,1,13,13,1.84,0.5,future,decode_and_integrate,reference,0.8395366528000001,0.8018836140799999,0.8801645518160001,0.0,0.72063232,,0.277,0.009,0.0,1000
ks22,whole,ks22_whole_b13,1,13,13,1.84,0.5,from_t0,decode_and_integrate,reference,0.8395366528000001,0.8018836140799999,0.8801645518160001,0.0,0.72063232,,0.277,0.009,0.0,1000
ks22,whole,ks22_whole_b14,1,14,14,0.37,0.1,future,bound,bound,0.08575035048000001,0.07544047389900001,0.09672726480000002,0.0,0.01811372,0.574,0.008,0.0,0.0,1000
ks22,whole,ks22_whole_b14,1,14,14,0.37,0.1,from_t0,bound,bound,0.0687415674,0.058778115714,0.079411907009,0.0,0.0,0.574,0.008,0.0,0.0,1000
ks22,whole,ks22_whole_b14,1,14,14,0.37,0.3,future,bound,bound,23.80968236488,23.378281728125,24.231531215397,0.775,27.0,0.0,0.985,0.968,0.911,1000
ks22,whole,ks22_whole_b14,1,14,14,0.37,0.3,from_t0,bound,bound,23.80968236488,23.378281728125,24.231531215397,0.775,27.0,0.0,0.985,0.968,0.911,1000
ks22,whole,ks22_whole_b14,1,14,14,0.37,0.5,future,bound,bound,27.0,27.0,27.0,1.0,27.0,0.0,1.0,1.0,1.0,1000
ks22,whole,ks22_whole_b14,1,14,14,0.37,0.5,from_t0,bound,bound,27.0,27.0,27.0,1.0,27.0,0.0,1.0,1.0,1.0,1000
ks22,whole,ks22_whole_b14,1,14,14,0.92,0.1,future,bound,bound,0.14106377664000003,0.12890310624,0.15394507935999996,0.0,0.04503952,0.574,0.008,0.0,0.0,1000
ks22,whole,ks22_whole_b14,1,14,14,0.92,0.1,from_t0,bound,bound,0.10075340624000001,0.08814234064,0.114131269668,0.0,0.0,0.574,0.008,0.0,0.0,1000
ks22,whole,ks22_whole_b14,1,14,14,0.92,0.3,future,bound,bound,25.26979107744,24.927996966680002,25.587815806836,0.881,27.0,0.0,0.99,0.981,0.957,1000
ks22,whole,ks22_whole_b14,1,14,14,0.92,0.3,from_t0,bound,bound,25.26979107744,24.927996966680002,25.587815806836,0.881,27.0,0.0,0.99,0.981,0.957,1000
ks22,whole,ks22_whole_b14,1,14,14,0.92,0.5,future,bound,bound,27.0,27.0,27.0,1.0,27.0,0.0,1.0,1.0,1.0,1000
ks22,whole,ks22_whole_b14,1,14,14,0.92,0.5,from_t0,bound,bound,27.0,27.0,27.0,1.0,27.0,0.0,1.0,1.0,1.0,1000
ks22,whole,ks22_whole_b14,1,14,14,1.84,0.1,future,bound,bound,0.22627854848,0.211503333944,0.2405110368,0.0,0.09007904,0.574,0.016,0.0,0.0,1000
ks22,whole,ks22_whole_b14,1,14,14,1.84,0.1,from_t0,bound,bound,0.14133401376000002,0.126648878264,0.15646954445599998,0.0,0.0,0.574,0.013,0.0,0.0,1000
ks22,whole,ks22_whole_b14,1,14,14,1.84,0.3,future,bound,bound,25.90085608512,25.617522559296,26.17271093492,0.924,27.0,0.0,0.991,0.986,0.975,1000
ks22,whole,ks22_whole_b14,1,14,14,1.84,0.3,from_t0,bound,bound,25.90085608512,25.617522559296,26.17271093492,0.924,27.0,0.0,0.991,0.986,0.975,1000
ks22,whole,ks22_whole_b14,1,14,14,1.84,0.5,future,bound,bound,27.0,27.0,27.0,1.0,27.0,0.0,1.0,1.0,1.0,1000
ks22,whole,ks22_whole_b14,1,14,14,1.84,0.5,from_t0,bound,bound,27.0,27.0,27.0,1.0,27.0,0.0,1.0,1.0,1.0,1000
ks22,whole,ks22_whole_b14,1,14,14,0.37,0.1,future,persistence,reference,0.035376095159999996,0.03291262924,0.03814749432,0.0,0.01811372,,0.0,0.0,0.0,1000
ks22,whole,ks22_whole_b14,1,14,14,0.37,0.1,from_t0,persistence,reference,0.02262403628,0.01981640968,0.025577025483,0.0,0.0,,0.0,0.0,0.0,1000
ks22,whole,ks22_whole_b14,1,14,14,0.37,0.3,future,persistence,reference,0.13409586916000002,0.12630651671700002,0.142302742849,0.0,0.10868232,,0.004,0.0,0.0,1000
ks22,whole,ks22_whole_b14,1,14,14,0.37,0.3,from_t0,persistence,reference,0.13409586916000002,0.12630651671700002,0.142302742849,0.0,0.10868232,,0.004,0.0,0.0,1000
ks22,whole,ks22_whole_b14,1,14,14,0.37,0.5,future,persistence,reference,0.220987384,0.21020609785600003,0.23203992310100002,0.0,0.16302348,,0.009,0.0,0.0,1000
ks22,whole,ks22_whole_b14,1,14,14,0.37,0.5,from_t0,persistence,reference,0.220987384,0.21020609785600003,0.23203992310100002,0.0,0.16302348,,0.009,0.0,0.0,1000
ks22,whole,ks22_whole_b14,1,14,14,0.92,0.1,future,persistence,reference,0.05751546704,0.055217325532000004,0.0601277592,0.0,0.04503952,,0.0,0.0,0.0,1000
ks22,whole,ks22_whole_b14,1,14,14,0.92,0.1,from_t0,persistence,reference,0.02968104368,0.026528277280000002,0.032788770560000007,0.0,0.0,,0.0,0.0,0.0,1000
ks22,whole,ks22_whole_b14,1,14,14,0.92,0.3,future,persistence,reference,0.14691891424,0.13890187968,0.15529626495999999,0.0,0.13511856,,0.004,0.0,0.0,1000
ks22,whole,ks22_whole_b14,1,14,14,0.92,0.3,from_t0,persistence,reference,0.14691891424,0.13890187968,0.15529626495999999,0.0,0.13511856,,0.004,0.0,0.0,1000
ks22,whole,ks22_whole_b14,1,14,14,0.92,0.5,future,persistence,reference,0.23497117584,0.22407048601199997,0.24605314973599998,0.0,0.18015808,,0.009,0.0,0.0,1000
ks22,whole,ks22_whole_b14,1,14,14,0.92,0.5,from_t0,persistence,reference,0.23497117584,0.22407048601199997,0.24605314973599998,0.0,0.18015808,,0.009,0.0,0.0,1000
ks22,whole,ks22_whole_b14,1,14,14,1.84,0.1,future,persistence,reference,0.09710520512,0.09503338720000001,0.09944726016,0.0,0.09007904,,0.0,0.0,0.0,1000
ks22,whole,ks22_whole_b14,1,14,14,1.84,0.1,from_t0,persistence,reference,0.04476928288,0.0409859632,0.04873276064,0.0,0.0,,0.0,0.0,0.0,1000
ks22,whole,ks22_whole_b14,1,14,14,1.84,0.3,future,persistence,reference,0.1697989904,0.161689624824,0.17826867213599998,0.0,0.18015808,,0.004,0.0,0.0,1000
ks22,whole,ks22_whole_b14,1,14,14,1.84,0.3,from_t0,persistence,reference,0.1697989904,0.161689624824,0.17826867213599998,0.0,0.18015808,,0.004,0.0,0.0,1000
ks22,whole,ks22_whole_b14,1,14,14,1.84,0.5,future,persistence,reference,0.25528399936,0.24447451456,0.266275894216,0.0,0.18015808,,0.009,0.0,0.0,1000
ks22,whole,ks22_whole_b14,1,14,14,1.84,0.5,from_t0,persistence,reference,0.25528399936,0.24447451456,0.266275894216,0.0,0.18015808,,0.009,0.0,0.0,1000
ks22,whole,ks22_whole_b14,1,14,14,0.37,0.1,future,decode_and_integrate,reference,0.08355859035999999,0.07545904046200001,0.091947054092,0.0,0.01811372,,0.002,0.0,0.0,1000
ks22,whole,ks22_whole_b14,1,14,14,0.37,0.1,from_t0,decode_and_integrate,reference,0.06814381464,0.059864486071000006,0.07678405908,0.0,0.0,,0.002,0.0,0.0,1000
ks22,whole,ks22_whole_b14,1,14,14,0.37,0.3,future,decode_and_integrate,reference,0.5723392108399998,0.541689438071,0.6031162324920001,0.0,0.41661556,,0.148,0.002,0.0,1000
ks22,whole,ks22_whole_b14,1,14,14,0.37,0.3,from_t0,decode_and_integrate,reference,0.5723392108399998,0.541689438071,0.6031162324920001,0.0,0.41661556,,0.148,0.002,0.0,1000
ks22,whole,ks22_whole_b14,1,14,14,0.37,0.5,future,decode_and_integrate,reference,0.91421756212,0.8732049301389999,0.9584702857659999,0.0,0.7245488,,0.328,0.019,0.0,1000
ks22,whole,ks22_whole_b14,1,14,14,0.37,0.5,from_t0,decode_and_integrate,reference,0.91421756212,0.8732049301389999,0.9584702857659999,0.0,0.7245488,,0.328,0.019,0.0,1000
ks22,whole,ks22_whole_b14,1,14,14,0.92,0.1,future,decode_and_integrate,reference,0.10976131024,0.101696984184,0.11831881904,0.0,0.04503952,,0.003,0.0,0.0,1000
ks22,whole,ks22_whole_b14,1,14,14,0.92,0.1,from_t0,decode_and_integrate,reference,0.07521599839999998,0.066657363612,0.08404374432,0.0,0.0,,0.003,0.0,0.0,1000
ks22,whole,ks22_whole_b14,1,14,14,0.92,0.3,future,decode_and_integrate,reference,0.58727030128,0.556055661944,0.618621185164,0.0,0.4503952,,0.151,0.005,0.0,1000
ks22,whole,ks22_whole_b14,1,14,14,0.92,0.3,from_t0,decode_and_integrate,reference,0.58727030128,0.556055661944,0.618621185164,0.0,0.4503952,,0.151,0.005,0.0,1000
ks22,whole,ks22_whole_b14,1,14,14,0.92,0.5,future,decode_and_integrate,reference,0.9314172736,0.8888065097160001,0.976645959584,0.0,0.72063232,,0.33,0.021,0.0,1000
ks22,whole,ks22_whole_b14,1,14,14,0.92,0.5,from_t0,decode_and_integrate,reference,0.9314172736,0.8888065097160001,0.976645959584,0.0,0.72063232,,0.33,0.021,0.0,1000
ks22,whole,ks22_whole_b14,1,14,14,1.84,0.1,future,decode_and_integrate,reference,0.15304428896,0.14412421202400003,0.16277282528,0.0,0.09007904,,0.005,0.0,0.0,1000
ks22,whole,ks22_whole_b14,1,14,14,1.84,0.1,from_t0,decode_and_integrate,reference,0.0896286448,0.07962987136,0.10008006541599998,0.0,0.0,,0.005,0.0,0.0,1000
ks22,whole,ks22_whole_b14,1,14,14,1.84,0.3,future,decode_and_integrate,reference,0.62577909088,0.592988068344,0.6596533138720001,0.0,0.4503952,,0.155,0.007,0.0,1000
ks22,whole,ks22_whole_b14,1,14,14,1.84,0.3,from_t0,decode_and_integrate,reference,0.62577909088,0.592988068344,0.6596533138720001,0.0,0.4503952,,0.155,0.007,0.0,1000
ks22,whole,ks22_whole_b14,1,14,14,1.84,0.5,future,decode_and_integrate,reference,0.9606929616,0.91843463196,1.0063652868559998,0.0,0.72063232,,0.334,0.022,0.0,1000
ks22,whole,ks22_whole_b14,1,14,14,1.84,0.5,from_t0,decode_and_integrate,reference,0.9606929616,0.91843463196,1.0063652868559998,0.0,0.72063232,,0.334,0.022,0.0,1000
ks22,whole,ks22_whole_b15,1,15,15,0.37,0.1,future,bound,bound,0.19247638872,0.17414485123700002,0.21089985333199998,0.0,0.03622744,0.43,0.027,0.0,0.0,1000
ks22,whole,ks22_whole_b15,1,15,15,0.37,0.1,from_t0,bound,bound,0.17363811992,0.154979629791,0.191771312169,0.0,0.01811372,0.43,0.025,0.0,0.0,1000
ks22,whole,ks22_whole_b15,1,15,15,0.37,0.3,future,bound,bound,26.90250295692,26.810499824807994,26.978886959,0.994,27.0,0.0,1.0,1.0,0.996,1000
ks22,whole,ks22_whole_b15,1,15,15,0.37,0.3,from_t0,bound,bound,26.90250295692,26.810499824807994,26.978886959,0.994,27.0,0.0,1.0,1.0,0.996,1000
ks22,whole,ks22_whole_b15,1,15,15,0.37,0.5,future,bound,bound,27.0,27.0,27.0,1.0,27.0,0.0,1.0,1.0,1.0,1000
ks22,whole,ks22_whole_b15,1,15,15,0.37,0.5,from_t0,bound,bound,27.0,27.0,27.0,1.0,27.0,0.0,1.0,1.0,1.0,1000
ks22,whole,ks22_whole_b15,1,15,15,0.92,0.1,future,bound,bound,0.26483237759999995,0.244158111932,0.284966169028,0.0,0.09007904,0.43,0.042,0.0,0.0,1000
ks22,whole,ks22_whole_b15,1,15,15,0.92,0.1,from_t0,bound,bound,0.22245018928000002,0.201640805052,0.24271797328,0.0,0.04503952,0.43,0.037,0.0,0.0,1000
ks22,whole,ks22_whole_b15,1,15,15,0.92,0.3,future,bound,bound,27.0,27.0,27.0,1.0,27.0,0.0,1.0,1.0,1.0,1000
ks22,whole,ks22_whole_b15,1,15,15,0.92,0.3,from_t0,bound,bound,27.0,27.0,27.0,1.0,27.0,0.0,1.0,1.0,1.0,1000
ks22,whole,ks22_whole_b15,1,15,15,0.92,0.5,future,bound,bound,27.0,27.0,27.0,1.0,27.0,0.0,1.0,1.0,1.0,1000
ks22,whole,ks22_whole_b15,1,15,15,0.92,0.5,from_t0,bound,bound,27.0,27.0,27.0,1.0,27.0,0.0,1.0,1.0,1.0,1000
ks22,whole,ks22_whole_b15,1,15,15,1.84,0.1,future,bound,bound,0.35959552768,0.33653529344,0.38112441823999993,0.0,0.18015808,0.43,0.073,0.0,0.0,1000
ks22,whole,ks22_whole_b15,1,15,15,1.84,0.1,from_t0,bound,bound,0.28167715808000005,0.25726573824000004,0.304109091016,0.0,0.09007904,0.43,0.062,0.0,0.0,1000
ks22,whole,ks22_whole_b15,1,15,15,1.84,0.3,future,bound,bound,27.0,27.0,27.0,1.0,27.0,0.0,1.0,1.0,1.0,1000
ks22,whole,ks22_whole_b15,1,15,15,1.84,0.3,from_t0,bound,bound,27.0,27.0,27.0,1.0,27.0,0.0,1.0,1.0,1.0,1000
ks22,whole,ks22_whole_b15,1,15,15,1.84,0.5,future,bound,bound,27.0,27.0,27.0,1.0,27.0,0.0,1.0,1.0,1.0,1000
ks22,whole,ks22_whole_b15,1,15,15,1.84,0.5,from_t0,bound,bound,27.0,27.0,27.0,1.0,27.0,0.0,1.0,1.0,1.0,1000
ks22,whole,ks22_whole_b15,1,15,15,0.37,0.1,future,persistence,reference,0.03968716052,0.036607375277,0.043075331845999994,0.0,0.01811372,,0.0,0.0,0.0,1000
ks22,whole,ks22_whole_b15,1,15,15,0.37,0.1,from_t0,persistence,reference,0.0305216182,0.027115333154000002,0.034199156203,0.0,0.01811372,,0.0,0.0,0.0,1000
ks22,whole,ks22_whole_b15,1,15,15,0.37,0.3,future,persistence,reference,0.135400057,0.127411000794,0.143534022966,0.0,0.10868232,,0.006,0.0,0.0,1000
ks22,whole,ks22_whole_b15,1,15,15,0.37,0.3,from_t0,persistence,reference,0.135400057,0.127411000794,0.143534022966,0.0,0.10868232,,0.006,0.0,0.0,1000
ks22,whole,ks22_whole_b15,1,15,15,0.37,0.5,future,persistence,reference,0.22008169800000002,0.20944803867399997,0.23093226912299997,0.0,0.16302348,,0.009,0.0,0.0,1000
ks22,whole,ks22_whole_b15,1,15,15,0.37,0.5,from_t0,persistence,reference,0.22008169800000002,0.20944803867399997,0.23093226912299997,0.0,0.16302348,,0.009,0.0,0.0,1000
ks22,whole,ks22_whole_b15,1,15,15,0.92,0.1,future,persistence,reference,0.0603529568,0.05729026944,0.06368700726799999,0.0,0.04503952,,0.0,0.0,0.0,1000
ks22,whole,ks22_whole_b15,1,15,15,0.92,0.1,from_t0,persistence,reference,0.03981493568,0.036075529531999995,0.04373337392,0.0,0.04503952,,0.0,0.0,0.0,1000
ks22,whole,ks22_whole_b15,1,15,15,0.92,0.3,future,persistence,reference,0.14754946751999998,0.13943784996800002,0.15588177872,0.0,0.13511856,,0.006,0.0,0.0,1000
ks22,whole,ks22_whole_b15,1,15,15,0.92,0.3,from_t0,persistence,reference,0.14754946751999998,0.13943784996800002,0.15588177872,0.0,0.13511856,,0.006,0.0,0.0,1000
ks22,whole,ks22_whole_b15,1,15,15,0.92,0.5,future,persistence,reference,0.23411542495999998,0.223482720276,0.24497107526800002,0.0,0.18015808,,0.009,0.0,0.0,1000
ks22,whole,ks22_whole_b15,1,15,15,0.92,0.5,from_t0,persistence,reference,0.23411542495999998,0.223482720276,0.24497107526800002,0.0,0.18015808,,0.009,0.0,0.0,1000
ks22,whole,ks22_whole_b15,1,15,15,1.84,0.1,future,persistence,reference,0.09872662784,0.09602425664,0.10169923616,0.0,0.09007904,,0.0,0.0,0.0,1000
ks22,whole,ks22_whole_b15,1,15,15,1.84,0.1,from_t0,persistence,reference,0.05954224544,0.05521845152,0.06386829133599999,0.0,0.09007904,,0.0,0.0,0.0,1000
ks22,whole,ks22_whole_b15,1,15,15,1.84,0.3,future,persistence,reference,0.16826764672000002,0.15998037504,0.17673507648,0.0,0.18015808,,0.006,0.0,0.0,1000
ks22,whole,ks22_whole_b15,1,15,15,1.84,0.3,from_t0,persistence,reference,0.16826764672000002,0.15998037504,0.17673507648,0.0,0.18015808,,0.006,0.0,0.0,1000
ks22,whole,ks22_whole_b15,1,15,15,1.84,0.5,future,persistence,reference,0.2540228928,0.243301235064,0.26501478765600006,0.0,0.18015808,,0.009,0.0,0.0,1000
ks22,whole,ks22_whole_b15,1,15,15,1.84,0.5,from_t0,persistence,reference,0.2540228928,0.243301235064,0.26501478765600006,0.0,0.18015808,,0.009,0.0,0.0,1000
ks22,whole,ks22_whole_b15,1,15,15,0.37,0.1,future,decode_and_integrate,reference,0.1310527642,0.118843211234,0.143643158129,0.0,0.05434116,,0.01,0.0,0.0,1000
ks22,whole,ks22_whole_b15,1,15,15,0.37,0.1,from_t0,decode_and_integrate,reference,0.11676103912,0.10440657639399999,0.12951490937199997,0.0,0.03622744,,0.008,0.0,0.0,1000
ks22,whole,ks22_whole_b15,1,15,15,0.37,0.3,future,decode_and_integrate,reference,0.7192595937599999,0.6802747927330001,0.758212242934,0.0,0.5434116,,0.214,0.013,0.0,1000
ks22,whole,ks22_whole_b15,1,15,15,0.37,0.3,from_t0,decode_and_integrate,reference,0.7192595937599999,0.6802747927330001,0.758212242934,0.0,0.5434116,,0.214,0.013,0.0,1000
ks22,whole,ks22_whole_b15,1,15,15,0.37,0.5,future,decode_and_integrate,reference,1.0715533340400003,1.0201171618850002,1.122717347552,0.0,0.8151174,,0.393,0.041,0.0,1000
ks22,whole,ks22_whole_b15,1,15,15,0.37,0.5,from_t0,decode_and_integrate,reference,1.0715533340400003,1.0201171618850002,1.122717347552,0.0,0.8151174,,0.393,0.041,0.0,1000
ks22,whole,ks22_whole_b15,1,15,15,0.92,0.1,future,decode_and_integrate,reference,0.15326948656000003,0.141465754356,0.16565760653599995,0.0,0.09007904,,0.01,0.0,0.0,1000
ks22,whole,ks22_whole_b15,1,15,15,0.92,0.1,from_t0,decode_and_integrate,reference,0.12466939135999999,0.11201328624000001,0.1378209312,0.0,0.04503952,,0.008,0.0,0.0,1000
ks22,whole,ks22_whole_b15,1,15,15,0.92,0.3,future,decode_and_integrate,reference,0.73590071728,0.6968052879320001,0.7745446254399999,0.0,0.562994,,0.217,0.013,0.0,1000
ks22,whole,ks22_whole_b15,1,15,15,0.92,0.3,from_t0,decode_and_integrate,reference,0.73590071728,0.6968052879320001,0.7745446254399999,0.0,0.562994,,0.217,0.013,0.0,1000
ks22,whole,ks22_whole_b15,1,15,15,0.92,0.5,future,decode_and_integrate,reference,1.0868036176,1.03517143786,1.13832882848,0.0,0.85575088,,0.398,0.042,0.0,1000
ks22,whole,ks22_whole_b15,1,15,15,0.92,0.5,from_t0,decode_and_integrate,reference,1.0868036176,1.03517143786,1.13832882848,0.0,0.85575088,,0.398,0.042,0.0,1000
ks22,whole,ks22_whole_b15,1,15,15,1.84,0.1,future,decode_and_integrate,reference,0.1918683552,0.179255037624,0.20429926272,0.0,0.09007904,,0.013,0.0,0.0,1000
ks22,whole,ks22_whole_b15,1,15,15,1.84,0.1,from_t0,decode_and_integrate,reference,0.13935227488000002,0.12619848306400003,0.152506066696,0.0,0.09007904,,0.009,0.0,0.0,1000
ks22,whole,ks22_whole_b15,1,15,15,1.84,0.3,future,decode_and_integrate,reference,0.77233768896,0.7327029113599999,0.8126998548079999,0.0,0.63055328,,0.225,0.014,0.0,1000
ks22,whole,ks22_whole_b15,1,15,15,1.84,0.3,from_t0,decode_and_integrate,reference,0.77233768896,0.7327029113599999,0.8126998548079999,0.0,0.63055328,,0.225,0.014,0.0,1000
ks22,whole,ks22_whole_b15,1,15,15,1.84,0.5,future,decode_and_integrate,reference,1.12247491744,1.0706794694400001,1.1734731659359998,0.0,0.9007904,,0.409,0.043,0.0,1000
ks22,whole,ks22_whole_b15,1,15,15,1.84,0.5,from_t0,decode_and_integrate,reference,1.12247491744,1.0706794694400001,1.1734731659359998,0.0,0.9007904,,0.409,0.043,0.0,1000
ks22,whole,ks22_whole_b16,1,16,16,0.37,0.1,future,bound,bound,0.3335641538,0.310098282383,0.35720618114399993,0.0,0.10868232,0.283,0.086,0.0,0.0,1000
ks22,whole,ks22_whole_b16,1,16,16,0.37,0.1,from_t0,bound,bound,0.31497947707999996,0.29195467474500003,0.338964759418,0.0,0.09962546,0.283,0.081,0.0,0.0,1000
ks22,whole,ks22_whole_b16,1,16,16,0.37,0.3,future,bound,bound,27.0,27.0,27.0,1.0,27.0,0.0,1.0,1.0,1.0,1000
ks22,whole,ks22_whole_b16,1,16,16,0.37,0.3,from_t0,bound,bound,27.0,27.0,27.0,1.0,27.0,0.0,1.0,1.0,1.0,1000
ks22,whole,ks22_whole_b16,1,16,16,0.37,0.5,future,bound,bound,27.0,27.0,27.0,1.0,27.0,0.0,1.0,1.0,1.0,1000
ks22,whole,ks22_whole_b16,1,16,16,0.37,0.5,from_t0,bound,bound,27.0,27.0,27.0,1.0,27.0,0.0,1.0,1.0,1.0,1000
ks22,whole,ks22_whole_b16,1,16,16,0.92,0.1,future,bound,bound,0.40616639135999993,0.38026528939599996,0.430760221256,0.0,0.2251976,0.283,0.118,0.0,0.0,1000
ks22,whole,ks22_whole_b16,1,16,16,0.92,0.1,from_t0,bound,bound,0.36540562576,0.339056380572,0.389728092548,0.0,0.18015808,0.283,0.106,0.0,0.0,1000
ks22,whole,ks22_whole_b16,1,16,16,0.92,0.3,future,bound,bound,27.0,27.0,27.0,1.0,27.0,0.0,1.0,1.0,1.0,1000
ks22,whole,ks22_whole_b16,1,16,16,0.92,0.3,from_t0,bound,bound,27.0,27.0,27.0,1.0,27.0,0.0,1.0,1.0,1.0,1000
ks22,whole,ks22_whole_b16,1,16,16,0.92,0.5,future,bound,bound,27.0,27.0,27.0,1.0,27.0,0.0,1.0,1.0,1.0,1000
ks22,whole,ks22_whole_b16,1,16,16,0.92,0.5,from_t0,bound,bound,27.0,27.0,27.0,1.0,27.0,0.0,1.0,1.0,1.0,1000
ks22,whole,ks22_whole_b16,1,16,16,1.84,0.1,future,bound,bound,0.52597151456,0.495522547064,0.5547067283199999,0.0,0.36031616,0.283,0.169,0.0,0.0,1000
ks22,whole,ks22_whole_b16,1,16,16,1.84,0.1,from_t0,bound,bound,0.44327895584,0.41337046258399995,0.47120571021600005,0.0,0.27023712,0.283,0.139,0.0,0.0,1000
ks22,whole,ks22_whole_b16,1,16,16,1.84,0.3,future,bound,bound,27.0,27.0,27.0,1.0,27.0,0.0,1.0,1.0,1.0,1000
ks22,whole,ks22_whole_b16,1,16,16,1.84,0.3,from_t0,bound,bound,27.0,27.0,27.0,1.0,27.0,0.0,1.0,1.0,1.0,1000
ks22,whole,ks22_whole_b16,1,16,16,1.84,0.5,future,bound,bound,27.0,27.0,27.0,1.0,27.0,0.0,1.0,1.0,1.0,1000
ks22,whole,ks22_whole_b16,1,16,16,1.84,0.5,from_t0,bound,bound,27.0,27.0,27.0,1.0,27.0,0.0,1.0,1.0,1.0,1000
ks22,whole,ks22_whole_b16,1,16,16,0.37,0.1,future,persistence,reference,0.04318310848,0.04014000352,0.046642829,0.0,0.03622744,,0.001,0.0,0.0,1000
ks22,whole,ks22_whole_b16,1,16,16,0.37,0.1,from_t0,persistence,reference,0.03673462415999999,0.033437927119999995,0.040285366122999995,0.0,0.03622744,,0.001,0.0,0.0,1000
ks22,whole,ks22_whole_b16,1,16,16,0.37,0.3,future,persistence,reference,0.13681292716,0.12882432379699998,0.14498221488000002,0.0,0.10868232,,0.005,0.0,0.0,1000
ks22,whole,ks22_whole_b16,1,16,16,0.37,0.3,from_t0,persistence,reference,0.13681292716,0.12882432379699998,0.14498221488000002,0.0,0.10868232,,0.005,0.0,0.0,1000
ks22,whole,ks22_whole_b16,1,16,16,0.37,0.5,future,persistence,reference,0.22294366576,0.2122022298,0.233777934535,0.0,0.1811372,,0.009,0.0,0.0,1000
ks22,whole,ks22_whole_b16,1,16,16,0.37,0.5,from_t0,persistence,reference,0.22294366576,0.2122022298,0.233777934535,0.0,0.1811372,,0.009,0.0,0.0,1000
ks22,whole,ks22_whole_b16,1,16,16,0.92,0.1,future,persistence,reference,0.06107358912,0.058146020320000005,0.06436147408,0.0,0.04503952,,0.001,0.0,0.0,1000
ks22,whole,ks22_whole_b16,1,16,16,0.92,0.1,from_t0,persistence,reference,0.04738157504,0.044047524572,0.05107481568,0.0,0.04503952,,0.001,0.0,0.0,1000
ks22,whole,ks22_whole_b16,1,16,16,0.92,0.3,future,persistence,reference,0.15043199679999997,0.14232488319999997,0.15871926847999998,0.0,0.13511856,,0.005,0.0,0.0,1000
ks22,whole,ks22_whole_b16,1,16,16,0.92,0.3,from_t0,persistence,reference,0.15043199679999997,0.14232488319999997,0.15871926847999998,0.0,0.13511856,,0.005,0.0,0.0,1000
ks22,whole,ks22_whole_b16,1,16,16,0.92,0.5,future,persistence,reference,0.23546661055999998,0.224925110904,0.24623218182800002,0.0,0.18015808,,0.009,0.0,0.0,1000
ks22,whole,ks22_whole_b16,1,16,16,0.92,0.5,from_t0,persistence,reference,0.23546661055999998,0.224925110904,0.24623218182800002,0.0,0.18015808,,0.009,0.0,0.0,1000
ks22,whole,ks22_whole_b16,1,16,16,1.84,0.1,future,persistence,reference,0.09827623264,0.09566394048000001,0.10142899904000001,0.0,0.09007904,,0.001,0.0,0.0,1000
ks22,whole,ks22_whole_b16,1,16,16,1.84,0.1,from_t0,persistence,reference,0.07269378528,0.068818134584,0.07674734208000002,0.0,0.09007904,,0.001,0.0,0.0,1000
ks22,whole,ks22_whole_b16,1,16,16,1.84,0.3,future,persistence,reference,0.17223112448,0.1639438528,0.18079088525599998,0.0,0.18015808,,0.005,0.0,0.0,1000
ks22,whole,ks22_whole_b16,1,16,16,1.84,0.3,from_t0,persistence,reference,0.17223112448,0.1639438528,0.18079088525599998,0.0,0.18015808,,0.005,0.0,0.0,1000
ks22,whole,ks22_whole_b16,1,16,16,1.84,0.5,future,persistence,reference,0.25672526400000006,0.24609593728,0.26780498592,0.0,0.18015808,,0.009,0.0,0.0,1000
ks22,whole,ks22_whole_b16,1,16,16,1.84,0.5,from_t0,persistence,reference,0.25672526400000006,0.24609593728,0.26780498592,0.0,0.18015808,,0.009,0.0,0.0,1000
ks22,whole,ks22_whole_b16,1,16,16,0.37,0.1,future,decode_and_integrate,reference,0.1884732566,0.171554136434,0.20553728652600003,0.0,0.0905686,,0.02,0.0,0.0,1000
ks22,whole,ks22_whole_b16,1,16,16,0.37,0.1,from_t0,decode_and_integrate,reference,0.17735143252,0.16112108655700003,0.19376336852599998,0.0,0.0905686,,0.018,0.0,0.0,1000
ks22,whole,ks22_whole_b16,1,16,16,0.37,0.3,future,decode_and_integrate,reference,0.8067850888,0.765102702022,0.846927809378,0.0,0.61586648,,0.263,0.016,0.0,1000
ks22,whole,ks22_whole_b16,1,16,16,0.37,0.3,from_t0,decode_and_integrate,reference,0.8067850888,0.765102702022,0.846927809378,0.0,0.61586648,,0.263,0.016,0.0,1000
ks22,whole,ks22_whole_b16,1,16,16,0.37,0.5,future,decode_and_integrate,reference,1.19094086256,1.136073951837,1.2481213481699998,0.0,0.92379972,,0.454,0.054,0.0,1000
ks22,whole,ks22_whole_b16,1,16,16,0.37,0.5,from_t0,decode_and_integrate,reference,1.19094086256,1.136073951837,1.2481213481699998,0.0,0.92379972,,0.454,0.054,0.0,1000
ks22,whole,ks22_whole_b16,1,16,16,0.92,0.1,future,decode_and_integrate,reference,0.21200102064,0.19497270411600004,0.22916332973599998,0.0,0.13511856,,0.022,0.0,0.0,1000
ks22,whole,ks22_whole_b16,1,16,16,0.92,0.1,from_t0,decode_and_integrate,reference,0.18763464032000002,0.17114905001199998,0.20434430224,0.0,0.09007904,,0.018,0.0,0.0,1000
ks22,whole,ks22_whole_b16,1,16,16,0.92,0.3,future,decode_and_integrate,reference,0.8282767728,0.785743702088,0.8693336732439999,0.0,0.63055328,,0.267,0.018,0.0,1000
ks22,whole,ks22_whole_b16,1,16,16,0.92,0.3,from_t0,decode_and_integrate,reference,0.8282767728,0.785743702088,0.8693336732439999,0.0,0.63055328,,0.267,0.018,0.0,1000
ks22,whole,ks22_whole_b16,1,16,16,0.92,0.5,future,decode_and_integrate,reference,1.2124638784,1.155884107388,1.2689535703719999,0.0,0.94582992,,0.46,0.058,0.0,1000
ks22,whole,ks22_whole_b16,1,16,16,0.92,0.5,from_t0,decode_and_integrate,reference,1.2124638784,1.155884107388,1.2689535703719999,0.0,0.94582992,,0.46,0.058,0.0,1000
ks22,whole,ks22_whole_b16,1,16,16,1.84,0.1,future,decode_and_integrate,reference,0.24888838751999998,0.23159321184,0.26609348416,0.0,0.18015808,,0.026,0.0,0.0,1000
ks22,whole,ks22_whole_b16,1,16,16,1.84,0.1,from_t0,decode_and_integrate,reference,0.20790242432,0.190604996664,0.22447921965599998,0.0,0.09007904,,0.02,0.0,0.0,1000
ks22,whole,ks22_whole_b16,1,16,16,1.84,0.3,future,decode_and_integrate,reference,0.8571020656,0.813767291432,0.8968539459519999,0.0,0.63055328,,0.272,0.018,0.0,1000
ks22,whole,ks22_whole_b16,1,16,16,1.84,0.3,from_t0,decode_and_integrate,reference,0.8571020656,0.813767291432,0.8968539459519999,0.0,0.63055328,,0.272,0.018,0.0,1000
ks22,whole,ks22_whole_b16,1,16,16,1.84,0.5,future,decode_and_integrate,reference,1.2520085769599998,1.1966932904719998,1.310114061712,0.0,0.99086944,,0.468,0.059,0.0,1000
ks22,whole,ks22_whole_b16,1,16,16,1.84,0.5,from_t0,decode_and_integrate,reference,1.2520085769599998,1.1966932904719998,1.310114061712,0.0,0.99086944,,0.468,0.059,0.0,1000
ks22,whole,ks22_whole_b4,1,4,4,0.37,0.1,future,bound,bound,0.018983178559999998,0.01811372,0.020722095680000004,0.0,0.01811372,0.999,0.0,0.0,0.0,1000
ks22,whole,ks22_whole_b4,1,4,4,0.37,0.1,from_t0,bound,bound,0.00088757228,0.0,0.00266271684,0.0,0.0,0.999,0.0,0.0,0.0,1000
ks22,whole,ks22_whole_b4,1,4,4,0.37,0.3,future,bound,bound,0.042150626440000005,0.035701689277,0.049090445414999996,0.0,0.01811372,0.892,0.003,0.0,0.0,1000
ks22,whole,ks22_whole_b4,1,4,4,0.37,0.3,from_t0,bound,bound,0.024127475039999995,0.017823447637,0.031554553082999995,0.0,0.0,0.892,0.003,0.0,0.0,1000
ks22,whole,ks22_whole_b4,1,4,4,0.37,0.5,future,bound,bound,0.16583110660000003,0.149380678939,0.182317761701,0.0,0.01811372,0.569,0.017,0.0,0.0,1000
ks22,whole,ks22_whole_b4,1,4,4,0.37,0.5,from_t0,bound,bound,0.14585167344000002,0.129258600234,0.16215492712600002,0.0,0.0,0.569,0.017,0.0,0.0,1000
ks22,whole,ks22_whole_b4,1,4,4,0.92,0.1,future,bound,bound,0.04589527088,0.04503951999999999,0.04760677264,0.0,0.04503952,0.999,0.0,0.0,0.0,1000
ks22,whole,ks22_whole_b4,1,4,4,0.92,0.1,from_t0,bound,bound,0.0009007904,0.0,0.0027023712,0.0,0.0,0.999,0.0,0.0,0.0,1000
ks22,whole,ks22_whole_b4,1,4,4,0.92,0.3,future,bound,bound,0.07048684879999999,0.06386491337200001,0.07764813247999999,0.0,0.04503952,0.892,0.003,0.0,0.0,1000
ks22,whole,ks22_whole_b4,1,4,4,0.92,0.3,from_t0,bound,bound,0.025852684480000002,0.01932195408,0.033420449827999986,0.0,0.0,0.892,0.003,0.0,0.0,1000
ks22,whole,ks22_whole_b4,1,4,4,0.92,0.5,future,bound,bound,0.20416414415999998,0.187135827636,0.22106184607599996,0.0,0.04503952,0.569,0.018,0.0,0.0,1000
ks22,whole,ks22_whole_b4,1,4,4,0.92,0.5,from_t0,bound,bound,0.1589895056,0.14196456704000002,0.175565174948,0.0,0.0,0.569,0.017,0.0,0.0,1000
ks22,whole,ks22_whole_b4,1,4,4,1.84,0.1,future,bound,bound,0.09088975135999999,0.09007903999999999,0.09251117408,0.0,0.09007904,0.999,0.0,0.0,0.0,1000
ks22,whole,ks22_whole_b4,1,4,4,1.84,0.1,from_t0,bound,bound,0.0009007904,0.0,0.0027023712,0.0,0.0,0.999,0.0,0.0,0.0,1000
ks22,whole,ks22_whole_b4,1,4,4,1.84,0.3,future,bound,bound,0.11764322624000001,0.11079721919999999,0.12493962848,0.0,0.09007904,0.892,0.004,0.0,0.0,1000
ks22,whole,ks22_whole_b4,1,4,4,1.84,0.3,from_t0,bound,bound,0.028555055680000004,0.02170904864,0.036391932159999994,0.0,0.0,0.892,0.003,0.0,0.0,1000
ks22,whole,ks22_whole_b4,1,4,4,1.84,0.5,future,bound,bound,0.26131929504,0.243751630264,0.27871130568799996,0.0,0.09007904,0.569,0.023,0.0,0.0,1000
ks22,whole,ks22_whole_b4,1,4,4,1.84,0.5,from_t0,bound,bound,0.17457317952,0.156645198584,0.19213859232,0.0,0.0,0.569,0.017,0.0,0.0,1000
ks22,whole,ks22_whole_b4,1,4,4,0.37,0.1,future,persistence,reference,0.018983178559999998,0.01811372,0.020722095680000004,0.0,0.01811372,,0.0,0.0,0.0,1000
ks22,whole,ks22_whole_b4,1,4,4,0.37,0.1,from_t0,persistence,reference,0.00088757228,0.0,0.00266271684,0.0,0.0,,0.0,0.0,0.0,1000
ks22,whole,ks22_whole_b4,1,4,4,0.37,0.3,future,persistence,reference,0.042150626440000005,0.035701689277,0.049090445414999996,0.0,0.01811372,,0.003,0.0,0.0,1000
ks22,whole,ks22_whole_b4,1,4,4,0.37,0.3,from_t0,persistence,reference,0.024127475039999995,0.017823447637,0.031554553082999995,0.0,0.0,,0.003,0.0,0.0,1000
ks22,whole,ks22_whole_b4,1,4,4,0.37,0.5,future,persistence,reference,0.14539883044000002,0.13081728584000002,0.16008951020300002,0.0,0.01811372,,0.009,0.0,0.0,1000
ks22,whole,ks22_whole_b4,1,4,4,0.37,0.5,from_t0,persistence,reference,0.12730322416,0.11282990903699999,0.14210213340000002,0.0,0.0,,0.009,0.0,0.0,1000
ks22,whole,ks22_whole_b4,1,4,4,0.92,0.1,future,persistence,reference,0.04589527088,0.04503951999999999,0.04760677264,0.0,0.04503952,,0.0,0.0,0.0,1000
ks22,whole,ks22_whole_b4,1,4,4,0.92,0.1,from_t0,persistence,reference,0.0009007904,0.0,0.0027023712,0.0,0.0,,0.0,0.0,0.0,1000
ks22,whole,ks22_whole_b4,1,4,4,0.92,0.3,future,persistence,reference,0.07048684879999999,0.06386491337200001,0.07764813247999999,0.0,0.04503952,,0.003,0.0,0.0,1000
ks22,whole,ks22_whole_b4,1,4,4,0.92,0.3,from_t0,persistence,reference,0.025852684480000002,0.01932195408,0.033420449827999986,0.0,0.0,,0.003,0.0,0.0,1000
ks22,whole,ks22_whole_b4,1,4,4,0.92,0.5,future,persistence,reference,0.17187080832,0.157321917372,0.18623954118799999,0.0,0.04503952,,0.009,0.0,0.0,1000
ks22,whole,ks22_whole_b4,1,4,4,0.92,0.5,from_t0,persistence,reference,0.13358721632,0.11881425376,0.148541462948,0.0,0.0,,0.009,0.0,0.0,1000
ks22,whole,ks22_whole_b4,1,4,4,1.84,0.1,future,persistence,reference,0.09088975135999999,0.09007903999999999,0.09251117408,0.0,0.09007904,,0.0,0.0,0.0,1000
ks22,whole,ks22_whole_b4,1,4,4,1.84,0.1,from_t0,persistence,reference,0.0009007904,0.0,0.0027023712,0.0,0.0,,0.0,0.0,0.0,1000
ks22,whole,ks22_whole_b4,1,4,4,1.84,0.3,future,persistence,reference,0.11764322624000001,0.11079721919999999,0.12493962848,0.0,0.09007904,,0.004,0.0,0.0,1000
ks22,whole,ks22_whole_b4,1,4,4,1.84,0.3,from_t0,persistence,reference,0.028555055680000004,0.02170904864,0.036391932159999994,0.0,0.0,,0.003,0.0,0.0,1000
ks22,whole,ks22_whole_b4,1,4,4,1.84,0.5,future,persistence,reference,0.21609961696,0.202045034744,0.23052352323999994,0.0,0.09007904,,0.012,0.0,0.0,1000
ks22,whole,ks22_whole_b4,1,4,4,1.84,0.5,from_t0,persistence,reference,0.14403638495999996,0.12872294816,0.15971238989599998,0.0,0.0,,0.009,0.0,0.0,1000
ks22,whole,ks22_whole_b4,1,4,4,0.37,0.1,future,decode_and_integrate,reference,0.019055633439999997,0.01811372,0.020939460320000002,0.0,0.01811372,,0.0,0.0,0.0,1000
ks22,whole,ks22_whole_b4,1,4,4,0.37,0.1,from_t0,decode_and_integrate,reference,0.00096002716,0.0,0.00288008148,0.0,0.0,,0.0,0.0,0.0,1000
ks22,whole,ks22_whole_b4,1,4,4,0.37,0.3,future,decode_and_integrate,reference,0.043346131960000006,0.03673462416,0.050338027880000004,0.0,0.01811372,,0.003,0.0,0.0,1000
ks22,whole,ks22_whole_b4,1,4,4,0.37,0.3,from_t0,decode_and_integrate,reference,0.02434483968,0.017949337991,0.031555911611999984,0.0,0.0,,0.003,0.0,0.0,1000
ks22,whole,ks22_whole_b4,1,4,4,0.37,0.5,future,decode_and_integrate,reference,0.14416709748,0.12980246467700002,0.15896827093500002,0.0,0.01811372,,0.008,0.0,0.0,1000
ks22,whole,ks22_whole_b4,1,4,4,0.37,0.5,from_t0,decode_and_integrate,reference,0.12708585952,0.11282990903699999,0.142031037049,0.0,0.0,,0.008,0.0,0.0,1000
ks22,whole,ks22_whole_b4,1,4,4,0.92,0.1,future,decode_and_integrate,reference,0.04598534992,0.04503951999999999,0.04787700976,0.0,0.04503952,,0.0,0.0,0.0,1000
ks22,whole,ks22_whole_b4,1,4,4,0.92,0.1,from_t0,decode_and_integrate,reference,0.0009908694399999999,0.0,0.00297260832,0.0,0.0,,0.0,0.0,0.0,1000
ks22,whole,ks22_whole_b4,1,4,4,0.92,0.3,future,decode_and_integrate,reference,0.07008149312,0.06346068368,0.07706261871999999,0.0,0.04503952,,0.003,0.0,0.0,1000
ks22,whole,ks22_whole_b4,1,4,4,0.92,0.3,from_t0,decode_and_integrate,reference,0.025852684480000002,0.01923187504,0.033242543723999984,0.0,0.0,,0.003,0.0,0.0,1000
ks22,whole,ks22_whole_b4,1,4,4,0.92,0.5,future,decode_and_integrate,reference,0.17173568976,0.1578635176,0.18660323531199996,0.0,0.04503952,,0.008,0.0,0.0,1000
ks22,whole,ks22_whole_b4,1,4,4,0.92,0.5,from_t0,decode_and_integrate,reference,0.13304674208,0.11836385856000001,0.148227312296,0.0,0.0,,0.008,0.0,0.0,1000
ks22,whole,ks22_whole_b4,1,4,4,1.84,0.1,future,decode_and_integrate,reference,0.0909798304,0.09007903999999999,0.09278141120000001,0.0,0.09007904,,0.0,0.0,0.0,1000
ks22,whole,ks22_whole_b4,1,4,4,1.84,0.1,from_t0,decode_and_integrate,reference,0.0009908694399999999,0.0,0.00297260832,0.0,0.0,,0.0,0.0,0.0,1000
ks22,whole,ks22_whole_b4,1,4,4,1.84,0.3,future,decode_and_integrate,reference,0.12052575552,0.11331943232000001,0.12854279007999997,0.0,0.09007904,,0.004,0.0,0.0,1000
ks22,whole,ks22_whole_b4,1,4,4,1.84,0.3,from_t0,decode_and_integrate,reference,0.0288252928,0.02179912768,0.03657209024,0.0,0.0,,0.003,0.0,0.0,1000
ks22,whole,ks22_whole_b4,1,4,4,1.84,0.5,future,decode_and_integrate,reference,0.21727064448,0.20348855136,0.23213368607999998,0.0,0.09007904,,0.01,0.0,0.0,1000
ks22,whole,ks22_whole_b4,1,4,4,1.84,0.5,from_t0,decode_and_integrate,reference,0.14304551552,0.12809239488,0.158181046216,0.0,0.0,,0.008,0.0,0.0,1000
ks22,whole,ks22_whole_b5,1,5,5,0.37,0.1,future,bound,bound,0.018240516039999998,0.01811372,0.01842165324,0.0,0.01811372,0.998,0.0,0.0,0.0,1000
ks22,whole,ks22_whole_b5,1,5,5,0.37,0.1,from_t0,bound,bound,0.00010868232,0.0,0.00028981952,0.0,0.0,0.998,0.0,0.0,0.0,1000
ks22,whole,ks22_whole_b5,1,5,5,0.37,0.3,future,bound,bound,0.05287394868,0.046008395957,0.060319593286000006,0.0,0.01811372,0.816,0.002,0.0,0.0,1000
ks22,whole,ks22_whole_b5,1,5,5,0.37,0.3,from_t0,bound,bound,0.036082530239999994,0.029072067757,0.043798974959999994,0.0,0.0,0.816,0.002,0.0,0.0,1000
ks22,whole,ks22_whole_b5,1,5,5,0.37,0.5,future,bound,bound,0.32108380072,0.29729550508700003,0.344452310892,0.0,0.14490976,0.374,0.077,0.0,0.0,1000
ks22,whole,ks22_whole_b5,1,5,5,0.37,0.5,from_t0,bound,bound,0.30325990024,0.27952458723800006,0.325812387326,0.0,0.12679604,0.374,0.074,0.0,0.0,1000
ks22,whole,ks22_whole_b5,1,5,5,0.92,0.1,future,bound,bound,0.04512959904,0.04503951999999999,0.0452647176,0.0,0.04503952,0.998,0.0,0.0,0.0,1000
ks22,whole,ks22_whole_b5,1,5,5,0.92,0.1,from_t0,bound,bound,0.00013511856,0.0,0.00036031616,0.0,0.0,0.998,0.0,0.0,0.0,1000
ks22,whole,ks22_whole_b5,1,5,5,0.92,0.3,future,bound,bound,0.08120625456,0.07418008944,0.08859273583999999,0.0,0.04503952,0.816,0.002,0.0,0.0,1000
ks22,whole,ks22_whole_b5,1,5,5,0.92,0.3,from_t0,bound,bound,0.03882406624000001,0.031615491064,0.04675214774799999,0.0,0.0,0.816,0.002,0.0,0.0,1000
ks22,whole,ks22_whole_b5,1,5,5,0.92,0.5,future,bound,bound,0.36126198992,0.3370645078,0.38522526653600003,0.0,0.18015808,0.374,0.088,0.0,0.0,1000
ks22,whole,ks22_whole_b5,1,5,5,0.92,0.5,from_t0,bound,bound,0.32009586864,0.29594455202799996,0.3439251526839999,0.0,0.13511856,0.374,0.08,0.0,0.0,1000
ks22,whole,ks22_whole_b5,1,5,5,1.84,0.1,future,bound,bound,0.09007903999999999,0.09007903999999999,0.09007903999999999,0.0,0.09007904,0.998,0.0,0.0,0.0,1000
ks22,whole,ks22_whole_b5,1,5,5,1.84,0.1,from_t0,bound,bound,0.00018015808,0.0,0.0004503952,0.0,0.0,0.998,0.0,0.0,0.0,1000
ks22,whole,ks22_whole_b5,1,5,5,1.84,0.3,future,bound,bound,0.12971381759999998,0.122054847224,0.138093420296,0.0,0.09007904,0.816,0.003,0.0,0.0,1000
ks22,whole,ks22_whole_b5,1,5,5,1.84,0.3,from_t0,bound,bound,0.04422880864,0.03629960114400001,0.05296647552,0.0,0.0,0.816,0.003,0.0,0.0,1000
ks22,whole,ks22_whole_b5,1,5,5,1.84,0.5,future,bound,bound,0.42751512384,0.402560977784,0.45292191707199997,0.0,0.27023712,0.374,0.11,0.0,0.0,1000
ks22,whole,ks22_whole_b5,1,5,5,1.84,0.5,from_t0,bound,bound,0.34653406687999994,0.32041114528000003,0.371127896776,0.0,0.18015808,0.374,0.086,0.0,0.0,1000
ks22,whole,ks22_whole_b5,1,5,5,0.37,0.1,future,persistence,reference,0.018240516039999998,0.01811372,0.01842165324,0.0,0.01811372,,0.0,0.0,0.0,1000
ks22,whole,ks22_whole_b5,1,5,5,0.37,0.1,from_t0,persistence,reference,0.00010868232,0.0,0.00028981952,0.0,0.0,,0.0,0.0,0.0,1000
ks22,whole,ks22_whole_b5,1,5,5,0.37,0.3,future,persistence,reference,0.05287394868,0.046008395957,0.060319593286000006,0.0,0.01811372,,0.002,0.0,0.0,1000
ks22,whole,ks22_whole_b5,1,5,5,0.37,0.3,from_t0,persistence,reference,0.036082530239999994,0.029072067757,0.043798974959999994,0.0,0.0,,0.002,0.0,0.0,1000
ks22,whole,ks22_whole_b5,1,5,5,0.37,0.5,future,persistence,reference,0.16965310152000004,0.15633861163400004,0.183313563458,0.0,0.0905686,,0.009,0.0,0.0,1000
ks22,whole,ks22_whole_b5,1,5,5,0.37,0.5,from_t0,persistence,reference,0.15643008592000002,0.142898231394,0.17034142287999998,0.0,0.0905686,,0.009,0.0,0.0,1000
ks22,whole,ks22_whole_b5,1,5,5,0.92,0.1,future,persistence,reference,0.04512959904,0.04503951999999999,0.0452647176,0.0,0.04503952,,0.0,0.0,0.0,1000
ks22,whole,ks22_whole_b5,1,5,5,0.92,0.1,from_t0,persistence,reference,0.00013511856,0.0,0.00036031616,0.0,0.0,,0.0,0.0,0.0,1000
ks22,whole,ks22_whole_b5,1,5,5,0.92,0.3,future,persistence,reference,0.0808459384,0.073818647292,0.088188506148,0.0,0.04503952,,0.002,0.0,0.0,1000
ks22,whole,ks22_whole_b5,1,5,5,0.92,0.3,from_t0,persistence,reference,0.03882406624000001,0.031615491064,0.04675214774799999,0.0,0.0,,0.002,0.0,0.0,1000
ks22,whole,ks22_whole_b5,1,5,5,0.92,0.5,future,persistence,reference,0.1934447384,0.18051839616,0.207182917988,0.0,0.09007904,,0.01,0.0,0.0,1000
ks22,whole,ks22_whole_b5,1,5,5,0.92,0.5,from_t0,persistence,reference,0.16515991983999997,0.15142286623999998,0.179348494628,0.0,0.09007904,,0.009,0.0,0.0,1000
ks22,whole,ks22_whole_b5,1,5,5,1.84,0.1,future,persistence,reference,0.09007903999999999,0.09007903999999999,0.09007903999999999,0.0,0.09007904,,0.0,0.0,0.0,1000
ks22,whole,ks22_whole_b5,1,5,5,1.84,0.1,from_t0,persistence,reference,0.00018015808,0.0,0.0004503952,0.0,0.0,,0.0,0.0,0.0,1000
ks22,whole,ks22_whole_b5,1,5,5,1.84,0.3,future,persistence,reference,0.12773207872,0.12043567648,0.13539104909599997,0.0,0.09007904,,0.002,0.0,0.0,1000
ks22,whole,ks22_whole_b5,1,5,5,1.84,0.3,from_t0,persistence,reference,0.04341809728,0.035849205944000005,0.05161979387199997,0.0,0.0,,0.002,0.0,0.0,1000
ks22,whole,ks22_whole_b5,1,5,5,1.84,0.5,future,persistence,reference,0.23258408128,0.21916005234400002,0.24681656959999998,0.0,0.18015808,,0.011,0.0,0.0,1000
ks22,whole,ks22_whole_b5,1,5,5,1.84,0.5,from_t0,persistence,reference,0.17961760576,0.16520270738400003,0.194392820296,0.0,0.09007904,,0.009,0.0,0.0,1000
ks22,whole,ks22_whole_b5,1,5,5,0.37,0.1,future,decode_and_integrate,reference,0.01822240232,0.01811372,0.01840353952,0.0,0.01811372,,0.0,0.0,0.0,1000
ks22,whole,ks22_whole_b5,1,5,5,0.37,0.1,from_t0,decode_and_integrate,reference,0.00010868232,0.0,0.00032604696,0.0,0.0,,0.0,0.0,0.0,1000
ks22,whole,ks22_whole_b5,1,5,5,0.37,0.3,future,decode_and_integrate,reference,0.053888317,0.04740224671100001,0.06079055000600001,0.0,0.01811372,,0.001,0.0,0.0,1000
ks22,whole,ks22_whole_b5,1,5,5,0.37,0.3,from_t0,decode_and_integrate,reference,0.03765842388,0.030901553477,0.04463311176599999,0.0,0.0,,0.001,0.0,0.0,1000
ks22,whole,ks22_whole_b5,1,5,5,0.37,0.5,future,decode_and_integrate,reference,0.17673556604000004,0.163348621274,0.18963253468,0.0,0.0905686,,0.008,0.0,0.0,1000
ks22,whole,ks22_whole_b5,1,5,5,0.37,0.5,from_t0,decode_and_integrate,reference,0.16467182852,0.150959289637,0.177714612606,0.0,0.0905686,,0.008,0.0,0.0,1000
ks22,whole,ks22_whole_b5,1,5,5,0.92,0.1,future,decode_and_integrate,reference,0.04508455952,0.04503951999999999,0.04517463856,0.0,0.04503952,,0.0,0.0,0.0,1000
ks22,whole,ks22_whole_b5,1,5,5,0.92,0.1,from_t0,decode_and_integrate,reference,0.00013511856,0.0,0.00036031616,0.0,0.0,,0.0,0.0,0.0,1000
ks22,whole,ks22_whole_b5,1,5,5,0.92,0.3,future,decode_and_integrate,reference,0.08224216352,0.07575534665200001,0.08895305199999999,0.0,0.04503952,,0.001,0.0,0.0,1000
ks22,whole,ks22_whole_b5,1,5,5,0.92,0.3,from_t0,decode_and_integrate,reference,0.04004013328,0.03310404719999999,0.04720141696,0.0,0.0,,0.001,0.0,0.0,1000
ks22,whole,ks22_whole_b5,1,5,5,0.92,0.5,future,decode_and_integrate,reference,0.19988538976,0.18682392896,0.212812857988,0.0,0.13511856,,0.008,0.0,0.0,1000
ks22,whole,ks22_whole_b5,1,5,5,0.92,0.5,from_t0,decode_and_integrate,reference,0.17367238912,0.159709011932,0.1871392056,0.0,0.09007904,,0.008,0.0,0.0,1000
ks22,whole,ks22_whole_b5,1,5,5,1.84,0.1,future,decode_and_integrate,reference,0.09007903999999999,0.09007903999999999,0.09007903999999999,0.0,0.09007904,,0.0,0.0,0.0,1000
ks22,whole,ks22_whole_b5,1,5,5,1.84,0.1,from_t0,decode_and_integrate,reference,0.00018015808,0.0,0.0004503952,0.0,0.0,,0.0,0.0,0.0,1000
ks22,whole,ks22_whole_b5,1,5,5,1.84,0.3,future,decode_and_integrate,reference,0.12764199968,0.12106622976,0.13430784864,0.0,0.09007904,,0.001,0.0,0.0,1000
ks22,whole,ks22_whole_b5,1,5,5,1.84,0.3,from_t0,decode_and_integrate,reference,0.04476928287999999,0.037560707704,0.052426001279999995,0.0,0.0,,0.001,0.0,0.0,1000
ks22,whole,ks22_whole_b5,1,5,5,1.84,0.5,future,decode_and_integrate,reference,0.23708803328,0.224199974632,0.24988150893599997,0.0,0.18015808,,0.008,0.0,0.0,1000
ks22,whole,ks22_whole_b5,1,5,5,1.84,0.5,from_t0,decode_and_integrate,reference,0.18817511456,0.173940374264,0.20186712864,0.0,0.09007904,,0.008,0.0,0.0,1000
ks22,whole,ks22_whole_b6,1,6,6,0.37,0.1,future,bound,bound,0.01811372,0.01811372,0.01811372,0.0,0.01811372,1.0,0.0,0.0,0.0,1000
ks22,whole,ks22_whole_b6,1,6,6,0.37,0.1,from_t0,bound,bound,0.0,0.0,0.0,0.0,0.0,1.0,0.0,0.0,0.0,1000
ks22,whole,ks22_whole_b6,1,6,6,0.37,0.3,future,bound,bound,0.07144051168,0.06321642995700001,0.080009206926,0.0,0.01811372,0.71,0.003,0.0,0.0,1000
ks22,whole,ks22_whole_b6,1,6,6,0.37,0.3,from_t0,bound,bound,0.05437738744000001,0.046006131742,0.06328933768,0.0,0.0,0.71,0.003,0.0,0.0,1000
ks22,whole,ks22_whole_b6,1,6,6,0.37,0.5,future,bound,bound,0.44117776432,0.41258978573,0.4678868973029999,0.0,0.30793324,0.28,0.146,0.0,0.0,1000
ks22,whole,ks22_whole_b6,1,6,6,0.37,0.5,from_t0,bound,bound,0.42025641771999994,0.39236128892,0.44684781152299996,0.0,0.2717058,0.28,0.136,0.0,0.0,1000
ks22,whole,ks22_whole_b6,1,6,6,0.92,0.1,future,bound,bound,0.04503951999999999,0.04503951999999999,0.04503951999999999,0.0,0.04503952,1.0,0.0,0.0,0.0,1000
ks22,whole,ks22_whole_b6,1,6,6,0.92,0.1,from_t0,bound,bound,0.0,0.0,0.0,0.0,0.0,1.0,0.0,0.0,0.0,1000
ks22,whole,ks22_whole_b6,1,6,6,0.92,0.3,future,bound,bound,0.10593295104,0.0975105608,0.11494085504,0.0,0.04503952,0.71,0.003,0.0,0.0,1000
ks22,whole,ks22_whole_b6,1,6,6,0.92,0.3,from_t0,bound,bound,0.05972240352,0.050938571132,0.06886542607999999,0.0,0.0,0.71,0.003,0.0,0.0,1000
ks22,whole,ks22_whole_b6,1,6,6,0.92,0.5,future,bound,bound,0.48615657887999997,0.4567908118399999,0.512824478672,0.0,0.36031616,0.28,0.165,0.0,0.0,1000
ks22,whole,ks22_whole_b6,1,6,6,0.92,0.5,from_t0,bound,bound,0.4417926516799999,0.41328263552,0.468952608228,0.0,0.31527664,0.28,0.148,0.0,0.0,1000
ks22,whole,ks22_whole_b6,1,6,6,1.84,0.1,future,bound,bound,0.09007903999999999,0.09007903999999999,0.09007903999999999,0.0,0.09007904,1.0,0.0,0.0,0.0,1000
ks22,whole,ks22_whole_b6,1,6,6,1.84,0.1,from_t0,bound,bound,0.0,0.0,0.0,0.0,0.0,1.0,0.0,0.0,0.0,1000
ks22,whole,ks22_whole_b6,1,6,6,1.84,0.3,future,bound,bound,0.16691646112,0.15664745056,0.17709764461599997,0.0,0.09007904,0.71,0.005,0.0,0.0,1000
ks22,whole,ks22_whole_b6,1,6,6,1.84,0.3,from_t0,bound,bound,0.07494576128,0.064944735864,0.085397181896,0.0,0.0,0.71,0.003,0.0,0.0,1000
ks22,whole,ks22_whole_b6,1,6,6,1.84,0.5,future,bound,bound,0.56128249824,0.531732069168,0.5894839936879999,0.0,0.4503952,0.28,0.198,0.0,0.0,1000
ks22,whole,ks22_whole_b6,1,6,6,1.84,0.5,from_t0,bound,bound,0.4733653552,0.44282630866399997,0.50246088512,0.0,0.36031616,0.28,0.16,0.0,0.0,1000
ks22,whole,ks22_whole_b6,1,6,6,0.37,0.1,future,persistence,reference,0.01811372,0.01811372,0.01811372,0.0,0.01811372,,0.0,0.0,0.0,1000
ks22,whole,ks22_whole_b6,1,6,6,0.37,0.1,from_t0,persistence,reference,0.0,0.0,0.0,0.0,0.0,,0.0,0.0,0.0,1000
ks22,whole,ks22_whole_b6,1,6,6,0.37,0.3,future,persistence,reference,0.06269158492,0.056206420317000017,0.069739180529,0.0,0.01811372,,0.002,0.0,0.0,1000
ks22,whole,ks22_whole_b6,1,6,6,0.37,0.3,from_t0,persistence,reference,0.045719029280000004,0.039088954917,0.05273175597799998,0.0,0.0,,0.002,0.0,0.0,1000
ks22,whole,ks22_whole_b6,1,6,6,0.37,0.5,future,persistence,reference,0.18389048544,0.171644705034,0.197204522483,0.0,0.12679604,,0.013,0.0,0.0,1000
ks22,whole,ks22_whole_b6,1,6,6,0.37,0.5,from_t0,persistence,reference,0.17251506928,0.1601252848,0.18552117308299998,0.0,0.10868232,,0.012,0.0,0.0,1000
ks22,whole,ks22_whole_b6,1,6,6,0.92,0.1,future,persistence,reference,0.04503951999999999,0.04503951999999999,0.04503951999999999,0.0,0.04503952,,0.0,0.0,0.0,1000
ks22,whole,ks22_whole_b6,1,6,6,0.92,0.1,from_t0,persistence,reference,0.0,0.0,0.0,0.0,0.0,,0.0,0.0,0.0,1000
ks22,whole,ks22_whole_b6,1,6,6,0.92,0.3,future,persistence,reference,0.09273637168,0.08593540415999999,0.09994269488,0.0,0.04503952,,0.002,0.0,0.0,1000
ks22,whole,ks22_whole_b6,1,6,6,0.92,0.3,from_t0,persistence,reference,0.049588511519999996,0.04287762304,0.05692995328,0.0,0.0,,0.002,0.0,0.0,1000
ks22,whole,ks22_whole_b6,1,6,6,0.92,0.5,future,persistence,reference,0.20641612016,0.19398521264000002,0.21997301568,0.0,0.13511856,,0.014,0.0,0.0,1000
ks22,whole,ks22_whole_b6,1,6,6,0.92,0.5,from_t0,persistence,reference,0.18259021408,0.16997802249199997,0.19583521092399997,0.0,0.13511856,,0.012,0.0,0.0,1000
ks22,whole,ks22_whole_b6,1,6,6,1.84,0.1,future,persistence,reference,0.09007903999999999,0.09007903999999999,0.09007903999999999,0.0,0.09007904,,0.0,0.0,0.0,1000
ks22,whole,ks22_whole_b6,1,6,6,1.84,0.1,from_t0,persistence,reference,0.0,0.0,0.0,0.0,0.0,,0.0,0.0,0.0,1000
ks22,whole,ks22_whole_b6,1,6,6,1.84,0.3,future,persistence,reference,0.13836140544,0.13169330450400002,0.14556998061599996,0.0,0.09007904,,0.002,0.0,0.0,1000
ks22,whole,ks22_whole_b6,1,6,6,1.84,0.3,from_t0,persistence,reference,0.0576505856,0.05035418336,0.065307304,0.0,0.0,,0.002,0.0,0.0,1000
ks22,whole,ks22_whole_b6,1,6,6,1.84,0.5,future,persistence,reference,0.2427630128,0.229877206128,0.25654735789600003,0.0,0.18015808,,0.017,0.0,0.0,1000
ks22,whole,ks22_whole_b6,1,6,6,1.84,0.5,from_t0,persistence,reference,0.20006554784,0.18700408704,0.21384989293599999,0.0,0.18015808,,0.012,0.0,0.0,1000
ks22,whole,ks22_whole_b6,1,6,6,0.37,0.1,future,decode_and_integrate,reference,0.01811372,0.01811372,0.01811372,0.0,0.01811372,,0.0,0.0,0.0,1000
ks22,whole,ks22_whole_b6,1,6,6,0.37,0.1,from_t0,decode_and_integrate,reference,0.0,0.0,0.0,0.0,0.0,,0.0,0.0,0.0,1000
ks22,whole,ks22_whole_b6,1,6,6,0.37,0.3,future,decode_and_integrate,reference,0.06616941916,0.059575572236999996,0.07336192452899999,0.0,0.01811372,,0.0,0.0,0.0,1000
ks22,whole,ks22_whole_b6,1,6,6,0.37,0.3,from_t0,decode_and_integrate,reference,0.051098804119999994,0.04407022791699999,0.058726038769,0.0,0.0,,0.0,0.0,0.0,1000
ks22,whole,ks22_whole_b6,1,6,6,0.37,0.5,future,decode_and_integrate,reference,0.20216722892000002,0.18834419634500002,0.215867993885,0.0,0.12679604,,0.007,0.0,0.0,1000
ks22,whole,ks22_whole_b6,1,6,6,0.37,0.5,from_t0,decode_and_integrate,reference,0.19088238136000002,0.17714538895500004,0.205050480301,0.0,0.12679604,,0.007,0.0,0.0,1000
ks22,whole,ks22_whole_b6,1,6,6,0.92,0.1,future,decode_and_integrate,reference,0.04503951999999999,0.04503951999999999,0.04503951999999999,0.0,0.04503952,,0.0,0.0,0.0,1000
ks22,whole,ks22_whole_b6,1,6,6,0.92,0.1,from_t0,decode_and_integrate,reference,0.0,0.0,0.0,0.0,0.0,,0.0,0.0,0.0,1000
ks22,whole,ks22_whole_b6,1,6,6,0.92,0.3,future,decode_and_integrate,reference,0.09651969135999999,0.08949352624,0.10408858269599998,0.0,0.04503952,,0.001,0.0,0.0,1000
ks22,whole,ks22_whole_b6,1,6,6,0.92,0.3,from_t0,decode_and_integrate,reference,0.05557876768,0.048326278971999995,0.06359580224,0.0,0.0,,0.0,0.0,0.0,1000
ks22,whole,ks22_whole_b6,1,6,6,0.92,0.5,future,decode_and_integrate,reference,0.22465712576,0.2107849536,0.23835026582800004,0.0,0.13511856,,0.007,0.0,0.0,1000
ks22,whole,ks22_whole_b6,1,6,6,0.92,0.5,from_t0,decode_and_integrate,reference,0.2011014568,0.18673159794400002,0.215518607152,0.0,0.13511856,,0.007,0.0,0.0,1000
ks22,whole,ks22_whole_b6,1,6,6,1.84,0.1,future,decode_and_integrate,reference,0.09007903999999999,0.09007903999999999,0.09007903999999999,0.0,0.09007904,,0.0,0.0,0.0,1000
ks22,whole,ks22_whole_b6,1,6,6,1.84,0.1,from_t0,decode_and_integrate,reference,0.0,0.0,0.0,0.0,0.0,,0.0,0.0,0.0,1000
ks22,whole,ks22_whole_b6,1,6,6,1.84,0.3,future,decode_and_integrate,reference,0.14151417184,0.13448800672,0.14926322125599997,0.0,0.09007904,,0.001,0.0,0.0,1000
ks22,whole,ks22_whole_b6,1,6,6,1.84,0.3,from_t0,decode_and_integrate,reference,0.06278509088,0.054945962424,0.07116244159999999,0.0,0.0,,0.0,0.0,0.0,1000
ks22,whole,ks22_whole_b6,1,6,6,1.84,0.5,future,decode_and_integrate,reference,0.25933755616000004,0.24447451456,0.27456091392,0.0,0.18015808,,0.008,0.0,0.0,1000
ks22,whole,ks22_whole_b6,1,6,6,1.84,0.5,from_t0,decode_and_integrate,reference,0.21988293664000003,0.20411910464,0.23538328744799994,0.0,0.18015808,,0.008,0.0,0.0,1000
ks22,whole,ks22_whole_b7,1,7,7,0.37,0.1,future,bound,bound,0.01958093132,0.0182042886,0.021573440519999997,0.0,0.01811372,0.994,0.0,0.0,0.0,1000
ks22,whole,ks22_whole_b7,1,7,7,0.37,0.1,from_t0,bound,bound,0.0015396662000000001,9.05686e-05,0.0036055359659999953,0.0,0.0,0.994,0.0,0.0,0.0,1000
ks22,whole,ks22_whole_b7,1,7,7,0.37,0.3,future,bound,bound,0.12719454184,0.11299247967400002,0.14166921549199998,0.0,0.01811372,0.588,0.015,0.0,0.0,1000
ks22,whole,ks22_whole_b7,1,7,7,0.37,0.3,from_t0,bound,bound,0.10933441392,0.09502321659099999,0.123662819283,0.0,0.0,0.588,0.014,0.0,0.0,1000
ks22,whole,ks22_whole_b7,1,7,7,0.37,0.5,future,bound,bound,0.5704010427999999,0.537776874551,0.600564462187,0.0,0.452843,0.162,0.229,0.0,0.0,1000
ks22,whole,ks22_whole_b7,1,7,7,0.37,0.5,from_t0,bound,bound,0.5553304277599999,0.52330084237,0.5855998124089999,0.0,0.43472928,0.162,0.223,0.0,0.0,1000
ks22,whole,ks22_whole_b7,1,7,7,0.92,0.1,future,bound,bound,0.046480784639999995,0.04517463856,0.048417484,0.0,0.04503952,0.994,0.0,0.0,0.0,1000
ks22,whole,ks22_whole_b7,1,7,7,0.92,0.1,from_t0,bound,bound,0.0015763832,0.00013511856,0.003649327107999994,0.0,0.0,0.994,0.0,0.0,0.0,1000
ks22,whole,ks22_whole_b7,1,7,7,0.92,0.3,future,bound,bound,0.16209723248,0.14786361817199997,0.17696140006799999,0.0,0.04503952,0.588,0.017,0.0,0.0,1000
ks22,whole,ks22_whole_b7,1,7,7,0.92,0.3,from_t0,bound,bound,0.12084103216000001,0.10575279296000001,0.13593152333599998,0.0,0.0,0.588,0.015,0.0,0.0,1000
ks22,whole,ks22_whole_b7,1,7,7,0.92,0.5,future,bound,bound,0.64735302096,0.613381963,0.6792443790839999,0.0,0.54047424,0.162,0.262,0.003,0.0,1000
ks22,whole,ks22_whole_b7,1,7,7,0.92,0.5,from_t0,bound,bound,0.60470059552,0.570461552416,0.636589701668,0.0,0.49543472,0.162,0.244,0.003,0.0,1000
ks22,whole,ks22_whole_b7,1,7,7,1.84,0.1,future,bound,bound,0.09269133216,0.09070959328,0.0954837824,0.0,0.09007904,0.994,0.0,0.0,0.0,1000
ks22,whole,ks22_whole_b7,1,7,7,1.84,0.1,from_t0,bound,bound,0.0018015808,0.00027023712,0.0040535568,0.0,0.0,0.994,0.0,0.0,0.0,1000
ks22,whole,ks22_whole_b7,1,7,7,1.84,0.3,future,bound,bound,0.22799005024000002,0.21140875095200004,0.24438668749599995,0.0,0.09007904,0.588,0.026,0.0,0.0,1000
ks22,whole,ks22_whole_b7,1,7,7,1.84,0.3,from_t0,bound,bound,0.14574788672,0.12881302719999999,0.162775077256,0.0,0.0,0.588,0.022,0.0,0.0,1000
ks22,whole,ks22_whole_b7,1,7,7,1.84,0.5,future,bound,bound,0.7552226713600001,0.7193667094879999,0.7908939711999999,0.0,0.63055328,0.162,0.316,0.006,0.0,1000
ks22,whole,ks22_whole_b7,1,7,7,1.84,0.5,from_t0,bound,bound,0.66424284096,0.6288395262640001,0.6994705015279999,0.0,0.54047424,0.162,0.274,0.005,0.0,1000
ks22,whole,ks22_whole_b7,1,7,7,0.37,0.1,future,persistence,reference,0.01958093132,0.0182042886,0.021573440519999997,0.0,0.01811372,,0.0,0.0,0.0,1000
ks22,whole,ks22_whole_b7,1,7,7,0.37,0.1,from_t0,persistence,reference,0.0015396662000000001,9.05686e-05,0.0036055359659999953,0.0,0.0,,0.0,0.0,0.0,1000
ks22,whole,ks22_whole_b7,1,7,7,0.37,0.3,future,persistence,reference,0.08678283252000002,0.07795556392100002,0.096946440812,0.0,0.01811372,,0.007,0.0,0.0,1000
ks22,whole,ks22_whole_b7,1,7,7,0.37,0.3,from_t0,persistence,reference,0.07240053884,0.063324659434,0.08231191358099998,0.0,0.0,,0.007,0.0,0.0,1000
ks22,whole,ks22_whole_b7,1,7,7,0.37,0.5,future,persistence,reference,0.20191363684,0.18856291951400003,0.215518399089,0.0,0.14490976,,0.012,0.0,0.0,1000
ks22,whole,ks22_whole_b7,1,7,7,0.37,0.5,from_t0,persistence,reference,0.19588176808,0.18191608996000003,0.209614232055,0.0,0.14490976,,0.012,0.0,0.0,1000
ks22,whole,ks22_whole_b7,1,7,7,0.92,0.1,future,persistence,reference,0.046480784639999995,0.04517463856,0.048417484,0.0,0.04503952,,0.0,0.0,0.0,1000
ks22,whole,ks22_whole_b7,1,7,7,0.92,0.1,from_t0,persistence,reference,0.0015763832,0.00013511856,0.003649327107999994,0.0,0.0,,0.0,0.0,0.0,1000
ks22,whole,ks22_whole_b7,1,7,7,0.92,0.3,future,persistence,reference,0.11187816767999999,0.10287026367999999,0.12156166447999998,0.0,0.04503952,,0.007,0.0,0.0,1000
ks22,whole,ks22_whole_b7,1,7,7,0.92,0.3,from_t0,persistence,reference,0.07805348816,0.068728055544,0.08809842710799999,0.0,0.0,,0.007,0.0,0.0,1000
ks22,whole,ks22_whole_b7,1,7,7,0.92,0.5,future,persistence,reference,0.22285554496,0.20911623938400004,0.23690787519999998,0.0,0.18015808,,0.013,0.0,0.0,1000
ks22,whole,ks22_whole_b7,1,7,7,0.92,0.5,from_t0,persistence,reference,0.20772226624,0.19398521264,0.2215944384,0.0,0.13511856,,0.012,0.0,0.0,1000
ks22,whole,ks22_whole_b7,1,7,7,1.84,0.1,future,persistence,reference,0.09269133216,0.09070959328,0.0954837824,0.0,0.09007904,,0.0,0.0,0.0,1000
ks22,whole,ks22_whole_b7,1,7,7,1.84,0.1,from_t0,persistence,reference,0.0018015808,0.00027023712,0.0040535568,0.0,0.0,,0.0,0.0,0.0,1000
ks22,whole,ks22_whole_b7,1,7,7,1.84,0.3,future,persistence,reference,0.150882392,0.14214472512,0.16034069119999997,0.0,0.09007904,,0.007,0.0,0.0,1000
ks22,whole,ks22_whole_b7,1,7,7,1.84,0.3,from_t0,persistence,reference,0.08836753823999999,0.078636749944,0.09872662784,0.0,0.0,,0.007,0.0,0.0,1000
ks22,whole,ks22_whole_b7,1,7,7,1.84,0.5,future,persistence,reference,0.25141060064000004,0.23798882368,0.26546743483199997,0.0,0.18015808,,0.013,0.0,0.0,1000
ks22,whole,ks22_whole_b7,1,7,7,1.84,0.5,from_t0,persistence,reference,0.22690910176,0.21294685055999998,0.240880360864,0.0,0.18015808,,0.012,0.0,0.0,1000
ks22,whole,ks22_whole_b7,1,7,7,0.37,0.1,future,decode_and_integrate,reference,0.0196533862,0.018403539519999998,0.02144664448,0.0,0.01811372,,0.0,0.0,0.0,1000
ks22,whole,ks22_whole_b7,1,7,7,0.37,0.1,from_t0,decode_and_integrate,reference,0.0016483485199999999,0.00030793324,0.0035140616799999996,0.0,0.0,,0.0,0.0,0.0,1000
ks22,whole,ks22_whole_b7,1,7,7,0.37,0.3,future,decode_and_integrate,reference,0.09777786056000003,0.08828581843700001,0.108013923732,0.0,0.01811372,,0.004,0.0,0.0,1000
ks22,whole,ks22_whole_b7,1,7,7,0.37,0.3,from_t0,decode_and_integrate,reference,0.08276158668000001,0.072708019237,0.09278073805499999,0.0,0.0,,0.004,0.0,0.0,1000
ks22,whole,ks22_whole_b7,1,7,7,0.37,0.5,future,decode_and_integrate,reference,0.24002490372,0.224409065708,0.25475226376599996,0.0,0.16302348,,0.02,0.0,0.0,1000
ks22,whole,ks22_whole_b7,1,7,7,0.37,0.5,from_t0,decode_and_integrate,reference,0.23498928956000004,0.21891879717600002,0.250009186184,0.0,0.16302348,,0.02,0.0,0.0,1000
ks22,whole,ks22_whole_b7,1,7,7,0.92,0.1,future,decode_and_integrate,reference,0.046886140320000005,0.04553495472,0.0486426816,0.0,0.04503952,,0.0,0.0,0.0,1000
ks22,whole,ks22_whole_b7,1,7,7,0.92,0.1,from_t0,decode_and_integrate,reference,0.00171150176,0.00035919017200000203,0.0035592480679999938,0.0,0.0,,0.0,0.0,0.0,1000
ks22,whole,ks22_whole_b7,1,7,7,0.92,0.3,future,decode_and_integrate,reference,0.1247594704,0.115029808092,0.13521089101599995,0.0,0.04503952,,0.005,0.0,0.0,1000
ks22,whole,ks22_whole_b7,1,7,7,0.92,0.3,from_t0,decode_and_integrate,reference,0.08859273583999999,0.07818860672,0.09904415645599998,0.0,0.0,,0.004,0.0,0.0,1000
ks22,whole,ks22_whole_b7,1,7,7,0.92,0.5,future,decode_and_integrate,reference,0.25911235856000003,0.24375388224,0.27411614866,0.0,0.18015808,,0.021,0.0,0.0,1000
ks22,whole,ks22_whole_b7,1,7,7,0.92,0.5,from_t0,decode_and_integrate,reference,0.24582570016,0.22960922098400002,0.26123034198799994,0.0,0.18015808,,0.021,0.0,0.0,1000
ks22,whole,ks22_whole_b7,1,7,7,1.84,0.1,future,decode_and_integrate,reference,0.09305164832,0.09125006752,0.09530362432,0.0,0.09007904,,0.0,0.0,0.0,1000
ks22,whole,ks22_whole_b7,1,7,7,1.84,0.1,from_t0,decode_and_integrate,reference,0.00189165984,0.0004503952,0.00387339872,0.0,0.0,,0.0,0.0,0.0,1000
ks22,whole,ks22_whole_b7,1,7,7,1.84,0.3,future,decode_and_integrate,reference,0.16331329951999998,0.15376266930400004,0.17376246816,0.0,0.09007904,,0.005,0.0,0.0,1000
ks22,whole,ks22_whole_b7,1,7,7,1.84,0.3,from_t0,decode_and_integrate,reference,0.09917702303999999,0.08836753824,0.11016891789599999,0.0,0.0,,0.004,0.0,0.0,1000
ks22,whole,ks22_whole_b7,1,7,7,1.84,0.5,future,decode_and_integrate,reference,0.29149577344,0.27644806980799996,0.30662905216,0.0,0.18015808,,0.022,0.0,0.0,1000
ks22,whole,ks22_whole_b7,1,7,7,1.84,0.5,from_t0,decode_and_integrate,reference,0.26699427456,0.25059988928,0.28257794848,0.0,0.18015808,,0.021,0.0,0.0,1000
ks22,whole,ks22_whole_b8,1,8,8,0.37,0.1,future,bound,bound,0.019345452959999995,0.018403539519999998,0.020577638763,0.0,0.01811372,0.989,0.0,0.0,0.0,1000
ks22,whole,ks22_whole_b8,1,8,8,0.37,0.1,from_t0,bound,bound,0.00123173296,0.00030793324,0.0024272384799999998,0.0,0.0,0.989,0.0,0.0,0.0,1000
ks22,whole,ks22_whole_b8,1,8,8,0.37,0.3,future,bound,bound,0.18878118984000003,0.17133450757900004,0.206118284095,0.0,0.03622744,0.481,0.026,0.0,0.0,1000
ks22,whole,ks22_whole_b8,1,8,8,0.37,0.3,from_t0,bound,bound,0.16659188283999998,0.148767529517,0.18331265777199998,0.0,0.01811372,0.481,0.024,0.0,0.0,1000
ks22,whole,ks22_whole_b8,1,8,8,0.37,0.5,future,bound,bound,0.92735000912,0.877947102035,0.9768779008729999,0.0,0.77888996,0.056,0.394,0.024,0.0,1000
ks22,whole,ks22_whole_b8,1,8,8,0.37,0.5,from_t0,bound,bound,0.89691895952,0.84779455088,0.9454641819629999,0.0,0.76077624,0.056,0.38,0.022,0.0,1000
ks22,whole,ks22_whole_b8,1,8,8,0.92,0.1,future,bound,bound,0.046165508,0.0452647176,0.04738157504,0.0,0.04503952,0.989,0.0,0.0,0.0,1000
ks22,whole,ks22_whole_b8,1,8,8,0.92,0.1,from_t0,bound,bound,0.00144126464,0.0004503952,0.00279245024,0.0,0.0,0.989,0.0,0.0,0.0,1000
ks22,whole,ks22_whole_b8,1,8,8,0.92,0.3,future,bound,bound,0.24100647152,0.22217882617199997,0.260106605964,0.0,0.09007904,0.481,0.037,0.0,0.0,1000
ks22,whole,ks22_whole_b8,1,8,8,0.92,0.3,from_t0,bound,bound,0.19020189295999998,0.17155102772800002,0.20885050621600001,0.0,0.04503952,0.481,0.032,0.0,0.0,1000
ks22,whole,ks22_whole_b8,1,8,8,0.92,0.5,future,bound,bound,1.1509398940800002,1.0890240659360002,1.2161199614359999,0.0,0.94582992,0.056,0.463,0.055,0.0,1000
ks22,whole,ks22_whole_b8,1,8,8,0.92,0.5,from_t0,bound,bound,1.09662223296,1.035322320252,1.161979080432,0.0,0.9007904,0.056,0.442,0.05,0.0,1000
ks22,whole,ks22_whole_b8,1,8,8,1.84,0.1,future,bound,bound,0.09161038368,0.0905294352,0.09296156927999999,0.0,0.09007904,0.989,0.0,0.0,0.0,1000
ks22,whole,ks22_whole_b8,1,8,8,1.84,0.1,from_t0,bound,bound,0.0018015808,0.00063055328,0.00324284544,0.0,0.0,0.989,0.0,0.0,0.0,1000
ks22,whole,ks22_whole_b8,1,8,8,1.84,0.3,future,bound,bound,0.31293458495999993,0.29284695904,0.33392525325600003,0.0,0.18015808,0.481,0.054,0.0,0.0,1000
ks22,whole,ks22_whole_b8,1,8,8,1.84,0.3,from_t0,bound,bound,0.22258530784,0.201772545648,0.24312332895999997,0.0,0.09007904,0.481,0.041,0.0,0.0,1000
ks22,whole,ks22_whole_b8,1,8,8,1.84,0.5,future,bound,bound,1.6884415257599998,1.5950948685839996,1.78257412256,0.0,1.3511856,0.056,0.583,0.156,0.001,1000
ks22,whole,ks22_whole_b8,1,8,8,1.84,0.5,from_t0,bound,bound,1.5769236742400001,1.4836873638879997,1.6697298571759998,0.0,1.17102752,0.056,0.544,0.142,0.001,1000
ks22,whole,ks22_whole_b8,1,8,8,0.37,0.1,future,persistence,reference,0.019345452959999995,0.018403539519999998,0.020577638763,0.0,0.01811372,,0.0,0.0,0.0,1000
ks22,whole,ks22_whole_b8,1,8,8,0.37,0.1,from_t0,persistence,reference,0.00123173296,0.00030793324,0.0024272384799999998,0.0,0.0,,0.0,0.0,0.0,1000
ks22,whole,ks22_whole_b8,1,8,8,0.37,0.3,future,persistence,reference,0.09861109168000001,0.08942698279700001,0.107923355132,0.0,0.03622744,,0.005,0.0,0.0,1000
ks22,whole,ks22_whole_b8,1,8,8,0.37,0.3,from_t0,persistence,reference,0.08421068427999999,0.07479064419399999,0.093738953843,0.0,0.01811372,,0.005,0.0,0.0,1000
ks22,whole,ks22_whole_b8,1,8,8,0.37,0.5,future,persistence,reference,0.21761823207999997,0.20508217931100003,0.23080819014099999,0.0,0.16302348,,0.012,0.0,0.0,1000
ks22,whole,ks22_whole_b8,1,8,8,0.37,0.5,from_t0,persistence,reference,0.21404982924000002,0.201385621902,0.22768991324299998,0.0,0.16302348,,0.012,0.0,0.0,1000
ks22,whole,ks22_whole_b8,1,8,8,0.92,0.1,future,persistence,reference,0.046165508,0.0452647176,0.04738157504,0.0,0.04503952,,0.0,0.0,0.0,1000
ks22,whole,ks22_whole_b8,1,8,8,0.92,0.1,from_t0,persistence,reference,0.00144126464,0.0004503952,0.00279245024,0.0,0.0,,0.0,0.0,0.0,1000
ks22,whole,ks22_whole_b8,1,8,8,0.92,0.3,future,persistence,reference,0.12093111119999998,0.11201328624000001,0.130031346216,0.0,0.04503952,,0.005,0.0,0.0,1000
ks22,whole,ks22_whole_b8,1,8,8,0.92,0.3,from_t0,persistence,reference,0.0916554232,0.08192688688,0.10147629053599998,0.0,0.04503952,,0.005,0.0,0.0,1000
ks22,whole,ks22_whole_b8,1,8,8,0.92,0.5,future,persistence,reference,0.23199856752,0.219386375932,0.24542034448,0.0,0.18015808,,0.012,0.0,0.0,1000
ks22,whole,ks22_whole_b8,1,8,8,0.92,0.5,from_t0,persistence,reference,0.22708925984,0.21429691017199998,0.24078127391999998,0.0,0.18015808,,0.012,0.0,0.0,1000
ks22,whole,ks22_whole_b8,1,8,8,1.84,0.1,future,persistence,reference,0.09152030464000001,0.09043935615999998,0.09287149024,0.0,0.09007904,,0.0,0.0,0.0,1000
ks22,whole,ks22_whole_b8,1,8,8,1.84,0.1,from_t0,persistence,reference,0.0018015808,0.00063055328,0.00324284544,0.0,0.0,,0.0,0.0,0.0,1000
ks22,whole,ks22_whole_b8,1,8,8,1.84,0.3,future,persistence,reference,0.15592681824,0.14745938848,0.16493697421599998,0.0,0.09007904,,0.005,0.0,0.0,1000
ks22,whole,ks22_whole_b8,1,8,8,1.84,0.3,from_t0,persistence,reference,0.1044916864,0.0941325968,0.11467061792,0.0,0.09007904,,0.005,0.0,0.0,1000
ks22,whole,ks22_whole_b8,1,8,8,1.84,0.5,future,persistence,reference,0.25591455263999996,0.243391314104,0.26951648768,0.0,0.18015808,,0.012,0.0,0.0,1000
ks22,whole,ks22_whole_b8,1,8,8,1.84,0.5,from_t0,persistence,reference,0.24897846656,0.23609716384,0.26285063872000003,0.0,0.18015808,,0.012,0.0,0.0,1000
ks22,whole,ks22_whole_b8,1,8,8,0.37,0.1,future,decode_and_integrate,reference,0.01987075084,0.018693359039999996,0.021356528722999996,0.0,0.01811372,,0.0,0.0,0.0,1000
ks22,whole,ks22_whole_b8,1,8,8,0.37,0.1,from_t0,decode_and_integrate,reference,0.00193816804,0.00067020764,0.0035321754,0.0,0.0,,0.0,0.0,0.0,1000
ks22,whole,ks22_whole_b8,1,8,8,0.37,0.3,future,decode_and_integrate,reference,0.12737567904,0.11420700460000001,0.144149436603,0.0,0.03622744,,0.007,0.001,0.0,1000
ks22,whole,ks22_whole_b8,1,8,8,0.37,0.3,from_t0,decode_and_integrate,reference,0.11346434207999999,0.099588779717,0.130565957975,0.0,0.01811372,,0.007,0.001,0.0,1000
ks22,whole,ks22_whole_b8,1,8,8,0.37,0.5,future,decode_and_integrate,reference,0.32084832236,0.297806311991,0.347496321538,0.0,0.21736464,,0.048,0.001,0.0,1000
ks22,whole,ks22_whole_b8,1,8,8,0.37,0.5,from_t0,decode_and_integrate,reference,0.31615686888,0.29311485851099994,0.34267580780299994,0.0,0.20830778,,0.046,0.001,0.0,1000
ks22,whole,ks22_whole_b8,1,8,8,0.92,0.1,future,decode_and_integrate,reference,0.046615903199999996,0.04553495472,0.04801212832,0.0,0.04503952,,0.0,0.0,0.0,1000
ks22,whole,ks22_whole_b8,1,8,8,0.92,0.1,from_t0,decode_and_integrate,reference,0.00207181792,0.000764545852000002,0.00373828016,0.0,0.0,,0.0,0.0,0.0,1000
ks22,whole,ks22_whole_b8,1,8,8,0.92,0.3,future,decode_and_integrate,reference,0.1538099608,0.140071781212,0.17110513648,0.0,0.04503952,,0.008,0.001,0.0,1000
ks22,whole,ks22_whole_b8,1,8,8,0.92,0.3,from_t0,decode_and_integrate,reference,0.12111126927999999,0.107057813052,0.138452610468,0.0,0.04503952,,0.007,0.001,0.0,1000
ks22,whole,ks22_whole_b8,1,8,8,0.92,0.5,future,decode_and_integrate,reference,0.33662537248,0.31396711595599996,0.36328989430799996,0.0,0.2251976,,0.049,0.001,0.0,1000
ks22,whole,ks22_whole_b8,1,8,8,0.92,0.5,from_t0,decode_and_integrate,reference,0.32865337744,0.305727135772,0.355004874604,0.0,0.2251976,,0.046,0.001,0.0,1000
ks22,whole,ks22_whole_b8,1,8,8,1.84,0.1,future,decode_and_integrate,reference,0.09170046271999999,0.09061951424,0.09305164832,0.0,0.09007904,,0.0,0.0,0.0,1000
ks22,whole,ks22_whole_b8,1,8,8,1.84,0.1,from_t0,decode_and_integrate,reference,0.00234205504,0.0009007904,0.00414363584,0.0,0.0,,0.0,0.0,0.0,1000
ks22,whole,ks22_whole_b8,1,8,8,1.84,0.3,future,decode_and_integrate,reference,0.1923187504,0.178534405304,0.20934368896,0.0,0.09007904,,0.008,0.001,0.0,1000
ks22,whole,ks22_whole_b8,1,8,8,1.84,0.3,from_t0,decode_and_integrate,reference,0.13412769055999998,0.11962496512,0.151515197256,0.0,0.09007904,,0.007,0.001,0.0,1000
ks22,whole,ks22_whole_b8,1,8,8,1.84,0.5,future,decode_and_integrate,reference,0.36427963776,0.3404987712,0.391395680776,0.0,0.27023712,,0.051,0.001,0.0,1000
ks22,whole,ks22_whole_b8,1,8,8,1.84,0.5,from_t0,decode_and_integrate,reference,0.35347015296,0.32977711346399996,0.38067627501600004,0.0,0.27023712,,0.048,0.001,0.0,1000
ks22,whole,ks22_whole_b9,1,9,9,0.37,0.1,future,bound,bound,0.01905563344,0.01851222184,0.019689613640000003,0.0,0.01811372,0.982,0.0,0.0,0.0,1000
ks22,whole,ks22_whole_b9,1,9,9,0.37,0.1,from_t0,bound,bound,0.00106870948,0.00047095672,0.00175703084,0.0,0.0,0.982,0.0,0.0,0.0,1000
ks22,whole,ks22_whole_b9,1,9,9,0.37,0.3,future,bound,bound,0.30398444904,0.281114066168,0.32577615988599995,0.0,0.10868232,0.325,0.06,0.0,0.0,1000
ks22,whole,ks22_whole_b9,1,9,9,0.37,0.3,from_t0,bound,bound,0.28576204672000005,0.262376781357,0.307263485203,0.0,0.0905686,0.325,0.054,0.0,0.0,1000
ks22,whole,ks22_whole_b9,1,9,9,0.37,0.5,future,bound,bound,5.0002727371199995,4.686973740721,5.293561203720999,0.0050000000000000044,3.49594796,0.012,0.818,0.563,0.126,1000
ks22,whole,ks22_whole_b9,1,9,9,0.37,0.5,from_t0,bound,bound,4.9626143132400005,4.653650429982,5.256449759364999,0.0050000000000000044,3.4868911000000002,0.012,0.813,0.561,0.125,1000
ks22,whole,ks22_whole_b9,1,9,9,0.92,0.1,future,bound,bound,0.046480784639999995,0.04562503376,0.04756173312,0.0,0.04503952,0.982,0.0,0.0,0.0,1000
ks22,whole,ks22_whole_b9,1,9,9,0.92,0.1,from_t0,bound,bound,0.00139622512,0.000719506332000002,0.00216189696,0.0,0.0,0.982,0.0,0.0,0.0,1000
ks22,whole,ks22_whole_b9,1,9,9,0.92,0.3,future,bound,bound,0.3589199348799999,0.33509177682399993,0.3810805047079999,0.0,0.18015808,0.325,0.082,0.0,0.0,1000
ks22,whole,ks22_whole_b9,1,9,9,0.92,0.3,from_t0,bound,bound,0.31365521728,0.289738106172,0.33698681462800006,0.0,0.13511856,0.325,0.066,0.0,0.0,1000
ks22,whole,ks22_whole_b9,1,9,9,0.92,0.5,future,bound,bound,7.73098830288,7.295231963752,8.168950733812,0.038000000000000034,5.3597028799999995,0.012,0.871,0.691,0.283,1000
ks22,whole,ks22_whole_b9,1,9,9,0.92,0.5,from_t0,bound,bound,7.65165238064,7.210313899636,8.083797262288,0.03700000000000003,5.31466336,0.012,0.864,0.685,0.281,1000
ks22,whole,ks22_whole_b9,1,9,9,1.84,0.1,future,bound,bound,0.09152030464,0.09070959327999999,0.09260125311999999,0.0,0.09007904,0.982,0.0,0.0,0.0,1000
ks22,whole,ks22_whole_b9,1,9,9,1.84,0.1,from_t0,bound,bound,0.0019817388799999998,0.00108094848,0.00297260832,0.0,0.0,0.982,0.0,0.0,0.0,1000
ks22,whole,ks22_whole_b9,1,9,9,1.84,0.3,future,bound,bound,0.45165630655999994,0.426605325536,0.47570741023999996,0.0,0.27023712,0.325,0.118,0.0,0.0,1000
ks22,whole,ks22_whole_b9,1,9,9,1.84,0.3,from_t0,bound,bound,0.36427963776,0.338872844528,0.389416193872,0.0,0.18015808,0.325,0.083,0.0,0.0,1000
ks22,whole,ks22_whole_b9,1,9,9,1.84,0.5,future,bound,bound,10.90108961792,10.341572063080001,11.441971227127999,0.118,8.197192639999999,0.012,0.909,0.778,0.437,1000
ks22,whole,ks22_whole_b9,1,9,9,1.84,0.5,from_t0,bound,bound,10.77635385952,10.209896284208,11.300178353264002,0.11699999999999999,8.1071136,0.012,0.899,0.77,0.432,1000
ks22,whole,ks22_whole_b9,1,9,9,0.37,0.1,future,persistence,reference,0.01905563344,0.01851222184,0.019689613640000003,0.0,0.01811372,,0.0,0.0,0.0,1000
ks22,whole,ks22_whole_b9,1,9,9,0.37,0.1,from_t0,persistence,reference,0.00106870948,0.00047095672,0.00175703084,0.0,0.0,,0.0,0.0,0.0,1000
ks22,whole,ks22_whole_b9,1,9,9,0.37,0.3,future,persistence,reference,0.10362859212,0.095113785191,0.112379330252,0.0,0.05434116,,0.005,0.0,0.0,1000
ks22,whole,ks22_whole_b9,1,9,9,0.37,0.3,from_t0,persistence,reference,0.0953687358,0.08667415020000001,0.10446272892599999,0.0,0.05434116,,0.005,0.0,0.0,1000
ks22,whole,ks22_whole_b9,1,9,9,0.37,0.5,future,persistence,reference,0.21587931496,0.204536503496,0.228415367729,0.0,0.16302348,,0.01,0.0,0.0,1000
ks22,whole,ks22_whole_b9,1,9,9,0.37,0.5,from_t0,persistence,reference,0.21529967592,0.20394237348000002,0.227928108661,0.0,0.16302348,,0.01,0.0,0.0,1000
ks22,whole,ks22_whole_b9,1,9,9,0.92,0.1,future,persistence,reference,0.046480784639999995,0.04562503376,0.04756173312,0.0,0.04503952,,0.0,0.0,0.0,1000
ks22,whole,ks22_whole_b9,1,9,9,0.92,0.1,from_t0,persistence,reference,0.00139622512,0.000719506332000002,0.00216189696,0.0,0.0,,0.0,0.0,0.0,1000
ks22,whole,ks22_whole_b9,1,9,9,0.92,0.3,future,persistence,reference,0.12457931232,0.11611075657200001,0.133363144708,0.0,0.09007904,,0.005,0.0,0.0,1000
ks22,whole,ks22_whole_b9,1,9,9,0.92,0.3,from_t0,persistence,reference,0.10543751632,0.09647352585200002,0.114716783428,0.0,0.09007904,,0.005,0.0,0.0,1000
ks22,whole,ks22_whole_b9,1,9,9,0.92,0.5,future,persistence,reference,0.22947635440000003,0.218080229852,0.24181830886800001,0.0,0.18015808,,0.01,0.0,0.0,1000
ks22,whole,ks22_whole_b9,1,9,9,0.92,0.5,from_t0,persistence,reference,0.22844044544000003,0.21690807634400003,0.24100647152,0.0,0.18015808,,0.01,0.0,0.0,1000
ks22,whole,ks22_whole_b9,1,9,9,1.84,0.1,future,persistence,reference,0.09134014655999999,0.0905294352,0.092331016,0.0,0.09007904,,0.0,0.0,0.0,1000
ks22,whole,ks22_whole_b9,1,9,9,1.84,0.1,from_t0,persistence,reference,0.0019817388799999998,0.00108094848,0.00297260832,0.0,0.0,,0.0,0.0,0.0,1000
ks22,whole,ks22_whole_b9,1,9,9,1.84,0.3,future,persistence,reference,0.15592681824,0.14754946752,0.16439649997599998,0.0,0.09007904,,0.005,0.0,0.0,1000
ks22,whole,ks22_whole_b9,1,9,9,1.84,0.3,from_t0,persistence,reference,0.12268765247999999,0.11349733842399999,0.13223603071999998,0.0,0.09007904,,0.005,0.0,0.0,1000
ks22,whole,ks22_whole_b9,1,9,9,1.84,0.5,future,persistence,reference,0.25204115392,0.24060111584000002,0.26438423437600006,0.0,0.18015808,,0.01,0.0,0.0,1000
ks22,whole,ks22_whole_b9,1,9,9,1.84,0.5,from_t0,persistence,reference,0.25059988928,0.2391598512,0.262942969736,0.0,0.18015808,,0.01,0.0,0.0,1000
ks22,whole,ks22_whole_b9,1,9,9,0.37,0.1,future,decode_and_integrate,reference,0.02086700544,0.01918242948,0.023094992999999998,0.0,0.01811372,,0.0,0.0,0.0,1000
ks22,whole,ks22_whole_b9,1,9,9,0.37,0.1,from_t0,decode_and_integrate,reference,0.0023547836000000003,0.0010868232,0.0038772417659999952,0.0,0.0,,0.0,0.0,0.0,1000
ks22,whole,ks22_whole_b9,1,9,9,0.37,0.3,future,decode_and_integrate,reference,0.15793352468,0.145941336354,0.170251307123,0.0,0.0905686,,0.007,0.0,0.0,1000
ks22,whole,ks22_whole_b9,1,9,9,0.37,0.3,from_t0,decode_and_integrate,reference,0.14807966099999997,0.13577999227700002,0.16065103552299997,0.0,0.0905686,,0.007,0.0,0.0,1000
ks22,whole,ks22_whole_b9,1,9,9,0.37,0.5,future,decode_and_integrate,reference,0.39208958312,0.37064248579700004,0.413319768646,0.0,0.28981952,,0.071,0.0,0.0,1000
ks22,whole,ks22_whole_b9,1,9,9,0.37,0.5,from_t0,decode_and_integrate,reference,0.391256352,0.369878539656,0.41259431416000003,0.0,0.28981952,,0.071,0.0,0.0,1000
ks22,whole,ks22_whole_b9,1,9,9,0.92,0.1,future,decode_and_integrate,reference,0.047877009760000006,0.046254461052,0.05003890672,0.0,0.04503952,,0.0,0.0,0.0,1000
ks22,whole,ks22_whole_b9,1,9,9,0.92,0.1,from_t0,decode_and_integrate,reference,0.00261229216,0.00126110656,0.00423371488,0.0,0.0,,0.0,0.0,0.0,1000
ks22,whole,ks22_whole_b9,1,9,9,0.92,0.3,future,decode_and_integrate,reference,0.17966264528,0.167634841464,0.192049639268,0.0,0.09007904,,0.007,0.0,0.0,1000
ks22,whole,ks22_whole_b9,1,9,9,0.92,0.3,from_t0,decode_and_integrate,reference,0.15772839904,0.14534140505199997,0.17056466224,0.0,0.09007904,,0.007,0.0,0.0,1000
ks22,whole,ks22_whole_b9,1,9,9,0.92,0.5,future,decode_and_integrate,reference,0.40657174704,0.385444834196,0.427741447428,0.0,0.31527664,,0.071,0.0,0.0,1000
ks22,whole,ks22_whole_b9,1,9,9,0.92,0.5,from_t0,decode_and_integrate,reference,0.40522056143999996,0.38377611998000005,0.426390261828,0.0,0.31527664,,0.071,0.0,0.0,1000
ks22,whole,ks22_whole_b9,1,9,9,1.84,0.1,future,decode_and_integrate,reference,0.09305164832,0.09134014655999999,0.09521354528,0.0,0.09007904,,0.0,0.0,0.0,1000
ks22,whole,ks22_whole_b9,1,9,9,1.84,0.1,from_t0,decode_and_integrate,reference,0.00306268736,0.00153134368,0.00477418912,0.0,0.0,,0.0,0.0,0.0,1000
ks22,whole,ks22_whole_b9,1,9,9,1.84,0.3,future,decode_and_integrate,reference,0.21204606016,0.200243453944,0.22420898253599997,0.0,0.09007904,,0.007,0.0,0.0,1000
ks22,whole,ks22_whole_b9,1,9,9,1.84,0.3,from_t0,decode_and_integrate,reference,0.17502357472,0.162049940984,0.187907129416,0.0,0.09007904,,0.007,0.0,0.0,1000
ks22,whole,ks22_whole_b9,1,9,9,1.84,0.5,future,decode_and_integrate,reference,0.43346034048000004,0.41228726212800004,0.45471899392,0.0,0.36031616,,0.073,0.0,0.0,1000
ks22,whole,ks22_whole_b9,1,9,9,1.84,0.5,from_t0,decode_and_integrate,reference,0.43138852256,0.40985963200000003,0.4527417589919999,0.0,0.36031616,,0.073,0.0,0.0,1000
