# git_sha=9adb33b3c8d8ada3007418dffbaf6fcef7195d06-dirty; Adapt the Physics pivot; paired differences a - b
world,Re,w,eps,a,b,n,mean_a,mean_b,ratio,diff,ci90_lo,ci90_hi,ci95_lo,ci95_hi,reading,label
D,36,3,0.1,H,L_range,300,2.5529464123172705,0.9911602017001767,2.575715215298293,1.5617862106170937,1.4376254001929838,1.6899489670173087,1.418119836398248,1.710534175355063,b well below a,estimate
D,36,3,0.1,H,O,300,2.5529464123172705,2.7455400985373375,0.9298521677674023,-0.192593686220067,-0.2703655140039535,-0.12336733202895914,-0.2843095687304598,-0.11007475353062085,no reading,estimate
D,36,3,0.1,H,P1,300,2.5529464123172705,0.20953580128770447,12.18381964622805,2.343410611029566,2.189038946894579,2.4987687009883914,2.1619591252203674,2.5309754517858405,b well below a,estimate
D,36,3,0.1,H_true,H,300,2.602928695883605,2.5529464123172705,1.0195782736861156,0.049982283566334385,0.019313164716069586,0.08406881851705739,0.014896429155842661,0.0912415144012219,approximately equal,estimate
D,36,3,0.1,H,L0,300,2.5529464123172705,0.43856839955879184,5.8210906551534105,2.1143780127584786,1.9683247143936886,2.2613486428558116,1.9425763461303807,2.288386595401073,b well below a,estimate
D,36,3,0.1,H,L0big,300,2.5529464123172705,0.42345290526830404,6.0288791989742,2.1294935070489664,1.9826333726709902,2.276238800967085,1.9568905654039646,2.30475969650622,b well below a,estimate
D,36,3,0.1,H,P1x,300,2.5529464123172705,2.6838732631348408,0.9512172006718961,-0.13092685081757027,-0.19380224944561317,-0.07418720930121313,-0.20567903866217607,-0.06034237715958061,no reading,estimate
D,36,3,0.1,L_range,L0,300,0.9911602017001767,0.43856839955879184,2.25999000999001,0.5525918021413849,0.5039374357367855,0.6050633785171688,0.4961825299703615,0.6178814272080698,b well below a,estimate
D,36,3,0.3,H,L_range,300,3.535630705535635,1.8044395140688156,1.9594066068544302,1.7311911914668194,1.589606821848783,1.877335328738104,1.5633650016449379,1.9036303896484241,b well below a,estimate
D,36,3,0.3,H,O,300,3.535630705535635,3.6948491576243807,0.9569079967012467,-0.15921845208874563,-0.2456803955035301,-0.08257707352400918,-0.25991567116669284,-0.07099746344848554,no reading,estimate
D,36,3,0.3,H,P1,300,3.535630705535635,0.4559840777630496,7.753846851145781,3.0796466277725854,2.8873306537292183,3.2811179285741314,2.848657902985195,3.3120424312480563,b well below a,estimate
D,36,3,0.3,H_true,H,300,3.5519864909340013,3.535630705535635,1.0046259880515118,0.01635578539836624,-0.024395806273924882,0.05852759546084605,-0.03326246759867103,0.06564632651511743,approximately equal,estimate
D,36,3,0.3,H,L0,300,3.535630705535635,1.0262106232433368,3.4453265493990703,2.5094200822922983,2.336871024628056,2.6886615868575023,2.3061167649343703,2.718221438878663,b well below a,estimate
D,36,3,0.3,H,L0big,300,3.535630705535635,1.0087949450390794,3.5048061282649163,2.5268357604965557,2.3541161188616315,2.707761324765558,2.323324665213595,2.7353863240659453,b well below a,estimate
D,36,3,0.3,H,P1x,300,3.535630705535635,3.6797336633338924,0.9608387532950692,-0.14410295779825733,-0.22283349783005432,-0.06847910022175402,-0.23806159695492707,-0.054955202708343885,no reading,estimate
D,36,3,0.3,L_range,L0,300,1.8044395140688156,1.0262106232433368,1.758352011954318,0.7782288908254789,0.7060414523316669,0.8608219232149161,0.6916844710698866,0.8757128757423929,b well below a,estimate
D,36,6,0.1,H,L_range,300,2.6122389641060066,1.2706873135068792,2.0557685091674323,1.3415516505991274,1.2203235781838562,1.4629583496730167,1.2020371969185193,1.4888797871174426,b well below a,estimate
D,36,6,0.1,H,O,300,2.6122389641060066,2.7764250485569186,0.940864211502396,-0.16418608445091198,-0.23356094736340627,-0.09458057042910317,-0.2502541219065674,-0.08016865766661317,no reading,estimate
D,36,6,0.1,H,P1,300,2.6122389641060066,0.21775074383688264,11.996464021555022,2.394488220269124,2.233933611444619,2.5589338083307074,2.1924665183167824,2.5830339575219954,b well below a,estimate
D,36,6,0.1,H_true,H,300,2.625128374182716,2.6122389641060066,1.0049342385033755,0.012889410076709407,-0.006314222072037379,0.031216781686876714,-0.010041067675181736,0.033701483689643805,approximately equal,estimate
D,36,6,0.1,H,L0,300,2.6122389641060066,0.44262110454971987,5.9017496844472594,2.1696178595562867,2.0166532249292857,2.322001177160276,1.9789951233113032,2.3475232320172053,b well below a,estimate
D,36,6,0.1,H,L0big,300,2.6122389641060066,0.425205426345462,6.1434751352012835,2.1870335377605445,2.033671844058218,2.3389750130726807,1.9966326049643885,2.3657970500807113,b well below a,estimate
D,36,6,0.1,H,P1x,300,2.6122389641060066,2.7630620753435893,0.9454145049496119,-0.15082311123758263,-0.2197711205340525,-0.08173640755102832,-0.23557634308335645,-0.06760333533432174,no reading,estimate
D,36,6,0.1,L_range,L0,300,1.2706873135068792,0.44262110454971987,2.870824053452115,0.8280662089571593,0.7660652992243289,0.8958887746431744,0.7530336620271489,0.9076991237147095,b well below a,estimate
D,36,6,0.3,H,L_range,300,3.5753523606409976,2.1394996375079622,1.6711161329316615,1.4358527231330354,1.299930385791797,1.5740905423852753,1.2753057738634934,1.5991107686608532,b well below a,estimate
D,36,6,0.3,H,O,300,3.5753523606409976,3.7234371576955207,0.9602290059472429,-0.14808479705452315,-0.21943495116381936,-0.079900134140842,-0.23220589312602238,-0.06560896030615398,no reading,estimate
D,36,6,0.3,H,P1,300,3.5753523606409976,0.4753713421791101,7.5211777475931205,3.0999810184618877,2.904238601365399,3.3000014837660827,2.8572169064506223,3.335399449775785,b well below a,estimate
D,36,6,0.3,H_true,H,300,3.607957632835734,3.5753523606409976,1.009119457022941,0.0326052721947363,0.007741379412557992,0.059697182532327364,0.003248691659840286,0.06455608729972269,approximately equal,estimate
D,36,6,0.3,H,L0,300,3.5753523606409976,1.0429691060436603,3.428052029463783,2.5323832545973373,2.354062463353143,2.711852211494347,2.3168836510851105,2.7398000717270237,b well below a,estimate
D,36,6,0.3,H,L0big,300,3.5753523606409976,1.0225960485216987,3.4963486958605543,2.552756312119299,2.3749276159742876,2.731910492914484,2.336713636577144,2.762390446651411,b well below a,estimate
D,36,6,0.3,H,P1x,300,3.5753523606409976,3.6931707362472133,0.9680983133409272,-0.11781837560621566,-0.19040156551409393,-0.05098948401577078,-0.20518766416762824,-0.03839857833527459,no reading,estimate
D,36,6,0.3,L_range,L0,300,2.1394996375079622,1.0429691060436603,2.0513547574039066,1.096530531464302,1.0071410032725114,1.191725285724179,0.9930113020879245,1.2060685754150442,b well below a,estimate
D,36,11,0.1,H,L_range,300,2.584343592306132,1.4580975361954638,1.7724079001253388,1.1262460561106684,1.011638925106195,1.246511514406941,0.9857862478001853,1.267873022499854,b well below a,estimate
D,36,11,0.1,H,O,300,2.584343592306132,2.822064696263018,0.9157634109977434,-0.23772110395688584,-0.3198532981098019,-0.1565128570903091,-0.3361194397447607,-0.13844368846711613,no reading,estimate
D,36,11,0.1,H,P1,300,2.584343592306132,0.2182984066734946,11.83858202030532,2.3660451856326374,2.2099786702353845,2.527275184351977,2.176661854673847,2.5595583091814937,b well below a,estimate
D,36,11,0.1,H_true,H,300,2.592851699689946,2.584343592306132,1.003292173459111,0.008508107383813801,-0.03305289339879575,0.047319840726632534,-0.039941272108810745,0.05451347645344499,approximately equal,estimate
D,36,11,0.1,H,L0,300,2.584343592306132,0.44809773291583854,5.767365917005257,2.1362458593902938,1.9874495716678457,2.2922561391443583,1.9576733928262222,2.3216550141665624,b well below a,estimate
D,36,11,0.1,H,L0big,300,2.584343592306132,0.4275056102592319,6.045168835887397,2.1568379820469,2.007868213860103,2.3122759576554874,1.9776381919499444,2.3435427742337698,b well below a,estimate
D,36,11,0.1,H,P1x,300,2.584343592306132,2.786466611883246,0.9274626084823215,-0.20212301957711398,-0.2756211438937943,-0.1284707482124148,-0.29008040945116476,-0.11554864358255676,no reading,estimate
D,36,11,0.1,L_range,L0,300,1.4580975361954638,0.44809773291583854,3.2539721339525784,1.0099998032796251,0.941651481270463,1.0794489275903776,0.9287184233838734,1.0949970755217888,b well below a,estimate
D,36,11,0.3,H,L_range,300,3.57641225344689,2.3404918985445216,1.5280600867155099,1.2359203549023685,1.1032804512940675,1.3683334740846205,1.0758718631820594,1.3920814915214648,b well below a,estimate
D,36,11,0.3,H,O,300,3.57641225344689,3.7660453263839244,0.9496466302175083,-0.18963307293703435,-0.27338714350252435,-0.09821027441214462,-0.29103749767884574,-0.0809475586691655,no reading,estimate
D,36,11,0.3,H,P1,300,3.57641225344689,0.4928965529506902,7.255908429541559,3.0835157004962,2.886937123865498,3.286956647130351,2.841762525588412,3.319213081272415,b well below a,estimate
D,36,11,0.3,H_true,H,300,3.578348406791362,3.57641225344689,1.0005413674954855,0.001936153344471947,-0.03475725670852414,0.039273232447534556,-0.043017618710950056,0.0455301151387766,approximately equal,estimate
D,36,11,0.3,H,L0,300,3.57641225344689,1.051512646294806,3.401207076347605,2.524899607152084,2.341898400732323,2.708971026916534,2.3041024167343704,2.740870587355551,b well below a,estimate
D,36,11,0.3,H,L0big,300,3.57641225344689,1.0324539795807124,3.463991930080311,2.5439582738661777,2.3622350551973548,2.7275414722522755,2.326160672885561,2.7616426372944725,b well below a,estimate
D,36,11,0.3,H,P1x,300,3.57641225344689,3.750382169256824,0.9536127498589275,-0.17396991580993415,-0.251741581895555,-0.09381785676425031,-0.267215134475829,-0.07774347797123991,no reading,estimate
D,36,11,0.3,L_range,L0,300,2.3404918985445216,1.051512646294806,2.2258333333333327,1.2889792522497157,1.194304777684621,1.390630951353247,1.1793344140458348,1.4100319073402225,b well below a,estimate
D,36,23,0.1,H,L_range,300,2.5398025042385854,1.5130828849912965,1.6785613857850192,1.026719619247289,0.9094978656988828,1.1513767007752516,0.8902274629710096,1.1722170398329173,b well below a,estimate
D,36,23,0.1,H,O,300,2.5398025042385854,2.738310949094061,0.9275069747206213,-0.19850844485547547,-0.28410153770168095,-0.12088691854903637,-0.3046581466418232,-0.10211206632038217,no reading,estimate
D,36,23,0.1,H,P1,300,2.5398025042385854,0.167694360570557,15.145425854496578,2.3721081436680285,2.215274738601253,2.532469298856352,2.1850605947073882,2.5617498463496244,b well below a,estimate
D,36,23,0.1,H_true,H,300,2.5984378606233878,2.5398025042385854,1.0230865810577585,0.05863535638480233,0.014427210759723842,0.10314648821338343,0.0057237972472286795,0.11012113965468479,no reading,estimate
D,36,23,0.1,H,L0,300,2.5398025042385854,0.4468928746752924,5.683246809616239,2.092909629563293,1.9405089189221711,2.2458726612827578,1.9141424122581274,2.273896406933922,b well below a,estimate
D,36,23,0.1,H,L0big,300,2.5398025042385854,0.43024392444229126,5.903168783919109,2.1095585797962944,1.9586858484693195,2.2616342360221817,1.9309395618911105,2.2909889640645784,b well below a,estimate
D,36,23,0.1,H,P1x,300,2.5398025042385854,2.6641541670514837,0.9533241490485805,-0.12435166281289822,-0.18532279767706827,-0.06872604766815812,-0.19872972802168237,-0.05545802611077049,no reading,estimate
D,36,23,0.1,L_range,L0,300,1.5130828849912965,0.4468928746752924,3.3857843137254906,1.0661900103160042,1.0056075473299981,1.1312523553054952,0.9921350415493458,1.140784426976725,b well below a,estimate
D,36,23,0.3,H,L_range,300,3.5086470271416705,2.381676143857735,1.4731839323286486,1.1269708832839354,0.9948354622032558,1.254157836682948,0.9685759185281816,1.285758868177137,b well below a,estimate
D,36,23,0.3,H,O,300,3.5086470271416705,3.727415762986457,0.9413082012430226,-0.2187687358447863,-0.3021987292222057,-0.14010875222624722,-0.3193196888643848,-0.12270087416252644,no reading,estimate
D,36,23,0.3,H,P1,300,3.5086470271416705,0.5005638326632564,7.009389808436355,3.008083194478414,2.8077779444991813,3.205908340299128,2.7709109696139205,3.2358399632936847,b well below a,estimate
D,36,23,0.3,H_true,H,300,3.566808820389853,3.5086470271416705,1.01657670116095,0.05816179324818238,0.007557747145244575,0.10767599030626075,-0.0025384172476957,0.11402887921095954,no reading,estimate
D,36,23,0.3,H,L0,300,3.5086470271416705,1.01481923624181,3.457410839131585,2.4938277908998607,2.307913348623422,2.6726210063552465,2.278883179345112,2.706945366875447,b well below a,estimate
D,36,23,0.3,H,L0big,300,3.5086470271416705,0.9921459948060781,3.536422104720042,2.5165010323355923,2.3299856021481484,2.695855774453118,2.303664757484751,2.7296178841877623,b well below a,estimate
D,36,23,0.3,H,P1x,300,3.5086470271416705,3.61879812303532,0.9695614145501825,-0.11015109589364958,-0.1716942396570204,-0.048731039201725064,-0.18686624020549775,-0.03650164369226586,no reading,estimate
D,36,23,0.3,L_range,L0,300,2.381676143857735,1.01481923624181,2.3468969239071775,1.3668569076159252,1.275698428461878,1.4621721476998564,1.2587427870403742,1.483311933193075,b well below a,estimate
D,40,3,0.1,H,L_range,300,3.26856010647832,2.2579964770822176,1.4475488069414317,1.0105636293961022,0.9194502878197826,1.1030484221949446,0.9039724811655958,1.1232528375267548,b well below a,estimate
D,40,3,0.1,H,O,300,3.26856010647832,3.4045830206839978,0.9600471149097283,-0.13602291420567791,-0.19423962418695723,-0.08116353226544788,-0.20444357471382776,-0.07273467180667174,no reading,estimate
D,40,3,0.1,H,P1,300,3.26856010647832,0.37891238062273397,8.626163391933815,2.889647725855586,2.7517091211102724,3.0342476651102963,2.7297659015499076,3.064615513609015,b well below a,estimate
D,40,3,0.1,H_true,H,300,3.333410157143328,3.26856010647832,1.0198405562548702,0.06485005066500804,0.02996620921212312,0.0995379705146746,0.023691819869081577,0.1056115402144182,approximately equal,estimate
D,40,3,0.1,H,L0,300,3.26856010647832,2.912374631828821,1.122300706357215,0.3561854746494988,0.27741519407588416,0.43964807762017344,0.263308838644221,0.4545430175047873,b well below a,estimate
D,40,3,0.1,H,L0big,300,3.26856010647832,3.08657559787557,1.0589600036778644,0.18198450860275006,0.09754536712406392,0.2670242804793257,0.08083563976979491,0.2809255847472689,no reading,estimate
D,40,3,0.1,H,P1x,300,3.26856010647832,3.369904896914492,0.9699265131995374,-0.10134479043617217,-0.154611471803629,-0.0515202516446889,-0.16526988769711076,-0.04292859385091253,no reading,estimate
D,40,3,0.1,L_range,L0,300,2.2579964770822176,2.912374631828821,0.7753111335351497,-0.6543781547466034,-0.7423469545912811,-0.5677710100442868,-0.7621448325964142,-0.5516907444602082,a well below b,estimate
D,40,3,0.3,H,L_range,300,4.579123735874423,3.3290998818725415,1.3754840342305297,1.2500238540018813,1.1314113016962146,1.364778022387983,1.113464540787542,1.3917122965143365,b well below a,estimate
D,40,3,0.3,H,O,300,4.579123735874423,4.676274190283974,0.9792248164978429,-0.09715045440955095,-0.1614451980134668,-0.035228098673329065,-0.1737633653863294,-0.024262719972544703,no reading,estimate
D,40,3,0.3,H,P1,300,4.579123735874423,0.7760454703446997,5.9005868996832005,3.803078265529723,3.6211593827310162,3.993434178050081,3.58406407842617,4.039250738740471,b well below a,estimate
D,40,3,0.3,H_true,H,300,4.615004050049583,4.579123735874423,1.0078356288767787,0.035880314175160244,0.007656474192355534,0.06452399119006932,0.0025983028555536915,0.07046982600651017,approximately equal,estimate
D,40,3,0.3,H,L0,300,4.579123735874423,4.232601037454048,1.081869917659145,0.3465226984203751,0.2512158890518138,0.441316857986001,0.23190026852423826,0.4591332617200022,b well below a,estimate
D,40,3,0.3,H,L0big,300,4.579123735874423,4.3220212708803,1.05948662648339,0.2571024649941229,0.15955350218154676,0.35301083437044806,0.1360019845173285,0.37151204720535286,b well below a,estimate
D,40,3,0.3,H,P1x,300,4.579123735874423,4.617524370105062,0.9916837181240984,-0.038400634230638886,-0.0966702623551777,0.019092840911997557,-0.10921454643062285,0.031427438873858037,approximately equal,estimate
D,40,3,0.3,L_range,L0,300,3.3290998818725415,4.232601037454048,0.7865376047526154,-0.9035011555815062,-1.025809618937453,-0.7884279963464951,-1.050943742827608,-0.7717738225263739,a well below b,estimate
D,40,6,0.1,H,L_range,300,3.2376044931699477,2.243694200047337,1.4429793922458958,0.9939102931226107,0.8972915544958776,1.0875706155407587,0.8779198059777438,1.1099056783075585,b well below a,estimate
D,40,6,0.1,H,O,300,3.2376044931699477,3.3526637958313485,0.9656812285191065,-0.11505930266140085,-0.17229773766591033,-0.06297388649996019,-0.18433829978420269,-0.05230683653866338,no reading,estimate
D,40,6,0.1,H,P1,300,3.2376044931699477,0.3916472848318744,8.26663331665833,2.8459572083380733,2.7042960931316267,2.988823241404308,2.6809471360681756,3.017192689550208,b well below a,estimate
D,40,6,0.1,H_true,H,300,3.223302216135066,3.2376044931699477,0.9955824508320724,-0.014302277034881516,-0.035265888579158154,0.006269491302961061,-0.03998270117662079,0.009600158557660166,approximately equal,estimate
D,40,6,0.1,H,L0,300,3.2376044931699477,2.919819652751088,1.108837146883178,0.3177848404188599,0.24058193267098588,0.38832641365733744,0.22648047527940357,0.40164418463605034,b well below a,estimate
D,40,6,0.1,H,L0big,300,3.2376044931699477,3.046073147582239,1.062878117598631,0.19153134558770857,0.10722593766925452,0.26761204528897814,0.09006371830831271,0.2840898896662044,no reading,estimate
D,40,6,0.1,H,P1x,300,3.2376044931699477,3.3142365008143586,0.9768779302184436,-0.07663200764441092,-0.12540095517870803,-0.02887645891407842,-0.13600181797906652,-0.0211812958937656,no reading,estimate
D,40,6,0.1,L_range,L0,300,2.243694200047337,2.919819652751088,0.7684358853922031,-0.6761254527037508,-0.7629579072497676,-0.5867754055563896,-0.782927216657716,-0.5716747479883975,a well below b,estimate
D,40,6,0.3,H,L_range,300,4.500648451442002,3.363778005642047,1.3379742788891205,1.1368704457999548,1.0257424407911426,1.2478701107813028,1.0051473442652423,1.2635860314919292,b well below a,estimate
D,40,6,0.3,H,O,300,4.500648451442002,4.58248106391547,0.9821422911885321,-0.08183261247346785,-0.14609623136814193,-0.019243842607860637,-0.1615241149121279,-0.006167127953959786,no reading,estimate
D,40,6,0.3,H,P1,300,4.500648451442002,0.7832945696637489,5.745792995059357,3.717353881778253,3.5393033369067255,3.900485093116718,3.505823448212192,3.933818084396109,b well below a,estimate
D,40,6,0.3,H_true,H,300,4.493060830489219,4.500648451442002,0.9983141049485097,-0.007587620952783425,-0.03812606330768844,0.020065318926559914,-0.043860444854037374,0.0246039735491201,approximately equal,estimate
D,40,6,0.3,H,L0,300,4.500648451442002,4.131505490193795,1.0893482925593043,0.36914296124820734,0.28812739634700407,0.44327024187950925,0.27043933264046827,0.45714132036034016,b well below a,estimate
D,40,6,0.3,H,L0big,300,4.500648451442002,4.2821332461829735,1.0510295202639501,0.21851520525902846,0.13082893939674825,0.3037762264858551,0.11516427932434965,0.3174710368992858,no reading,estimate
D,40,6,0.3,H,P1x,300,4.500648451442002,4.589560902417653,0.9806272423732705,-0.08891245097565115,-0.15558758068316098,-0.026718655200049485,-0.1665240666361507,-0.013873143904013048,no reading,estimate
D,40,6,0.3,L_range,L0,300,3.363778005642047,4.131505490193795,0.8141773050104949,-0.7677274845517474,-0.8686973578631705,-0.6650605653478003,-0.8886713942842277,-0.6480329170937225,a well below b,estimate
D,40,11,0.1,H,L_range,300,3.346590226131604,2.250943299366386,1.4867501225258006,1.0956469267652182,0.9921202765318051,1.1999461342920228,0.9720099325351275,1.2287365814823712,b well below a,estimate
D,40,11,0.1,H,O,300,3.346590226131604,3.4595836696154274,0.9673390054195787,-0.11299344348382334,-0.1700644155157208,-0.0562680617116885,-0.1794641885472723,-0.041673081872555924,no reading,estimate
D,40,11,0.1,H,P1,300,3.346590226131604,0.38322265589352,8.73275672683994,2.963367570238084,2.81090543910764,3.1222879842731817,2.778664153898004,3.1609183308949147,b well below a,estimate
D,40,11,0.1,H_true,H,300,3.3426184724945527,3.346590226131604,0.9988131939171883,-0.003971753637051378,-0.04280335401927258,0.033084090157414134,-0.051777291341791744,0.03763030889869232,approximately equal,estimate
D,40,11,0.1,H,L0,300,3.346590226131604,2.925893222450832,1.1437841273402252,0.42069700368077223,0.3283378848307594,0.509101233599923,0.31101263573234994,0.5300499799969856,b well below a,estimate
D,40,11,0.1,H,L0big,300,3.346590226131604,3.03541339864944,1.1025154687729248,0.31117682748216424,0.22494332824077523,0.3983379462062565,0.2064922402307913,0.4134212435753728,b well below a,estimate
D,40,11,0.1,H,P1x,300,3.346590226131604,3.43707934603176,0.9736726706630648,-0.09048911990015585,-0.1469158746661265,-0.03858675975369588,-0.15576747063810983,-0.02720221054046763,no reading,estimate
D,40,11,0.1,L_range,L0,300,2.250943299366386,2.925893222450832,0.7693183340029462,-0.674949923084446,-0.7688061671058112,-0.5899003551277091,-0.7870366722852041,-0.574633164196982,a well below b,estimate
D,40,11,0.3,H,L_range,300,4.56277296434955,3.4041378559048616,1.3403608071967195,1.1586351084446886,1.0387937049470155,1.2824553955809395,1.021043488373953,1.3042349802596738,b well below a,estimate
D,40,11,0.3,H,O,300,4.56277296434955,4.69594633296478,0.971640781394716,-0.1331733686152301,-0.19027946447432242,-0.07618684286527518,-0.20242340712602971,-0.06714155725152021,no reading,estimate
D,40,11,0.3,H,P1,300,4.56277296434955,0.802298965175851,5.687123083038583,3.7604739991736995,3.5801336183202124,3.9500959511653786,3.5462427459643395,3.9851526184358907,b well below a,estimate
D,40,11,0.3,H_true,H,300,4.602242485054092,4.56277296434955,1.008650336322436,0.03946952070454213,0.010890294381813482,0.06658848215186994,0.005740779164011056,0.07255361086195669,approximately equal,estimate
D,40,11,0.3,H,L0,300,4.56277296434955,4.206739385829332,1.0846340944531863,0.35603357852021844,0.2538828082557605,0.45035498291048226,0.2354260243242332,0.4701117690992413,b well below a,estimate
D,40,11,0.3,H,L0big,300,4.56277296434955,4.381385516655217,1.0413995634496929,0.18138744769433313,0.08822721636836604,0.27896133482450025,0.06877355179641206,0.29613071936342644,no reading,estimate
D,40,11,0.3,H,P1x,300,4.56277296434955,4.657180516314057,0.9797286036833235,-0.09440755196450645,-0.14638009838985777,-0.04355274966286973,-0.15803438186145435,-0.0362708243422794,no reading,estimate
D,40,11,0.3,L_range,L0,300,3.4041378559048616,4.206739385829332,0.8092105413926794,-0.8026015299244702,-0.9263999884502442,-0.6875350972615444,-0.9516978699730227,-0.6679837963536941,a well below b,estimate
D,40,23,0.1,H,L_range,300,3.267268637614849,2.2199876860580137,1.4717507930940241,1.0472809515568353,0.9384448258762267,1.1645207809761586,0.9159447951884783,1.1876281686338812,b well below a,estimate
D,40,23,0.1,H,O,300,3.267268637614849,3.4433488373347214,0.9488636766014782,-0.17608019971987243,-0.2486329775239092,-0.09851077651259657,-0.26192542075558944,-0.08493596583678138,no reading,estimate
D,40,23,0.1,H,P1,300,3.267268637614849,0.2772290685528276,11.785447516995326,2.9900395690620214,2.844048647799964,3.1509276621701376,2.814085942213106,3.180297704907262,b well below a,estimate
D,40,23,0.1,H_true,H,300,3.33894928360612,3.267268637614849,1.0219390120438945,0.07168064599127089,0.02619304325692422,0.1186751699771316,0.017348577286467517,0.12867696782138793,no reading,estimate
D,40,23,0.1,H,L0,300,3.267268637614849,3.0017415436823724,1.0884576803393746,0.26552709393247653,0.1730241033881264,0.35806254222538464,0.15730829232897459,0.3768463549068944,b well below a,estimate
D,40,23,0.1,H,L0big,300,3.267268637614849,3.122206668874813,1.0464613602251749,0.14506196874003585,0.050873000047144436,0.23764807252701012,0.03301947292697338,0.25713602337952934,no reading,estimate
D,40,23,0.1,H,P1x,300,3.267268637614849,3.3107365727427935,0.9868706149906897,-0.04346793512794456,-0.1011861587573865,0.019090174833361655,-0.11324825121948076,0.02867390280202167,no reading,estimate
D,40,23,0.1,L_range,L0,300,2.2199876860580137,3.0017415436823724,0.7395665661923225,-0.7817538576243588,-0.8989007777208972,-0.673186628655488,-0.9185218307904476,-0.6577039239612212,a well below b,estimate
D,40,23,0.3,H,L_range,300,4.487236503965393,3.307548505518612,1.3566653660493515,1.1796879984467812,1.0559281628847574,1.3103628756170116,1.0284360252701494,1.338529596623883,b well below a,estimate
D,40,23,0.3,H,O,300,4.487236503965393,4.6653292412901415,0.9618263303372993,-0.17809273732474828,-0.24432357048750136,-0.11078498427572994,-0.257821358660868,-0.1007003714555252,no reading,estimate
D,40,23,0.3,H,P1,300,4.487236503965393,0.8262014007683913,5.4311654516588,3.661035103197002,3.477217052510906,3.8495308128476653,3.4499406565735966,3.882269948577226,b well below a,estimate
D,40,23,0.3,H_true,H,300,4.546965932160394,4.487236503965393,1.0133109605750037,0.059729428195001155,0.013036968976362263,0.10734104385549945,0.0044401807400372036,0.11573834548784502,no reading,estimate
D,40,23,0.3,H,L0,300,4.487236503965393,4.2229382612249236,1.0625863383244931,0.26429824274046965,0.16109021510298288,0.3711258299341537,0.13927226606200677,0.39487180892256823,b well below a,estimate
D,40,23,0.3,H,L0big,300,4.487236503965393,4.383959158283395,1.0235580081732416,0.10327734568199798,0.01042640567673492,0.19764900213688621,-0.00426368027016981,0.21369208295929945,no reading,estimate
D,40,23,0.3,H,P1x,300,4.487236503965393,4.542041231293604,0.9879338992013945,-0.054804727328210845,-0.10831225020624084,0.0015078860378489683,-0.11808873820679758,0.009826073545521612,no reading,estimate
D,40,23,0.3,L_range,L0,300,3.307548505518612,4.2229382612249236,0.7832339240875404,-0.9153897557063115,-1.05215242740288,-0.7902756756818987,-1.0753186705052926,-0.7690639829740489,a well below b,estimate
D,44,3,0.1,H,L_range,300,3.6150104395549443,2.0569975280525683,1.757420896357324,1.558012911502376,1.4570083356482115,1.659532663018911,1.4372776865662351,1.6802768874253102,b well below a,estimate
D,44,3,0.1,H,O,300,3.6150104395549443,3.7446786546693343,0.9653726722444652,-0.12966821511438997,-0.18965588970332672,-0.0707211142606549,-0.20014882956512817,-0.06122512001925041,no reading,estimate
D,44,3,0.1,H,P1,300,3.6150104395549443,0.5007940655139196,7.2185568649763985,3.1142163740410247,2.980175792534484,3.245950329861983,2.9555329562910977,3.2672289518114686,b well below a,estimate
D,44,3,0.1,H_true,H,300,3.6726760816944686,3.6150104395549443,1.015951722160621,0.0576656421395243,0.024347715570021577,0.09304671723890935,0.018709297227490485,0.09867232099429879,approximately equal,estimate
D,44,3,0.1,H,L0,300,3.6150104395549443,1.1943195216452738,3.026836934369932,2.4206909179096705,2.3063719860148466,2.5322191431463126,2.2845717811094186,2.5519326676329444,b well below a,estimate
D,44,3,0.1,H,L0big,300,3.6150104395549443,1.1607453033329282,3.1143873071680024,2.4542651362220163,2.3396873204076627,2.5683424127996344,2.3196841350479143,2.585514729908262,b well below a,estimate
D,44,3,0.1,H,P1x,300,3.6150104395549443,3.7403216950410143,0.9664971984489436,-0.12531125548607003,-0.18118362576389083,-0.07018107976218829,-0.19249432075530606,-0.05866181742173148,no reading,estimate
D,44,3,0.1,L_range,L0,300,2.0569975280525683,1.1943195216452738,1.7223175965665238,0.8626780064072945,0.7927103606113375,0.9331838648632207,0.7827021680533441,0.9508487732386284,b well below a,estimate
D,44,3,0.3,H,L_range,300,4.970824572718548,3.365366875262681,1.4770528019565636,1.6054576974558668,1.487510134399214,1.7220265311722123,1.4683490738290947,1.7479698765706329,b well below a,estimate
D,44,3,0.3,H,O,300,4.970824572718548,5.0772164595257765,0.9790452332187614,-0.10639188680722889,-0.16510860625451987,-0.0520857694995474,-0.17717805807099052,-0.04172103722683504,no reading,estimate
D,44,3,0.3,H,P1,300,4.970824572718548,1.0072265493703705,4.935160392491511,3.963598023348177,3.795711806184732,4.124292383786092,3.7664776366345665,4.167132496095513,b well below a,estimate
D,44,3,0.3,H_true,H,300,5.003660729330027,4.970824572718548,1.0066057765932224,0.032836156611478984,0.004088623636526335,0.06413456276590335,-0.0010308039267489908,0.06824202311404706,approximately equal,estimate
D,44,3,0.3,H,L0,300,4.970824572718548,2.407092048775196,2.0650745679824998,2.5637325239433517,2.4288809797698643,2.701707464864635,2.405579474890423,2.7272628329787816,b well below a,estimate
D,44,3,0.3,H,L0big,300,4.970824572718548,2.3740304139485353,2.0938335682275326,2.5967941587700123,2.4663144918125974,2.730348556303343,2.4437473375241208,2.7590971407786005,b well below a,estimate
D,44,3,0.3,H,P1x,300,4.970824572718548,5.053622212420451,0.9836161794012998,-0.08279763970190324,-0.13354494546106915,-0.03226607892354544,-0.14450501885525668,-0.02129623572090568,no reading,estimate
D,44,3,0.3,L_range,L0,300,3.365366875262681,2.407092048775196,1.398104770017036,0.958274826487485,0.8775429274921502,1.0359312245687122,0.8644656413136198,1.0497902005629116,b well below a,estimate
D,44,6,0.1,H,L_range,300,3.6639467556739995,2.3030376011812086,1.5909192076563543,1.360909154492791,1.2627494169841773,1.4626569764011963,1.2476217968629084,1.4821671853250693,b well below a,estimate
D,44,6,0.1,H,O,300,3.6639467556739995,3.7795343316958916,0.9694175086458263,-0.11558757602189207,-0.17044682357729404,-0.06559787158049567,-0.18249894278445458,-0.054333849482575115,no reading,estimate
D,44,6,0.1,H,P1,300,3.6639467556739995,0.5097642765134013,7.187531422825541,3.1541824791605984,3.019360207838388,3.2869416019529267,2.992705866582786,3.316158860636953,b well below a,estimate
D,44,6,0.1,H_true,H,300,3.684706386844228,3.6639467556739995,1.0056659205372132,0.0207596311702285,0.004100667885476472,0.0389563449120347,0.0012750514206401058,0.042550836605398344,approximately equal,estimate
D,44,6,0.1,H,L0,300,3.6639467556739995,1.1745850574464143,3.119354134846171,2.4893616982275852,2.3716597153272434,2.6111130906648357,2.349932582827784,2.6308411475701243,b well below a,estimate
D,44,6,0.1,H,L0big,300,3.6639467556739995,1.1348598373058527,3.228545618789521,2.529086918368147,2.411410564642089,2.6468017158556307,2.3894015112255036,2.669054246427916,b well below a,estimate
D,44,6,0.1,H,P1x,300,3.6639467556739995,3.7464726968692306,0.977972362840334,-0.08252594119523105,-0.1335279980208557,-0.03663690463931154,-0.14096686585685417,-0.027916578089101144,no reading,estimate
D,44,6,0.1,L_range,L0,300,2.3030376011812086,1.1745850574464143,1.960724416321187,1.1284525437347943,1.04669547776809,1.2155917363011874,1.0341371823688157,1.2325198059159241,b well below a,estimate
D,44,6,0.3,H,L_range,300,5.009058262693546,3.5850088988785607,1.3972233832558818,1.424049363814985,1.3134799215994253,1.5337971317770647,1.2920425539800657,1.5614581884615137,b well below a,estimate
D,44,6,0.3,H,O,300,5.009058262693546,5.127705932865715,0.9768614519386332,-0.11864767017216948,-0.18349256246404638,-0.05710606802415885,-0.19302451801241258,-0.04537634906325207,no reading,estimate
D,44,6,0.3,H,P1,300,5.009058262693546,1.0213225952266989,4.904481978665816,3.987735667466847,3.8231080608321584,4.146792853533818,3.785535348451692,4.181104680945028,b well below a,estimate
D,44,6,0.3,H_true,H,300,5.023426007056546,5.009058262693546,1.0028683524146662,0.01436774436300059,-0.00488081702476295,0.03538443761426362,-0.00844862804353832,0.04000294077171035,approximately equal,estimate
D,44,6,0.3,H,L0,300,5.009058262693546,2.4076046322608806,2.0805152953995396,2.601453630432665,2.4702171324956734,2.7310090447217967,2.4476792510584735,2.765496137784684,b well below a,estimate
D,44,6,0.3,H,L0big,300,5.009058262693546,2.3776184983483275,2.1067544125237982,2.631439764345218,2.5007150795557194,2.7616675535749744,2.4784293935823647,2.7973874871847473,b well below a,estimate
D,44,6,0.3,H,P1x,300,5.009058262693546,5.113609887009388,0.9795542431616762,-0.10455162431584242,-0.16456261706448844,-0.04637031733786645,-0.1763858281086787,-0.0332559143450881,no reading,estimate
D,44,6,0.3,L_range,L0,300,3.5850088988785607,2.4076046322608806,1.4890355546093252,1.17740426661768,1.093045839461126,1.2673754829424806,1.0756500374157023,1.2832591637051347,b well below a,estimate
D,44,11,0.1,H,L_range,300,3.671635507959269,2.4209318028886817,1.5166207918695744,1.2507037050705874,1.155350362146097,1.347364135883574,1.1358785969836511,1.3683800587966441,b well below a,estimate
D,44,11,0.1,H,O,300,3.671635507959269,3.739809111555331,0.981770833333333,-0.06817360359606184,-0.11585668235187677,-0.014852106497713147,-0.12481407876421582,-0.005382126599688941,no reading,estimate
D,44,11,0.1,H,P1,300,3.671635507959269,0.4992563150568656,7.354209445585216,3.1723791929024037,3.0288558169106974,3.3210412183380997,2.998869682998144,3.3492333100507556,b well below a,estimate
D,44,11,0.1,H_true,H,300,3.7144516357777686,3.671635507959269,1.011661323060441,0.04281612781849953,0.01643271473137804,0.07278762530541494,0.011020544942220023,0.07844106524267948,approximately equal,estimate
D,44,11,0.1,H,L0,300,3.671635507959269,1.1868870611028464,3.093500323904124,2.4847484468564227,2.3555774084638865,2.617507569648751,2.328660368171871,2.6436557347122407,b well below a,estimate
D,44,11,0.1,H,L0big,300,3.671635507959269,1.1392167969341724,3.222947131608548,2.5324187110250964,2.4055414837309996,2.665216277578852,2.3776056837611854,2.6905635309459597,b well below a,estimate
D,44,11,0.1,H,P1x,300,3.671635507959269,3.710350967892291,0.9895655531597825,-0.03871545993302172,-0.08228659689260114,0.008455035337109328,-0.0912676966337482,0.017126481986232973,approximately equal,estimate
D,44,11,0.1,L_range,L0,300,2.4209318028886817,1.1868870611028464,2.0397322392571797,1.2340447417858353,1.1525311529748317,1.31664757050392,1.1384351071185033,1.3327490992479896,b well below a,estimate
D,44,11,0.3,H,L_range,300,4.9711733050443705,3.715733094491981,1.3378714720961502,1.2554402105523894,1.1495465519673198,1.359768667667624,1.1357071830229306,1.39006102472441,b well below a,estimate
D,44,11,0.3,H,O,300,4.9711733050443705,5.0101758702478945,0.9922153301174248,-0.039002565203523964,-0.08852849862741338,0.010276039373708282,-0.09831453891103079,0.022030934906893843,approximately equal,estimate
D,44,11,0.3,H,P1,300,4.9711733050443705,1.0210663034838563,4.868609695651334,3.9501070015605144,3.779840976583294,4.124969819644758,3.7516695434207525,4.1577831106985315,b well below a,estimate
D,44,11,0.3,H_true,H,300,5.018361799255019,4.9711733050443705,1.009492425895264,0.047188494210648635,0.01512121282769736,0.07872932602046853,0.009241524337058448,0.08539662244427117,approximately equal,estimate
D,44,11,0.3,H,L0,300,4.9711733050443705,2.3927397111760254,2.077607222308795,2.578433593868345,2.4421028449403583,2.719975404030322,2.4177371304298183,2.745070987683734,b well below a,estimate
D,44,11,0.3,H,L0big,300,4.9711733050443705,2.360703243320734,2.105801870315374,2.6104700617236367,2.4692096833027093,2.755345205218945,2.4484905988945163,2.776101125279274,b well below a,estimate
D,44,11,0.3,H,P1x,300,4.9711733050443705,5.000149678749383,0.9942048987396993,-0.028976373705012826,-0.07642192999669643,0.020830991459925254,-0.0864375813485656,0.02999292637521814,approximately equal,estimate
D,44,11,0.3,L_range,L0,300,3.715733094491981,2.3927397111760254,1.5529198922626264,1.3229933833159557,1.2309564262845862,1.4173249217839556,1.2137976941012911,1.4357963788111257,b well below a,estimate
D,44,23,0.1,H,L_range,300,3.5814208144787676,2.458606689086505,1.4566871677264672,1.1228141253922628,1.0295239309976534,1.2184109454724532,1.0136018064735735,1.2348200243079337,b well below a,estimate
D,44,23,0.1,H,O,300,3.5814208144787676,3.7452066449188486,0.9562678789267101,-0.163785830440081,-0.22871594910909998,-0.1020187500768865,-0.2448082646537053,-0.09097716141545646,no reading,estimate
D,44,23,0.1,H,P1,300,3.5814208144787676,0.3744422362926492,9.564681724845995,3.2069785781861184,3.078832706764952,3.3392379320799046,3.057554084815467,3.365136212694123,b well below a,estimate
D,44,23,0.1,H_true,H,300,3.6657562046377254,3.5814208144787676,1.02354802591698,0.08433539015895786,0.039996148309042676,0.13099666445828412,0.03151786224513239,0.13841676301557213,no reading,estimate
D,44,23,0.1,H,L0,300,3.5814208144787676,1.1733035987322027,3.0524246395806025,2.408117215746565,2.2963740158673076,2.518079188013069,2.279702237995414,2.539344995375411,b well below a,estimate
D,44,23,0.1,H,L0big,300,3.5814208144787676,1.1322969198774293,3.1629696695337253,2.449123894601338,2.338662153436293,2.5590858668678416,2.320202740658074,2.5788203310667015,b well below a,estimate
D,44,23,0.1,H,P1x,300,3.5814208144787676,3.653710492724137,0.9802147218863333,-0.07228967824536925,-0.1246152812236242,-0.023066256855809986,-0.13230518901617974,-0.012539073518560744,no reading,estimate
D,44,23,0.1,L_range,L0,300,2.458606689086505,1.1733035987322027,2.0954565312363473,1.2853030903543021,1.2127597125427803,1.3604350147685325,1.1991698428785658,1.3775809323646844,b well below a,estimate
D,44,23,0.3,H,L_range,300,4.901400323935936,3.7346832766984837,1.3124005332706143,1.166717047237452,1.065211161808363,1.2697185956851758,1.0452164135946478,1.2938133454531597,b well below a,estimate
D,44,23,0.3,H,O,300,4.901400323935936,5.0405975538269825,0.9723847761292976,-0.13919722989104688,-0.20173395582095927,-0.07515279669354845,-0.21323627072120485,-0.06414727334606317,no reading,estimate
D,44,23,0.3,H,P1,300,4.901400323935936,1.0036384649705778,4.883631402149999,3.8977618589653575,3.7488466231395847,4.053647814168512,3.7232143675025866,4.0820826126986764,b well below a,estimate
D,44,23,0.3,H_true,H,300,5.0011132186654335,4.901400323935936,1.0203437565061868,0.09971289472949785,0.053042657533987424,0.1507149515551216,0.043529434690256344,0.16176371784831506,no reading,estimate
D,44,23,0.3,H,L0,300,4.901400323935936,2.4065794652895116,2.0366667274568044,2.494820858646424,2.3756198502125683,2.6161333389022605,2.355393565085119,2.6430598312665388,b well below a,estimate
D,44,23,0.3,H,L0big,300,4.901400323935936,2.3650602029490537,2.0724209547918715,2.536340120986882,2.415583852331532,2.6596556633936617,2.3978933147818404,2.686279123688697,b well below a,estimate
D,44,23,0.3,H,P1x,300,4.901400323935936,4.940131190632787,0.9921599517902904,-0.03873086669685133,-0.08768490059431247,0.01099050175275269,-0.09697674150185762,0.020176806328061167,approximately equal,estimate
D,44,23,0.3,L_range,L0,300,3.7346832766984837,2.4065794652895116,1.551863684771033,1.328103811408972,1.2445398886552295,1.4173189670923887,1.226599466656265,1.4326964716629278,b well below a,estimate
D,50,3,0.1,H,L_range,300,3.3489612369577078,1.3066102927019767,2.5630911188004615,2.0423509442557313,1.9609402314393976,2.1228272875432577,1.9461711646937474,2.1400227009685513,b well below a,estimate
D,50,3,0.1,H,O,300,3.3489612369577078,3.4687991040869965,0.9654526354702716,-0.11983786712928879,-0.16559370687484604,-0.07505097182994103,-0.17637973392007344,-0.06691291464356161,no reading,estimate
D,50,3,0.1,H,P1,300,3.3489612369577078,0.5588132601313643,5.992988133764833,2.7901479768263435,2.6900800143864227,2.8908488992696495,2.6725831914357077,2.912226369860165,b well below a,estimate
D,50,3,0.1,H_true,H,300,3.384226151432017,3.3489612369577078,1.010530105301053,0.03526491447430935,0.016577523898179347,0.0575842898317683,0.012960609593122285,0.061186133660553935,approximately equal,estimate
D,50,3,0.1,H,L0,300,3.3489612369577078,0.5657456792160577,5.919552477357486,2.78321555774165,2.688859305808466,2.88117365350362,2.66896627713065,2.8998761145560215,b well below a,estimate
D,50,3,0.1,H,L0big,300,3.3489612369577078,0.5527850696229354,6.058342420937842,2.7961761673347723,2.701819915401588,2.893230034520478,2.681640547674622,2.9125353146237223,b well below a,estimate
D,50,3,0.1,H,P1x,300,3.3489612369577078,3.429437580245234,0.9765336614519248,-0.0804763432875264,-0.11516857966353584,-0.04521142881321749,-0.12176944827026406,-0.03917570306665236,no reading,estimate
D,50,3,0.1,L_range,L0,300,1.3066102927019767,0.5657456792160577,2.3095364944059673,0.740864613485919,0.7013799656557094,0.7827605375195003,0.6944400113328806,0.7906197908948644,b well below a,estimate
D,50,3,0.3,H,L_range,300,4.569066995863729,2.450760851201793,1.8643463288648383,2.118306144661936,2.0203480488999657,2.2114868994459767,2.004056864050936,2.2307469681204064,b well below a,estimate
D,50,3,0.3,H,O,300,4.569066995863729,4.660024710101085,0.9804812807021824,-0.09095771423735677,-0.12422372517533767,-0.05562808389310191,-0.13092959236809762,-0.05002920405925209,no reading,estimate
D,50,3,0.3,H,P1,300,4.569066995863729,1.0871841581951627,4.2026614915442195,3.481882837668566,3.355290836991559,3.608007653581171,3.3299573663798854,3.6377190975495894,b well below a,estimate
D,50,3,0.3,H_true,H,300,4.579191795739611,4.569066995863729,1.0022159447180459,0.010124799875882218,-0.011281432628463239,0.030805089340936526,-0.015499466923365679,0.034480243294231425,approximately equal,estimate
D,50,3,0.3,H,L0,300,4.569066995863729,1.6453945992756842,2.7768822128594977,2.9236723965880445,2.815737645534624,3.0315770066889227,2.7952417978059656,3.050867216315896,b well below a,estimate
D,50,3,0.3,H,L0big,300,4.569066995863729,1.607718408598003,2.8419572553430825,2.961348587265726,2.853443977164848,3.067459810690346,2.832639184672632,3.088543406993576,b well below a,estimate
D,50,3,0.3,H,P1x,300,4.569066995863729,4.625485738666066,0.9878026339308078,-0.05641874280233772,-0.08355175628969044,-0.028812190452011777,-0.08939858316143483,-0.023433066266103135,approximately equal,estimate
D,50,3,0.3,L_range,L0,300,2.450760851201793,1.6453945992756842,1.489466935336142,0.8053662519261087,0.7586327050095135,0.8496734521630618,0.7520167659265125,0.8599213760273905,b well below a,estimate
D,50,6,0.1,H,L_range,300,3.4086403229911544,1.598977532360781,2.1317624882186617,1.8096627906303733,1.7261572816123611,1.893756048222957,1.7077788357997883,1.908841594970301,b well below a,estimate
D,50,6,0.1,H,O,300,3.4086403229911544,3.4505362470247354,0.987858141160028,-0.041895924033581,-0.07324251467741232,-0.009042285762644186,-0.07927070518584056,-0.002697615252521706,approximately equal,estimate
D,50,6,0.1,H,P1,300,3.4086403229911544,0.5648414506397934,6.034685165421558,2.843798872351361,2.7337693250962616,2.9538133491301886,2.7138762964184457,2.9782275206893267,b well below a,estimate
D,50,6,0.1,H_true,H,300,3.3986938086522467,3.4086403229911544,0.9970819701122999,-0.009946514338907697,-0.024730651560829785,0.005139032408435815,-0.028332495389615808,0.007535238135536471,approximately equal,estimate
D,50,6,0.1,H,L0,300,3.4086403229911544,0.563937222063529,6.044361304115446,2.8447031009276253,2.7394961060792693,2.9495936157742886,2.7193092031141672,2.9701045339792187,b well below a,estimate
D,50,6,0.1,H,L0big,300,3.4086403229911544,0.5512780219958282,6.183160196828869,2.857362300995326,2.751567557572398,2.963172114894525,2.732277347945425,2.982454789283363,b well below a,estimate
D,50,6,0.1,H,P1x,300,3.4086403229911544,3.4493306089230495,0.9882034253757428,-0.040690285931895165,-0.07143405752488355,-0.008725805760950825,-0.07686696422060531,-0.001808457152528753,approximately equal,estimate
D,50,6,0.1,L_range,L0,300,1.598977532360781,0.563937222063529,2.835382148583645,1.035040310297252,0.9795658871434346,1.0947193963306985,0.9711339556697696,1.1070847221111138,b well below a,estimate
D,50,6,0.3,H,L_range,300,4.60812711018007,2.7916550244534504,1.6506792815785856,1.8164720857266197,1.7272247252493285,1.9040831183889326,1.708333365322107,1.9266936099562515,b well below a,estimate
D,50,6,0.3,H,O,300,4.60812711018007,4.674437205772788,0.9858143146065098,-0.06631009559271828,-0.11297016391454115,-0.023260936928550982,-0.12140177536592078,-0.013542201968271876,no reading,estimate
D,50,6,0.3,H,P1,300,4.60812711018007,1.0938151677544345,4.212893774037161,3.5143119424256355,3.3878893130087526,3.6433977637296566,3.3611883682734045,3.668357893730112,b well below a,estimate
D,50,6,0.3,H_true,H,300,4.6048116054004335,4.60812711018007,0.9992805092610593,-0.003315504779636491,-0.01597470484733692,0.009946514338906854,-0.018996335339686966,0.012056381016856577,approximately equal,estimate
D,50,6,0.3,H,L0,300,4.60812711018007,1.6019916276149957,2.876498872244752,3.0061354825650746,2.89279658672976,3.1181517725096755,2.8733370058426626,3.135441548009588,b well below a,estimate
D,50,6,0.3,H,L0big,300,4.60812711018007,1.5606985226322574,2.9526055438356233,3.0474285875478127,2.93440001551477,3.1588482146409946,2.9190161373417154,3.1753683894371,b well below a,estimate
D,50,6,0.3,H,P1x,300,4.60812711018007,4.673711262733499,0.9859674359697028,-0.06558415255342886,-0.11206253721628037,-0.02398963804526839,-0.11941641171513155,-0.014158712456672615,no reading,estimate
D,50,6,0.3,L_range,L0,300,2.7916550244534504,1.6019916276149957,1.7426152398871118,1.1896633968384547,1.123051891720315,1.2566064524345584,1.1109955107034573,1.275263702058146,b well below a,estimate
D,50,11,0.1,H,L_range,300,3.3037498081444907,1.7608344475120987,1.8762410133515919,1.542915360632392,1.4630116954431658,1.6170922448386102,1.449448266799201,1.6357796354147396,b well below a,estimate
D,50,11,0.1,H,O,300,3.3037498081444907,3.3676486275338378,0.9810256869238342,-0.06389881938934705,-0.10338346721955682,-0.02320853345745144,-0.11122011488051431,-0.013563428643966046,no reading,estimate
D,50,11,0.1,H,P1,300,3.3037498081444907,0.549770974368721,6.009320175438597,2.75397883377577,2.64845535892572,2.858281600047862,2.629481629300441,2.8799906211163404,b well below a,estimate
D,50,11,0.1,H_true,H,300,3.323341427296884,3.3037498081444907,1.0059301158653406,0.01959161915239349,0.0017933866762572812,0.03769126115395246,-0.0015070476271073162,0.041300640220874,approximately equal,estimate
D,50,11,0.1,H,L0,300,3.3037498081444907,0.5582104410805215,5.918466522678186,2.7455393670639694,2.6436177360427067,2.848320015232683,2.625570840708097,2.867617760097791,b well below a,estimate
D,50,11,0.1,H,L0big,300,3.3037498081444907,0.538317412402706,6.137178051511758,2.765432395741785,2.6650630237764426,2.867610224859655,2.6448685855732057,2.8881211430645846,b well below a,estimate
D,50,11,0.1,H,P1x,300,3.3037498081444907,3.3456457321780717,0.9874774774774776,-0.041895924033581,-0.0813805718637908,-0.0033004343033641442,-0.08832052618662029,0.004822552406742908,approximately equal,estimate
D,50,11,0.1,L_range,L0,300,1.7608344475120987,0.5582104410805215,3.154427645788337,1.2026240064315772,1.1450397165998092,1.2659350772463522,1.1338875641592157,1.2785867420759176,b well below a,estimate
D,50,11,0.3,H,L_range,300,4.506675224101489,2.944771063367546,1.5303991811668372,1.5619041607339428,1.478398651715931,1.6414913459214766,1.4630267659194371,1.658965563157784,b well below a,estimate
D,50,11,0.3,H,O,300,4.506675224101489,4.566354310134936,0.9869306930693068,-0.05967908603344707,-0.10339853769582827,-0.015673295321914926,-0.11272716250762119,-0.010240388626194072,no reading,estimate
D,50,11,0.3,H,P1,300,4.506675224101489,1.0989391296865991,4.100932528798683,3.40773609441489,3.27873281753451,3.529806952210576,3.2582369698058518,3.555449367585805,b well below a,estimate
D,50,11,0.3,H_true,H,300,4.525842309740015,4.506675224101489,1.004253043471165,0.019167085638525982,-0.00211602287737298,0.04026851049545263,-0.006329600033850191,0.04334116542019036,approximately equal,estimate
D,50,11,0.3,H,L0,300,4.506675224101489,1.576673227479594,2.858344484802141,2.930001996621895,2.8217959769955954,3.032782644790608,2.803409995944887,3.0556897687226376,b well below a,estimate
D,50,11,0.3,H,L0big,300,4.506675224101489,1.5299547510392695,2.945626477541371,2.9767204730622194,2.8681979734342264,3.078069425985181,2.851627984774183,3.1015040165866985,b well below a,estimate
D,50,11,0.3,H,P1x,300,4.506675224101489,4.537418995694476,0.9932243921881229,-0.030743771592987024,-0.07688956993501188,0.012689341020243345,-0.0856304461722329,0.019893028677815394,approximately equal,estimate
D,50,11,0.3,L_range,L0,300,2.944771063367546,1.576673227479594,1.86771171860065,1.368097835887952,1.3014863307698123,1.4419582400924784,1.2849088068716323,1.4561169525491506,b well below a,estimate
D,50,23,0.1,H,L_range,300,3.187707140857233,1.7973050000880941,1.7736038906590639,1.390402140769139,1.3075145212782413,1.4711949640583584,1.2924365097690333,1.4892720003455102,b well below a,estimate
D,50,23,0.1,H,O,300,3.187707140857233,3.308572360551234,0.9634690716953629,-0.12086521969400099,-0.16607664850721762,-0.07595520040620493,-0.17512646950799732,-0.0672067889308476,no reading,estimate
D,50,23,0.1,H,P1,300,3.187707140857233,0.3966549354546254,8.03647416413374,2.7910522054026075,2.6840518238779936,2.8944507430984356,2.664158795200178,2.916755047979622,b well below a,estimate
D,50,23,0.1,H_true,H,300,3.2585383793312737,3.187707140857233,1.0222201210287445,0.0708312384740406,0.03978605735563123,0.10247923864329245,0.035242308759903175,0.10851496438985668,no reading,estimate
D,50,23,0.1,H,L0,300,3.187707140857233,0.5362075457247558,5.9449128724002245,2.6514995951324773,2.5477996479112286,2.753074605199505,2.530626840200341,2.7741883424552776,b well below a,estimate
D,50,23,0.1,H,L0big,300,3.187707140857233,0.5160131075215189,6.177570093457944,2.671694033335714,2.567692676589044,2.772379885302749,2.552019381267128,2.7934860873203857,b well below a,estimate
D,50,23,0.1,H,P1x,300,3.187707140857233,3.2392481697043007,0.9840885828603331,-0.05154102884706768,-0.08529889569426974,-0.018687390576130003,-0.09162849572811993,-0.014158712456672636,approximately equal,estimate
D,50,23,0.1,L_range,L0,300,1.7973050000880941,0.5362075457247558,3.3518830803822377,1.2610974543633384,1.2050352826349489,1.3199024527730625,1.1959854616341696,1.3370601900076784,b well below a,estimate
D,50,23,0.3,H,L_range,300,4.380083223424481,2.9372358252320097,1.4912262698819907,1.442847398192471,1.3553783539151667,1.5293519319884266,1.3406394281220575,1.5489510863789555,b well below a,estimate
D,50,23,0.3,H,O,300,4.380083223424481,4.491180214316548,0.9752632970420732,-0.11109699089206693,-0.16324359686740425,-0.06027574888486674,-0.17107886548964904,-0.052882819156626654,no reading,estimate
D,50,23,0.3,H,P1,300,4.380083223424481,1.0380544055514667,4.2195121951219505,3.3420288178730138,3.2135680781383926,3.4662547537754644,3.190713700873312,3.4918368872456105,b well below a,estimate
D,50,23,0.3,H_true,H,300,4.444283452339249,4.380083223424481,1.0146573080099093,0.06420022891476851,0.027126857287929518,0.1027957186449845,0.021076061065094655,0.11122011488051345,no reading,estimate
D,50,23,0.3,H,L0,300,4.380083223424481,1.533571665344327,2.856132075471698,2.8465115580801537,2.7304387498403533,2.958952381538625,2.71147255545321,2.9803524578435474,b well below a,estimate
D,50,23,0.3,H,L0big,300,4.380083223424481,1.4901686936836385,2.9393203883495143,2.8899145297408424,2.7762680681806855,3.0017525341484705,2.757580677604557,3.0204474599627367,b well below a,estimate
D,50,23,0.3,H,P1x,300,4.380083223424481,4.397263566373503,0.996092946740695,-0.01718034294902271,-0.055474423153817655,0.021701485830344147,-0.060892259373269274,0.02893531444045916,approximately equal,estimate
D,50,23,0.3,L_range,L0,300,2.9372358252320097,1.533571665344327,1.9152908805031446,1.4036641598876827,1.3355305366661647,1.4757161069396802,1.3261943766162354,1.4892720003455093,b well below a,estimate
D,56,3,0.1,H,L_range,300,3.359148409353558,1.0534223913967489,3.188795336787565,2.3057260179568093,2.23611758564965,2.3869330128635435,2.2204339410756653,2.4026166574375285,b well below a,estimate
D,56,3,0.1,H,O,300,3.359148409353558,3.4301043217274323,0.9793137742416708,-0.07095591237387433,-0.10336366081386439,-0.03786589554567275,-0.1105360072449267,-0.032399220085138375,no reading,estimate
D,56,3,0.1,H,P1,300,3.359148409353558,0.6133592810010864,5.476640711902113,2.7457891283524716,2.6659466702221577,2.837230149082361,2.6434403417660697,2.8566577414366496,b well below a,estimate
D,56,3,0.1,H_true,H,300,3.3615363487122942,3.359148409353558,1.0007108764090586,0.0023879393587362685,-0.013321290279806906,0.017397843899363163,-0.016033307122943263,0.02046805164630917,approximately equal,estimate
D,56,3,0.1,H,L0,300,3.359148409353558,0.37149513738052453,9.042240587695131,2.9876532719730333,2.905764008678089,3.0784290810244177,2.8856456195807363,3.097515539184602,b well below a,estimate
D,56,3,0.1,H,L0big,300,3.359148409353558,0.3755887477097865,8.943687556766575,2.9835596616437714,2.9023356100273316,3.074642491469851,2.8819016718004327,3.0923985262730245,b well below a,estimate
D,56,3,0.1,H,P1x,300,3.359148409353558,3.4301043217274323,0.9793137742416708,-0.07095591237387433,-0.09996937558251832,-0.04025383490440946,-0.10746579949797981,-0.03411341941051571,approximately equal,estimate
D,56,3,0.1,L_range,L0,300,1.0534223913967489,0.37149513738052453,2.8356290174471988,0.6819272540162243,0.6508669856429491,0.7170640760090563,0.6433790900823408,0.7242534791498226,b well below a,estimate
D,56,3,0.3,H,L_range,300,4.5619875777683685,2.2119141145778887,2.062461443553362,2.35007346319048,2.266819663119114,2.4421796955988753,2.2470509365707207,2.461965478856974,b well below a,estimate
D,56,3,0.3,H,O,300,4.5619875777683685,4.639083905636136,0.983381130965512,-0.07709632786776766,-0.11666789438396656,-0.03955450980649366,-0.12485511504249036,-0.03171695169692604,no reading,estimate
D,56,3,0.3,H,P1,300,4.5619875777683685,1.1588328573752449,3.9367088607594933,3.4031547203931236,3.3025201331321004,3.518116943806565,3.2752208692488347,3.539958060584148,b well below a,estimate
D,56,3,0.3,H_true,H,300,4.567786859068157,4.5619875777683685,1.001271218126075,0.005799281299788461,-0.012297887697491827,0.02387939358736091,-0.015700701283690544,0.026949601334307814,approximately equal,estimate
D,56,3,0.3,H,L0,300,4.5619875777683685,1.4020615377722272,3.253771289537713,3.159926039996141,3.069849556042673,3.265353562684342,3.0449552882278486,3.2807046014190755,b well below a,estimate
D,56,3,0.3,H,L0big,300,4.5619875777683685,1.3795466809612866,3.3068743818001973,3.1824408968070816,3.0910169327868986,3.2868279602032624,3.0681609417818523,3.3066137434613623,b well below a,estimate
D,56,3,0.3,H,P1x,300,4.5619875777683685,4.628167611424771,0.9857005970369278,-0.06618003365640224,-0.09962824138841428,-0.032390691730284894,-0.10643386856081172,-0.02524393036378212,approximately equal,estimate
D,56,3,0.3,L_range,L0,300,2.2119141145778887,1.4020615377722272,1.577615571776156,0.8098525768056615,0.7713044128717781,0.853176619457017,0.7624349238250436,0.8586432949175524,b well below a,estimate
D,56,6,0.1,H,L_range,300,3.3066137434613627,1.3819346203200227,2.3927425327079734,1.92467912314134,1.8520175397969398,1.99802297487395,1.8387133062268388,2.013058464479135,b well below a,estimate
D,56,6,0.1,H,O,300,3.3066137434613627,3.3912150235994436,0.9750528115883714,-0.08460128013808088,-0.11359768663702055,-0.05594600783324699,-0.1200792363250174,-0.05116160076092233,no reading,estimate
D,56,6,0.1,H,P1,300,3.3066137434613627,0.6181351597185587,5.349337748344371,2.6884785837428042,2.5987602906931455,2.781642332152925,2.5816950526330347,2.801411058701318,b well below a,estimate
D,56,6,0.1,H_true,H,300,3.3257172583312515,3.3066137434613627,1.0057773651088413,0.019103514869888816,0.006822683882102609,0.033431151022306003,0.004434744523366785,0.036160224575147115,approximately equal,estimate
D,56,6,0.1,H,L0,300,3.3066137434613627,0.37490647932157617,8.819836214740674,2.9317072641397868,2.8409485117981075,3.026201435906917,2.823559196253597,3.045313479131659,b well below a,estimate
D,56,6,0.1,H,L0big,300,3.3066137434613627,0.3752476135156813,8.811818181818182,2.9313661299456815,2.840965568507813,3.0258603017128114,2.8228854562202392,3.04363339322569,b well below a,estimate
D,56,6,0.1,H,P1x,300,3.3066137434613627,3.3741583138941853,0.9799818016378526,-0.06754457043282258,-0.0962168994473617,-0.0392133756123892,-0.1030310549746126,-0.03343115102230643,approximately equal,estimate
D,56,6,0.1,L_range,L0,300,1.3819346203200227,0.37490647932157617,3.6860782529572336,1.0070281409984465,0.9626636390550699,1.05615146494959,0.9541438125572931,1.0639975514140092,b well below a,estimate
D,56,6,0.3,H,L_range,300,4.483526713124181,2.5202994260489575,1.7789658906334598,1.9632272870752239,1.8779266818392266,2.0481867581171147,1.8636161023965157,2.067955484665509,b well below a,estimate
D,56,6,0.3,H,O,300,4.483526713124181,4.553459222915739,0.9846418939166918,-0.06993250979155796,-0.1026813924256551,-0.037524761351567903,-0.10813953953133737,-0.030352414920506558,no reading,estimate
D,56,6,0.3,H,P1,300,4.483526713124181,1.155080381240088,3.8815711754282343,3.328446331884093,3.2254067485546276,3.443067421103428,3.203241554292645,3.4638766069438436,b well below a,estimate
D,56,6,0.3,H_true,H,300,4.481821042153656,4.483526713124181,0.9996195693525071,-0.0017056709705256523,-0.018097168997279443,0.012963099375996379,-0.02183258842272997,0.016033307122942375,approximately equal,estimate
D,56,6,0.3,H,L0,300,4.483526713124181,1.3669247157793953,3.2800099825305717,3.116601997344786,3.021749634673845,3.2206649832565657,3.00259494967484,3.2404422381598126,b well below a,estimate
D,56,6,0.3,H,L0big,300,4.483526713124181,1.3334935647570891,3.3622409823484274,3.1500331483670925,3.056545322472571,3.253447979310073,3.036085799181115,3.273208177503615,b well below a,estimate
D,56,6,0.3,H,P1x,300,4.483526713124181,4.544930868063111,0.9864895293852736,-0.0614041549389297,-0.09381190337891976,-0.03036094327535994,-0.09892891629049674,-0.024211999426613652,approximately equal,estimate
D,56,6,0.3,L_range,L0,300,2.5202994260489575,1.3669247157793953,1.843773396556027,1.1533747102695622,1.0991343734068413,1.2134313851417766,1.0888918192288337,1.2216100774454481,b well below a,estimate
D,56,11,0.1,H,L_range,300,3.279664142127055,1.461418887546526,2.244164332399627,1.818245254580529,1.7459248054302337,1.8973883876129267,1.7326120435052796,1.9127479547025115,b well below a,estimate
D,56,11,0.1,H,O,300,3.279664142127055,3.334586747377986,0.983529411764706,-0.05492260525093107,-0.08698921949681718,-0.02115032003452022,-0.09347929753966752,-0.01603330712294282,approximately equal,estimate
D,56,11,0.1,H,P1,300,3.279664142127055,0.5860685454726731,5.5960419091967415,2.693595596654382,2.6021716326341973,2.794912452303615,2.5851149229289385,2.814365629722462,b well below a,estimate
D,56,11,0.1,H_true,H,300,3.310025085402414,3.279664142127055,1.00925733305596,0.030360943275359098,0.010916294211365396,0.05151126330987976,0.006481549687998633,0.05526373944503639,approximately equal,estimate
D,56,11,0.1,H,L0,300,3.279664142127055,0.3755887477097865,8.732061762034514,2.9040753944172684,2.8119691620088734,3.005102286001512,2.793880521366447,3.024154630742286,b well below a,estimate
D,56,11,0.1,H,L0big,300,3.279664142127055,0.37354194254515555,8.779908675799087,2.9061221995818993,2.8150052563364096,3.0064327093585224,2.797641525856456,3.0262270209714743,b well below a,estimate
D,56,11,0.1,H,P1x,300,3.279664142127055,3.318553440255043,0.9882812500000001,-0.03888929812798825,-0.0682268388210332,-0.008869489046734902,-0.07470838850903139,-0.0030702077469473175,approximately equal,estimate
D,56,11,0.1,L_range,L0,300,1.461418887546526,0.3755887477097865,3.8910081743869203,1.0858301398367394,1.0394358894384372,1.1356357321760935,1.0291933352604297,1.1455371521599962,b well below a,estimate
D,56,11,0.3,H,L_range,300,4.488984860229863,2.6284389655802944,1.70785204412719,1.8605458946495683,1.7790148222584348,1.947535114146386,1.7660090811081757,1.968003165792695,b well below a,estimate
D,56,11,0.3,H,O,300,4.488984860229863,4.545076366879271,0.9876588417615695,-0.056091506649408096,-0.09260503124391577,-0.020024208878783693,-0.0987834074819625,-0.01276501855582656,approximately equal,estimate
D,56,11,0.3,H,P1,300,4.488984860229863,1.1561037838224035,3.8828562997934486,3.3328810764074595,3.2202726789333442,3.456064633898835,3.2022096233554764,3.479585836582386,b well below a,estimate
D,56,11,0.3,H_true,H,300,4.507064972517438,4.488984860229863,1.0040276616764194,0.018080112287575112,-0.008869489046734503,0.04400631103956698,-0.014327636152416745,0.048441055562932454,approximately equal,estimate
D,56,11,0.3,H,L0,300,4.488984860229863,1.3290588202337221,3.3775667351129357,3.1599260399961406,3.060297798607728,3.269771250498004,3.0445970973240377,3.29162089563044,b well below a,estimate
D,56,11,0.3,H,L0big,300,4.488984860229863,1.2925574614644695,3.472948007389812,3.196427398765393,3.0978396166690016,3.305266263394647,3.08109845609329,3.3277725918507355,b well below a,estimate
D,56,11,0.3,H,P1x,300,4.488984860229863,4.517103362962646,0.9937751030974104,-0.02811850273278349,-0.0640475766280543,0.00853324573707774,-0.07168586188927065,0.017156972836455373,approximately equal,estimate
D,56,11,0.3,L_range,L0,300,2.6284389655802944,1.3290588202337221,1.9776694045174534,1.2993801453465723,1.2366114536312225,1.36590131319708,1.227741964584488,1.378872940927929,b well below a,estimate
D,56,23,0.1,H,L_range,300,3.1432104644849885,1.432763615241692,2.193809523809524,1.7104468492432965,1.6435845471986843,1.7821020867150859,1.6275427117208885,1.794706995187272,b well below a,estimate
D,56,23,0.1,H,O,300,3.1432104644849885,3.256125882733798,0.9653221581980095,-0.11291541824880946,-0.1446408983005898,-0.08153107239113444,-0.15113950469829368,-0.07640553112470447,no reading,estimate
D,56,23,0.1,H,P1,300,3.1432104644849885,0.4018560806558842,7.821731748726655,2.7413543838291043,2.6553715102048976,2.832130192880489,2.6393467314368078,2.8549605988209765,b well below a,estimate
D,56,23,0.1,H_true,H,300,3.214166376858863,3.1432104644849885,1.0225743433904928,0.07095591237387433,0.0484410555629333,0.09485236267094135,0.04400631103956652,0.1002934530669184,approximately equal,estimate
D,56,23,0.1,H,L0,300,3.1432104644849885,0.3622845141396851,8.676082862523538,2.7809259503453037,2.6963246702072228,2.8733903736575086,2.6775452328217333,2.8938669536586707,b well below a,estimate
D,56,23,0.1,H,L0big,300,3.1432104644849885,0.35682636703400245,8.808795411089864,2.786384097450986,2.7021068947973053,2.877825118180875,2.6819714489902475,2.8976450148583854,b well below a,estimate
D,56,23,0.1,H,P1x,300,3.1432104644849885,3.1831231651952927,0.9874611510020362,-0.03991270071030417,-0.06140415493892972,-0.01808011228757378,-0.06618003365640181,-0.014327636152417144,approximately equal,estimate
D,56,23,0.1,L_range,L0,300,1.432763615241692,0.3622845141396851,3.9548022598870043,1.070479101102007,1.0278373268388614,1.1189201566649405,1.0210061146019056,1.128821576648843,b well below a,estimate
D,56,23,0.3,H,L_range,300,4.33025964228199,2.606265242963459,1.6614807928598472,1.723994399318531,1.6431334294903497,1.8044042514383758,1.62822008922465,1.8187489443004985,b well below a,estimate
D,56,23,0.3,H,O,300,4.33025964228199,4.431576497931223,0.9771375139983411,-0.10131685564923298,-0.14022321048692823,-0.06411617178206523,-0.14873450862985127,-0.055946007833246526,no reading,estimate
D,56,23,0.3,H,P1,300,4.33025964228199,1.0732081746548483,4.034873889844003,3.257051467627142,3.1545131899612864,3.3622356738102095,3.1350147154716117,3.3815715313881554,b well below a,estimate
D,56,23,0.3,H_true,H,300,4.389373675551155,4.33025964228199,1.01365138309305,0.05911403326916531,0.03410614446970861,0.08596581691450038,0.028304417727695874,0.09118309295727614,approximately equal,estimate
D,56,23,0.3,H,L0,300,4.33025964228199,1.3044971582581502,3.319485684479402,3.02576248402384,2.9322795490137668,3.1154856679579463,2.917718316739251,3.1336733183175256,b well below a,estimate
D,56,23,0.3,H,L0big,300,4.33025964228199,1.2471866136484826,3.4720222257793303,3.0830730286335077,2.988237722672271,3.172605468074117,2.97388694689752,3.192578296969445,b well below a,estimate
D,56,23,0.3,H,P1x,300,4.33025964228199,4.36334965911019,0.9924163728755702,-0.033090016828199786,-0.060380752356613776,-0.005799281299787529,-0.0648240252348345,-0.0010148742274633602,approximately equal,estimate
D,56,23,0.3,L_range,L0,300,2.606265242963459,1.3044971582581502,1.9979079497907952,1.301768084705309,1.2396816613781692,1.3683063092655217,1.2301213755883715,1.3778410099907603,b well below a,estimate
C,36,3,0.1,H,L_range,300,2.4229817921798555,1.1185397341818872,2.166200911898809,1.3044420579979683,1.2425760678466078,1.3618579084508993,1.233034178659588,1.372551404953594,b well below a,estimate
C,36,3,0.1,H,O,300,2.4229817921798555,2.956011464006494,0.819679430097952,-0.5330296718266383,-0.6011390187822641,-0.46426226354776956,-0.6152955629985245,-0.45225264439858925,a well below b,estimate
C,36,3,0.1,H,P1,300,2.4229817921798555,0.04935459924320727,49.09333333333333,2.3736271929366484,2.3175274651302025,2.428254508532338,2.308141865507453,2.4391207461323847,b well below a,estimate
C,36,3,0.1,H_true,H,300,2.4292333747506616,2.4229817921798555,1.0025801195002715,0.006251582570806047,-0.007074159224859789,0.02007087035890409,-0.009377373856209292,0.023196661644307337,approximately equal,estimate
C,36,3,0.1,H,L0,300,2.4229817921798555,0.5539231188395962,4.374220374220375,1.8690586733402594,1.812950719767273,1.922855186515355,1.8025821410429295,1.9335569087845905,b well below a,estimate
C,36,3,0.1,H,P1x,300,2.4229817921798555,2.917514876596792,0.8304950941693922,-0.49453308441693666,-0.5598621222818617,-0.4321653225066041,-0.5746561634050135,-0.4201721548905044,a well below b,estimate
C,36,3,0.1,L_range,L0,300,1.1185397341818872,0.5539231188395962,2.019305019305019,0.564616615342291,0.531376292751991,0.5996583808049681,0.5262845432634002,0.6067489915629088,b well below a,estimate
C,36,3,0.3,H,L_range,300,3.5806761750946876,2.0205772930169057,1.7721055202735712,1.560098882077782,1.4812878128529199,1.6446597621144767,1.4650049079859324,1.6624397564918418,b well below a,estimate
C,36,3,0.3,H,O,300,3.5806761750946876,4.120286460153753,0.8690357356757836,-0.5396102850590658,-0.6189313518094406,-0.4584960012028552,-0.6368511842179956,-0.4413822939152721,a well below b,estimate
C,36,3,0.3,H,P1,300,3.5806761750946876,0.10035435179452146,35.68032786885246,3.4803218233001663,3.410065551277461,3.5520505075336266,3.396089973925092,3.5681730099530746,b well below a,estimate
C,36,3,0.3,H_true,H,300,3.5905470949433287,3.5806761750946876,1.0027567195037903,0.00987091984864108,-0.00757593098383209,0.027803090907007277,-0.011022527164316287,0.030932995075681192,approximately equal,estimate
C,36,3,0.3,H,L0,300,3.5806761750946876,1.2445584775828764,2.8770654329147396,2.336117697511811,2.2655323948274844,2.408183638173434,2.2525315708101687,2.4223319566231534,b well below a,estimate
C,36,3,0.3,H,P1x,300,3.5806761750946876,4.09347046123161,0.8747287195563059,-0.5127942861369226,-0.5894831075943273,-0.4343122475736826,-0.6045979536125595,-0.42313343084509736,a well below b,estimate
C,36,3,0.3,L_range,L0,300,2.0205772930169057,1.2445584775828764,1.6235294117647063,0.7760188154340293,0.7317477399128721,0.8224203644891845,0.7248504346686339,0.8296549261615845,b well below a,estimate
C,36,6,0.1,H,L_range,300,2.4687170541452277,1.599253530810726,1.5436683468778933,0.8694635233345016,0.8064541516340069,0.9376057733562899,0.7914791436469634,0.9500760354317395,b well below a,estimate
C,36,6,0.1,H,O,300,2.4687170541452277,2.9754242730421554,0.8297025323454607,-0.5067072188969277,-0.575482852942337,-0.439584963926166,-0.5909431811552722,-0.4290518698710117,a well below b,estimate
C,36,6,0.1,H,P1,300,2.4687170541452277,0.04935459924320727,50.019999999999996,2.4193624549020205,2.3619383786825487,2.47644927469333,2.351248995063124,2.4856703589852693,b well below a,estimate
C,36,6,0.1,H_true,H,300,2.478094428001437,2.4687170541452277,1.003798480607757,0.009377373856209292,-0.0034630477135656696,0.02286763098268587,-0.006087067239995303,0.02599342226808867,approximately equal,estimate
C,36,6,0.1,H,L0,300,2.4687170541452277,0.5598456707487811,4.409638554216868,1.9088713833964466,1.853742296041784,1.9643377271792708,1.843879601959683,1.975508318141317,b well below a,estimate
C,36,6,0.1,H,P1x,300,2.4687170541452277,2.969830751794592,0.8312652337691115,-0.5011136976493642,-0.5692559476711525,-0.4351430499942772,-0.5840335372612228,-0.42411640994669025,a well below b,estimate
C,36,6,0.1,L_range,L0,300,1.599253530810726,0.5598456707487811,2.856597120188069,1.039407860061945,0.9902177761495485,1.0882853648458013,0.979684682094394,1.0979999951301724,b well below a,estimate
C,36,6,0.3,H,L_range,300,3.6127566646027724,2.575322988510555,1.4028363357608282,1.0374336760922174,0.9520255421018463,1.127102757150584,0.9362402961105608,1.148654265486784,b well below a,estimate
C,36,6,0.3,H,O,300,3.6127566646027724,4.127360619378613,0.8753188775510206,-0.5146039547758403,-0.596228236157565,-0.43596562664833094,-0.6080527755595834,-0.42048062113577384,a well below b,estimate
C,36,6,0.3,H,P1,300,3.6127566646027724,0.10035435179452146,36.0,3.512402312808251,3.4335912435833893,3.5872896913932766,3.420586306682804,3.6040414649530756,b well below a,estimate
C,36,6,0.3,H_true,H,300,3.6119340879487187,3.6127566646027724,0.9997723132969034,-0.0008225766540537194,-0.01990635502809248,0.016788789509231055,-0.02352980518919954,0.020893447012957388,approximately equal,estimate
C,36,6,0.3,H,L0,300,3.6127566646027724,1.2478487841990904,2.8951878707976273,2.364907880403682,2.287404708058765,2.4417365398922737,2.273749935601478,2.4552350227852915,b well below a,estimate
C,36,6,0.3,H,P1x,300,3.6127566646027724,4.122096128792672,0.8764367816091954,-0.5093394641898992,-0.5881505334147611,-0.4307011360623889,-0.6014721623271567,-0.41424549009804873,a well below b,estimate
C,36,6,0.3,L_range,L0,300,2.575322988510555,1.2478487841990904,2.0638101516150296,1.3274742043114647,1.2662662754833471,1.3860498878466112,1.2547502023265993,1.3983844247741426,b well below a,estimate
C,36,11,0.1,H,L_range,300,2.5174135920651923,1.9679323871574843,1.2792175221534863,0.549481204907708,0.47790881023851656,0.6205518278179256,0.4658909653227955,0.6332195082903489,b well below a,estimate
C,36,11,0.1,H,O,300,2.5174135920651923,2.9833210089210693,0.8438292709826843,-0.465907416855877,-0.5281353407350209,-0.4055220646818121,-0.5412636641337134,-0.39350833264936164,a well below b,estimate
C,36,11,0.1,H,P1,300,2.5174135920651923,0.04935459924320727,51.00666666666667,2.468058992821985,2.403231726716032,2.5310930418221016,2.3926945197776073,2.5414369432468233,b well below a,estimate
C,36,11,0.1,H_true,H,300,2.534029640477072,2.5174135920651923,1.0066004443863548,0.016616048411879802,0.000987091984863997,0.033232096823759605,-0.0019782968529987286,0.03669103165405457,approximately equal,estimate
C,36,11,0.1,H,L0,300,2.5174135920651923,0.5697165905974225,4.418712099335837,1.9476970014677697,1.8866618137370033,2.0089049302958872,1.8743108252763907,2.0202564881218246,b well below a,estimate
C,36,11,0.1,H,P1x,300,2.5174135920651923,2.940547022910289,0.8561038379769499,-0.42313343084509647,-0.48105105305700063,-0.36686918770784027,-0.49437268196939577,-0.3553448887845517,a well below b,estimate
C,36,11,0.1,L_range,L0,300,1.9679323871574843,0.5697165905974225,3.454230436038117,1.398215796560062,1.339467371927564,1.4556398727795339,1.3282844423157072,1.4653421644140943,b well below a,estimate
C,36,11,0.3,H,L_range,300,3.6844853488362332,3.01934986636861,1.2202909606058956,0.6651354824676234,0.5794147693487129,0.7543439205997204,0.5624696902752115,0.7689528819757104,b well below a,estimate
C,36,11,0.3,H,O,300,3.6844853488362332,4.117983245522404,0.8947305341376692,-0.43349789668617067,-0.5067318961965497,-0.3630606577995729,-0.5187291766959192,-0.3510592644169332,a well below b,estimate
C,36,11,0.3,H,P1,300,3.6844853488362332,0.1011769284485749,36.416260162601624,3.583308420387658,3.5076231424482005,3.6573485450190097,3.4916651553595637,3.66903735927311,b well below a,estimate
C,36,11,0.3,H_true,H,300,3.6811950422200197,3.6844853488362332,0.9991069833898911,-0.0032903066162135453,-0.025179071380575912,0.01859023238160873,-0.03043533619997698,0.02237819787352342,approximately equal,estimate
C,36,11,0.3,H,L0,300,3.6844853488362332,1.261339041325567,2.9210903873744622,2.4231463075106663,2.349575051572125,2.4947187021798576,2.335114153993865,2.5090479874934686,b well below a,estimate
C,36,11,0.3,H,P1x,300,3.6844853488362332,4.080473750097567,0.9029552876668144,-0.3959884012613335,-0.4650848402018229,-0.32787082853916677,-0.47956218931316297,-0.3137060585563654,a well below b,estimate
C,36,11,0.3,L_range,L0,300,3.01934986636861,1.261339041325567,2.393765488457024,1.7580108250430428,1.6895642216592546,1.8269674259523434,1.6711467303749983,1.8396309935414967,b well below a,estimate
C,36,23,0.1,H,L_range,300,2.5098458868479003,2.21684408267406,1.1321706864564007,0.29300180417384025,0.2247197161208628,0.3568419782949294,0.21074002588522467,0.36966594833162203,b well below a,estimate
C,36,23,0.1,H,O,300,2.5098458868479003,3.0307014241945476,0.8281402670719792,-0.5208555373466472,-0.5876487616557875,-0.4524007081963185,-0.599822896135779,-0.43925593326454493,a well below b,estimate
C,36,23,0.1,H,P1,300,2.5098458868479003,0.04935459924320727,50.85333333333333,2.460491287604693,2.405534941347382,2.51446054187714,2.39781094656582,2.524820894834944,b well below a,estimate
C,36,23,0.1,H_true,H,300,2.5669327066392102,2.5098458868479003,1.022745149449397,0.05708681979130992,0.027465834478844386,0.08769489708863859,0.022201343892902348,0.09427139743779542,approximately equal,estimate
C,36,23,0.1,H,L0,300,2.5098458868479003,0.6009745034514538,4.176293457432248,1.9088713833964466,1.8562182517704844,1.9621825763456509,1.845857898812682,1.9745171132731825,b well below a,estimate
C,36,23,0.1,H,P1x,300,2.5098458868479003,2.956340494668115,0.848970506399555,-0.44649460782021455,-0.5095122052872496,-0.38659457587204266,-0.5208678759964585,-0.37540753337691574,a well below b,estimate
C,36,23,0.1,L_range,L0,300,2.21684408267406,0.6009745034514538,3.6887489734464833,1.6158695792226063,1.5594325949879988,1.6744534885242928,1.5472625733912775,1.686792138335095,b well below a,estimate
C,36,23,0.3,H,L_range,300,3.677411189611374,3.3339031788786513,1.1030347890451517,0.34350801073272264,0.24905153354776383,0.43320999485725137,0.23278919309712753,0.4507843450711037,b well below a,estimate
C,36,23,0.3,H,O,300,3.677411189611374,4.159441108886697,0.8841118538148165,-0.48202991927532324,-0.5605119578385641,-0.40321062428392207,-0.5728464947660957,-0.3884083573942308,a well below b,estimate
C,36,23,0.3,H,P1,300,3.677411189611374,0.10018983646371077,36.70443349753695,3.5772213531476633,3.503345743847122,3.6509488986504737,3.4885270254243492,3.663620692006168,b well below a,estimate
C,36,23,0.3,H_true,H,300,3.7486463278524025,3.677411189611374,1.0193710016552586,0.07123513824102856,0.035370796124298366,0.10808657234262364,0.028115670035547248,0.11549387511237555,no reading,estimate
C,36,23,0.3,H,L0,300,3.677411189611374,1.27153899183583,2.8920947082416872,2.405872197775544,2.331832073144192,2.477938138437167,2.316852952273878,2.4965201450522336,b well below a,estimate
C,36,23,0.3,H,P1x,300,3.677411189611374,4.095280129870528,0.8979632828506007,-0.41786894025915444,-0.493710507762883,-0.34168189056072384,-0.5058887551261452,-0.32524269612946605,a well below b,estimate
C,36,23,0.3,L_range,L0,300,3.3339031788786513,1.27153899183583,2.6219433303144006,2.0623641870428213,1.9881595470806583,2.1372268883282257,1.973686310852589,2.1541637416351866,b well below a,estimate
C,40,3,0.1,H,L_range,300,2.6598705613614504,2.3448589747557107,1.1343413783076477,0.3150115866057397,0.2534070479697466,0.37253642972977496,0.24273051890711717,0.3839004840806311,b well below a,estimate
C,40,3,0.1,H,O,300,2.6598705613614504,3.15216139584055,0.8438243564784771,-0.4922908344790997,-0.5511566360165356,-0.43386823106134603,-0.5636741418840039,-0.4224871306289641,a well below b,estimate
C,40,3,0.1,H,P1,300,2.6598705613614504,0.06818432610513846,39.00999999999999,2.591686235256312,2.533263631838559,2.648506507010594,2.5257690379941695,2.656921589257403,b well below a,estimate
C,40,3,0.1,H_true,H,300,2.6666889939719645,2.6598705613614504,1.0025634452704435,0.006818432610514069,-0.0038637784792916463,0.018409768048387676,-0.005460428115586757,0.0213644221796101,approximately equal,estimate
C,40,3,0.1,H,L0,300,2.6598705613614504,2.6962355352841914,0.9865126865042567,-0.03636497392274096,-0.09592398277557912,0.021603067320978355,-0.10547547045747446,0.033421683845868445,approximately equal,estimate
C,40,3,0.1,H,P1x,300,2.6598705613614504,3.114432735395707,0.8540465591476318,-0.45456217403425647,-0.5132120585390263,-0.397969183366992,-0.5247977119497245,-0.3861448848149256,a well below b,estimate
C,40,3,0.1,L_range,L0,300,2.3448589747557107,2.6962355352841914,0.8696788333473824,-0.35137656052848065,-0.4084354774241303,-0.294101726600164,-0.4186574443127258,-0.2838740776843931,a well below b,estimate
C,40,3,0.3,H,L_range,300,3.763092957742591,3.4376264411340633,1.0946776859504133,0.32546651660852755,0.2588731581125096,0.38982115639742737,0.246361334272216,0.4070717909020275,b well below a,estimate
C,40,3,0.3,H,O,300,3.763092957742591,4.280384711793574,0.8791483035097968,-0.5172917540509832,-0.5877602550806436,-0.446357326792938,-0.6016244013886887,-0.43160110221834996,a well below b,estimate
C,40,3,0.3,H,P1,300,3.763092957742591,0.1386414630804482,27.142622950819668,3.624451494662143,3.5555853252959526,3.6935563091696997,3.541709814933557,3.7042271562051545,b well below a,estimate
C,40,3,0.3,H_true,H,300,3.7624111144815395,3.763092957742591,0.9998188077550281,-0.0006818432610513625,-0.015000551743131307,0.013864146308045111,-0.017500643700318473,0.016591519352249673,approximately equal,estimate
C,40,3,0.3,H,L0,300,3.763092957742591,3.8290044729775583,0.9827862527452959,-0.06591151523496741,-0.12842517821902882,-0.0034092163052585,-0.1395903616187456,0.009324206594877052,no reading,estimate
C,40,3,0.3,H,P1x,300,3.763092957742591,4.2485653596111765,0.8857326271866475,-0.48547240186858565,-0.5511566360165348,-0.41706079467643065,-0.5643446210907048,-0.40181023373758035,a well below b,estimate
C,40,3,0.3,L_range,L0,300,3.4376264411340633,3.8290044729775583,0.8977859559565501,-0.39137803184349496,-0.4575281922198293,-0.32203457219456905,-0.47001728795142084,-0.3100114026913632,a well below b,estimate
C,40,6,0.1,H,L_range,300,2.6928263189789345,2.3494045964960533,1.1461739382799654,0.3434217224828813,0.2879537731963504,0.3997987961174791,0.27749316116638717,0.4097934819190572,b well below a,estimate
C,40,6,0.1,H,O,300,2.6928263189789345,3.1339789088791794,0.8592356225977231,-0.44115258990024486,-0.4961546129583909,-0.3847868803199983,-0.505251538466251,-0.37386602408882524,a well below b,estimate
C,40,6,0.1,H,P1,300,2.6928263189789345,0.06818432610513846,39.49333333333333,2.624641992873796,2.5707650111963853,2.6798826610733086,2.5587134315573024,2.6923717568048997,b well below a,estimate
C,40,6,0.1,H_true,H,300,2.699190189415414,2.6928263189789345,1.0023632680621202,0.006363870436479679,-0.0020568938375053573,0.014545989569095585,-0.0038637784792907694,0.016136957178215738,approximately equal,estimate
C,40,6,0.1,H,L0,300,2.6928263189789345,2.66941636701617,1.0087696892294595,0.02340995196276463,-0.03363760087853507,0.08091206697809783,-0.04182540203832684,0.09204884024193662,approximately equal,estimate
C,40,6,0.1,H,P1x,300,2.6928263189789345,3.130569692573923,0.8601713373021636,-0.4377433735949885,-0.4945863734579721,-0.38022989452530404,-0.505473137526093,-0.369536319381148,a well below b,estimate
C,40,6,0.1,L_range,L0,300,2.3494045964960533,2.66941636701617,0.8801191996594294,-0.32001177052011665,-0.37683204227439804,-0.2602254805802606,-0.3872926543043622,-0.24795798390851156,a well below b,estimate
C,40,6,0.3,H,L_range,300,3.782866412313081,3.4489904954849195,1.096803953871499,0.3338759168281613,0.26227101036341516,0.4032080124227359,0.25090127398538264,0.4138788594581899,b well below a,estimate
C,40,6,0.3,H,O,300,3.782866412313081,4.2356103376512,0.8931101094655506,-0.4527439253381189,-0.524121550715848,-0.38386639191757826,-0.5375424989042101,-0.3709227340119545,a well below b,estimate
C,40,6,0.3,H,P1,300,3.782866412313081,0.1386414630804482,27.28524590163934,3.644224949232633,3.577620226682263,3.7137729618598736,3.5628583200805006,3.7244551729496793,b well below a,estimate
C,40,6,0.3,H_true,H,300,3.784230098835184,3.782866412313081,1.0003604902667629,0.001363686522103169,-0.007966202099951025,0.010227648915770438,-0.009773086741736946,0.011818616524891024,approximately equal,estimate
C,40,6,0.3,H,L0,300,3.782866412313081,3.805367239927776,0.9940870811682496,-0.022500827614694963,-0.09524213951452687,0.05184281594860745,-0.10982222124667591,0.0668490497189123,approximately equal,estimate
C,40,6,0.3,H,P1x,300,3.782866412313081,4.230382872649806,0.8942137215924354,-0.44751646033672543,-0.5179735973120345,-0.37910485314456954,-0.5302524580381354,-0.3659111860432254,a well below b,estimate
C,40,6,0.3,L_range,L0,300,3.4489904954849195,3.805367239927776,0.9063489219375263,-0.3563767444428563,-0.423879227286943,-0.28341951551035827,-0.43887977903007425,-0.27091337369724183,a well below b,estimate
C,40,11,0.1,H,L_range,300,2.6403243878779774,2.325994644533289,1.135137776040649,0.31432974334468833,0.2561230569596017,0.36864992314178213,0.24478173071744713,0.3813776640147406,b well below a,estimate
C,40,11,0.1,H,O,300,2.6403243878779774,3.1003413080006443,0.8516237812477092,-0.46001692012266693,-0.5138825377457263,-0.40636721953227406,-0.5264057256403705,-0.3952361282956108,a well below b,estimate
C,40,11,0.1,H,P1,300,2.6403243878779774,0.06818432610513846,38.72333333333332,2.572140061772839,2.523251899955455,2.6212441406228897,2.5148595458173473,2.6317161167072043,b well below a,estimate
C,40,11,0.1,H_true,H,300,2.6580523126653133,2.6403243878779774,1.0067142980115347,0.01772792478733587,0.0013523224677514773,0.03431944413958643,-0.0020455297831540875,0.03750137935782627,approximately equal,estimate
C,40,11,0.1,H,L0,300,2.6403243878779774,2.6755529563656326,0.9868331634386679,-0.03522856848765521,-0.09704902415631358,0.02340995196276423,-0.10819716147450406,0.03500128740063779,approximately equal,estimate
C,40,11,0.1,H,P1x,300,2.6403243878779774,3.068521955818247,0.8604547811273239,-0.4281975679402694,-0.48093814418259434,-0.3752297106109275,-0.4918476363594153,-0.3650134257495079,a well below b,estimate
C,40,11,0.1,L_range,L0,300,2.325994644533289,2.6755529563656326,0.8693510023785251,-0.34955831183234354,-0.4043557819121726,-0.29159027058862425,-0.41662327858392256,-0.2802318982649435,a well below b,estimate
C,40,11,0.3,H,L_range,300,3.7324100109952782,3.4296716030884635,1.0882703777335985,0.3027384079068147,0.228610681376178,0.3727409827080903,0.21636591281313056,0.3850368895157164,b well below a,estimate
C,40,11,0.3,H,O,300,3.7324100109952782,4.23083743482384,0.8821917808219178,-0.498427423828562,-0.5650321463789307,-0.4336409499743295,-0.5822998269650581,-0.4227428218518581,a well below b,estimate
C,40,11,0.3,H,P1,300,3.7324100109952782,0.13841418199343106,26.965517241379306,3.593995829001847,3.52557285775534,3.6590095839430976,3.513759923257625,3.670146357206937,b well below a,estimate
C,40,11,0.3,H_true,H,300,3.7451377518682376,3.7324100109952782,1.0034100596760445,0.012727740872959359,-0.0025000919571889213,0.029546541312226893,-0.005233147028569773,0.03318303870450025,approximately equal,estimate
C,40,11,0.3,H,L0,300,3.7324100109952782,3.826958943194404,0.9752939779071147,-0.09454893219912597,-0.17001761714316282,-0.02113714109259357,-0.185012486859117,-0.0077161929042316064,no reading,estimate
C,40,11,0.3,H,P1x,300,3.7324100109952782,4.19288149329198,0.890177797051171,-0.4604714822967013,-0.5295649327499081,-0.3961509346708545,-0.5411676322421326,-0.38501416140701483,a well below b,estimate
C,40,11,0.3,L_range,L0,300,3.4296716030884635,3.826958943194404,0.8961871956289343,-0.3972873401059407,-0.4609487725794374,-0.3265801939349116,-0.472756025049978,-0.3163525450191404,a well below b,estimate
C,40,23,0.1,H,L_range,300,2.6664617128849475,2.3384951043192315,1.140246865584605,0.327966608565716,0.2718054519637838,0.3852414424940318,0.2595379552920339,0.39638957981222267,b well below a,estimate
C,40,23,0.1,H,O,300,2.6664617128849475,3.1053414919150213,0.8586693991070777,-0.4388797790300738,-0.498427423828562,-0.37865029097053515,-0.5097914781794182,-0.36796239785355495,a well below b,estimate
C,40,23,0.1,H,P1,300,2.6664617128849475,0.06818432610513846,39.10666666666666,2.598277386779809,2.5418889490908594,2.6605524046225018,2.532360189517666,2.6691947679563284,b well below a,estimate
C,40,23,0.1,H_true,H,300,2.7110088059403044,2.6664617128849475,1.0167064439140812,0.04454709305535687,0.020455297831541742,0.06727520175706969,0.015455113917164809,0.07159922443757069,approximately equal,estimate
C,40,23,0.1,H,L0,300,2.6664617128849475,2.6521430044028684,1.0053989202159568,0.014318708482079057,-0.04593350768616171,0.07545732088968651,-0.056144110520406354,0.08841802487683822,approximately equal,estimate
C,40,23,0.1,H,P1x,300,2.6664617128849475,3.031702419721472,0.8795262013644203,-0.36524070683652443,-0.4232087480802437,-0.306818103418772,-0.4350273646051339,-0.29409604457298816,a well below b,estimate
C,40,23,0.1,L_range,L0,300,2.3384951043192315,2.6521430044028684,0.8817379381266603,-0.31364790008363697,-0.36933176640283266,-0.2543275363721666,-0.3804799037210236,-0.24454876760325434,a well below b,estimate
C,40,23,0.3,H,L_range,300,3.7715023579622238,3.417625705476556,1.1035445900113052,0.3538766524856678,0.28113534058583645,0.428436213081636,0.26727119427779084,0.44206739627548997,b well below a,estimate
C,40,23,0.3,H,O,300,3.7715023579622238,4.2469743920020555,0.8880445253130687,-0.47547203403983174,-0.5466110142761926,-0.4086400304024448,-0.5586739579696274,-0.3952418103227857,a well below b,estimate
C,40,23,0.3,H,P1,300,3.7715023579622238,0.1388687441674653,27.158756137479536,3.6326336137947584,3.5571649288507206,3.7112728699026847,3.542630303335976,3.7251426982379052,b well below a,estimate
C,40,23,0.3,H_true,H,300,3.8271862242814207,3.7715023579622238,1.0147643726648188,0.05568386631919697,0.02477363848486691,0.08591225089247437,0.019989371603156527,0.09182724118209547,approximately equal,estimate
C,40,23,0.3,H,L0,300,3.7715023579622238,3.7826391312260634,0.9970558192633538,-0.011136773263839661,-0.0806847858910796,0.057286197982667465,-0.09410573407944155,0.07272994784548018,approximately equal,estimate
C,40,23,0.3,H,P1x,300,3.7715023579622238,4.174926287417626,0.9033698078284066,-0.40342392945540206,-0.4750174718657978,-0.33410319791517873,-0.4893361803478764,-0.3225004984229543,a well below b,estimate
C,40,23,0.3,L_range,L0,300,3.417625705476556,3.7826391312260634,0.9035029742233973,-0.36501342574950746,-0.43865249794305683,-0.284555920945444,-0.4527439253381189,-0.2729589034803955,a well below b,estimate
C,44,3,0.1,H,L_range,300,2.713412950315149,1.7000032134669547,1.5961222477817942,1.0134097368481945,0.9564263889107547,1.0720690656073235,0.9480395015488836,1.0812869601266155,b well below a,estimate
C,44,3,0.1,H,O,300,2.713412950315149,3.1743076762797364,0.8548046462513198,-0.46089472596458725,-0.5148194089024435,-0.40864602384841936,-0.5231993130108904,-0.3994211460757051,a well below b,estimate
C,44,3,0.1,H,P1,300,2.713412950315149,0.08407837122141856,32.27242524916944,2.629334579093731,2.572071901019343,2.685787199770969,2.5608986955414133,2.6963807952147305,b well below a,estimate
C,44,3,0.1,H_true,H,300,2.7206755338758035,2.713412950315149,1.0026765493102738,0.007262583560654345,-0.002793301369482326,0.01648047807994548,-0.005027942465067892,0.01815645890163564,approximately equal,estimate
C,44,3,0.1,H,L0,300,2.713412950315149,1.0410634204060698,2.6063858331097394,1.6723495299090794,1.6192628373820672,1.7226429210666094,1.6103382395065717,1.7357644542497528,b well below a,estimate
C,44,3,0.1,H,P1x,300,2.713412950315149,3.1592238488845314,0.8588859416445623,-0.4458108985693823,-0.4966489834939609,-0.39663482795964594,-0.5053082177393557,-0.3879895602210972,a well below b,estimate
C,44,3,0.1,L_range,L0,300,1.7000032134669547,1.0410634204060698,1.6329487523477326,0.6589397930608849,0.625420176627097,0.6919147157276245,0.6189886002238638,0.6983323256240098,b well below a,estimate
C,44,3,0.3,H,L_range,300,3.8243089049582775,2.778776202361036,1.3762565339766788,1.0455327025972414,0.9776415128119728,1.1139825526564062,0.9639543361015096,1.1265524088190768,b well below a,estimate
C,44,3,0.3,H,O,300,3.8243089049582775,4.306153391193982,0.8881032693305656,-0.48184448623570475,-0.5469423746514902,-0.4150845835050765,-0.5589396040334158,-0.4039043947737223,a well below b,estimate
C,44,3,0.3,H,P1,300,3.8243089049582775,0.17653664655128418,21.662974683544302,3.6477722584069934,3.5765291069783465,3.7142667975075208,3.5662008751646854,3.729064311512353,b well below a,estimate
C,44,3,0.3,H_true,H,300,3.838554741942637,3.8243089049582775,1.0037250748667006,0.014245836984359439,0.0036312917803269507,0.025139712325340312,0.001396650684741807,0.027653683557874675,approximately equal,estimate
C,44,3,0.3,H,L0,300,3.8243089049582775,2.0597804298562807,1.8566585299701654,1.7645284751019967,1.7002825436039037,1.8301850237916801,1.6907853189476634,1.8416235928997091,b well below a,estimate
C,44,3,0.3,H,P1x,300,3.8243089049582775,4.281013678868641,0.8933185436513115,-0.45670477391036357,-0.5201266815044606,-0.3944141533709078,-0.5304549133181211,-0.3829406679957583,a well below b,estimate
C,44,3,0.3,L_range,L0,300,2.778776202361036,2.0597804298562807,1.3490642799023596,0.7189957725047553,0.6782135725103133,0.7600573026361461,0.6712303190866078,0.7678785464706963,b well below a,estimate
C,44,6,0.1,H,L_range,300,2.6759827119640858,2.0698363147864174,1.292847503373819,0.6061463971776684,0.5488697525964334,0.6667750034022831,0.5315512841056426,0.677941225626789,b well below a,estimate
C,44,6,0.1,H,O,300,2.6759827119640858,3.1128550461511244,0.8596554199569275,-0.43687233418703864,-0.48659309856382427,-0.38629961289256093,-0.4946936725353228,-0.37485406053110665,a well below b,estimate
C,44,6,0.1,H,P1,300,2.6759827119640858,0.08379904108447032,31.933333333333334,2.5921836708796153,2.5368623372570176,2.647505004502213,2.5284894164019946,2.6583918965897704,b well below a,estimate
C,44,6,0.1,H_true,H,300,2.6726307503207067,2.6759827119640858,0.9987473903966596,-0.003351961643379031,-0.012569856162671034,0.005586602738964186,-0.014804497258255733,0.006703923286757618,approximately equal,estimate
C,44,6,0.1,H,L0,300,2.6759827119640858,1.0332421765715192,2.5898891592322246,1.6427405353925666,1.5910644600571435,1.6963719216866278,1.5824052258117483,1.7058691463428675,b well below a,estimate
C,44,6,0.1,H,P1x,300,2.6759827119640858,3.1198382995748304,0.8577312203420181,-0.4438555876107446,-0.4952662993160669,-0.3927242060423698,-0.5033598900341422,-0.38239597422870936,a well below b,estimate
C,44,6,0.1,L_range,L0,300,2.0698363147864174,1.0332421765715192,2.0032441200324413,1.0365941382148982,0.9946806511658154,1.08018360608567,0.9885423714063781,1.0868875293724278,b well below a,estimate
C,44,6,0.3,H,L_range,300,3.8019624940024186,3.224587100930419,1.1790540540540537,0.5773753930719998,0.5058668780132529,0.6514118458701295,0.49134171089194423,0.6662093598749622,b well below a,estimate
C,44,6,0.3,H,O,300,3.8019624940024186,4.239672818600302,0.8967584662010806,-0.4377103245978833,-0.4960903232200642,-0.37764037864716526,-0.5089464927731064,-0.3681571204977736,a well below b,estimate
C,44,6,0.3,H,P1,300,3.8019624940024186,0.17346401504485356,21.917874396135268,3.628498478957565,3.559783265268299,3.6983589462083186,3.549154753557419,3.711459529631191,b well below a,estimate
C,44,6,0.3,H_true,H,300,3.809504407700021,3.8019624940024186,1.0019836896627727,0.007541913697602265,-0.007541913697601843,0.02402239177754817,-0.011173205477928782,0.026815693147030927,approximately equal,estimate
C,44,6,0.3,H,L0,300,3.8019624940024186,2.0547524873912124,1.8503262642740619,1.7472100066112062,1.6851847497018508,1.814821866259527,1.6751428312785617,1.8257087583470843,b well below a,estimate
C,44,6,0.3,H,P1x,300,3.8019624940024186,4.261739899419212,0.8921150947106247,-0.4597774054167938,-0.5206713752715091,-0.39775214850743806,-0.5340862050984476,-0.3868652564198805,a well below b,estimate
C,44,6,0.3,L_range,L0,300,3.224587100930419,2.0547524873912124,1.5693311582381733,1.1698346135392064,1.1195551888885236,1.219569344422839,1.1108889713897045,1.229345899216027,b well below a,estimate
C,44,11,0.1,H,L_range,300,2.6477703681323144,2.179892388744022,1.2146335212711428,0.46787797938829234,0.41145329172474954,0.5270959684213188,0.4002731029933962,0.5388278341731438,b well below a,estimate
C,44,11,0.1,H,O,300,2.6477703681323144,3.1190003091639853,0.8489163532151175,-0.47122994103167093,-0.524581997188784,-0.4148052533681281,-0.5366001763309816,-0.40250774408898177,a well below b,estimate
C,44,11,0.1,H,P1,300,2.6477703681323144,0.08379904108447032,31.59666666666667,2.563971327047844,2.512281285205573,2.6209686414921314,2.4999977424332744,2.6301725695045755,b well below a,estimate
C,44,11,0.1,H_true,H,300,2.6684407982664835,2.6477703681323144,1.0078067306677918,0.020670430134169138,0.005586602738965052,0.03547492739242575,0.0030726315064311116,0.03882688903580435,approximately equal,estimate
C,44,11,0.1,H,L0,300,2.6477703681323144,1.0273762436956062,2.5772158781946715,1.6203941244367082,1.5712320203338188,1.673760147100668,1.5634107764992682,1.6821330679556916,b well below a,estimate
C,44,11,0.1,H,P1x,300,2.6477703681323144,3.0952572475233855,0.8554282104503205,-0.4474868793910711,-0.4972076437678572,-0.39412085672711117,-0.5097844831839519,-0.38434430193392294,a well below b,estimate
C,44,11,0.1,L_range,L0,300,2.179892388744022,1.0273762436956062,2.1218053289831436,1.1525161450484158,1.1128372990949182,1.1916363307280158,1.1050300217672155,1.1997299214460908,b well below a,estimate
C,44,11,0.3,H,L_range,300,3.7771021118140258,3.3460957105029,1.1288087486434595,0.43100640131112566,0.36508448899134244,0.4994422848634432,0.3494280348153938,0.5109018037317444,b well below a,estimate
C,44,11,0.3,H,O,300,3.7771021118140258,4.239393488463354,0.8909534163536931,-0.4622913766493282,-0.5223473560931984,-0.39916276569902687,-0.5321239108863871,-0.3849099454612429,a well below b,estimate
C,44,11,0.3,H,P1,300,3.7771021118140258,0.170391383538423,22.167213114754098,3.6067107282756026,3.5363195337646487,3.6785125399781466,3.5254256584236674,3.6910684296339693,b well below a,estimate
C,44,11,0.3,H_true,H,300,3.7913479487983857,3.7771021118140258,1.003771631415471,0.014245836984359883,-0.0025139712325352725,0.0315643054751509,-0.005593585992388749,0.03520258050890102,approximately equal,estimate
C,44,11,0.3,H,L0,300,3.7771021118140258,2.0332440668461986,1.8576727572468743,1.7438580449678271,1.6792908838122431,1.8114838711229948,1.666483597033166,1.8231947871145489,b well below a,estimate
C,44,11,0.3,H,P1x,300,3.7771021118140258,4.206991192577358,0.8978155500962752,-0.4298890807633322,-0.48772438561846554,-0.36646717316923566,-0.4986252442128688,-0.35585961121862725,a well below b,estimate
C,44,11,0.3,L_range,L0,300,3.3460957105029,2.0332440668461986,1.6456930897101247,1.3128516436567015,1.2561476258562108,1.369290297827093,1.2455330806521778,1.3796185296407544,b well below a,estimate
C,44,23,0.1,H,L_range,300,2.555870753076345,2.204473440795466,1.1594019260010138,0.3513973122808789,0.3002798972193523,0.40642534925968077,0.2904963591727403,0.4187228585388271,b well below a,estimate
C,44,23,0.1,H,O,300,2.555870753076345,3.086039353004094,0.8282041998551773,-0.530168599927749,-0.5796100341675863,-0.47821319445537736,-0.5891072588238262,-0.46926764681961003,a well below b,estimate
C,44,23,0.1,H,P1,300,2.555870753076345,0.08379904108447032,30.5,2.4720717119918745,2.419278316108658,2.528231036025317,2.4080911441238815,2.538552284585555,b well below a,estimate
C,44,23,0.1,H_true,H,300,2.628217258545938,2.555870753076345,1.028306010928962,0.07234650546959287,0.0508380849245782,0.09664822738408896,0.04747914002777591,0.10056583255478836,approximately equal,estimate
C,44,23,0.1,H,L0,300,2.555870753076345,1.0153650478068321,2.517193947730399,1.5405057052695128,1.490491644248931,1.5910784265639908,1.4823980535308563,1.6005686679668074,b well below a,estimate
C,44,23,0.1,H,P1x,300,2.555870753076345,3.005871603699951,0.8502927237245608,-0.45000085062360595,-0.4972076437678572,-0.40082478001386873,-0.5078221889718901,-0.3927381725492176,a well below b,estimate
C,44,23,0.1,L_range,L0,300,2.204473440795466,1.0153650478068321,2.17111416781293,1.189108392988634,1.144680934707017,1.2360498225027854,1.1371529875162625,1.2430330759264905,b well below a,estimate
C,44,23,0.3,H,L_range,300,3.700844984427158,3.2759838461288937,1.1296896316507503,0.42486113829826433,0.3583805657045849,0.4927662945903804,0.34328975505595666,0.5075428588349427,b well below a,estimate
C,44,23,0.3,H,O,300,3.700844984427158,4.19889061860586,0.8813863757317721,-0.4980456341787023,-0.5606435178688021,-0.4388276451456763,-0.5737580677985207,-0.4279267865512705,a well below b,estimate
C,44,23,0.3,H,P1,300,3.700844984427158,0.17095004381231946,21.64869281045752,3.5298949406148385,3.464238391925156,3.6011241255366375,3.4497271913106955,3.6153769457744223,b well below a,estimate
C,44,23,0.3,H_true,H,300,3.72430871593081,3.700844984427158,1.0063401011397086,0.023463731503651886,-0.005027942465068769,0.05167607533542331,-0.010614545204032499,0.05810765173865618,approximately equal,estimate
C,44,23,0.3,H,L0,300,3.700844984427158,2.027378133970285,1.8254340038578123,1.6734668504568728,1.6075449381370892,1.742196030652985,1.5969303929330567,1.7583901953425594,b well below a,estimate
C,44,23,0.3,H,P1x,300,3.700844984427158,4.122354161082044,0.8977503726792248,-0.4215091766548862,-0.48463778760518705,-0.36480515885439496,-0.49442132565179814,-0.35389033375314183,a well below b,estimate
C,44,23,0.3,L_range,L0,300,3.2759838461288937,2.027378133970285,1.6158721410856989,1.2486057121586085,1.1969296368231848,1.3044857060551027,1.1876977757970457,1.3148069546153391,b well below a,estimate
C,50,3,0.1,H,L_range,300,2.82393716603082,1.2162011362704632,2.321932681867535,1.607736029760357,1.5529178433657562,1.6612171872185046,1.5446728315909584,1.6737621500790576,b well below a,estimate
C,50,3,0.1,H,O,300,2.82393716603082,3.2141515371143403,0.8785949055053409,-0.3902143710835202,-0.4357723941034237,-0.3446398415335366,-0.445684565416268,-0.3383591068382203,a well below b,estimate
C,50,3,0.1,H,P1,300,2.82393716603082,0.09903918047805073,28.513333333333335,2.7248979855527695,2.668775783281874,2.781036694353745,2.6595321264372562,2.7938952812858115,b well below a,estimate
C,50,3,0.1,H_true,H,300,2.8252576884371945,2.82393716603082,1.0004676174888942,0.0013205224063743692,-0.010894309852585327,0.012544962860553177,-0.013535354665333177,0.014864130336747772,approximately equal,estimate
C,50,3,0.1,H,L0,300,2.82393716603082,0.5671643735376374,4.979045401629801,2.256772792493183,2.2026313738318484,2.3115744723577043,2.19239732518245,2.32247703547533,b well below a,estimate
C,50,3,0.1,H,P1x,300,2.82393716603082,3.2065585332776894,0.8806753835066407,-0.38262136724686924,-0.4255548519841046,-0.33904412783652704,-0.436771039173244,-0.33013060159350305,a well below b,estimate
C,50,3,0.1,L_range,L0,300,1.2162011362704632,0.5671643735376374,2.144353899883585,0.6490367627328258,0.6269180124260612,0.6711720195696704,0.6229481919418991,0.6754637173903858,b well below a,estimate
C,50,3,0.3,H,L_range,300,3.940438860620046,2.2742697143776383,1.7326172158513575,1.6661691462424075,1.596841719907772,1.7321952665611078,1.584948764985366,1.7417690540073192,b well below a,estimate
C,50,3,0.3,H,O,300,3.940438860620046,4.30754408959202,0.9147762109135501,-0.3671052289719743,-0.41928237055382794,-0.31890616113932374,-0.4288396514699593,-0.30867211248992626,a well below b,estimate
C,50,3,0.3,H,P1,300,3.940438860620046,0.20567136479275203,19.158908507223117,3.7347674958272936,3.667750983703813,3.801784007950774,3.6555361514448528,3.814989232014515,b well below a,estimate
C,50,3,0.3,H_true,H,300,3.9354869015961436,3.940438860620046,0.9987432975871314,-0.004951959023902219,-0.01650653007967453,0.0059423508286817976,-0.01848731368923586,0.007262873235057065,approximately equal,estimate
C,50,3,0.3,H,L0,300,3.940438860620046,1.5770338838121611,2.4986393133765965,2.3634049768078844,2.300019901301933,2.424479138102682,2.2868064239731525,2.43834462336961,b well below a,estimate
C,50,3,0.3,H,P1x,300,3.940438860620046,4.298630563348996,0.9166730665847477,-0.3581917027289503,-0.4090318153743495,-0.3090022430915184,-0.41861385608560076,-0.30107910865327403,a well below b,estimate
C,50,3,0.3,L_range,L0,300,2.2742697143776383,1.5770338838121611,1.442118484404438,0.6972358305654771,0.6671939458204685,0.7269475847088926,0.661903602929933,0.7329064420676549,b well below a,estimate
C,50,6,0.1,H,L_range,300,2.742394907437225,1.6064155073539832,1.7071516646115903,1.1359794000832417,1.089084348126885,1.181207292501552,1.0798571978123468,1.188800296338202,b well below a,estimate
C,50,6,0.1,H,O,300,2.742394907437225,3.163311424468941,0.8669380087664369,-0.4209165170317162,-0.47043610727074103,-0.3740379716054383,-0.4790442627072915,-0.3657764533005606,a well below b,estimate
C,50,6,0.1,H,P1,300,2.742394907437225,0.09903918047805073,27.69,2.6433557269591743,2.592845744915369,2.6909275466487985,2.583593834805711,2.701788843441224,b well below a,estimate
C,50,6,0.1,H_true,H,300,2.7460263440547537,2.742394907437225,1.001324184422776,0.0036314366175287383,-0.0029711754143413316,0.009903918047805327,-0.0039615672191222195,0.01089430985258577,approximately equal,estimate
C,50,6,0.1,H,L0,300,2.742394907437225,0.5701355489519788,4.8100752750434275,2.1722593584852463,2.1240437841225153,2.219154410441604,2.1161289029493107,2.2277212995529543,b well below a,estimate
C,50,6,0.1,H,P1x,300,2.742394907437225,3.1524171146163553,0.8699340245051836,-0.4100222071791304,-0.4608623198245288,-0.36512444536241384,-0.46946222199604026,-0.35786157212735636,a well below b,estimate
C,50,6,0.1,L_range,L0,300,1.6064155073539832,0.5701355489519788,2.817602779386219,1.0362799584020044,1.0052311753221352,1.066321843147013,0.999305331023532,1.071603932772509,b well below a,estimate
C,50,6,0.3,H,L_range,300,3.878704438122061,2.6519391226006057,1.4625918087887464,1.226765315521455,1.1666815460314384,1.2855285626050983,1.152147546296284,1.2961009951211304,b well below a,estimate
C,50,6,0.3,H,O,300,3.878704438122061,4.334944929524281,0.8947528748762471,-0.45624049140222,-0.5150037384858638,-0.4007785503345125,-0.5275569546114567,-0.3918567708264478,a well below b,estimate
C,50,6,0.3,H,P1,300,3.878704438122061,0.1993988833624755,19.45198675496689,3.679305554759585,3.618214886934707,3.739108713238249,3.608971230090089,3.7499535035005946,b well below a,estimate
C,50,6,0.3,H_true,H,300,3.880685221731621,3.878704438122061,1.0005106817601495,0.0019807836095599995,-0.005282089625496167,0.008913526243025327,-0.006602612031870081,0.010564179250991856,approximately equal,estimate
C,50,6,0.3,H,L0,300,3.878704438122061,1.5565657865133642,2.4918345705196185,2.3221386516086966,2.2640356657282403,2.3785909844811854,2.253133102610614,2.38752101725429,b well below a,estimate
C,50,6,0.3,H,P1x,300,3.878704438122061,4.319428791249387,0.8979669825741362,-0.4407243531273264,-0.5004944985458293,-0.38658293446599185,-0.5120408163365631,-0.375688624613407,a well below b,estimate
C,50,6,0.3,L_range,L0,300,2.6519391226006057,1.5565657865133642,1.7037115588547191,1.0953733360872415,1.0557411573659412,1.133024731198981,1.0478262761927368,1.139940967302364,b well below a,estimate
C,50,11,0.1,H,L_range,300,2.635762723122524,1.7470511436328149,1.5086923658352231,0.8887115794897089,0.8404960051269773,0.9372407779239533,0.8325811239537735,0.946154304166978,b well below a,estimate
C,50,11,0.1,H,O,300,2.635762723122524,3.1071892221980453,0.8482787930301743,-0.4714264990755215,-0.5219364811193272,-0.4235575618444636,-0.529867868822611,-0.41265499872683803,a well below b,estimate
C,50,11,0.1,H,P1,300,2.635762723122524,0.09903918047805073,26.613333333333337,2.536723542644473,2.4868408087436955,2.5852692476087977,2.474650736279855,2.596477181532897,b well below a,estimate
C,50,11,0.1,H_true,H,300,2.6492980777878574,2.635762723122524,1.005135270541082,0.013535354665333621,0.003631436617528294,0.023439272713138948,0.0013205224063743582,0.025089925721106354,approximately equal,estimate
C,50,11,0.1,H,L0,300,2.635762723122524,0.5556098024818646,4.743909685086156,2.0801529206406593,2.0319538528080083,2.1283519884733106,2.0220499347602034,2.1382641597861554,b well below a,estimate
C,50,11,0.1,H,P1x,300,2.635762723122524,3.0778075986562237,0.8563767027780758,-0.44204487553369987,-0.4886097968884635,-0.3971306071869037,-0.49588092338855994,-0.38888559541210604,a well below b,estimate
C,50,11,0.1,L_range,L0,300,1.7470511436328149,0.5556098024818646,3.1443850267379676,1.1914413411509504,1.1600624274694882,1.2247845319118942,1.1547968443740717,1.2307268827405768,b well below a,estimate
C,50,11,0.3,H,L_range,300,3.763818988767522,2.80412932993521,1.3422415822933838,0.9596896588323123,0.8933334079120177,1.0214240813302968,0.881440452989612,1.0339772974558898,b well below a,estimate
C,50,11,0.3,H,O,300,3.763818988767522,4.224351177990458,0.8909815567364802,-0.46053218922293615,-0.5166543914938315,-0.40143881153769984,-0.529232367414544,-0.39151013369477344,a well below b,estimate
C,50,11,0.3,H,P1,300,3.763818988767522,0.1993988833624755,18.87582781456954,3.5644201054050466,3.5020254217038747,3.6268312956362982,3.4917831197894356,3.636058445950836,b well below a,estimate
C,50,11,0.3,H_true,H,300,3.7799953882456037,3.763818988767522,1.0042978686080168,0.01617639947808147,0.0049519590239031075,0.028061101135448175,0.0029711754143417757,0.031032276549789028,approximately equal,estimate
C,50,11,0.3,H,L0,300,3.763818988767522,1.5205815509396723,2.4752496743378205,2.24323743782785,2.18477130828564,2.301010293106712,2.1762126724393287,2.311904602959298,b well below a,estimate
C,50,11,0.3,H,P1x,300,3.763818988767522,4.197940729862977,0.8965869770368042,-0.434121741095455,-0.488939927490057,-0.37766940822296613,-0.5021368982887577,-0.36511619209737406,a well below b,estimate
C,50,11,0.3,L_range,L0,300,2.80412932993521,1.5205815509396723,1.8441163699522363,1.2835477789955376,1.2402676571266293,1.330442830951895,1.2323775357485451,1.339017973328286,b well below a,estimate
C,50,23,0.1,H,L_range,300,2.4773000343576426,1.7576153228838074,1.4094665664913597,0.7196847114738352,0.6741101819238519,0.7668933875017059,0.664883031609314,0.773512506063656,b well below a,estimate
C,50,23,0.1,H,O,300,2.4773000343576426,3.137231106943054,0.7896453751446912,-0.6599310725854113,-0.7163834054579001,-0.6034622331828429,-0.7243065398961441,-0.5909337768523701,a well below b,estimate
C,50,23,0.1,H,P1,300,2.4773000343576426,0.09903918047805073,25.013333333333335,2.378260853879592,2.3330164549312022,2.4277804441186173,2.322798912811884,2.436041962423495,b well below a,estimate
C,50,23,0.1,H_true,H,300,2.5251689715887005,2.4773000343576426,1.01932302771855,0.047868937231057895,0.03202266835456946,0.06437546731073329,0.029373370276781764,0.06833703452985464,approximately equal,estimate
C,50,23,0.1,H,L0,300,2.4773000343576426,0.5070806040476199,4.885416666666666,1.9702194303100227,1.9246614072901203,2.0190787593458612,1.916738272851875,2.0283224161904796,b well below a,estimate
C,50,23,0.1,H,P1x,300,2.4773000343576426,3.0566792401542395,0.8104546927313965,-0.579379205796597,-0.6331904938563375,-0.5258980483384494,-0.6414520121612153,-0.5156392398939312,a well below b,estimate
C,50,23,0.1,L_range,L0,300,1.7576153228838074,0.5070806040476199,3.466145833333333,1.2505347188361875,1.2158544991387896,1.2865189544098792,1.2095985242385932,1.2921311746369688,b well below a,estimate
C,50,23,0.3,H,L_range,300,3.6278051809109986,2.8321904310706576,1.2809185219722579,0.795614749840341,0.7292584989200468,0.8583560706731861,0.7186860664040151,0.8682517354559507,b well below a,estimate
C,50,23,0.3,H,O,300,3.6278051809109986,4.26594763379124,0.8504101532270545,-0.6381424528802411,-0.6982262223702578,-0.5810133522744839,-0.7117780835656715,-0.5684766426789701,a well below b,estimate
C,50,23,0.3,H,P1,300,3.6278051809109986,0.1993988833624755,18.19370860927152,3.428406297548523,3.363354062504523,3.4931284019909294,3.353780275058312,3.5073075113293704,b well below a,estimate
C,50,23,0.3,H_true,H,300,3.6614785022735363,3.6278051809109986,1.0092820092820094,0.033673321362537756,0.01056417925099229,0.059753638888424596,0.005603966962049346,0.06503572851391984,approximately equal,estimate
C,50,23,0.3,H,L0,300,3.6278051809109986,1.4529047776130044,2.496932515337423,2.174900403297994,2.112175588995229,2.233993780983231,2.1032620627522047,2.244574466764303,b well below a,estimate
C,50,23,0.3,H,P1x,300,3.6278051809109986,4.1916682484327,0.8654800346538554,-0.5638630675217016,-0.6229564452069392,-0.5067504734460265,-0.6325302326531506,-0.49550952646176655,a well below b,estimate
C,50,23,0.3,L_range,L0,300,2.8321904310706576,1.4529047776130044,1.9493296977959553,1.3792856534576532,1.338349458860059,1.4215423704616217,1.330426324421815,1.427814851891898,b well below a,estimate
C,56,3,0.1,H,L_range,300,2.7113304745976694,0.9420074490081354,2.8782473827064754,1.769323025589534,1.7170907397391413,1.8201125315160867,1.7079500897153217,1.8299563084648152,b well below a,estimate
C,56,3,0.1,H,O,300,2.7113304745976694,3.1259014147389,0.8673755550362234,-0.4145709401412305,-0.46170783866565956,-0.36379969725168854,-0.4730126585752368,-0.3546590472278695,a well below b,estimate
C,56,3,0.1,H,P1,300,2.7113304745976694,0.10957822206376136,24.74333333333334,2.601752252533908,2.5469631415020273,2.655080320604938,2.535640058555438,2.665682013589607,b well below a,estimate
C,56,3,0.1,H_true,H,300,2.715348342740007,2.7113304745976694,1.0014818806412502,0.004017868142337733,-0.0010957822206374424,0.009131518505313352,-0.0018354352195685815,0.010227300725950805,approximately equal,estimate
C,56,3,0.1,H,L0,300,2.7113304745976694,0.3594165683691373,7.543699186991871,2.351913906228532,2.2963760106792157,2.4056072350397746,2.2865322337304876,2.4151131458038058,b well below a,estimate
C,56,3,0.1,H,P1x,300,2.7113304745976694,3.1149435925325237,0.8704268292682927,-0.4036131179348543,-0.4518275356429098,-0.3539376572659494,-0.46133344640694135,-0.34443174650191827,a well below b,estimate
C,56,3,0.1,L_range,L0,300,0.9420074490081354,0.3594165683691373,2.6209349593495936,0.5825908806389981,0.5635790591109354,0.6026802213506876,0.5588489325251831,0.6063328287528129,b well below a,estimate
C,56,3,0.3,H,L_range,300,3.8443692907369615,1.99176681637897,1.930130203557674,1.8526024743579916,1.7897776270414365,1.9146968001941247,1.7813674984980414,1.9285767083222,b well below a,estimate
C,56,3,0.3,H,O,300,3.8443692907369615,4.24140771534799,0.9063899414398897,-0.3970384246110288,-0.4540191000841847,-0.33894370388022443,-0.4668123575101282,-0.3279950131923527,a well below b,estimate
C,56,3,0.3,H,P1,300,3.8443692907369615,0.22828796263283616,16.840000000000003,3.6160813281041255,3.5503161318288576,3.683307567340244,3.537915529698643,3.6968039516910967,b well below a,estimate
C,56,3,0.3,H_true,H,300,3.8483871588792997,3.8443692907369615,1.0010451306413302,0.004017868142338177,-0.0043831288825502135,0.012784125907439048,-0.005844171843400581,0.014610429608501452,approximately equal,estimate
C,56,3,0.3,H,L0,300,3.8443692907369615,1.3204175758683248,2.911479944674965,2.5239517148686366,2.4644142142139938,2.586776562185194,2.453419865933596,2.5970129944296514,b well below a,estimate
C,56,3,0.3,H,P1x,300,3.8443692907369615,4.23702458646544,0.9073275862068966,-0.3926552957284781,-0.4485401889809962,-0.3331177950738349,-0.459872403446091,-0.32397714505001624,a well below b,estimate
C,56,3,0.3,L_range,L0,300,1.99176681637897,1.3204175758683248,1.5084370677731676,0.6713492405106452,0.6435894242544922,0.6991273198038087,0.6377452524110914,0.7049623601287035,b well below a,estimate
C,56,6,0.1,H,L_range,300,2.624398418427085,1.3266270084519378,1.9782488986784141,1.2977714099751474,1.25065277448773,1.343794263241927,1.2407907345019913,1.3521952602668152,b well below a,estimate
C,56,6,0.1,H,O,300,2.624398418427085,3.112752028091249,0.8431119455526871,-0.48835360966416363,-0.5343764629309433,-0.4405044526963211,-0.5431518522145491,-0.4328339771518577,a well below b,estimate
C,56,6,0.1,H,P1,300,2.624398418427085,0.10957822206376136,23.950000000000006,2.5148201963633237,2.4658569941378325,2.564130396292016,2.4574559971129446,2.57472295775818,b well below a,estimate
C,56,6,0.1,H_true,H,300,2.627685765088998,2.624398418427085,1.0012526096033403,0.003287346661912771,-0.0010957822206378864,0.007670475544463429,-0.002191564441275329,0.008410128543394074,approximately equal,estimate
C,56,6,0.1,H,L0,300,2.624398418427085,0.3685480868744508,7.120911793855303,2.2558503315526344,2.2090786937684186,2.3051970575553486,2.198504395339266,2.3150225714670656,b well below a,estimate
C,56,6,0.1,H,P1x,300,2.624398418427085,3.10288998810551,0.8457916421424367,-0.4784915696784249,-0.5237839014647787,-0.43137293419100775,-0.5318196377494555,-0.4244329801269693,a well below b,estimate
C,56,6,0.1,L_range,L0,300,1.3266270084519378,0.3685480868744508,3.599603567888999,0.958078921577487,0.9343187104266611,0.9832819126521521,0.9292233231006966,0.9872997807944901,b well below a,estimate
C,56,6,0.3,H,L_range,300,3.7804486611997676,2.336207694399393,1.618198874296435,1.4442409668003746,1.3865297698467942,1.5034132067148063,1.3755445530849018,1.5165625933624574,b well below a,estimate
C,56,6,0.3,H,O,300,3.7804486611997676,4.247982408671817,0.8899398108340497,-0.4675337474720491,-0.5208800785800894,-0.41201411495974316,-0.5303677263071105,-0.40324785719464185,a well below b,estimate
C,56,6,0.3,H,P1,300,3.7804486611997676,0.21952170486773526,17.22129783693844,3.5609269563320325,3.5035444940446427,3.6186381532856133,3.4926140663937835,3.6274226740877253,b well below a,estimate
C,56,6,0.3,H_true,H,300,3.782274964900831,3.7804486611997676,1.0004830917874399,0.001826303701063292,-0.007305214804250504,0.010592561466164163,-0.008766257765100437,0.012062735945520181,approximately equal,estimate
C,56,6,0.3,H,L0,300,3.7804486611997676,1.3226091403095999,2.8583264291632147,2.4578395208901678,2.402685149118075,2.5115328497014113,2.392823109132337,2.521404021205655,b well below a,estimate
C,56,6,0.3,H,P1x,300,3.7804486611997676,4.236294064985016,0.8923952405587169,-0.45584540378524796,-0.5080959526726517,-0.40142155349357894,-0.5164786866605291,-0.39411633868932894,a well below b,estimate
C,56,6,0.3,L_range,L0,300,2.336207694399393,1.3226091403095999,1.766362883181442,1.0135985540897932,0.9796293052500271,1.0468555444861447,0.9730546119262009,1.0530558455512522,b well below a,estimate
C,56,11,0.1,H,L_range,300,2.515185457103536,1.4073496320389085,1.7871788216973787,1.1078358250646276,1.0606989265401994,1.1560502427726826,1.0534119747729596,1.1651817612779964,b well below a,estimate
C,56,11,0.1,H,O,300,2.515185457103536,3.057597656319155,0.8226018396846255,-0.5424121992156188,-0.587357533298772,-0.49346726002713925,-0.5961055280268623,-0.483952217744602,a well below b,estimate
C,56,11,0.1,H,P1,300,2.515185457103536,0.10957822206376136,22.953333333333337,2.4056072350397746,2.3566440328142844,2.4578395208901673,2.3475125143089706,2.467336300135694,b well below a,estimate
C,56,11,0.1,H_true,H,300,2.5170117608045994,2.515185457103536,1.0007261109497534,0.001826303701063292,-0.009496779245525833,0.011688343686801161,-0.011332214465094415,0.013149386647651529,approximately equal,estimate
C,56,11,0.1,H,L0,300,2.515185457103536,0.3645302187321129,6.8997995991983965,2.1506552383714235,2.1020572968861457,2.200714222817552,2.0922135199374177,2.212384303467342,b well below a,estimate
C,56,11,0.1,H,P1x,300,2.515185457103536,3.044448269671504,0.8261547690461907,-0.5292628125679677,-0.5734958882077063,-0.48141365560012517,-0.5826000121575037,-0.47264739783502385,a well below b,estimate
C,56,11,0.1,L_range,L0,300,1.4073496320389085,0.3645302187321129,3.860721442885771,1.0428194133067956,1.0161553792712807,1.0691181866020985,1.0121283796104372,1.0764234014063492,b well below a,estimate
C,56,11,0.3,H,L_range,300,3.6442064051004914,2.4202176646482765,1.5057349833987324,1.223988740452215,1.1611456300986474,1.2868318508057826,1.152023243111839,1.2992415844545038,b well below a,estimate
C,56,11,0.3,H,O,300,3.6442064051004914,4.174199739148884,0.8730311515575778,-0.5299933340483927,-0.588069791742186,-0.47264739783502424,-0.6001325276877054,-0.46240183407206126,a well below b,estimate
C,56,11,0.3,H,P1,300,3.6442064051004914,0.22134800856879797,16.463696369636967,3.4228583965316934,3.3596500254379134,3.488240069029738,3.347231160270687,3.4995631519763264,b well below a,estimate
C,56,11,0.3,H_true,H,300,3.661008399150268,3.6442064051004914,1.0046106043900973,0.01680199404977678,0.0025568251814873655,0.031412423658278676,0.0,0.03506503106040304,approximately equal,estimate
C,56,11,0.3,H,L0,300,3.6442064051004914,1.2510180352279425,2.912992700729927,2.393188369872549,2.3361894313623823,2.4512648275663427,2.3248754799342985,2.4615103913293046,b well below a,estimate
C,56,11,0.3,H,P1x,300,3.6442064051004914,4.155206180657832,0.8770218002812938,-0.510999775557341,-0.5698250177685703,-0.454384360824398,-0.5807737084564416,-0.44269601713759554,a well below b,estimate
C,56,11,0.3,L_range,L0,300,2.4202176646482765,1.2510180352279425,1.9345985401459853,1.169199629420334,1.1322900316218567,1.206456224922013,1.1253592090763236,1.2137614397262637,b well below a,estimate
C,56,23,0.1,H,L_range,300,2.366159075096821,1.3613267787721288,1.738127180037564,1.004832296324692,0.9598869622415392,1.0504898888512593,0.9526000104742991,1.0603610603555031,b well below a,estimate
C,56,23,0.1,H,O,300,2.366159075096821,3.0400651407889536,0.7783251231527093,-0.6739060656921327,-0.7246955716186857,-0.6219842514709202,-0.7349046093076264,-0.6132636512983459,a well below b,estimate
C,56,23,0.1,H,P1,300,2.366159075096821,0.10957822206376136,21.593333333333337,2.2565808530330593,2.2061566078467183,2.308082617403027,2.1970342208599103,2.3175793966485534,b well below a,estimate
C,56,23,0.1,H_true,H,300,2.3957451950540363,2.366159075096821,1.0125038592158073,0.029586119957215384,0.017167254789989685,0.04200498512444197,0.014610429608501452,0.04456181030592933,approximately equal,estimate
C,56,23,0.1,H,L0,300,2.366159075096821,0.34224931357914806,6.913553895410886,2.0239097615176727,1.9738690401085552,2.0754115258876404,1.965458911565161,2.084926568170177,b well below a,estimate
C,56,23,0.1,H,P1x,300,2.366159075096821,2.996233851963449,0.7897110813117152,-0.6300747768666279,-0.6804990220529693,-0.5778424910162352,-0.6936301456636094,-0.567980451030496,a well below b,estimate
C,56,23,0.1,L_range,L0,300,1.3613267787721288,0.34224931357914806,3.9775880469583775,1.0190774651929808,0.9894913452357652,1.0475860659665694,0.9851082163532148,1.0537863670316772,b well below a,estimate
C,56,23,0.3,H,L_range,300,3.5112514956631276,2.442863830541454,1.4373504784688995,1.0683876651216737,1.012119248091932,1.126464122815467,1.0026224688464063,1.1381524665022686,b well below a,estimate
C,56,23,0.3,H,O,300,3.5112514956631276,4.18661860431611,0.8386843482812772,-0.6753671086529827,-0.739652998930389,-0.6099854361549387,-0.7506199526552718,-0.5979318317279252,a well below b,estimate
C,56,23,0.3,H,P1,300,3.5112514956631276,0.22025222634816036,15.941956882255393,3.290999269314967,3.231096507920111,3.3549198988521614,3.221964989414797,3.3651471995781117,b well below a,estimate
C,56,23,0.3,H_true,H,300,3.547777569684381,3.5112514956631276,1.0104025798398002,0.03652607402125341,0.016801994049777204,0.05698067547315633,0.013149386647651518,0.06245958657634354,approximately equal,estimate
C,56,23,0.3,H,L0,300,3.5112514956631276,1.185636362729898,2.9614910659272957,2.3256151329332297,2.270095500420924,2.384056851367235,2.2605987211753975,2.395023805092116,b well below a,estimate
C,56,23,0.3,H,P1x,300,3.5112514956631276,4.1420567940101805,0.8477072310405644,-0.6308052983470529,-0.6922056287767803,-0.565058365108797,-0.7053367523874229,-0.5533608899034902,a well below b,estimate
C,56,23,0.3,L_range,L0,300,2.442863830541454,1.185636362729898,2.0603820086260014,1.2572274678115558,1.216665262610953,1.2970408884947224,1.210474093064351,1.3036155818185482,b well below a,estimate
