# git_sha=49d060feb9e37c1781676fb8b4946ab7165cc75e-dirty; Adapt the Physics pivot; horizons
world,Re,arm,w,eps,n,restricted_mean,ci95_lo,ci95_hi,phys_time,S1,S3,retention,ratio_to_L_range,lam_test,label
D,36,O,3,0.1,300,2.7455400985373375,2.5399724449349836,2.9527825493809923,29.24363222065994,0.97,0.2866666666666667,1.0,2.770026574743218,0.09388505770489337,reference
D,36,H,3,0.1,300,2.5529464123172705,2.3687748947026104,2.7417298028850063,27.192254813773296,0.9666666666666667,0.27666666666666667,0.9298521677674023,2.575715215298293,0.09388505770489337,hybrid (learned correction)
D,36,H_true,3,0.1,300,2.602928695883605,2.4151171572658905,2.8005990513820156,27.72463222065994,0.9633333333333334,0.2866666666666667,0.9480570679955803,2.6261432727208955,0.09388505770489337,hybrid (learned correction)
D,36,P1x,3,0.1,300,2.6838732631348408,2.4805557023371927,2.8862654389556615,28.586798887326612,0.97,0.29,0.9775392698014685,2.7078097552051483,0.09388505770489337,reference
D,36,L_range,3,0.1,300,0.9911602017001767,0.9251093252906012,1.0666336172136597,10.557166666666665,0.3233333333333333,0.023333333333333334,0.36100736690322194,1.0,0.09388505770489337,learned
D,36,L0,3,0.1,300,0.43856839955879184,0.41841440717147477,0.45948911991736563,4.671333333333332,0.02,0.0,0.15973847906735558,0.4424798320256382,0.09388505770489337,learned
D,36,L0big,3,0.1,300,0.42345290526830404,0.4046105653746724,0.44306197313319234,4.510333333333333,0.016666666666666666,0.0,0.15423300701158757,0.42722952812465465,0.09388505770489337,learned
D,36,P1,3,0.1,300,0.20953580128770447,0.2069070196719675,0.21205778865030217,2.2318333333333324,0.0,0.0,0.07631860900495784,0.21140457509117025,0.09388505770489337,reference
D,36,persistence,3,0.1,300,0.04370349436162786,0.041512843015180344,0.046006416589580795,0.46549999999999997,0.0,0.0,0.015917995291677044,0.04409326997458283,0.09388505770489337,reference
D,36,O,3,0.3,300,3.6948491576243807,3.4446944200009537,3.9588620920450404,39.35502888263978,1.0,0.42,1.0,2.047643674845546,0.09388505770489337,reference
D,36,H,3,0.3,300,3.535630705535635,3.295918847167665,3.7760638477901405,37.65914184820653,1.0,0.41333333333333333,0.9569079967012467,1.9594066068544302,0.09388505770489337,hybrid (learned correction)
D,36,H_true,3,0.3,300,3.5519864909340013,3.310755834865248,3.794690275665323,37.83335258842652,1.0,0.4033333333333333,0.9613346416603828,1.9684707984057923,0.09388505770489337,hybrid (learned correction)
D,36,P1x,3,0.3,300,3.6797336633338924,3.430512135459303,3.934575150432679,39.19402888263977,1.0,0.43,0.995909036162059,2.039266838618764,0.09388505770489337,reference
D,36,L_range,3,0.3,300,1.8044395140688156,1.6807772455618537,1.9327076270316839,19.219666666666665,0.8,0.12,0.48836621932057106,1.0,0.09388505770489337,learned
D,36,L0,3,0.3,300,1.0262106232433368,0.9747248399734542,1.078682199619121,10.930499999999997,0.36333333333333334,0.0033333333333333335,0.27774087099759803,0.5687143377443242,0.09388505770489337,learned
D,36,L0big,3,0.3,300,1.0087949450390794,0.9566574429936285,1.0619237168187976,10.745000000000001,0.3433333333333333,0.0033333333333333335,0.27302736918431836,0.5590627655699891,0.09388505770489337,learned
D,36,P1,3,0.3,300,0.4559840777630496,0.44382596279026587,0.4685830613193059,4.856833333333333,0.0,0.0,0.12341074244455126,0.25270122617457813,0.09388505770489337,reference
D,36,persistence,3,0.3,300,0.11062789299559933,0.09978143051650111,0.12278600796838304,1.178333333333333,0.0,0.0,0.029941112147248795,0.06130872890615514,0.09388505770489337,reference
D,36,O,6,0.1,300,2.7764250485569186,2.560598453769044,2.9831651962807677,29.572597774653218,0.97,0.31333333333333335,1.0,2.184978962994807,0.09388505770489337,reference
D,36,H,6,0.1,300,2.6122389641060066,2.4090096655989366,2.8029945209046065,27.823798887326607,0.9666666666666667,0.2866666666666667,0.940864211502396,2.0557685091674323,0.09388505770489337,hybrid (learned correction)
D,36,H_true,6,0.1,300,2.625128374182716,2.4259881802047216,2.8152205418631633,27.96108814710663,0.9733333333333334,0.29333333333333333,0.9455066599212391,2.065912161299393,0.09388505770489337,hybrid (learned correction)
D,36,P1x,6,0.1,300,2.7630620753435893,2.5453846262341475,2.9705326358684627,29.43026444131989,0.97,0.31,0.9951869857894148,2.1744626281960833,0.09388505770489337,reference
D,36,L_range,6,0.1,300,1.2706873135068792,1.1861254332198221,1.3605177102821424,13.5345,0.5233333333333333,0.056666666666666664,0.45767031030329264,1.0,0.09388505770489337,learned
D,36,L0,6,0.1,300,0.44262110454971987,0.4227957098643698,0.462232910728791,4.714500000000001,0.02,0.0,0.15942123299160468,0.34833204034134996,0.09388505770489337,learned
D,36,L0big,6,0.1,300,0.425205426345462,0.40592769449672395,0.44426683137373846,4.528999999999999,0.013333333333333334,0.0,0.15314853414338261,0.334626325316783,0.09388505770489337,learned
D,36,P1,6,0.1,300,0.21775074383688264,0.21512196222114563,0.22037952545261968,2.319333333333333,0.0,0.0,0.07842846107085127,0.17136453753986722,0.09388505770489337,reference
D,36,persistence,6,0.1,300,0.04567508057343062,0.04326536409233836,0.04819432962184526,0.48649999999999993,0.0,0.0,0.016451040375525645,0.03594517713990173,0.09388505770489337,reference
D,36,O,6,0.3,300,3.7234371576955207,3.461871225115784,3.9757303499600853,39.659528882639776,0.9966666666666667,0.42,1.0,1.7403308196081262,0.09388505770489337,reference
D,36,H,6,0.3,300,3.5753523606409976,3.3241590813375566,3.822845622095539,38.08222999531316,0.9966666666666667,0.4033333333333333,0.9602290059472429,1.6711161329316615,0.09388505770489337,hybrid (learned correction)
D,36,H_true,6,0.3,300,3.607957632835734,3.356743002406415,3.85874597207418,38.429519255093176,0.9966666666666667,0.4033333333333333,0.9689857730991602,1.6863558046862752,0.09388505770489337,hybrid (learned correction)
D,36,P1x,6,0.3,300,3.6931707362472133,3.436851167576037,3.9495592337926366,39.33715147575312,0.9966666666666667,0.41,0.9918713757835946,1.7261843243633028,0.09388505770489337,reference
D,36,L_range,6,0.3,300,2.1394996375079622,2.0022471157104764,2.2783896711869174,22.788499999999996,0.92,0.19666666666666666,0.5746033965112288,1.0,0.09388505770489337,learned
D,36,L0,6,0.3,300,1.0429691060436603,0.9904975296678763,1.0955502149867669,11.108999999999998,0.36333333333333334,0.0033333333333333335,0.2801092275421042,0.4874827215481493,0.09388505770489337,learned
D,36,L0big,6,0.3,300,1.0225960485216987,0.9704530698478815,1.074624017999827,10.892000000000001,0.34,0.0,0.27463765472937257,0.4779603747504225,0.09388505770489337,learned
D,36,P1,6,0.3,300,0.4753713421791101,0.46189609808427484,0.4898296410656637,5.0633333333333335,0.0,0.0,0.12767003229707333,0.2221880919469616,0.09388505770489337,reference
D,36,persistence,6,0.3,300,0.11906190067942227,0.1072323834086057,0.13264941565576294,1.2681666666666664,0.0,0.0,0.03197634219053427,0.055649413812522405,0.09388505770489337,reference
D,36,O,11,0.1,300,2.822064696263018,2.6040617217186726,3.0435063571845675,30.05872036776657,0.98,0.2966666666666667,1.0,1.9354430181855193,0.09388505770489337,reference
D,36,H,11,0.1,300,2.584343592306132,2.392473872069124,2.7797996218200463,27.526676294213257,0.98,0.26666666666666666,0.9157634109977434,1.7724079001253388,0.09388505770489337,hybrid (learned correction)
D,36,H_true,11,0.1,300,2.592851699689946,2.398307282732809,2.7804662449035282,27.617298887326605,0.9766666666666667,0.2733333333333333,0.9187782629942551,1.77824297437285,0.09388505770489337,hybrid (learned correction)
D,36,P1x,11,0.1,300,2.786466611883246,2.571888217343176,3.001734506209862,29.679553701099906,0.98,0.29,0.9873858014570287,1.9110289556855196,0.09388505770489337,reference
D,36,L_range,11,0.1,300,1.4580975361954638,1.3660874413304853,1.5517506195702782,15.530666666666663,0.65,0.06,0.5166775723201097,1.0,0.09388505770489337,learned
D,36,L0,11,0.1,300,0.44809773291583854,0.42969352329149635,0.46759726821340447,4.772833333333333,0.013333333333333334,0.0,0.15878364996706495,0.3073167067307693,0.09388505770489337,learned
D,36,L0big,11,0.1,300,0.4275056102592319,0.40965180178568467,0.445581222181607,4.553499999999999,0.006666666666666667,0.0,0.1514868212714384,0.2931941105769231,0.09388505770489337,learned
D,36,P1,11,0.1,300,0.2182984066734946,0.21534102735579042,0.22147758944002652,2.325166666666667,0.0,0.0,0.07735414675736019,0.1497145432692308,0.09388505770489337,reference
D,36,persistence,11,0.1,300,0.04753713421791101,0.04468928746752924,0.05060404610293752,0.5063333333333333,0.0,0.0,0.016844806669691077,0.032602163461538464,0.09388505770489337,reference
D,36,O,11,0.3,300,3.7660453263839244,3.5076070477711694,4.02097397203568,40.113362215973105,1.0,0.42,1.0,1.6090828294367991,0.09388505770489337,reference
D,36,H,11,0.3,300,3.57641225344689,3.3243469177597973,3.8214032546444834,38.09351925509318,1.0,0.4,0.9496466302175083,1.5280600867155099,0.09388505770489337,hybrid (learned correction)
D,36,H_true,11,0.3,300,3.578348406791362,3.3359750722545063,3.818244783248329,38.114141848206536,1.0,0.4033333333333333,0.9501607380353053,1.5288873287776064,0.09388505770489337,hybrid (learned correction)
D,36,P1x,11,0.3,300,3.750382169256824,3.4863349935931383,4.011078699399178,39.94652888263977,1.0,0.41333333333333333,0.9958409536344748,1.602390579343201,0.09388505770489337,reference
D,36,L_range,11,0.3,300,2.3404918985445216,2.1946848832391583,2.4929612322572683,24.92933333333333,0.96,0.24,0.6214720471226541,1.0,0.09388505770489337,learned
D,36,L0,11,0.3,300,1.051512646294806,1.0030910365957666,1.099162051394222,11.200000000000001,0.4,0.0,0.279208707056228,0.44926993635342577,0.09388505770489337,learned
D,36,L0big,11,0.3,300,1.0324539795807124,0.9821730545513757,1.0814259904305465,10.997,0.37666666666666665,0.0033333333333333335,0.27414804924083386,0.44112691875701987,0.09388505770489337,learned
D,36,P1,11,0.3,300,0.4928965529506902,0.4786573191987814,0.5074671227187492,5.25,0.0,0.0,0.13087908143260688,0.2105952826656683,0.09388505770489337,reference
D,36,persistence,11,0.3,300,0.12015722635264604,0.10876583935111896,0.13297253672936396,1.2798333333333334,0.0,0.0,0.031905411629237726,0.05133845001871959,0.09388505770489337,reference
D,36,O,23,0.1,300,2.738310949094061,2.5239165769918412,2.944475885622419,29.16663222065994,0.9833333333333333,0.29,1.0,1.80975607896709,0.09388505770489337,reference
D,36,H,23,0.1,300,2.5398025042385854,2.349434902232297,2.7341732755143253,27.052254813773295,0.97,0.25333333333333335,0.9275069747206213,1.6785613857850192,0.09388505770489337,hybrid (learned correction)
D,36,H_true,23,0.1,300,2.5984378606233878,2.409895993572565,2.795195141243059,27.676798887326612,0.9766666666666667,0.27666666666666667,0.9489199396741452,1.7173136292783686,0.09388505770489337,hybrid (learned correction)
D,36,P1x,23,0.1,300,2.6641541670514837,2.4546157082987294,2.8713469380693053,28.376764441319885,0.98,0.27666666666666667,0.9729187870109817,1.7607456891344113,0.09388505770489337,reference
D,36,L_range,23,0.1,300,1.5130828849912965,1.4281896686880893,1.5989783242855033,16.116333333333333,0.71,0.04666666666666667,0.5525606525774156,1.0,0.09388505770489337,learned
D,36,L0,23,0.1,300,0.4468928746752924,0.426955209108437,0.46682780192796475,4.759999999999999,0.023333333333333334,0.0,0.1632001927403978,0.29535254090053564,0.09388505770489337,learned
D,36,L0big,23,0.1,300,0.43024392444229126,0.41041579144275825,0.44985025399299655,4.5826666666666656,0.013333333333333334,0.0,0.15712018555987317,0.28434921094541765,0.09388505770489337,learned
D,36,P1,23,0.1,300,0.167694360570557,0.16134147166585924,0.17437858549140497,1.7861666666666662,0.0,0.0,0.06124007232488946,0.11082959316635295,0.09388505770489337,reference
D,36,persistence,23,0.1,300,0.04972778556435852,0.04677040624665438,0.05290423001670741,0.5296666666666666,0.0,0.0,0.018160021447093288,0.032865209208049806,0.09388505770489337,reference
D,36,O,23,0.3,300,3.727415762986457,3.468361669485135,3.9873309631334792,39.70190628952642,1.0,0.42333333333333334,1.0,1.5650388792780832,0.09388505770489337,reference
D,36,H,23,0.3,300,3.5086470271416705,3.2634991405818745,3.744089301829448,37.37172999531316,0.9966666666666667,0.4,0.9413082012430226,1.4731839323286486,0.09388505770489337,hybrid (learned correction)
D,36,H_true,23,0.3,300,3.566808820389853,3.330876967482369,3.8023112289902654,37.99122999531317,1.0,0.4166666666666667,0.9569119859953794,1.4976044621299736,0.09388505770489337,hybrid (learned correction)
D,36,P1x,23,0.3,300,3.61879812303532,3.358580745176127,3.8667810505962663,38.54498480908645,0.9966666666666667,0.4033333333333333,0.9708598002321827,1.519433333691519,0.09388505770489337,reference
D,36,L_range,23,0.3,300,2.381676143857735,2.2476082814551472,2.5229923239028804,25.368000000000002,0.9766666666666667,0.25,0.6389617620625995,1.0,0.09388505770489337,learned
D,36,L0,23,0.3,300,1.01481923624181,0.9674984288443605,1.063791247091644,10.809166666666668,0.38666666666666666,0.0033333333333333335,0.2722581275528874,0.4260945548197204,0.09388505770489337,learned
D,36,L0big,23,0.3,300,0.9921459948060781,0.9455891770657024,1.0417752010598467,10.567666666666666,0.36333333333333334,0.0033333333333333335,0.2661752962087484,0.4165746872700515,0.09388505770489337,learned
D,36,P1,23,0.3,300,0.5005638326632564,0.48457207783418965,0.5179795108675141,5.331666666666666,0.0033333333333333335,0.0,0.13429246010973506,0.21017292126563647,0.09388505770489337,reference
D,36,persistence,23,0.3,300,0.14009215360531838,0.1259597141065489,0.15849636322966054,1.4921666666666664,0.0033333333333333335,0.0,0.03758425743552542,0.05882082413539366,0.09388505770489337,reference
D,40,O,3,0.1,300,3.4045830206839978,3.2308069607364045,3.6001170122155304,20.273484183982077,1.0,0.4666666666666667,1.0,1.5077893412320107,0.16793280275789657,reference
D,40,H,3,0.1,300,3.26856010647832,3.1049361795511863,3.4452862906206265,19.4635,1.0,0.42,0.9600471149097283,1.4475488069414317,0.16793280275789657,hybrid (learned correction)
D,40,H_true,3,0.1,300,3.333410157143328,3.1633404094703366,3.5244729046010788,19.849666666666668,1.0,0.43333333333333335,0.9790949837004207,1.4762689804772235,0.16793280275789657,hybrid (learned correction)
D,40,P1x,3,0.1,300,3.369904896914492,3.1968998901940013,3.5581083071903445,20.066984183982076,1.0,0.44666666666666666,0.9898142816436479,1.4924314236615117,0.16793280275789657,reference
D,40,L_range,3,0.1,300,2.2579964770822176,2.142779880270059,2.3747706506399555,13.445833333333333,0.9466666666666667,0.23333333333333334,0.6632226217907222,1.0,0.16793280275789657,learned
D,40,L0,3,0.1,300,2.912374631828821,2.7377986872818267,3.093210271598616,17.342499999999998,0.9866666666666667,0.38,0.8554277026394,1.2898047722342731,0.16793280275789657,learned
D,40,L0big,3,0.1,300,3.08657559787557,2.903133534263323,3.27738637470327,18.37982542532437,0.9933333333333333,0.4066666666666667,0.9065943109989021,1.3669532389457233,0.16793280275789657,learned
D,40,P1,3,0.1,300,0.37891238062273397,0.3736224973358602,0.38400634230639014,2.2563333333333335,0.0,0.0,0.11129479831177932,0.16780911062906725,0.16793280275789657,reference
D,40,persistence,3,0.1,300,0.07778087647736576,0.07405836601623238,0.08150338693849912,0.4631666666666666,0.0,0.0,0.022845933262552427,0.0344468546637744,0.16793280275789657,reference
D,40,O,3,0.3,300,4.676274190283974,4.452606303747111,4.921706300859672,27.84610340259497,1.0,0.7666666666666667,1.0,1.4046662329799724,0.16793280275789657,reference
D,40,H,3,0.3,300,4.579123735874423,4.3486302617028505,4.827949736520445,27.26759549458602,1.0,0.7266666666666667,0.9792248164978429,1.3754840342305297,0.16793280275789657,hybrid (learned correction)
D,40,H_true,3,0.3,300,4.615004050049583,4.388781452013915,4.862953288421688,27.481254253243716,1.0,0.7266666666666667,0.9868976587468516,1.3862618166486944,0.16793280275789657,hybrid (learned correction)
D,40,P1x,3,0.3,300,4.617524370105062,4.398982004078284,4.859528904985322,27.496262161252684,1.0,0.7633333333333333,0.9874366177456022,1.3870188741551999,0.16793280275789657,reference
D,40,L_range,3,0.3,300,3.3290998818725415,3.173719356400786,3.486650239099931,19.823999999999998,1.0,0.4866666666666667,0.71191289184657,1.0,0.16793280275789657,learned
D,40,L0,3,0.3,300,4.232601037454048,4.003028008976387,4.486928374657034,25.204135034630816,1.0,0.5833333333333334,0.9051225110469873,1.271395027977745,0.16793280275789657,learned
D,40,L0big,3,0.3,300,4.3220212708803,4.089014606654778,4.568049543442286,25.73661131060393,1.0,0.63,0.9242446218958428,1.2982552113904324,0.16793280275789657,learned
D,40,P1,3,0.3,300,0.7760454703446997,0.756252490379647,0.7966172386825421,4.621166666666666,0.10333333333333333,0.0,0.16595379970599483,0.2331096986817326,0.16793280275789657,reference
D,40,persistence,3,0.3,300,0.18867250389849677,0.174762070070051,0.20336662413981274,1.1234999999999997,0.0,0.0,0.040346758171389295,0.05667372881355932,0.16793280275789657,reference
D,40,O,6,0.1,300,3.3526637958313485,3.168857773186859,3.5445354960735056,19.96431751731541,1.0,0.45,1.0,1.4942605796104544,0.16793280275789657,reference
D,40,H,6,0.1,300,3.2376044931699477,3.0698858047355673,3.4089134449832885,19.27916666666667,1.0,0.43666666666666665,0.9656812285191065,1.4429793922458958,0.16793280275789657,hybrid (learned correction)
D,40,H_true,6,0.1,300,3.223302216135066,3.05674436319975,3.3935629873711943,19.193999999999996,1.0,0.43,0.9614152842115787,1.4366049598323434,0.16793280275789657,hybrid (learned correction)
D,40,P1x,6,0.1,300,3.3142365008143586,3.1417799035559044,3.4913285338964086,19.735492091991038,1.0,0.44333333333333336,0.9885382796017991,1.4771337826449056,0.16793280275789657,reference
D,40,L_range,6,0.1,300,2.243694200047337,2.131783780289475,2.359684687192204,13.360666666666669,0.94,0.21666666666666667,0.6692273179425603,1.0,0.16793280275789657,learned
D,40,L0,6,0.1,300,2.919819652751088,2.747594767442704,3.095394797474492,17.386833333333332,0.9966666666666667,0.36333333333333334,0.8708954522614368,1.3013447432762835,0.16793280275789657,learned
D,40,L0big,6,0.1,300,3.046073147582239,2.8534239920066096,3.24631059063031,18.13864294263978,0.9933333333333333,0.37333333333333335,0.9085531186782523,1.3576151097230513,0.16793280275789657,learned
D,40,P1,6,0.1,300,0.3916472848318744,0.3865533231482182,0.3967412465155306,2.3321666666666663,0.0,0.0,0.11681674891435362,0.17455466294097097,0.16793280275789657,reference
D,40,persistence,6,0.1,300,0.07797679808058329,0.07425428761944992,0.08169930854171667,0.4643333333333332,0.0,0.0,0.023258162115013876,0.034753754802654545,0.16793280275789657,reference
D,40,O,6,0.3,300,4.58248106391547,4.361171476270219,4.816072765496514,27.287587586577047,1.0,0.7733333333333333,1.0,1.36230186897866,0.16793280275789657,reference
D,40,H,6,0.3,300,4.500648451442002,4.276663977044646,4.727529899488342,26.800293793288528,1.0,0.76,0.9821422911885321,1.3379742788891205,0.16793280275789657,hybrid (learned correction)
D,40,H_true,6,0.3,300,4.493060830489219,4.265263896164544,4.712703475278067,26.755111310603937,1.0,0.76,0.980486502359958,1.33571859467332,0.16793280275789657,hybrid (learned correction)
D,40,P1x,6,0.3,300,4.589560902417653,4.366718166851727,4.825540786623478,27.329746345234756,1.0,0.77,1.0015449793252684,1.3644065972010064,0.16793280275789657,reference
D,40,L_range,6,0.3,300,3.363778005642047,3.2011483808512424,3.52326308870121,20.0305,1.0,0.48,0.7340516979175229,1.0,0.16793280275789657,learned
D,40,L0,6,0.3,300,4.131505490193795,3.9140818768643344,4.367984198316689,24.60213503463082,1.0,0.5933333333333334,0.9015870295083462,1.2282336953461381,0.16793280275789657,learned
D,40,L0big,6,0.3,300,4.2821332461829735,4.045200910240097,4.529718201057121,25.499087586577055,1.0,0.6266666666666667,0.9344573794101254,1.2730130344513146,0.16793280275789657,learned
D,40,P1,6,0.3,300,0.7832945696637489,0.7637024093419943,0.8048508440577594,4.664333333333333,0.11,0.0,0.170932418211559,0.23286155279864873,0.16793280275789657,reference
D,40,persistence,6,0.3,300,0.19161132794675997,0.17691720770544403,0.20610952658485837,1.141,0.0,0.0,0.04181388319432333,0.05696313122488205,0.16793280275789657,reference
D,40,O,11,0.1,300,3.4595836696154274,3.2646073881334057,3.655534661073456,20.601,0.9966666666666667,0.48333333333333334,1.0,1.5369483854121335,0.16793280275789657,reference
D,40,H,11,0.1,300,3.346590226131604,3.1600421385887,3.547553802499422,19.92815085064874,0.9966666666666667,0.45,0.9673390054195787,1.4867501225258006,0.16793280275789657,hybrid (learned correction)
D,40,H_true,11,0.1,300,3.3426184724945527,3.1682041632702123,3.5262361990300364,19.904500000000002,0.9966666666666667,0.45666666666666667,0.9661909616038057,1.484985638436766,0.16793280275789657,hybrid (learned correction)
D,40,P1x,11,0.1,300,3.43707934603176,3.245212482454186,3.6414353742678216,20.466992091991038,0.9966666666666667,0.45666666666666667,0.9934950775200736,1.5269506553093797,0.16793280275789657,reference
D,40,L_range,11,0.1,300,2.250943299366386,2.142397833143785,2.3585140556129796,13.403833333333333,0.9633333333333334,0.21,0.6506399365726582,1.0,0.16793280275789657,learned
D,40,L0,11,0.1,300,2.925893222450832,2.761113358064715,3.1112399571347105,17.423,0.99,0.36,0.8457356439007815,1.2998520323787972,0.16793280275789657,learned
D,40,L0big,11,0.1,300,3.03541339864944,2.86278687405446,3.222533223842438,18.075166666666664,0.9866666666666667,0.39666666666666667,0.8773926832030806,1.3485072678213943,0.16793280275789657,learned
D,40,P1,11,0.1,300,0.38322265589352,0.377149086193776,0.3892962255932639,2.282,0.0,0.0,0.11077132178049609,0.17024980416050137,0.16793280275789657,reference
D,40,persistence,11,0.1,300,0.07954417090632367,0.0754298172387552,0.08365852457389214,0.4736666666666666,0.0,0.0,0.02299241137161626,0.03533814953433719,0.16793280275789657,reference
D,40,O,11,0.3,300,4.69594633296478,4.459761226568265,4.936142719372937,27.963246345234754,1.0,0.7666666666666667,1.0,1.3794818340917454,0.16793280275789657,reference
D,40,H,11,0.3,300,4.56277296434955,4.33301965109831,4.801762757804656,27.170230529216834,1.0,0.7466666666666667,0.971640781394716,1.3403608071967195,0.16793280275789657,hybrid (learned correction)
D,40,H_true,11,0.3,300,4.602242485054092,4.375976747367096,4.84459534213696,27.40526216125268,1.0,0.7466666666666667,0.9800458009383748,1.351955378972383,0.16793280275789657,hybrid (learned correction)
D,40,P1x,11,0.3,300,4.657180516314057,4.430208794335818,4.898075476333482,27.73240510389246,1.0,0.7533333333333333,0.9917448339691206,1.368093982514736,0.16793280275789657,reference
D,40,L_range,11,0.3,300,3.4041378559048616,3.246200553511117,3.5698924302669863,20.270833333333332,1.0,0.5,0.7249098721610949,1.0,0.16793280275789657,learned
D,40,L0,11,0.3,300,4.206739385829332,3.9840968033870454,4.458287859213448,25.05013503463082,1.0,0.5833333333333334,0.8958235651669835,1.2357723346991565,0.16793280275789657,learned
D,40,L0big,11,0.3,300,4.381385516655217,4.142780607431992,4.632782260448315,26.090111310603934,1.0,0.63,0.9330143928389051,1.287076405867409,0.16793280275789657,learned
D,40,P1,11,0.3,300,0.802298965175851,0.7823149616476612,0.8236544199265633,4.777500000000001,0.12,0.0,0.17084926195681638,0.2356834532374101,0.16793280275789657,reference
D,40,persistence,11,0.3,300,0.19200317115319507,0.17672128610222648,0.20689321299772856,1.1433333333333333,0.0,0.0,0.04088700286146032,0.056402877697841726,0.16793280275789657,reference
D,40,O,23,0.1,300,3.4433488373347214,3.251536023225005,3.6512896740414793,20.50432542532437,1.0,0.43,1.0,1.5510666383240193,0.16793280275789657,reference
D,40,H,23,0.1,300,3.267268637614849,3.089720977153843,3.46249433329976,19.455809609306453,1.0,0.39,0.9488636766014782,1.4717507930940241,0.16793280275789657,hybrid (learned correction)
D,40,H_true,23,0.1,300,3.33894928360612,3.1623832307201782,3.5275549996882267,19.882650850648744,1.0,0.4166666666666667,0.969680808230452,1.5040395514693252,0.16793280275789657,hybrid (learned correction)
D,40,P1x,23,0.1,300,3.3107365727427935,3.1331993748816065,3.5102372488443248,19.714650850648745,1.0,0.4066666666666667,0.9614874150553463,1.491331052660747,0.16793280275789657,reference
D,40,L_range,23,0.1,300,2.2199876860580137,2.1163402599158507,2.3236302141600955,13.2195,0.97,0.19666666666666666,0.6447176254661336,1.0,0.16793280275789657,learned
D,40,L0,23,0.1,300,3.0017415436823724,2.819283148579663,3.212642300664006,17.874658758657702,0.9933333333333333,0.3566666666666667,0.8717506373841085,1.3521433305841903,0.16793280275789657,learned
D,40,L0big,23,0.1,300,3.122206668874813,2.926872830466919,3.3300843879287094,18.592,0.9933333333333333,0.37333333333333335,0.9067355113783696,1.4064072014826583,0.16793280275789657,learned
D,40,P1,23,0.1,300,0.2772290685528276,0.2654737723597748,0.28859252153944526,1.6508333333333334,0.0,0.0,0.08051146765815718,0.12487865148707086,0.16793280275789657,reference
D,40,persistence,23,0.1,300,0.07621350365162538,0.07229507158727447,0.08032785731919385,0.45383333333333326,0.0,0.0,0.022133541285528722,0.03433059747595093,0.16793280275789657,reference
D,40,O,23,0.3,300,4.6653292412901415,4.431290638461204,4.912644755683888,27.78092882791934,1.0,0.7933333333333333,1.0,1.4105096972897255,0.16793280275789657,reference
D,40,H,23,0.3,300,4.487236503965393,4.259461827879677,4.72738440097672,26.720428827919346,1.0,0.7333333333333333,0.9618263303372993,1.3566653660493515,0.16793280275789657,hybrid (learned correction)
D,40,H_true,23,0.3,300,4.546965932160394,4.320471600307381,4.778131661210828,27.076103402594978,1.0,0.7633333333333333,0.9746291627004195,1.3747238852503074,0.16793280275789657,hybrid (learned correction)
D,40,P1x,23,0.3,300,4.542041231293604,4.318927318778518,4.777377968182602,27.046777977270597,1.0,0.7766666666666666,0.9735735671331862,1.3732349574663087,0.16793280275789657,reference
D,40,L_range,23,0.3,300,3.307548505518612,3.1653045235425927,3.4499933071379285,19.695666666666668,1.0,0.49666666666666665,0.7089635767279628,1.0,0.16793280275789657,learned
D,40,L0,23,0.3,300,4.2229382612249236,3.991985485022158,4.4636089637615175,25.146595494586013,1.0,0.62,0.9051747567674602,1.2767577721623713,0.16793280275789657,learned
D,40,L0big,23,0.3,300,4.383959158283395,4.137774314977097,4.657432315917136,26.105436735928304,1.0,0.6166666666666667,0.9396891262214676,1.3254406249730888,0.16793280275789657,learned
D,40,P1,23,0.3,300,0.8262014007683913,0.7981748154281215,0.852851636846058,4.919833333333332,0.18,0.0,0.17709391085545662,0.24979267859258375,0.16793280275789657,reference
D,40,persistence,23,0.3,300,0.18142340457944758,0.1671211275445667,0.19748897604328636,1.0803333333333334,0.0,0.0,0.03888758867729496,0.05485132093353867,0.16793280275789657,reference
D,44,O,3,0.1,300,3.7446786546693343,3.5734565485699425,3.917944687417894,17.046166666666664,1.0,0.62,1.0,1.8204585098430104,0.21967863672200014,reference
D,44,H,3,0.1,300,3.6150104395549443,3.450936666073261,3.772401791011109,16.45590346652453,1.0,0.6,0.9653726722444652,1.757420896357324,0.21967863672200014,hybrid (learned correction)
D,44,H_true,3,0.1,300,3.6726760816944686,3.5065986471635413,3.836499970726879,16.718403466524524,1.0,0.6033333333333334,0.9807720288935651,1.7854547862152852,0.21967863672200014,hybrid (learned correction)
D,44,P1x,3,0.1,300,3.7403216950410143,3.561673535692766,3.918194571867165,17.02633333333333,1.0,0.6066666666666667,0.998836493053179,1.8183403937204086,0.21967863672200014,reference
D,44,L_range,3,0.1,300,2.0569975280525683,1.9467920786303647,2.1715727516902334,9.363666666666665,0.97,0.12,0.5493121620696735,1.0,0.21967863672200014,learned
D,44,L0,3,0.1,300,1.1943195216452738,1.1448488079831325,1.2432776518217306,5.436666666666666,0.5433333333333333,0.0033333333333333335,0.3189377865991376,0.580613007724894,0.21967863672200014,learned
D,44,L0big,3,0.1,300,1.1607453033329282,1.1143436832913236,1.2061089418160214,5.283833333333333,0.5233333333333333,0.0,0.3099719389501061,0.5642910540742587,0.21967863672200014,learned
D,44,P1,3,0.1,300,0.5007940655139196,0.4938741884571766,0.5082265260563472,2.2796666666666665,0.0,0.0,0.13373485729929505,0.2434587590331423,0.21967863672200014,reference
D,44,persistence,3,0.1,300,0.10507961456535675,0.09969108067209669,0.11097432465073041,0.4783333333333334,0.0,0.0,0.02806104989391555,0.05108397707450787,0.21967863672200014,reference
D,44,O,3,0.3,300,5.0772164595257765,4.854412834273472,5.293830425459234,23.112017332622628,1.0,0.8966666666666666,1.0,1.5086665578264713,0.21967863672200014,reference
D,44,H,3,0.3,300,4.970824572718548,4.75806520533818,5.182066249293674,22.627710399573573,1.0,0.9,0.9790452332187614,1.4770528019565636,0.21967863672200014,hybrid (learned correction)
D,44,H_true,3,0.3,300,5.003660729330027,4.7908979320018705,5.217154129565173,22.777183999289292,1.0,0.9066666666666666,0.9855125873040638,1.486809882782682,0.21967863672200014,hybrid (learned correction)
D,44,P1x,3,0.3,300,5.053622212420451,4.832656923814054,5.2773514230034575,23.004613866098097,1.0,0.89,0.995352916840672,1.5016556588725545,0.21967863672200014,reference
D,44,L_range,3,0.3,300,3.365366875262681,3.2146481085906755,3.5237615796328137,15.3195,1.0,0.4533333333333333,0.6628369899314897,1.0,0.21967863672200014,learned
D,44,L0,3,0.3,300,2.407092048775196,2.2986806415528886,2.5196105311765513,10.957333333333333,1.0,0.18333333333333332,0.47409679456526926,0.7152539791333485,0.21967863672200014,learned
D,44,L0big,3,0.3,300,2.3740304139485353,2.2676693406689665,2.484235863370738,10.806833333333334,1.0,0.18333333333333332,0.46758503067058027,0.7054298987129695,0.21967863672200014,learned
D,44,P1,3,0.3,300,1.0072265493703705,0.9833850099924623,1.0333747144338596,4.584999999999999,0.3333333333333333,0.0,0.1983816442335507,0.29929175234178657,0.21967863672200014,reference
D,44,persistence,3,0.3,300,0.2596235354992838,0.23758244561484312,0.2826961996486649,1.1818333333333333,0.006666666666666667,0.0,0.05113501414976765,0.07714568578173787,0.21967863672200014,reference
D,44,O,6,0.1,300,3.7795343316958916,3.6024111082175545,3.9535756469665495,17.20483333333333,1.0,0.5766666666666667,1.0,1.6411083908301802,0.21967863672200014,reference
D,44,H,6,0.1,300,3.6639467556739995,3.4980939615871542,3.828767975495904,16.678666666666665,1.0,0.57,0.9694175086458263,1.5909192076563543,0.21967863672200014,hybrid (learned correction)
D,44,H_true,6,0.1,300,3.684706386844228,3.5181167539967118,3.8474580508426808,16.773166666666665,1.0,0.57,0.9749101512171967,1.5999332294680613,0.21967863672200014,hybrid (learned correction)
D,44,P1x,6,0.1,300,3.7464726968692306,3.5775764383361337,3.910396895591186,17.054333333333332,1.0,0.5766666666666667,0.9912524581270767,1.6267527264633874,0.21967863672200014,reference
D,44,L_range,6,0.1,300,2.3030376011812086,2.1836056490166813,2.4306837037038327,10.483666666666666,0.9866666666666667,0.19333333333333333,0.6093442734115414,1.0,0.21967863672200014,learned
D,44,L0,6,0.1,300,1.1745850574464143,1.127664446625554,1.222767905100773,5.346833333333333,0.52,0.006666666666666667,0.3107750728961823,0.5100155797907856,0.21967863672200014,learned
D,44,L0big,6,0.1,300,1.1348598373058527,1.090002375014873,1.1791983088175761,5.166,0.4866666666666667,0.0,0.3002644605682512,0.49276652570665486,0.21967863672200014,learned
D,44,P1,6,0.1,300,0.5097642765134013,0.5025881077138159,0.517196737055829,2.3205,0.0,0.0,0.13487488980809656,0.22134431337636323,0.21967863672200014,reference
D,44,persistence,6,0.1,300,0.10379815585114507,0.09841602925145605,0.10943657419367642,0.47250000000000003,0.0,0.0,0.027463212856852246,0.04507010905853551,0.21967863672200014,reference
D,44,O,6,0.3,300,5.127705932865715,4.917176303648076,5.3404819299501085,23.341850665955956,1.0,0.9333333333333333,1.0,1.430318885531841,0.21967863672200014,reference
D,44,H,6,0.3,300,5.009058262693546,4.799142895887628,5.218150690016475,22.801754132480482,1.0,0.9333333333333333,0.9768614519386332,1.3972233832558818,0.21967863672200014,hybrid (learned correction)
D,44,H_true,6,0.3,300,5.023426007056546,4.818522538203283,5.230851393974194,22.867157599005008,1.0,0.9333333333333333,0.9796634348430956,1.4012311123210717,0.21967863672200014,hybrid (learned correction)
D,44,P1x,6,0.3,300,5.113609887009388,4.894214599057105,5.325550832928933,23.277683999289295,1.0,0.93,0.9972510034621955,1.4263869438675576,0.21967863672200014,reference
D,44,L_range,6,0.3,300,3.5850088988785607,3.4266013799212858,3.7480104473262843,16.319333333333333,1.0,0.5266666666666666,0.699144792196578,1.0,0.21967863672200014,learned
D,44,L0,6,0.3,300,2.4076046322608806,2.301448592375586,2.517810081683084,10.959666666666665,1.0,0.16666666666666666,0.46952860865703844,0.6715756362596511,0.21967863672200014,learned
D,44,L0big,6,0.3,300,2.3776184983483275,2.271757193967302,2.485011145892836,10.823166666666665,1.0,0.18,0.4636807432947994,0.6632113239919931,0.21967863672200014,learned
D,44,P1,6,0.3,300,1.0213225952266989,0.9961995971345791,1.048489519967986,4.649166666666666,0.35,0.0,0.1991772946027569,0.2848870460394624,0.21967863672200014,reference
D,44,persistence,6,0.3,300,0.2555228676138065,0.23425065295789282,0.27833924002034527,1.1631666666666667,0.01,0.0,0.04983180996711384,0.07127537889619674,0.21967863672200014,reference
D,44,O,11,0.1,300,3.739809111555331,3.559379724594328,3.92331399943044,17.024,1.0,0.56,1.0,1.5447808596231214,0.21967863672200014,reference
D,44,H,11,0.1,300,3.671635507959269,3.494531506361646,3.851840639645285,16.713666666666665,1.0,0.5566666666666666,0.981770833333333,1.5166207918695744,0.21967863672200014,hybrid (learned correction)
D,44,H_true,11,0.1,300,3.7144516357777686,3.531939493237077,3.9046629667433908,16.908570133191187,1.0,0.5666666666666667,0.9932195801921514,1.5343065968837475,0.21967863672200014,hybrid (learned correction)
D,44,P1x,11,0.1,300,3.710350967892291,3.530677256403578,3.8949134443757223,16.88990346652452,1.0,0.5633333333333334,0.9921230889640811,1.5326127582218798,0.21967863672200014,reference
D,44,L_range,11,0.1,300,2.4209318028886817,2.302255911365539,2.5398511715675247,11.020333333333332,0.99,0.25333333333333335,0.6473410087719296,1.0,0.21967863672200014,learned
D,44,L0,11,0.1,300,1.1868870611028464,1.1333220868487985,1.2453215784708982,5.402833333333333,0.5433333333333333,0.006666666666666667,0.3173656798245613,0.4902604276942622,0.21967863672200014,learned
D,44,L0big,11,0.1,300,1.1392167969341724,1.0912710191419428,1.1879186353677866,5.185833333333334,0.49,0.006666666666666667,0.30461896929824556,0.47056955325005306,0.21967863672200014,learned
D,44,P1,11,0.1,300,0.4992563150568656,0.49131127102875327,0.5074576508278204,2.2726666666666664,0.0,0.0,0.13349780701754382,0.2062248570823629,0.21967863672200014,reference
D,44,persistence,11,0.1,300,0.10200411365124874,0.0971345705372444,0.10738624025093772,0.4643333333333334,0.0,0.0,0.027275219298245612,0.042134236713953006,0.21967863672200014,reference
D,44,O,11,0.3,300,5.0101758702478945,4.796140681108695,5.231898375002965,22.806841598294298,1.0,0.9066666666666666,1.0,1.3483680724201454,0.21967863672200014,reference
D,44,H,11,0.3,300,4.9711733050443705,4.7586750960240325,5.189873670234509,22.629297865387393,1.0,0.9033333333333333,0.9922153301174248,1.3378714720961502,0.21967863672200014,hybrid (learned correction)
D,44,H_true,11,0.3,300,5.018361799255019,4.796339374642305,5.24294111917168,22.84410479843644,1.0,0.9,1.0016338606107094,1.350571117902411,0.21967863672200014,hybrid (learned correction)
D,44,P1x,11,0.3,300,5.000149678749383,4.782270113467549,5.221603462343564,22.761201331911916,1.0,0.9,0.9979988344205539,1.3456697646451943,0.21967863672200014,reference
D,44,L_range,11,0.3,300,3.715733094491981,3.5501343851403857,3.8844140972203505,16.914403466524526,1.0,0.59,0.7416372579967204,1.0,0.21967863672200014,learned
D,44,L0,11,0.3,300,2.3927397111760254,2.2912033299554637,2.4991328209234487,10.892,1.0,0.19,0.47757599196964656,0.6439482197262512,0.21967863672200014,learned
D,44,L0big,11,0.3,300,2.360703243320734,2.256629573846033,2.466558140408188,10.746166666666667,1.0,0.2,0.4711817118715097,0.6353263765958118,0.21967863672200014,learned
D,44,P1,11,0.3,300,1.0210663034838563,0.9954371291996233,1.0451641346046068,4.647999999999999,0.3566666666666667,0.0,0.20379849528781827,0.2747953842533616,0.21967863672200014,reference
D,44,persistence,11,0.3,300,0.24988444927127512,0.23040627681525783,0.2716692474128735,1.1375,0.0033333333333333335,0.0,0.04987538476546758,0.06725037641742661,0.21967863672200014,reference
D,44,O,23,0.1,300,3.7452066449188486,3.572703080105246,3.9266923975479764,17.048570133191188,1.0,0.58,1.0,1.5233045047601248,0.21967863672200014,reference
D,44,H,23,0.1,300,3.5814208144787676,3.426357902765585,3.744986204760745,16.302999999999997,1.0,0.52,0.9562678789267101,1.4566871677264672,0.21967863672200014,hybrid (learned correction)
D,44,H_true,23,0.1,300,3.6657562046377254,3.5060261910281243,3.832347378161625,16.686903466524523,1.0,0.5366666666666666,0.9787860997232518,1.4909892749050224,0.21967863672200014,hybrid (learned correction)
D,44,P1x,23,0.1,300,3.653710492724137,3.4886307741517975,3.8326085365216556,16.632070133191196,1.0,0.52,0.9755697987135515,1.4860898690882813,0.21967863672200014,reference
D,44,L_range,23,0.1,300,2.458606689086505,2.345050225126638,2.577276173316076,11.191833333333332,0.9966666666666667,0.23666666666666666,0.6564675656607937,1.0,0.21967863672200014,learned
D,44,L0,23,0.1,300,1.1733035987322027,1.1181944667275299,1.2320200370173813,5.341,0.48,0.013333333333333334,0.31328140473210814,0.47722297508600026,0.21967863672200014,learned
D,44,L0big,23,0.1,300,1.1322969198774293,1.0789882373662238,1.191250428024737,5.154333333333333,0.44666666666666666,0.006666666666666667,0.302332294911851,0.4605441467736892,0.21967863672200014,learned
D,44,P1,23,0.1,300,0.3744422362926492,0.35855214823642456,0.3887945738918199,1.7045,0.0,0.0,0.09997905904622324,0.15229855102679038,0.21967863672200014,reference
D,44,persistence,23,0.1,300,0.09918490447998307,0.09457165310882107,0.10431073933682974,0.45150000000000007,0.0,0.0,0.026483159377747024,0.04034191598040239,0.21967863672200014,reference
D,44,O,23,0.3,300,5.0405975538269825,4.841692962154834,5.244507439574728,22.945324265671676,1.0,0.9266666666666666,1.0,1.3496720284893735,0.21967863672200014,reference
D,44,H,23,0.3,300,4.901400323935936,4.711700806117806,5.09799944542979,22.311683999289293,1.0,0.92,0.9723847761292976,1.3124005332706143,0.21967863672200014,hybrid (learned correction)
D,44,H_true,23,0.3,300,5.0011132186654335,4.809149162600142,5.199777310527664,22.76558746581382,1.0,0.9333333333333333,0.992166735245195,1.3390996901580616,0.21967863672200014,hybrid (learned correction)
D,44,P1x,23,0.3,300,4.940131190632787,4.7426935880263,5.145437053751518,22.487990932338338,1.0,0.9166666666666666,0.9800685608955394,1.3227711226425438,0.21967863672200014,reference
D,44,L_range,23,0.3,300,3.7346832766984837,3.587309117270571,3.8961598892762956,17.000666666666667,1.0,0.6133333333333333,0.7409207414035649,1.0,0.21967863672200014,learned
D,44,L0,23,0.3,300,2.4065794652895116,2.303274671043338,2.5137158210911776,10.955,1.0,0.21666666666666667,0.4774393193644987,0.6443864946472687,0.21967863672200014,learned
D,44,L0big,23,0.3,300,2.3650602029490537,2.2599741810901257,2.4744967771427295,10.766000000000002,1.0,0.21,0.4692023470815329,0.6332692835575077,0.21967863672200014,learned
D,44,P1,23,0.3,300,1.0036384649705778,0.9710830063360303,1.0382378502542928,4.568666666666666,0.3466666666666667,0.0,0.19911100901292617,0.26873455942904195,0.21967863672200014,reference
D,44,persistence,23,0.3,300,0.2268181924154651,0.21067181261639814,0.24424603092874378,1.0324999999999998,0.0033333333333333335,0.0,0.044998274508794595,0.06073291243480647,0.21967863672200014,reference
D,50,O,3,0.1,300,3.4687991040869965,3.324405792834141,3.624233436168558,13.426690090310998,1.0,0.5366666666666666,1.0,2.6548077291766683,0.2583510217898125,reference
D,50,H,3,0.1,300,3.3489612369577078,3.2268828439238852,3.4758998585889502,12.962833333333332,1.0,0.54,0.9654526354702716,2.5630911188004615,0.2583510217898125,hybrid (learned correction)
D,50,H_true,3,0.1,300,3.384226151432017,3.255524284077059,3.518067051195411,13.099333333333332,1.0,0.5333333333333333,0.9756189533849526,2.590080738177624,0.2583510217898125,hybrid (learned correction)
D,50,P1x,3,0.1,300,3.429437580245234,3.292582585227626,3.5762390896017506,13.274333333333333,1.0,0.5366666666666666,0.9886526943012105,2.6246828143021914,0.2583510217898125,reference
D,50,L_range,3,0.1,300,1.3066102927019767,1.2508495304990088,1.3668997330244017,5.0575,0.6833333333333333,0.01,0.37667511247985125,1.0,0.2583510217898125,learned
D,50,L0,3,0.1,300,0.5657456792160577,0.5470582886399279,0.5859476526574302,2.189833333333333,0.01,0.0,0.16309554466543963,0.4329873125720876,0.2583510217898125,learned
D,50,L0big,3,0.1,300,0.5527850696229354,0.5337962695213841,0.572384224013465,2.1396666666666664,0.006666666666666667,0.0,0.15935920560277902,0.4230680507497116,0.2583510217898125,learned
D,50,P1,3,0.1,300,0.5588132601313643,0.5503737934195639,0.5681569554194292,2.1629999999999994,0.0,0.0,0.16109703772494674,0.4276816608996539,0.2583510217898125,reference
D,50,persistence,3,0.1,300,0.11363139108388585,0.10820601962629979,0.11935817206689336,0.4398333333333333,0.0,0.0,0.032758135502861344,0.08696655132641291,0.2583510217898125,reference
D,50,O,3,0.3,300,4.660024710101085,4.480984373901034,4.835510828782741,18.037570270933,1.0,0.9033333333333333,1.0,1.9014604006816593,0.2583510217898125,reference
D,50,H,3,0.3,300,4.569066995863729,4.401769638778554,4.735784139612467,17.685499999999998,1.0,0.89,0.9804812807021824,1.8643463288648383,0.2583510217898125,hybrid (learned correction)
D,50,H_true,3,0.3,300,4.579191795739611,4.410198492152508,4.747802844438647,17.724690090311,1.0,0.89,0.9826539730172973,1.8684776172648947,0.2583510217898125,hybrid (learned correction)
D,50,P1x,3,0.3,300,4.625485738666066,4.449813310716752,4.796799750302212,17.903880180622,1.0,0.9033333333333333,0.9925882428562767,1.8873672379734,0.2583510217898125,reference
D,50,L_range,3,0.3,300,2.450760851201793,2.3588234107101154,2.5502410650671417,9.486166666666666,1.0,0.18666666666666668,0.5259115570545184,1.0,0.2583510217898125,learned
D,50,L0,3,0.3,300,1.6453945992756842,1.5838919856134375,1.7120287101082305,6.368833333333333,0.9433333333333334,0.03333333333333333,0.3530870975231357,0.6713811339318657,0.2583510217898125,learned
D,50,L0big,3,0.3,300,1.607718408598003,1.546517204461178,1.6761383708686717,6.222999999999999,0.9133333333333333,0.03333333333333333,0.3450021209357768,0.6560078711105645,0.2583510217898125,learned
D,50,P1,3,0.3,300,1.0871841581951627,1.0633652704487329,1.1113044554670142,4.208166666666667,0.4666666666666667,0.0,0.233300084404827,0.44361087197146726,0.2583510217898125,reference
D,50,persistence,3,0.3,300,0.2574037347099165,0.23871634413378673,0.27789958243857493,0.9963333333333333,0.0033333333333333335,0.0,0.05523656004483566,0.10503013159512975,0.2583510217898125,reference
D,50,O,6,0.1,300,3.4505362470247354,3.3130708977181484,3.591053367776215,13.355999999999998,1.0,0.5133333333333333,1.0,2.1579641847313855,0.2583510217898125,reference
D,50,H,6,0.1,300,3.4086403229911544,3.273902729889631,3.548200468499421,13.193833333333332,1.0,0.5133333333333333,0.987858141160028,2.1317624882186617,0.2583510217898125,hybrid (learned correction)
D,50,H_true,6,0.1,300,3.3986938086522467,3.2645665698397024,3.537063386535097,13.155333333333333,1.0,0.5166666666666667,0.9849755415793152,2.125541941564562,0.2583510217898125,hybrid (learned correction)
D,50,P1x,6,0.1,300,3.4493306089230495,3.310071872940205,3.593118023025351,13.351333333333331,1.0,0.52,0.9996505939902166,2.157210179076343,0.2583510217898125,reference
D,50,L_range,6,0.1,300,1.598977532360781,1.5257350176833695,1.680079300413557,6.189166666666666,0.9,0.04,0.4633997204751922,1.0,0.2583510217898125,learned
D,50,L0,6,0.1,300,0.563937222063529,0.5446470124365564,0.5829260221650803,2.1828333333333334,0.01,0.0,0.16343466107617052,0.3526861451460886,0.2583510217898125,learned
D,50,L0big,6,0.1,300,0.5512780219958282,0.5325906314196984,0.5696640030465365,2.133833333333333,0.0033333333333333335,0.0,0.15976589797344515,0.34476908576814325,0.2583510217898125,learned
D,50,P1,6,0.1,300,0.5648414506397934,0.5567033934534145,0.5729795078261725,2.1863333333333332,0.0,0.0,0.16369671558350807,0.3532516493873704,0.2583510217898125,reference
D,50,persistence,6,0.1,300,0.11302857203304294,0.10790461010087835,0.11876288825418597,0.4374999999999999,0.0,0.0,0.03275681341719077,0.07068803016022619,0.2583510217898125,reference
D,50,O,6,0.3,300,4.674437205772788,4.500030523104659,4.854705785788931,18.093356756977666,1.0,0.93,1.0,1.6744322506997256,0.2583510217898125,reference
D,50,H,6,0.3,300,4.60812711018007,4.442170507561588,4.772880832774291,17.836690090311,1.0,0.9233333333333333,0.9858143146065098,1.6506792815785856,0.2583510217898125,hybrid (learned correction)
D,50,H_true,6,0.3,300,4.6048116054004335,4.441231680894357,4.767595354842421,17.823856756977666,1.0,0.9233333333333333,0.9851050303368352,1.6494916331225282,0.2583510217898125,hybrid (learned correction)
D,50,P1x,6,0.3,300,4.673711262733499,4.495816945948181,4.852237160483485,18.090546847288667,1.0,0.9266666666666666,0.9998446993707836,1.6741722103176115,0.2583510217898125,reference
D,50,L_range,6,0.3,300,2.7916550244534504,2.6809925171949662,2.9164762441686074,10.805666666666665,1.0,0.3,0.5972173550659405,1.0,0.2583510217898125,learned
D,50,L0,6,0.3,300,1.6019916276149957,1.5438045187323848,1.662876351750128,6.200833333333334,0.9333333333333333,0.02666666666666667,0.3427132630290946,0.5738501403584539,0.2583510217898125,learned
D,50,L0big,6,0.3,300,1.5606985226322574,1.501614720411518,1.6228039553453462,6.041,0.9066666666666666,0.02,0.33387944985223933,0.5590585186784712,0.2583510217898125,learned
D,50,P1,6,0.3,300,1.0938151677544345,1.0718122723986687,1.1164284173991785,4.233833333333333,0.49666666666666665,0.0,0.23399932860443734,0.3918160224573527,0.2583510217898125,reference
D,50,persistence,6,0.3,300,0.2414290298625798,0.22485150596440012,0.25981501091328807,0.9345000000000001,0.0,0.0,0.05164879090993505,0.08648240120924208,0.2583510217898125,reference
D,50,O,11,0.1,300,3.3676486275338378,3.2401523982805647,3.499982479670124,13.035166666666667,1.0,0.5133333333333333,1.0,1.9125299554946937,0.2583510217898125,reference
D,50,H,11,0.1,300,3.3037498081444907,3.17621590270054,3.4363850698061986,12.787833333333333,1.0,0.5033333333333333,0.9810256869238342,1.8762410133515919,0.2583510217898125,hybrid (learned correction)
D,50,H_true,11,0.1,300,3.323341427296884,3.191015110398733,3.4532790737060703,12.863666666666663,1.0,0.5,0.9868432829141679,1.887367339952071,0.2583510217898125,hybrid (learned correction)
D,50,P1x,11,0.1,300,3.3456457321780717,3.220244299126478,3.477987119552494,12.95,1.0,0.5,0.9934663921954712,1.9000342348510784,0.2583510217898125,reference
D,50,L_range,11,0.1,300,1.7608344475120987,1.683967483291494,1.8446413660555323,6.815666666666666,0.96,0.06333333333333334,0.5228676273158507,1.0,0.2583510217898125,learned
D,50,L0,11,0.1,300,0.5582104410805215,0.5401258695552347,0.5768978316566513,2.1606666666666667,0.006666666666666667,0.0,0.16575673498612725,0.3170147209859637,0.2583510217898125,learned
D,50,L0big,11,0.1,300,0.538317412402706,0.5202328408774191,0.5567109286915498,2.083666666666667,0.006666666666666667,0.0,0.15984963751901907,0.30571722013009245,0.2583510217898125,learned
D,50,P1,11,0.1,300,0.549770974368721,0.5413315076569204,0.5582104410805215,2.128,0.0,0.0,0.163250693636445,0.312221841834988,0.2583510217898125,reference
D,50,persistence,11,0.1,300,0.10700038152461398,0.10278064816871374,0.11152152440593573,0.41416666666666657,0.0,0.0,0.031773024254900195,0.0607668606641561,0.2583510217898125,reference
D,50,O,11,0.3,300,4.566354310134936,4.407496419761561,4.726146570037116,17.675,1.0,0.9166666666666666,1.0,1.5506653019447287,0.2583510217898125,reference
D,50,H,11,0.3,300,4.506675224101489,4.348103672777266,4.661305845880827,17.444,1.0,0.9133333333333333,0.9869306930693068,1.5303991811668372,0.2583510217898125,hybrid (learned correction)
D,50,H_true,11,0.3,300,4.525842309740015,4.366693623179066,4.680590074033961,17.518190090311002,1.0,0.9166666666666666,0.9911281522099576,1.536908035412575,0.2583510217898125,hybrid (learned correction)
D,50,P1x,11,0.3,300,4.537418995694476,4.380949775810068,4.69717357940598,17.562999999999995,1.0,0.9133333333333333,0.9936633663366334,1.5408393039918113,0.2583510217898125,reference
D,50,L_range,11,0.3,300,2.944771063367546,2.8344401065870253,3.063225006858175,11.398333333333333,1.0,0.34,0.6448844884488448,1.0,0.2583510217898125,learned
D,50,L0,11,0.3,300,1.576673227479594,1.5211988043257767,1.634543856360512,6.102833333333333,0.9333333333333333,0.016666666666666666,0.3452805280528053,0.5354145342886387,0.2583510217898125,learned
D,50,L0big,11,0.3,300,1.5299547510392695,1.4735760993091878,1.5890385532600089,5.922,0.89,0.016666666666666666,0.335049504950495,0.5195496417604912,0.2583510217898125,learned
D,50,P1,11,0.3,300,1.0989391296865991,1.0769362343308335,1.1233533012457364,4.253666666666667,0.5133333333333333,0.0,0.24066006600660067,0.3731832139201638,0.2583510217898125,reference
D,50,persistence,11,0.3,300,0.2221388202356071,0.20706834396453472,0.2381135250829438,0.8598333333333332,0.0,0.0,0.048646864686468644,0.07543500511770726,0.2583510217898125,reference
D,50,O,23,0.1,300,3.308572360551234,3.1720263102971815,3.4475296870086565,12.806500000000002,1.0,0.54,1.0,1.840851920174409,0.2583510217898125,reference
D,50,H,23,0.1,300,3.187707140857233,3.0580633687353327,3.317622181552013,12.338666666666667,1.0,0.4766666666666667,0.9634690716953629,1.7736038906590639,0.2583510217898125,hybrid (learned correction)
D,50,H_true,23,0.1,300,3.2585383793312737,3.1271162910093864,3.389696734318416,12.612833333333334,1.0,0.5066666666666667,0.984877471075886,1.8130135837665604,0.2583510217898125,hybrid (learned correction)
D,50,P1x,23,0.1,300,3.2392481697043007,3.105422340417178,3.372772589466002,12.538166666666665,1.0,0.4866666666666667,0.979047098478637,1.8022807311755826,0.2583510217898125,reference
D,50,L_range,23,0.1,300,1.7973050000880941,1.7255695330377891,1.8816996672060995,6.956833333333334,0.96,0.06333333333333334,0.5432267468342898,1.0,0.2583510217898125,learned
D,50,L0,23,0.1,300,0.5362075457247558,0.5184243837248904,0.5539907077246212,2.0755,0.0033333333333333335,0.0,0.16206613828915,0.2983397618648331,0.2583510217898125,learned
D,50,L0big,23,0.1,300,0.5160131075215189,0.49852381980893923,0.5335023952340983,1.9973333333333334,0.0,0.0,0.1559624669764052,0.28710380680865333,0.2583510217898125,learned
D,50,P1,23,0.1,300,0.3966549354546254,0.3812830496581316,0.4126296403019622,1.535333333333333,0.0,0.0,0.11988703653092828,0.2206942814019788,0.2583510217898125,reference
D,50,persistence,23,0.1,300,0.09976655291449925,0.09675245766028477,0.10308205769413516,0.3861666666666666,0.0,0.0,0.030153958276396095,0.05550897199396276,0.2583510217898125,reference
D,50,O,23,0.3,300,4.491180214316548,4.321293295491027,4.6636628510818365,17.38402342364433,1.0,0.87,1.0,1.529049923651191,0.2583510217898125,reference
D,50,H,23,0.3,300,4.380083223424481,4.216719260646056,4.546205083360512,16.953999999999997,1.0,0.85,0.9752632970420732,1.4912262698819907,0.2583510217898125,hybrid (learned correction)
D,50,H_true,23,0.3,300,4.444283452339249,4.273987070476131,4.614316100867624,17.202499999999997,1.0,0.8633333333333333,0.9895580315775783,1.513083632632119,0.2583510217898125,hybrid (learned correction)
D,50,P1x,23,0.3,300,4.397263566373503,4.235685455033201,4.561546828204464,17.0205,1.0,0.8633333333333333,0.97908864853749,1.497075423293997,0.2583510217898125,reference
D,50,L_range,23,0.3,300,2.9372358252320097,2.8326391846726318,3.0508822867921666,11.369166666666665,1.0,0.34,0.6540008828567989,1.0,0.2583510217898125,learned
D,50,L0,23,0.3,300,1.533571665344327,1.4790014707667738,1.5896865837396648,5.936,0.9333333333333333,0.013333333333333334,0.3414629545382651,0.5221139045664444,0.2583510217898125,learned
D,50,L0big,23,0.3,300,1.4901686936836385,1.4352970895806636,1.5468713606535482,5.768,0.88,0.006666666666666667,0.33179890865510664,0.5073370959466393,0.2583510217898125,learned
D,50,P1,23,0.3,300,1.0380544055514667,1.0106261387381148,1.0669897199919256,4.018,0.4,0.0,0.23113176403887284,0.35341200615700363,0.2583510217898125,reference
D,50,persistence,23,0.3,300,0.19561478199851967,0.1814409990655761,0.21249371542212075,0.7571666666666665,0.0033333333333333335,0.0,0.043555317903957155,0.06659825551564905,0.2583510217898125,reference
D,56,O,3,0.1,300,3.4301043217274323,3.320224997806158,3.554967965124775,11.730833333333333,1.0,0.5733333333333334,1.0,3.256152849740933,0.292400737804427,reference
D,56,H,3,0.1,300,3.359148409353558,3.2533882808261043,3.473778026927746,11.488166666666666,1.0,0.5766666666666667,0.9793137742416708,3.188795336787565,0.292400737804427,hybrid (learned correction)
D,56,H_true,3,0.1,300,3.3615363487122942,3.257149285316114,3.4775305030629027,11.496333333333334,1.0,0.58,0.9800099453008454,3.1910621761658033,0.292400737804427,hybrid (learned correction)
D,56,P1x,3,0.1,300,3.4301043217274323,3.318877517739444,3.554311281801122,11.730833333333333,1.0,0.5766666666666667,1.0,3.256152849740933,0.292400737804427,reference
D,56,L_range,3,0.1,300,1.0534223913967489,1.0111217513277087,1.0994755076009464,3.6026666666666665,0.4766666666666667,0.0,0.3071108901044256,1.0,0.292400737804427,learned
D,56,L0,3,0.1,300,0.37149513738052453,0.36296678252789544,0.3803731547821114,1.2705000000000002,0.0,0.0,0.10830432620586775,0.35265544041450786,0.292400737804427,learned
D,56,L0big,3,0.1,300,0.3755887477097865,0.3667192586630522,0.3854816393388363,1.2845000000000002,0.0,0.0,0.1094977623073098,0.3565414507772021,0.292400737804427,learned
D,56,P1,3,0.1,300,0.6133592810010864,0.6041401294053942,0.622911038436031,2.0976666666666666,0.0,0.0,0.17881650919940328,0.5822538860103628,0.292400737804427,reference
D,56,persistence,3,0.1,300,0.12690192020712132,0.12178490729554384,0.1327012015069091,0.43400000000000005,0.0,0.0,0.03699651914470413,0.12046632124352334,0.292400737804427,reference
D,56,O,3,0.3,300,4.639083905636136,4.490349397006285,4.797029037506827,15.865499999999999,1.0,0.94,1.0,2.0973164713140036,0.292400737804427,reference
D,56,H,3,0.3,300,4.5619875777683685,4.428911128647944,4.711412883141284,15.601833333333332,1.0,0.9333333333333333,0.983381130965512,2.062461443553362,0.292400737804427,hybrid (learned correction)
D,56,H_true,3,0.3,300,4.567786859068157,4.430650913037881,4.717212164441072,15.621666666666666,1.0,0.9366666666666666,0.9846312228840356,2.065083281924738,0.292400737804427,hybrid (learned correction)
D,56,P1x,3,0.3,300,4.628167611424771,4.481138773765445,4.785439003262105,15.828166666666664,1.0,0.94,0.9976468858004265,2.092381246144355,0.292400737804427,reference
D,56,L_range,3,0.3,300,2.2119141145778887,2.1358326609375844,2.2941274553572333,7.564666666666667,1.0,0.14666666666666667,0.47679976468858004,1.0,0.292400737804427,learned
D,56,L0,3,0.3,300,1.4020615377722272,1.3546353564367568,1.451875658466434,4.794999999999999,0.8633333333333333,0.0,0.3022281050077211,0.6338679827267119,0.292400737804427,learned
D,56,L0big,3,0.3,300,1.3795466809612866,1.3317878937865635,1.429360801655493,4.718,0.8466666666666667,0.0,0.29737480697110086,0.6236890808143122,0.292400737804427,learned
D,56,P1,3,0.3,300,1.1588328573752449,1.1352945979819886,1.1837441818997743,3.9631666666666665,0.8533333333333334,0.0,0.24979777924847416,0.5239049969154843,0.292400737804427,reference
D,56,persistence,3,0.3,300,0.28075344174855066,0.2633555978491872,0.30088035920075534,0.9601666666666667,0.0033333333333333335,0.0,0.06051915582028091,0.1269278223318939,0.292400737804427,reference
D,56,O,6,0.1,300,3.3912150235994436,3.27624427183115,3.5143644676714074,11.597833333333334,1.0,0.5333333333333333,1.0,2.453961984695137,0.292400737804427,reference
D,56,H,6,0.1,300,3.3066137434613627,3.194005345987248,3.424995837170708,11.3085,1.0,0.5133333333333333,0.9750528115883714,2.3927425327079734,0.292400737804427,hybrid (learned correction)
D,56,H_true,6,0.1,300,3.3257172583312515,3.2127933117275895,3.447851828175753,11.373833333333332,1.0,0.5333333333333333,0.9806860476813196,2.406566279930881,0.292400737804427,hybrid (learned correction)
D,56,P1x,6,0.1,300,3.3741583138941853,3.260210964708208,3.4979985547092123,11.5395,1.0,0.53,0.9949703249170103,2.441619353246112,0.292400737804427,reference
D,56,L_range,6,0.1,300,1.3819346203200227,1.324624075710355,1.4453855804235831,4.726166666666667,0.7966666666666666,0.01,0.40750427522382054,1.0,0.292400737804427,learned
D,56,L0,6,0.1,300,0.37490647932157617,0.3656958560807367,0.38514050514473114,1.2821666666666667,0.0,0.0,0.11055225832411227,0.27129103924956804,0.292400737804427,learned
D,56,L0big,6,0.1,300,0.3752476135156813,0.36534619353177894,0.3861639077270466,1.2833333333333334,0.0,0.0,0.11065285182577206,0.2715378918785485,0.292400737804427,learned
D,56,P1,6,0.1,300,0.6181351597185587,0.6082422680895089,0.6283691855417136,2.1140000000000003,0.0,0.0,0.1822754250075445,0.4472969637126636,0.292400737804427,reference
D,56,persistence,6,0.1,300,0.120079236325018,0.11564449180165087,0.1251962492365955,0.4106666666666666,0.0,0.0,0.035408912584247054,0.08689212540113551,0.292400737804427,reference
D,56,O,6,0.3,300,4.553459222915739,4.408809796260297,4.708683809588442,15.572666666666665,1.0,0.9466666666666667,1.0,1.8067135896047644,0.292400737804427,reference
D,56,H,6,0.3,300,4.483526713124181,4.3477382471606205,4.6315874817206755,15.3335,1.0,0.9433333333333334,0.9846418939166918,1.7789658906334598,0.292400737804427,hybrid (learned correction)
D,56,H_true,6,0.3,300,4.481821042153656,4.347397112966515,4.630896684977612,15.327666666666667,1.0,0.94,0.9842673059634405,1.7782891174878184,0.292400737804427,hybrid (learned correction)
D,56,P1x,6,0.3,300,4.544930868063111,4.402669380766405,4.698117177926036,15.5435,1.0,0.9433333333333334,0.9981270602337431,1.8033297238765569,0.292400737804427,reference
D,56,L_range,6,0.3,300,2.5202994260489575,2.4268116001544375,2.6195694765335604,8.619333333333334,1.0,0.23666666666666666,0.5534911597243033,1.0,0.292400737804427,learned
D,56,L0,6,0.3,300,1.3669247157793953,1.3222190796419135,1.4150246371482236,4.674833333333333,0.8666666666666667,0.0,0.30019478573569075,0.542365998917163,0.292400737804427,learned
D,56,L0big,6,0.3,300,1.3334935647570891,1.2881141885862497,1.3822757545141278,4.560499999999999,0.8033333333333333,0.0,0.29285286185196285,0.529101245262588,0.292400737804427,learned
D,56,P1,6,0.3,300,1.155080381240088,1.132224390235042,1.1789597748274496,3.950333333333333,0.8433333333333334,0.0,0.253670961941864,0.45831077422847866,0.292400737804427,reference
D,56,persistence,6,0.3,300,0.2493690958908755,0.2350414597384586,0.2647286629804605,0.8528333333333333,0.0,0.0,0.054764758765358114,0.09894423389279915,0.292400737804427,reference
D,56,O,11,0.1,300,3.334586747377986,3.216554316217599,3.4604908500673495,11.404166666666667,1.0,0.5433333333333333,1.0,2.281746031746032,0.292400737804427,reference
D,56,H,11,0.1,300,3.279664142127055,3.163669987776446,3.407597993271344,11.216333333333335,1.0,0.5133333333333333,0.983529411764706,2.244164332399627,0.292400737804427,hybrid (learned correction)
D,56,H_true,11,0.1,300,3.310025085402414,3.191310385853817,3.440014270066187,11.320166666666665,1.0,0.5266666666666666,0.9926342710997442,2.264939309056956,0.292400737804427,hybrid (learned correction)
D,56,P1x,11,0.1,300,3.318553440255043,3.202550757549582,3.444431957879849,11.349333333333332,1.0,0.56,0.9951918158567775,2.2707749766573295,0.292400737804427,reference
D,56,L_range,11,0.1,300,1.461418887546526,1.400688472640954,1.525210981844192,4.997999999999999,0.8533333333333334,0.016666666666666666,0.43826086956521737,1.0,0.292400737804427,learned
D,56,L0,11,0.1,300,0.3755887477097865,0.3656958560807367,0.3854901676936889,1.2845000000000002,0.0,0.0,0.11263427109974426,0.2570028011204482,0.292400737804427,learned
D,56,L0big,11,0.1,300,0.37354194254515555,0.3629667825278954,0.3841256309172682,1.2775000000000003,0.0,0.0,0.1120204603580563,0.25560224089635863,0.292400737804427,learned
D,56,P1,11,0.1,300,0.5860685454726731,0.5758345196495183,0.5969848396840384,2.004333333333333,0.0,0.0,0.17575447570332478,0.4010270774976657,0.292400737804427,reference
D,56,persistence,11,0.1,300,0.11462108921933539,0.11120974727828373,0.11871469954859734,0.392,0.0,0.0,0.03437340153452686,0.07843137254901962,0.292400737804427,reference
D,56,O,11,0.3,300,4.545076366879271,4.403351649154615,4.703712295493025,15.543997600714869,1.0,0.9166666666666666,1.0,1.7291922796753358,0.292400737804427,reference
D,56,H,11,0.3,300,4.488984860229863,4.35182332913503,4.64590658951824,15.352166666666664,1.0,0.91,0.9876588417615695,1.70785204412719,0.292400737804427,hybrid (learned correction)
D,56,H_true,11,0.3,300,4.507064972517438,4.3675240304187195,4.668080312135076,15.414000000000001,1.0,0.92,0.9916367974279093,1.714730694354316,0.292400737804427,hybrid (learned correction)
D,56,P1x,11,0.3,300,4.517103362962646,4.376556074991319,4.672772984431057,15.4483309340482,1.0,0.91,0.9938454270822668,1.7185498397012926,0.292400737804427,reference
D,56,L_range,11,0.3,300,2.6284389655802944,2.5254164389605354,2.7331671631705805,8.989166666666664,1.0,0.24,0.5783046869650348,1.0,0.292400737804427,learned
D,56,L0,11,0.3,300,1.3290588202337221,1.284702846645198,1.3754530706320245,4.545333333333334,0.83,0.0033333333333333335,0.29241726935960755,0.5056456846203765,0.292400737804427,learned
D,56,L0big,11,0.3,300,1.2925574614644695,1.2444575400956412,1.3406573828332977,4.4205,0.7866666666666666,0.006666666666666667,0.28438630225963885,0.491758598312784,0.292400737804427,learned
D,56,P1,11,0.3,300,1.1561037838224035,1.1356272038212412,1.1786186406333445,3.9538333333333333,0.9,0.0,0.25436399534386805,0.43984425697598967,0.292400737804427,reference
D,56,persistence,11,0.3,300,0.22821877585635528,0.21524714812550635,0.24288754620287734,0.7805000000000001,0.0,0.0,0.05021230831662665,0.08682673588578847,0.292400737804427,reference
D,56,O,23,0.1,300,3.256125882733798,3.142511139387073,3.375522850670606,11.135833333333332,1.0,0.49333333333333335,1.0,2.272619047619048,0.292400737804427,reference
D,56,H,23,0.1,300,3.1432104644849885,3.035070924953651,3.261251424000228,10.749666666666666,1.0,0.44666666666666666,0.9653221581980095,2.193809523809524,0.292400737804427,hybrid (learned correction)
D,56,H_true,23,0.1,300,3.214166376858863,3.101583564449306,3.3308342712428294,10.992333333333333,1.0,0.47,0.9871136720796229,2.2433333333333336,0.292400737804427,hybrid (learned correction)
D,56,P1x,23,0.1,300,3.1831231651952927,3.0708900153346934,3.3022131123574057,10.886166666666666,1.0,0.4533333333333333,0.977579884756417,2.2216666666666667,0.292400737804427,reference
D,56,L_range,23,0.1,300,1.432763615241692,1.3785147500241184,1.4955408353118949,4.8999999999999995,0.87,0.01,0.4400209533787323,1.0,0.292400737804427,learned
D,56,L0,23,0.1,300,0.3622845141396851,0.35375615928705595,0.37217740576873487,1.239,0.0,0.0,0.11126244106862235,0.25285714285714295,0.292400737804427,learned
D,56,L0big,23,0.1,300,0.35682636703400245,0.3472746095990578,0.36706039285715736,1.2203333333333335,0.0,0.0,0.10958617077003668,0.2490476190476191,0.292400737804427,learned
D,56,P1,23,0.1,300,0.4018560806558842,0.3851405051447311,0.4178979161336795,1.3743333333333334,0.0,0.0,0.12341540073336828,0.28047619047619055,0.292400737804427,reference
D,56,persistence,23,0.1,300,0.10472819759028561,0.10336366081386494,0.10643386856081144,0.3581666666666667,0.0,0.0,0.032163436354112104,0.07309523809523812,0.292400737804427,reference
D,56,O,23,0.3,300,4.431576497931223,4.2970571964973345,4.5760266517383155,15.155832133690767,1.0,0.9433333333333334,1.0,1.700355138409585,0.292400737804427,reference
D,56,H,23,0.3,300,4.33025964228199,4.196535038192764,4.4722240390413734,14.80933213369077,1.0,0.9333333333333333,0.9771375139983411,1.6614807928598472,0.292400737804427,hybrid (learned correction)
D,56,H_true,23,0.3,300,4.389373675551155,4.255299408912974,4.531652219557567,15.011499999999998,1.0,0.9366666666666666,0.9904767925365231,1.6841623036649214,0.292400737804427,hybrid (learned correction)
D,56,P1x,23,0.3,300,4.36334965911019,4.232443417907927,4.502553104485206,14.922498800357433,1.0,0.93,0.9846043865308692,1.6741771279383806,0.292400737804427,reference
D,56,L_range,23,0.3,300,2.606265242963459,2.5113702385182552,2.7099700379714293,8.913333333333334,1.0,0.24333333333333335,0.5881124345207924,1.0,0.292400737804427,learned
D,56,L0,23,0.3,300,1.3044971582581502,1.2615142498008995,1.3546524131464621,4.461333333333333,0.8166666666666667,0.0033333333333333335,0.2943641295297788,0.500523560209424,0.292400737804427,learned
D,56,L0big,23,0.3,300,1.2471866136484826,1.2048859735794422,1.2973333401819416,4.265333333333333,0.76,0.0,0.28143181421570906,0.47853403141361256,0.292400737804427,learned
D,56,P1,23,0.3,300,1.0732081746548483,1.047623110096961,1.101871975314535,3.6703333333333323,0.6733333333333333,0.0,0.24217299986942575,0.4117801047120418,0.292400737804427,reference
D,56,persistence,23,0.3,300,0.184212464816789,0.17500184157594953,0.19411388480069136,0.63,0.0,0.0,0.04156815636665287,0.0706806282722513,0.292400737804427,reference
C,36,O,3,0.1,300,2.956011464006494,2.8712819557557174,3.043541845764322,20.962666666666664,1.0,0.44333333333333336,1.0,2.6427415796440656,0.14101314069487791,reference
C,36,H,3,0.1,300,2.4229817921798555,2.35749646475066,2.488475345375592,17.182666666666666,1.0,0.14,0.819679430097952,2.166200911898809,0.14101314069487791,hybrid (learned correction)
C,36,H_true,3,0.1,300,2.4292333747506616,2.36457884974206,2.490930736687941,17.226999999999997,1.0,0.15,0.8217943009795191,2.171789969113105,0.14101314069487791,hybrid (learned correction)
C,36,P1x,3,0.1,300,2.917514876596792,2.8362401902930405,3.0032314768324326,20.689666666666664,1.0,0.42333333333333334,0.9869768477292965,2.6083247536402414,0.14101314069487791,reference
C,36,L_range,3,0.1,300,1.1185397341818872,1.0779003345883766,1.1624653275083419,7.9321666666666655,0.5366666666666666,0.0,0.3783949243098842,1.0,0.14101314069487791,learned
C,36,L0,3,0.1,300,0.5539231188395962,0.5392812543974447,0.5684004679509369,3.9281666666666664,0.006666666666666667,0.0,0.18738869100623332,0.4952198852772467,0.14101314069487791,learned
C,36,P1,3,0.1,300,0.04935459924320727,0.04935459924320727,0.04935459924320727,0.35000000000000003,0.0,0.0,0.016696349065004456,0.04412413590233859,0.14101314069487791,reference
C,36,persistence,3,0.1,300,0.04935459924320727,0.04935459924320727,0.04935459924320727,0.35000000000000003,0.0,0.0,0.016696349065004456,0.04412413590233859,0.14101314069487791,reference
C,36,O,3,0.3,300,4.120286460153753,4.01959896481434,4.220973955493166,29.219166666666666,1.0,0.9133333333333333,1.0,2.0391630027682788,0.14101314069487791,reference
C,36,H,3,0.3,300,3.5806761750946876,3.496115295057992,3.668050267288246,25.392500000000002,1.0,0.7866666666666666,0.8690357356757836,1.7721055202735712,0.14101314069487791,hybrid (learned correction)
C,36,H_true,3,0.3,300,3.5905470949433287,3.5066319375800656,3.678237879148697,25.4625,1.0,0.78,0.8714314234378119,1.7769907181240838,0.14101314069487791,hybrid (learned correction)
C,36,P1x,3,0.3,300,4.09347046123161,3.997381169388356,4.19333537991697,29.028999999999993,1.0,0.9066666666666666,0.9934917149131561,2.025891548607718,0.14101314069487791,reference
C,36,L_range,3,0.3,300,2.0205772930169057,1.9552523680352503,2.087703660870938,14.329,0.9866666666666667,0.07333333333333333,0.4903972848872031,1.0,0.14101314069487791,learned
C,36,L0,3,0.3,300,1.2445584775828764,1.2113222678758468,1.2754873597752865,8.825833333333332,0.78,0.0,0.30205629866240763,0.6159420289855071,0.14101314069487791,learned
C,36,P1,3,0.3,300,0.10035435179452146,0.0993672598096573,0.1013414437793856,0.7116666666666667,0.0,0.0,0.024356158913954883,0.049666178146881616,0.14101314069487791,reference
C,36,persistence,3,0.3,300,0.052644905859421096,0.05132878321293556,0.053961028505906616,0.3733333333333334,0.0,0.0,0.01277700139748453,0.026054388536069048,0.14101314069487791,reference
C,36,O,6,0.1,300,2.9754242730421554,2.8905302494605687,3.064427067010739,21.10033333333333,1.0,0.47,1.0,1.86050817817097,0.14101314069487791,reference
C,36,H,6,0.1,300,2.4687170541452277,2.400603594306331,2.5350249582284765,17.507,1.0,0.18666666666666668,0.8297025323454607,1.5436683468778933,0.14101314069487791,hybrid (learned correction)
C,36,H_true,6,0.1,300,2.478094428001437,2.4078422688620016,2.5467014338327654,17.5735,1.0,0.19333333333333333,0.8328541413247816,1.5495319411583173,0.14101314069487791,hybrid (learned correction)
C,36,P1x,6,0.1,300,2.969830751794592,2.8842827797730326,3.058348225537284,21.060666666666666,1.0,0.4266666666666667,0.9981200928895279,1.8570105956177347,0.14101314069487791,reference
C,36,L_range,6,0.1,300,1.599253530810726,1.5364004486745015,1.6599638007631412,11.341166666666666,0.8966666666666666,0.013333333333333334,0.5374875594382396,1.0,0.14101314069487791,learned
C,36,L0,6,0.1,300,0.5598456707487811,0.5442167143217654,0.5749810811833647,3.9701666666666666,0.013333333333333334,0.0,0.18815658520402523,0.3500668655488119,0.14101314069487791,learned
C,36,P1,6,0.1,300,0.04935459924320727,0.04935459924320727,0.04935459924320727,0.35000000000000003,0.0,0.0,0.016587415680636958,0.03086102252854645,0.14101314069487791,reference
C,36,persistence,6,0.1,300,0.04935459924320727,0.04935459924320727,0.04935459924320727,0.35000000000000003,0.0,0.0,0.016587415680636958,0.03086102252854645,0.14101314069487791,reference
C,36,O,6,0.3,300,4.127360619378613,4.0283182773473065,4.233637523082319,29.26933333333333,1.0,0.9233333333333333,1.0,1.6026574677398748,0.14101314069487791,reference
C,36,H,6,0.3,300,3.6127566646027724,3.5209488842438668,3.704075011852516,25.62,1.0,0.7766666666666666,0.8753188775510206,1.4028363357608282,0.14101314069487791,hybrid (learned correction)
C,36,H_true,6,0.3,300,3.6119340879487187,3.5171568058686793,3.7011055101313843,25.614166666666666,1.0,0.78,0.8751195790816327,1.4025169285805545,0.14101314069487791,hybrid (learned correction)
C,36,P1x,6,0.3,300,4.122096128792672,4.024505634555769,4.223129106326786,29.232000000000003,1.0,0.9233333333333333,0.9987244897959187,1.6006132617861253,0.14101314069487791,reference
C,36,L_range,6,0.3,300,2.575322988510555,2.493879673992723,2.6556105828294427,18.262999999999998,1.0,0.26,0.6239636479591837,1.0,0.14101314069487791,learned
C,36,L0,6,0.3,300,1.2478487841990904,1.2164222431309784,1.2800937890379858,8.849166666666665,0.7666666666666667,0.0,0.3023357780612245,0.48454069247476683,0.14101314069487791,learned
C,36,P1,6,0.3,300,0.10035435179452146,0.0993672598096573,0.10150595911019629,0.7116666666666667,0.0,0.0,0.024314413265306128,0.038967675993356335,0.14101314069487791,reference
C,36,persistence,6,0.3,300,0.053961028505906616,0.0524803905286104,0.05560618181401353,0.38266666666666665,0.0,0.0,0.013073979591836737,0.020953111025935865,0.14101314069487791,reference
C,36,O,11,0.1,300,2.9833210089210693,2.8956302247157,3.070682762464816,21.156333333333336,0.9966666666666667,0.4766666666666667,1.0,1.5159672295602746,0.14101314069487791,reference
C,36,H,11,0.1,300,2.5174135920651923,2.4420491190208145,2.5907915424900305,17.852333333333334,0.9933333333333333,0.21333333333333335,0.8438292709826843,1.2792175221534863,0.14101314069487791,hybrid (learned correction)
C,36,H_true,11,0.1,300,2.534029640477072,2.458183960090073,2.605441632698722,17.970166666666668,0.9933333333333333,0.22333333333333333,0.8493989191573839,1.2876609262665109,0.14101314069487791,hybrid (learned correction)
C,36,P1x,11,0.1,300,2.940547022910289,2.855817514659513,3.0205138123340958,20.852999999999998,0.9966666666666667,0.4666666666666667,0.9856622918275061,1.4942317338237754,0.14101314069487791,reference
C,36,L_range,11,0.1,300,1.9679323871574843,1.8947148391801865,2.03834494874446,13.955666666666666,0.9566666666666667,0.056666666666666664,0.6596448659975734,1.0,0.14101314069487791,learned
C,36,L0,11,0.1,300,0.5697165905974225,0.5539231188395962,0.5863326390093022,4.040166666666666,0.01,0.0,0.19096724385132893,0.2895000835980605,0.14101314069487791,learned
C,36,P1,11,0.1,300,0.04935459924320727,0.04935459924320727,0.04935459924320727,0.35000000000000003,0.0,0.0,0.016543509429800374,0.02507941815749875,0.14101314069487791,reference
C,36,persistence,11,0.1,300,0.04935459924320727,0.04935459924320727,0.04935459924320727,0.35000000000000003,0.0,0.0,0.016543509429800374,0.02507941815749875,0.14101314069487791,reference
C,36,O,11,0.3,300,4.117983245522404,4.019932108359232,4.215873980238035,29.202833333333334,1.0,0.9133333333333333,1.0,1.3638642183839156,0.14101314069487791,reference
C,36,H,11,0.3,300,3.6844853488362332,3.5934878064815696,3.7702019490718737,26.128666666666664,1.0,0.81,0.8947305341376692,1.2202909606058956,0.14101314069487791,hybrid (learned correction)
C,36,H_true,11,0.3,300,3.6811950422200197,3.5913491071810313,3.765924550470796,26.105333333333334,1.0,0.8133333333333334,0.8939315249091128,1.219201220508909,0.14101314069487791,hybrid (learned correction)
C,36,P1x,11,0.3,300,4.080473750097567,3.9837346226976087,4.172618786884634,28.936833333333336,1.0,0.9133333333333333,0.9908912947944549,1.3514411812782654,0.14101314069487791,reference
C,36,L_range,11,0.3,300,3.01934986636861,2.923433315622707,3.110499585404273,21.41183333333333,1.0,0.5033333333333333,0.7332108185849546,1.0,0.14101314069487791,learned
C,36,L0,11,0.3,300,1.261339041325567,1.2286004904942396,1.2937567872618139,8.944833333333332,0.81,0.0,0.30630018776716866,0.41775186617991605,0.14101314069487791,learned
C,36,P1,11,0.3,300,0.1011769284485749,0.10002532113290007,0.10249305109506043,0.7174999999999999,0.0,0.0,0.024569533778115136,0.03350950798234621,0.14101314069487791,reference
C,36,persistence,11,0.3,300,0.05494812049077076,0.053302967182663856,0.05675778912968837,0.38966666666666666,0.0,0.0,0.01334345411689505,0.01819865961968071,0.14101314069487791,reference
C,36,O,23,0.1,300,3.0307014241945476,2.9448244215113673,3.11707197287016,21.49233333333333,1.0,0.4866666666666667,1.0,1.3671243042671612,0.14101314069487791,reference
C,36,H,23,0.1,300,2.5098458868479003,2.4471655458090273,2.574175494078151,17.798666666666666,1.0,0.19333333333333333,0.8281402670719792,1.1321706864564007,0.14101314069487791,hybrid (learned correction)
C,36,H_true,23,0.1,300,2.5669327066392102,2.500468512991691,2.63356964138408,18.203500000000002,1.0,0.22666666666666666,0.8469764412115949,1.1579220779220778,0.14101314069487791,hybrid (learned correction)
C,36,P1x,23,0.1,300,2.956340494668115,2.8747367777027426,3.042711043343728,20.964999999999996,1.0,0.43666666666666665,0.9754641189881662,1.333580705009276,0.14101314069487791,reference
C,36,L_range,23,0.1,300,2.21684408267406,2.1462628928730028,2.293031132372491,15.720833333333335,0.99,0.11666666666666667,0.7314623819346435,1.0,0.14101314069487791,learned
C,36,L0,23,0.1,300,0.6009745034514538,0.5848478881487358,0.6174260365325229,4.261833333333333,0.016666666666666666,0.0,0.19829551623059383,0.27109461966604814,0.14101314069487791,learned
C,36,P1,23,0.1,300,0.04935459924320727,0.04935459924320727,0.04935459924320727,0.35000000000000003,0.0,0.0,0.016284876777765717,0.022263450834879406,0.14101314069487791,reference
C,36,persistence,23,0.1,300,0.04935459924320727,0.04935459924320727,0.04935459924320727,0.35000000000000003,0.0,0.0,0.016284876777765717,0.022263450834879406,0.14101314069487791,reference
C,36,O,23,0.3,300,4.159441108886697,4.0603658637892295,4.2581503073731115,29.496833333333328,1.0,0.9233333333333333,1.0,1.2476190476190472,0.14101314069487791,reference
C,36,H,23,0.3,300,3.677411189611374,3.588708636121519,3.7644397996102286,26.078500000000002,1.0,0.83,0.8841118538148165,1.1030347890451517,0.14101314069487791,hybrid (learned correction)
C,36,H_true,23,0.3,300,3.7486463278524025,3.6591458750081163,3.8376491218209865,26.583666666666662,1.0,0.8333333333333334,0.9012379859984971,1.1244016777695531,0.14101314069487791,hybrid (learned correction)
C,36,P1x,23,0.3,300,4.095280129870528,3.995740128963519,4.19548230498405,29.041833333333333,1.0,0.91,0.9845746153541907,1.2283740439180852,0.14101314069487791,reference
C,36,L_range,23,0.3,300,3.3339031788786513,3.2414291114299614,3.426858453669962,23.642500000000002,1.0,0.6533333333333333,0.8015267175572521,1.0,0.14101314069487791,learned
C,36,L0,23,0.3,300,1.27153899183583,1.2427446960606887,1.3006623182725923,9.017166666666666,0.8633333333333333,0.0,0.30569948186528506,0.38139649642240314,0.14101314069487791,learned
C,36,P1,23,0.3,300,0.10018983646371077,0.0993672598096573,0.1011769284485749,0.7105,0.0,0.0,0.024087331408456283,0.03005181347150259,0.14101314069487791,reference
C,36,persistence,23,0.3,300,0.05659327379887768,0.054783605159960065,0.05856745776860597,0.4013333333333334,0.0,0.0,0.01360598030297038,0.016975080187515423,0.14101314069487791,reference
C,40,O,3,0.1,300,3.15216139584055,3.0698799603131746,3.2342212323080846,16.1805,1.0,0.59,1.0,1.3442861296888633,0.19481236030039556,reference
C,40,H,3,0.1,300,2.6598705613614504,2.593953364099308,2.7251059153625414,13.653499999999998,1.0,0.3,0.8438243564784771,1.1343413783076477,0.19481236030039556,hybrid (learned correction)
C,40,H_true,3,0.1,300,2.6666889939719645,2.6000899534487703,2.732617555288458,13.6885,1.0,0.2966666666666667,0.845987454034177,1.1372492003489387,0.19481236030039556,hybrid (learned correction)
C,40,P1x,3,0.1,300,3.114432735395707,3.036696921608674,3.19329927259065,15.986833333333331,1.0,0.55,0.9880308601917946,1.328196181060386,0.19481236030039556,reference
C,40,L_range,3,0.1,300,2.3448589747557107,2.27485071792726,2.415333157812547,12.036499999999998,0.9933333333333333,0.14666666666666667,0.7438892494051481,1.0,0.19481236030039556,learned
C,40,L0,3,0.1,300,2.6962355352841914,2.622141900916607,2.7692098102982157,13.840166666666667,1.0,0.2966666666666667,0.8553608767755426,1.149849762527867,0.19481236030039556,learned
C,40,P1,3,0.1,300,0.06818432610513846,0.06818432610513846,0.06818432610513846,0.35000000000000003,0.0,0.0,0.021630975556997625,0.02907822041291074,0.19481236030039556,reference
C,40,persistence,3,0.1,300,0.06818432610513846,0.06818432610513846,0.06818432610513846,0.35000000000000003,0.0,0.0,0.021630975556997625,0.02907822041291074,0.19481236030039556,reference
C,40,O,3,0.3,300,4.280384711793574,4.179244628070952,4.381530477543371,21.971833333333333,1.0,0.94,1.0,1.2451570247933883,0.19481236030039556,reference
C,40,H,3,0.3,300,3.763092957742591,3.6805728770738466,3.8431015823997954,19.3165,1.0,0.87,0.8791483035097968,1.0946776859504133,0.19481236030039556,hybrid (learned correction)
C,40,H_true,3,0.3,300,3.7624111144815395,3.6789932735190782,3.841743577904868,19.313,1.0,0.8633333333333333,0.8789890086550206,1.0944793388429752,0.19481236030039556,hybrid (learned correction)
C,40,P1x,3,0.3,300,4.2485653596111765,4.146055907339276,4.346307591082892,21.8085,1.0,0.9333333333333333,0.9925662401104446,1.235900826446281,0.19481236030039556,reference
C,40,L_range,3,0.3,300,3.4376264411340633,3.3510209829261863,3.522652295787171,17.645833333333332,1.0,0.7133333333333334,0.8031115594966284,1.0,0.19481236030039556,learned
C,40,L0,3,0.3,300,3.8290044729775583,3.7460241481076038,3.9158485763268027,19.654833333333336,1.0,0.87,0.894546806138162,1.1138512396694216,0.19481236030039556,learned
C,40,P1,3,0.3,300,0.1386414630804482,0.13727777655834542,0.14000514960255098,0.7116666666666668,0.0,0.0,0.032389953804492125,0.0403305785123967,0.19481236030039556,reference
C,40,persistence,3,0.3,300,0.07477547762863516,0.07250266675846388,0.07704828849880645,0.38383333333333336,0.0,0.0,0.017469335740455585,0.02175206611570248,0.19481236030039556,reference
C,40,O,6,0.1,300,3.1339789088791794,3.057839744728442,3.2103510361441105,16.087166666666665,1.0,0.54,1.0,1.3339460191544936,0.19481236030039556,reference
C,40,H,6,0.1,300,2.6928263189789345,2.626897757662441,2.760556082910038,13.822666666666668,1.0,0.31,0.8592356225977231,1.1461739382799654,0.19481236030039556,hybrid (learned correction)
C,40,H_true,6,0.1,300,2.699190189415414,2.633943471359972,2.766931317400869,13.855333333333334,1.0,0.30333333333333334,0.8612662267024442,1.148882654541937,0.19481236030039556,hybrid (learned correction)
C,40,P1x,6,0.1,300,3.130569692573923,3.0505497038623672,3.2092089486818494,16.069666666666667,1.0,0.53,0.998912176372471,1.332494921157009,0.19481236030039556,reference
C,40,L_range,6,0.1,300,2.3494045964960533,2.2830385190870524,2.4171400424543332,12.059833333333332,1.0,0.14333333333333334,0.7496555225179491,1.0,0.19481236030039556,learned
C,40,L0,6,0.1,300,2.66941636701617,2.603948049900886,2.740555347252531,13.702499999999999,1.0,0.29333333333333333,0.8517659003553558,1.13620973203057,0.19481236030039556,learned
C,40,P1,6,0.1,300,0.06818432610513846,0.06818432610513846,0.06818432610513846,0.35000000000000003,0.0,0.0,0.021756472550583807,0.02902195994969528,0.19481236030039556,reference
C,40,persistence,6,0.1,300,0.06818432610513846,0.06818432610513846,0.06818432610513846,0.35000000000000003,0.0,0.0,0.021756472550583807,0.02902195994969528,0.19481236030039556,reference
C,40,O,6,0.3,300,4.2356103376512,4.146965031687345,4.322897639120128,21.741999999999997,1.0,0.9466666666666667,1.0,1.2280724876441516,0.19481236030039556,reference
C,40,H,6,0.3,300,3.782866412313081,3.7017213822207906,3.8633352811714947,19.418,1.0,0.8533333333333334,0.8931101094655506,1.096803953871499,0.19481236030039556,hybrid (learned correction)
C,40,H_true,6,0.3,300,3.784230098835184,3.704215792150803,3.8649205667534403,19.425,1.0,0.8533333333333334,0.8934320669671605,1.097199341021417,0.19481236030039556,hybrid (learned correction)
C,40,P1x,6,0.3,300,4.230382872649806,4.142192128859985,4.319033860640837,21.715166666666665,1.0,0.9533333333333334,0.9987658295771626,1.2265568369028008,0.19481236030039556,reference
C,40,L_range,6,0.3,300,3.4489904954849195,3.3610270327821152,3.536953958187724,17.704166666666666,1.0,0.7533333333333333,0.8142841811547543,1.0,0.19481236030039556,learned
C,40,L0,6,0.3,300,3.805367239927776,3.7160400907028697,3.8930977395163873,19.533499999999997,1.0,0.8533333333333334,0.898422408242112,1.1033278418451398,0.19481236030039556,learned
C,40,P1,6,0.3,300,0.1386414630804482,0.13727777655834544,0.14023243068956806,0.7116666666666668,0.0,0.0,0.03273234599699507,0.04019769357495882,0.19481236030039556,reference
C,40,persistence,6,0.3,300,0.07659372632477218,0.07409363436758379,0.07932109936897772,0.39316666666666666,0.0,0.0,0.018083279673749734,0.022207578253706756,0.19481236030039556,reference
C,40,O,11,0.1,300,3.1003413080006443,3.025543102263308,3.169889320627886,15.914499999999997,1.0,0.5433333333333333,1.0,1.332909908149306,0.19481236030039556,reference
C,40,H,11,0.1,300,2.6403243878779774,2.5830438719224857,2.6999004428123428,13.553166666666664,1.0,0.25666666666666665,0.8516237812477092,1.135137776040649,0.19481236030039556,hybrid (learned correction)
C,40,H_true,11,0.1,300,2.6580523126653133,2.5987262669266675,2.7185204458662207,13.644166666666663,1.0,0.2733333333333333,0.8573418371087165,1.1427594293531367,0.19481236030039556,hybrid (learned correction)
C,40,P1x,11,0.1,300,3.068521955818247,2.995326081744381,3.138297249532505,15.751166666666665,1.0,0.5266666666666666,0.9897368228135769,1.3192300175884308,0.19481236030039556,reference
C,40,L_range,11,0.1,300,2.325994644533289,2.2591740049502533,2.3950937770136718,11.939666666666664,1.0,0.14333333333333334,0.750238252327542,1.0,0.19481236030039556,learned
C,40,L0,11,0.1,300,2.6755529563656326,2.604413976129271,2.7526296550003164,13.734,1.0,0.32,0.8629865845612494,1.1502833691616183,0.19481236030039556,learned
C,40,P1,11,0.1,300,0.06818432610513846,0.06818432610513846,0.06818432610513846,0.35000000000000003,0.0,0.0,0.021992522542335614,0.02931405120187611,0.19481236030039556,reference
C,40,persistence,11,0.1,300,0.06818432610513846,0.06818432610513846,0.06818432610513846,0.35000000000000003,0.0,0.0,0.021992522542335614,0.02931405120187611,0.19481236030039556,reference
C,40,O,11,0.3,300,4.23083743482384,4.14240804589265,4.319033860640837,21.717499999999998,1.0,0.9633333333333334,1.0,1.2335984095427435,0.19481236030039556,reference
C,40,H,11,0.3,300,3.7324100109952782,3.6519468241640407,3.809015101374402,19.159,1.0,0.87,0.8821917808219178,1.0882703777335985,0.19481236030039556,hybrid (learned correction)
C,40,H_true,11,0.3,300,3.7451377518682376,3.666032569531926,3.8233281278293054,19.224333333333334,1.0,0.87,0.8852001074402365,1.0919814446653413,0.19481236030039556,hybrid (learned correction)
C,40,P1x,11,0.3,300,4.19288149329198,4.103315698925705,4.281975679402694,21.522666666666662,1.0,0.9433333333333334,0.9910287402632285,1.2225314777998675,0.19481236030039556,reference
C,40,L_range,11,0.3,300,3.4296716030884635,3.3421513385053427,3.5214988442705595,17.604999999999997,1.0,0.71,0.8106365834004835,1.0,0.19481236030039556,learned
C,40,L0,11,0.3,300,3.826958943194404,3.732404328968103,3.9226726909644913,19.644333333333336,1.0,0.8433333333333334,0.9045393499865702,1.1158383035122599,0.19481236030039556,learned
C,40,P1,11,0.3,300,0.13841418199343106,0.13727777655834542,0.14000514960255095,0.7105,0.0,0.0,0.03271555197421435,0.040357852882703785,0.19481236030039556,reference
C,40,persistence,11,0.3,300,0.07272994784548101,0.07091169914934399,0.07477547762863516,0.37333333333333335,0.0,0.0,0.017190437818963202,0.021206096752816435,0.19481236030039556,reference
C,40,O,23,0.1,300,3.1053414919150213,3.0203383653706157,3.1867138030943294,15.940166666666663,1.0,0.54,1.0,1.327923024589367,0.19481236030039556,reference
C,40,H,23,0.1,300,2.6664617128849475,2.6005445156228046,2.737379094061467,13.687333333333333,1.0,0.2866666666666667,0.8586693991070777,1.140246865584605,0.19481236030039556,hybrid (learned correction)
C,40,H_true,23,0.1,300,2.7110088059403044,2.6416823923729047,2.7823750672636827,13.915999999999999,1.0,0.30666666666666664,0.8730147112639978,1.1592963358927009,0.19481236030039556,hybrid (learned correction)
C,40,P1x,23,0.1,300,3.031702419721472,2.951239232890233,3.11307473090078,15.562166666666664,1.0,0.53,0.9762863207201933,1.2964330838759839,0.19481236030039556,reference
C,40,L_range,23,0.1,300,2.3384951043192315,2.277811054085658,2.4046395826683913,12.003833333333333,1.0,0.12666666666666668,0.7530556978701605,1.0,0.19481236030039556,learned
C,40,L0,23,0.1,300,2.6521430044028684,2.577805042866741,2.729424256015867,13.613833333333334,0.9966666666666667,0.2966666666666667,0.8540584059137819,1.1341238215570026,0.19481236030039556,learned
C,40,P1,23,0.1,300,0.06818432610513846,0.06818432610513846,0.06818432610513846,0.35000000000000003,0.0,0.0,0.021957110444265543,0.02915735251239188,0.19481236030039556,reference
C,40,persistence,23,0.1,300,0.06818432610513846,0.06818432610513846,0.06818432610513846,0.35000000000000003,0.0,0.0,0.021957110444265543,0.02915735251239188,0.19481236030039556,reference
C,40,O,23,0.3,300,4.2469743920020555,4.143783096469105,4.348120157751853,21.800333333333327,1.0,0.9333333333333333,1.0,1.2426680853893726,0.19481236030039556,reference
C,40,H,23,0.3,300,3.7715023579622238,3.6819479276503007,3.8640228064597224,19.359666666666662,1.0,0.8566666666666667,0.8880445253130687,1.1035445900113052,0.19481236030039556,hybrid (learned correction)
C,40,H_true,23,0.3,300,3.8271862242814207,3.7349101029524663,3.920377151985619,19.6455,1.0,0.8866666666666667,0.9011559456277429,1.1198377335904768,0.19481236030039556,hybrid (learned correction)
C,40,P1x,23,0.3,300,4.174926287417626,4.073547558553636,4.277657338749368,21.430499999999995,1.0,0.9266666666666666,0.9830354275928502,1.2215867526767303,0.19481236030039556,reference
C,40,L_range,23,0.3,300,3.417625705476556,3.3337419382857094,3.504685725858467,17.543166666666668,1.0,0.6966666666666667,0.8047201113132829,1.0,0.19481236030039556,learned
C,40,L0,23,0.3,300,3.7826391312260634,3.687618590771378,3.8771937454523644,19.416833333333333,1.0,0.8266666666666667,0.8906668093760036,1.1068032187271397,0.19481236030039556,learned
C,40,P1,23,0.3,300,0.1388687441674653,0.13750505764536256,0.1404597117765852,0.7128333333333333,0.0,0.0,0.03269827678475865,0.0406331050076478,0.19481236030039556,reference
C,40,persistence,23,0.3,300,0.07477547762863516,0.07272994784548101,0.07704828849880643,0.38383333333333336,0.0,0.0,0.01760676442256235,0.021879364234887278,0.19481236030039556,reference
C,44,O,3,0.1,300,3.1743076762797364,3.0972055752286,3.2564377197959407,13.258000000000001,1.0,0.6,1.0,1.8672362799868554,0.23942583166991524,reference
C,44,H,3,0.1,300,2.713412950315149,2.6455147772764573,2.7804521831827254,11.332999999999998,1.0,0.31666666666666665,0.8548046462513198,1.5961222477817942,0.23942583166991524,hybrid (learned correction)
C,44,H_true,3,0.1,300,2.7206755338758035,2.651394676659218,2.788273427017276,11.363333333333333,1.0,0.32,0.8570925730376627,1.6003943476832074,0.23942583166991524,hybrid (learned correction)
C,44,P1x,3,0.1,300,3.1592238488845314,3.0837977286550844,3.2399572417159943,13.195,1.0,0.6133333333333333,0.995248152059134,1.8583634571146894,0.23942583166991524,reference
C,44,L_range,3,0.1,300,1.7000032134669547,1.6544514513841215,1.74665134633731,7.1003333333333325,0.9866666666666667,0.01,0.535550862372404,1.0,0.23942583166991524,learned
C,44,L0,3,0.1,300,1.0410634204060698,1.0173203587654696,1.0645271519097215,4.348166666666667,0.6433333333333333,0.0,0.32796550510383665,0.612389089714098,0.23942583166991524,learned
C,44,P1,3,0.1,300,0.08407837122141856,0.08379904108447032,0.08463703149531503,0.3511666666666666,0.0,0.0,0.02648715241112284,0.04945777193558988,0.23942583166991524,reference
C,44,persistence,3,0.1,300,0.08379904108447032,0.08379904108447032,0.08379904108447032,0.35,0.0,0.0,0.02639915522703273,0.04929346040092014,0.23942583166991524,reference
C,44,O,3,0.3,300,4.306153391193982,4.21731942439102,4.393611657072475,17.985333333333333,1.0,0.9533333333333334,1.0,1.5496582227583435,0.23942583166991524,reference
C,44,H,3,0.3,300,3.8243089049582775,3.7421788614420737,3.905321627926689,15.972833333333332,1.0,0.8833333333333333,0.8881032693305656,1.3762565339766788,0.23942583166991524,hybrid (learned correction)
C,44,H_true,3,0.3,300,3.838554741942637,3.755028047741692,3.917067460185363,16.03233333333333,1.0,0.8833333333333333,0.8914115204981835,1.3813831926015276,0.23942583166991524,hybrid (learned correction)
C,44,P1x,3,0.3,300,4.281013678868641,4.191607085284934,4.371523626493292,17.880333333333333,1.0,0.9466666666666667,0.9941619097042034,1.5406111781262566,0.23942583166991524,reference
C,44,L_range,3,0.3,300,2.778776202361036,2.713685297198674,2.8444187845438713,11.606,1.0,0.35,0.6453035806953814,1.0,0.23942583166991524,learned
C,44,L0,3,0.3,300,2.0597804298562807,2.0106113424999683,2.1039145914941018,8.603,1.0,0.02,0.47833419823559936,0.741254523522316,0.23942583166991524,learned
C,44,P1,3,0.3,300,0.17653664655128418,0.17374334518180182,0.1796092780577147,0.7373333333333334,0.0,0.0,0.04099636741048262,0.06353035786087656,0.23942583166991524,reference
C,44,persistence,3,0.3,300,0.09692755752103734,0.09329626574071029,0.10055884930136438,0.40483333333333327,0.0,0.0,0.022509081473793456,0.03488138319260153,0.23942583166991524,reference
C,44,O,6,0.1,300,3.1128550461511244,3.0371426125313055,3.1882881496339954,13.001333333333331,1.0,0.5433333333333333,1.0,1.5039136302294194,0.23942583166991524,reference
C,44,H,6,0.1,300,2.6759827119640858,2.612288457486465,2.742190937674241,11.176666666666666,1.0,0.25,0.8596554199569275,1.292847503373819,0.23942583166991524,hybrid (learned correction)
C,44,H_true,6,0.1,300,2.6726307503207067,2.608657165706138,2.737156011955749,11.162666666666665,1.0,0.24,0.8585786073223258,1.2912280701754384,0.23942583166991524,hybrid (learned correction)
C,44,P1x,6,0.1,300,3.1198382995748304,3.0460881601670726,3.1983440345641316,13.0305,1.0,0.56,1.0022433596554199,1.5072874493927124,0.23942583166991524,reference
C,44,L_range,6,0.1,300,2.0698363147864174,2.015366938081512,2.1271129593676528,8.645000000000001,1.0,0.05333333333333334,0.6649318018664754,1.0,0.23942583166991524,learned
C,44,L0,6,0.1,300,1.0332421765715192,1.009219784793971,1.059219879307705,4.3155,0.5633333333333334,0.0,0.33192749461593685,0.4991902834008097,0.23942583166991524,learned
C,44,P1,6,0.1,300,0.08379904108447032,0.08379904108447032,0.08379904108447032,0.35,0.0,0.0,0.02692031586503948,0.040485829959514164,0.23942583166991524,reference
C,44,persistence,6,0.1,300,0.08379904108447032,0.08379904108447032,0.08379904108447032,0.35,0.0,0.0,0.02692031586503948,0.040485829959514164,0.23942583166991524,reference
C,44,O,6,0.3,300,4.239672818600302,4.150287174776867,4.331300086772746,17.707666666666665,1.0,0.96,1.0,1.3147955647955645,0.23942583166991524,reference
C,44,H,6,0.3,300,3.8019624940024186,3.722912065246069,3.884092537518623,15.879499999999998,1.0,0.87,0.8967584662010806,1.1790540540540537,0.23942583166991524,hybrid (learned correction)
C,44,H_true,6,0.3,300,3.809504407700021,3.7276467110673406,3.8952587597431285,15.910999999999998,1.0,0.8733333333333333,0.8985373567004875,1.181392931392931,0.23942583166991524,hybrid (learned correction)
C,44,P1x,6,0.3,300,4.261739899419212,4.172046992445135,4.35755711964588,17.799833333333332,1.0,0.9566666666666667,1.0052049018315983,1.3216389466389464,0.23942583166991524,reference
C,44,L_range,6,0.3,300,3.224587100930419,3.1525059590909263,3.299168247495597,13.468000000000002,1.0,0.62,0.7605745157464754,1.0,0.23942583166991524,learned
C,44,L0,6,0.3,300,2.0547524873912124,2.006428373699168,2.1030766010832567,8.581999999999999,1.0,0.016666666666666666,0.4846488338384504,0.6372141372141371,0.23942583166991524,learned
C,44,P1,6,0.3,300,0.17346401504485356,0.1712293739492677,0.1759779862773877,0.7244999999999999,0.0,0.0,0.040914481486361835,0.05379417879417878,0.23942583166991524,reference
C,44,persistence,6,0.3,300,0.09050296437122794,0.08798899313869385,0.09329626574071029,0.37799999999999995,0.0,0.0,0.021346685992884435,0.028066528066528058,0.23942583166991524,reference
C,44,O,11,0.1,300,3.1190003091639853,3.0385532297228943,3.1997267187420255,13.026999999999997,1.0,0.5266666666666666,1.0,1.4308047155304966,0.23942583166991524,reference
C,44,H,11,0.1,300,2.6477703681323144,2.583796783517745,2.713971610589046,11.058833333333334,1.0,0.2633333333333333,0.8489163532151175,1.2146335212711428,0.23942583166991524,hybrid (learned correction)
C,44,H_true,11,0.1,300,2.6684407982664835,2.603063579713749,2.7385596458939143,11.145166666666666,1.0,0.27666666666666667,0.855543614544152,1.2241158380317783,0.23942583166991524,hybrid (learned correction)
C,44,P1x,11,0.1,300,3.0952572475233855,3.018434476609198,3.172093984944421,12.927833333333332,1.0,0.5233333333333333,0.992387605230163,1.4199128651973343,0.23942583166991524,reference
C,44,L_range,11,0.1,300,2.179892388744022,2.1259677058061643,2.2340964018188263,9.104666666666668,1.0,0.06666666666666667,0.6989073974565648,1.0,0.23942583166991524,learned
C,44,L0,11,0.1,300,1.0273762436956062,1.003353851918058,1.053360929685216,4.2909999999999995,0.5933333333333334,0.0,0.32939279957012363,0.4712967708867246,0.23942583166991524,learned
C,44,P1,11,0.1,300,0.08379904108447032,0.08379904108447032,0.08379904108447032,0.35,0.0,0.0,0.026867275658248254,0.038441824705279334,0.23942583166991524,reference
C,44,persistence,11,0.1,300,0.08379904108447032,0.08379904108447032,0.08379904108447032,0.35,0.0,0.0,0.026867275658248254,0.038441824705279334,0.23942583166991524,reference
C,44,O,11,0.3,300,4.239393488463354,4.14859722744833,4.334372718279177,17.7065,1.0,0.9566666666666667,1.0,1.2669671925870274,0.23942583166991524,reference
C,44,H,11,0.3,300,3.7771021118140258,3.6952513984347704,3.8622978035832376,15.775666666666664,1.0,0.8666666666666667,0.8909534163536931,1.1288087486434595,0.23942583166991524,hybrid (learned correction)
C,44,H_true,11,0.3,300,3.7913479487983857,3.710342209083398,3.8779612410126103,15.835166666666664,1.0,0.87,0.8943137642485339,1.1330661991819015,0.23942583166991524,hybrid (learned correction)
C,44,P1x,11,0.3,300,4.206991192577358,4.119002199438665,4.29693549667469,17.571166666666663,1.0,0.9533333333333334,0.992356855768597,1.257283579597629,0.23942583166991524,reference
C,44,L_range,11,0.3,300,3.3460957105029,3.2729112146224626,3.415097237582537,13.975499999999998,1.0,0.7,0.7892864202411544,1.0,0.23942583166991524,learned
C,44,L0,11,0.3,300,2.0332440668461986,1.984081962743309,2.0804648264972974,8.492166666666668,1.0,0.03,0.4796073005205245,0.6076467150847317,0.23942583166991524,learned
C,44,P1,11,0.3,300,0.170391383538423,0.16871540271673358,0.1720673643601124,0.7116666666666667,0.0,0.0,0.040192396389273244,0.050922447616662495,0.23942583166991524,reference
C,44,persistence,11,0.3,300,0.08966497396038324,0.08743033286479736,0.09217894519291735,0.37449999999999994,0.0,0.0,0.021150424985174932,0.026796894565489605,0.23942583166991524,reference
C,44,O,23,0.1,300,3.086039353004094,3.0142445245549747,3.156716860905421,12.889333333333333,1.0,0.53,1.0,1.3998986315255957,0.23942583166991524,reference
C,44,H,23,0.1,300,2.555870753076345,2.491890185208352,2.6223513256700253,10.674999999999999,1.0,0.22,0.8282041998551773,1.1594019260010138,0.23942583166991524,hybrid (learned correction)
C,44,H_true,23,0.1,300,2.628217258545938,2.563685013657472,2.698608453056893,10.977166666666665,1.0,0.25,0.8516473569876901,1.1922199695894578,0.23942583166991524,hybrid (learned correction)
C,44,P1x,23,0.1,300,3.005871603699951,2.9385530406954263,3.077938779032595,12.554499999999999,1.0,0.48,0.9740224475018103,1.3635326913329955,0.23942583166991524,reference
C,44,L_range,23,0.1,300,2.204473440795466,2.1460934421732856,2.262867405924495,9.207333333333333,1.0,0.08666666666666667,0.7143374366401158,1.0,0.23942583166991524,learned
C,44,L0,23,0.1,300,1.0153650478068321,0.9907770125019636,1.0402324132486487,4.240833333333333,0.5666666666666667,0.0,0.3290188269370022,0.4605930055752661,0.23942583166991524,learned
C,44,P1,23,0.1,300,0.08379904108447032,0.08379904108447032,0.08379904108447032,0.35,0.0,0.0,0.02715423606082549,0.03801317790167258,0.23942583166991524,reference
C,44,persistence,23,0.1,300,0.08379904108447032,0.08379904108447032,0.08379904108447032,0.35,0.0,0.0,0.02715423606082549,0.03801317790167258,0.23942583166991524,reference
C,44,O,23,0.3,300,4.19889061860586,4.111739615878011,4.2882832456827185,17.537333333333333,1.0,0.97,1.0,1.281718963165075,0.23942583166991524,reference
C,44,H,23,0.3,300,3.700844984427158,3.6209495820065394,3.7857892790731156,15.457166666666666,1.0,0.8533333333333334,0.8813863757317721,1.1296896316507503,0.23942583166991524,hybrid (learned correction)
C,44,H_true,23,0.3,300,3.72430871593081,3.6463337082017095,3.8106287115012374,15.555166666666667,1.0,0.8633333333333333,0.8869744544970729,1.1368519781718962,0.23942583166991524,hybrid (learned correction)
C,44,P1x,23,0.3,300,4.122354161082044,4.039672440545367,4.203080570660083,17.217666666666666,1.0,0.9533333333333334,0.9817722192655668,1.258356070941337,0.23942583166991524,reference
C,44,L_range,23,0.3,300,3.2759838461288937,3.2058370654877675,3.3472269975575406,13.682666666666668,1.0,0.66,0.7802022352315061,1.0,0.23942583166991524,learned
C,44,L0,23,0.3,300,2.027378133970285,1.9796056972987137,2.076260907936226,8.467666666666664,1.0,0.023333333333333334,0.4828366152208621,0.6188608458390176,0.23942583166991524,learned
C,44,P1,23,0.3,300,0.17095004381231946,0.16927406299063003,0.17290535477095711,0.7139999999999999,0.0,0.0,0.04071314529004789,0.05218281036834924,0.23942583166991524,reference
C,44,persistence,23,0.3,300,0.0885476534125903,0.08659234245395267,0.0907822945081762,0.36983333333333324,0.0,0.0,0.02108834486428951,0.027029331514324687,0.23942583166991524,reference
C,50,O,3,0.1,300,3.2141515371143403,3.1441473430464377,3.2867885227299505,11.358666666666666,1.0,0.6,1.0,2.6427795874049944,0.282969087080145,reference
C,50,H,3,0.1,300,2.82393716603082,2.758571306915307,2.892934461763862,9.979666666666665,1.0,0.34,0.8785949055053409,2.321932681867535,0.282969087080145,hybrid (learned correction)
C,50,H_true,3,0.1,300,2.8252576884371945,2.7621862370027555,2.8959221437082836,9.984333333333334,1.0,0.3333333333333333,0.8790057518488086,2.323018458197611,0.282969087080145,hybrid (learned correction)
C,50,P1x,3,0.1,300,3.2065585332776894,3.135580453935087,3.2772229885487794,11.331833333333332,1.0,0.6166666666666667,0.9976376335250615,2.6365363735070573,0.282969087080145,reference
C,50,L_range,3,0.1,300,1.2162011362704632,1.187141390065195,1.2432800988661703,4.298,0.7566666666666667,0.0,0.37838948233360725,1.0,0.282969087080145,learned
C,50,L0,3,0.1,300,0.5671643735376374,0.5506578434579622,0.5833490262807587,2.0043333333333337,0.0033333333333333335,0.0,0.1764585045193098,0.4663409337676439,0.282969087080145,learned
C,50,P1,3,0.1,300,0.09903918047805073,0.09903918047805073,0.09903918047805073,0.3499999999999999,0.0,0.0,0.03081347576006573,0.0814332247557003,0.282969087080145,reference
C,50,persistence,3,0.1,300,0.09903918047805073,0.09903918047805073,0.09903918047805073,0.3499999999999999,0.0,0.0,0.03081347576006573,0.0814332247557003,0.282969087080145,reference
C,50,O,3,0.3,300,4.30754408959202,4.226983969538166,4.393056168669777,15.222666666666663,1.0,0.9666666666666667,1.0,1.8940339671940776,0.282969087080145,reference
C,50,H,3,0.3,300,3.940438860620046,3.8608773856360115,4.020330466205674,13.925333333333333,1.0,0.9233333333333333,0.9147762109135501,1.7326172158513575,0.282969087080145,hybrid (learned correction)
C,50,H_true,3,0.3,300,3.9354869015961436,3.855587042745475,4.017037413454777,13.907833333333334,1.0,0.9266666666666666,0.9136266094420603,1.7304398316156195,0.282969087080145,hybrid (learned correction)
C,50,P1x,3,0.3,300,4.298630563348996,4.221049871974523,4.382813866755339,15.191166666666666,1.0,0.97,0.9979307173513183,1.8901146755697493,0.282969087080145,reference
C,50,L_range,3,0.3,300,2.2742697143776383,2.2237514790687927,2.32347568054515,8.037166666666664,1.0,0.07333333333333333,0.5279736358062538,1.0,0.282969087080145,learned
C,50,L0,3,0.3,300,1.5770338838121611,1.542692047981397,1.6120277275810726,5.5731666666666655,0.99,0.0,0.36610974862047824,0.6934242996080708,0.282969087080145,learned
C,50,P1,3,0.3,300,0.20567136479275203,0.2027001893784105,0.20864254020709355,0.7268333333333332,0.0,0.0,0.04774678111587983,0.09043402525765713,0.282969087080145,reference
C,50,persistence,3,0.3,300,0.11686623296409986,0.11257453514338435,0.1214880613864089,0.41299999999999987,0.0,0.0,0.02713059472716125,0.05138626796341994,0.282969087080145,reference
C,50,O,6,0.1,300,3.163311424468941,3.0962866590804197,3.231326581662242,11.179,1.0,0.6033333333333334,1.0,1.969173859432799,0.282969087080145,reference
C,50,H,6,0.1,300,2.742394907437225,2.6826330152837614,2.8008280239192747,9.691499999999998,1.0,0.26666666666666666,0.8669380087664369,1.7071516646115903,0.282969087080145,hybrid (learned correction)
C,50,H_true,6,0.1,300,2.7460263440547537,2.687593227572704,2.8044594605368034,9.704333333333333,1.0,0.28,0.8680859945731579,1.7094122482531853,0.282969087080145,hybrid (learned correction)
C,50,P1x,6,0.1,300,3.1524171146163553,3.086060863696061,3.2197802638715096,11.1405,1.0,0.5966666666666667,0.9965560425798371,1.9623921085080147,0.282969087080145,reference
C,50,L_range,6,0.1,300,1.6064155073539832,1.5714216635850717,1.6397669513799666,5.677,0.99,0.0,0.5078271759549154,1.0,0.282969087080145,learned
C,50,L0,6,0.1,300,0.5701355489519788,0.5549495412786776,0.5853215566252798,2.0148333333333333,0.0033333333333333335,0.0,0.1802337716551868,0.35491163173037404,0.282969087080145,learned
C,50,P1,6,0.1,300,0.09903918047805073,0.09903918047805073,0.09903918047805073,0.3499999999999999,0.0,0.0,0.03130870381966186,0.06165228113440196,0.282969087080145,reference
C,50,persistence,6,0.1,300,0.09903918047805073,0.09903918047805073,0.09903918047805073,0.3499999999999999,0.0,0.0,0.03130870381966186,0.06165228113440196,0.282969087080145,reference
C,50,O,6,0.3,300,4.334944929524281,4.2550203108784945,4.416165310781322,15.319499999999998,1.0,0.9733333333333334,1.0,1.634632142412548,0.282969087080145,reference
C,50,H,6,0.3,300,3.878704438122061,3.8080564893810513,3.9490305095265166,13.707166666666666,1.0,0.9133333333333333,0.8947528748762471,1.4625918087887464,0.282969087080145,hybrid (learned correction)
C,50,H_true,6,0.3,300,3.880685221731621,3.8093605052573456,3.9523318155424514,13.714166666666662,1.0,0.9133333333333333,0.8952098088492878,1.4633387277480387,0.282969087080145,hybrid (learned correction)
C,50,P1x,6,0.3,300,4.319428791249387,4.2411795854066865,4.400657425771468,15.264666666666669,1.0,0.97,0.9964206838778465,1.6287812772314205,0.282969087080145,reference
C,50,L_range,6,0.3,300,2.6519391226006057,2.5994483569472386,2.7031258723776777,9.371833333333333,1.0,0.23666666666666666,0.6117584342395859,1.0,0.282969087080145,learned
C,50,L0,6,0.3,300,1.5565657865133642,1.5242129875572008,1.5889185854695276,5.500833333333333,0.9766666666666667,0.0,0.3590739471479705,0.586953815511017,0.282969087080145,learned
C,50,P1,6,0.3,300,0.1993988833624755,0.19840849155769497,0.2007194057688495,0.7046666666666666,0.0,0.0,0.04599801995278349,0.07518984190215361,0.282969087080145,reference
C,50,persistence,6,0.3,300,0.10465140070514029,0.10234048649398576,0.1076225761194818,0.3698333333333333,0.0,0.0,0.024141344908993986,0.039462218349309096,0.282969087080145,reference
C,50,O,11,0.1,300,3.1071892221980453,3.03785354259837,3.176203024461167,10.980666666666666,1.0,0.5633333333333334,1.0,1.778533635676493,0.282969087080145,reference
C,50,H,11,0.1,300,2.635762723122524,2.5736899167579055,2.6955163620109475,9.314666666666666,1.0,0.24,0.8482787930301743,1.5086923658352231,0.282969087080145,hybrid (learned correction)
C,50,H_true,11,0.1,300,2.6492980777878574,2.5872252714232387,2.7097367376745876,9.362499999999999,1.0,0.26,0.8526349341266468,1.5164399092970524,0.282969087080145,hybrid (learned correction)
C,50,P1x,11,0.1,300,3.0778075986562237,3.0101225720645157,3.1451872544414576,10.876833333333332,1.0,0.5366666666666666,0.99054398640034,1.7617157974300834,0.282969087080145,reference
C,50,L_range,11,0.1,300,1.7470511436328149,1.7087559938479686,1.787005199690669,6.173999999999999,0.9933333333333333,0.0,0.562260943476413,1.0,0.282969087080145,learned
C,50,L0,11,0.1,300,0.5556098024818646,0.541414186613344,0.5701355489519788,1.9634999999999998,0.0,0.0,0.17881427964300892,0.31802721088435376,0.282969087080145,learned
C,50,P1,11,0.1,300,0.09903918047805073,0.09903918047805073,0.09903918047805073,0.3499999999999999,0.0,0.0,0.03187420314492137,0.056689342403628114,0.282969087080145,reference
C,50,persistence,11,0.1,300,0.09903918047805073,0.09903918047805073,0.09903918047805073,0.3499999999999999,0.0,0.0,0.03187420314492137,0.056689342403628114,0.282969087080145,reference
C,50,O,11,0.3,300,4.224351177990458,4.146753980085904,4.29995108575537,14.928666666666667,1.0,0.9566666666666667,1.0,1.5064751589357197,0.282969087080145,reference
C,50,H,11,0.3,300,3.763818988767522,3.6908518725503177,3.8351437052417983,13.301166666666667,1.0,0.89,0.8909815567364802,1.3422415822933838,0.282969087080145,hybrid (learned correction)
C,50,H_true,11,0.3,300,3.7799953882456037,3.7053858722854724,3.8513035981897996,13.358333333333333,1.0,0.8933333333333333,0.8948108783994998,1.3480103602542972,0.282969087080145,hybrid (learned correction)
C,50,P1x,11,0.3,300,4.197940729862977,4.122010691496472,4.273879021494523,14.835333333333331,1.0,0.9533333333333334,0.9937480462644575,1.4970567459383093,0.282969087080145,reference
C,50,L_range,11,0.3,300,2.80412932993521,2.748007127664315,2.8628925770188536,9.909666666666665,1.0,0.30333333333333334,0.6638011878712097,1.0,0.282969087080145,learned
C,50,L0,11,0.3,300,1.5205815509396723,1.4888890131866963,1.5532644804974292,5.373666666666666,0.9833333333333333,0.0,0.3599562363238511,0.542265128325877,0.282969087080145,learned
C,50,P1,11,0.3,300,0.1993988833624755,0.19840849155769497,0.2007194057688495,0.7046666666666666,0.0,0.0,0.047202250703344786,0.07110901813044503,0.282969087080145,reference
C,50,persistence,11,0.3,300,0.10399113950195328,0.10168022529079875,0.1063103069781476,0.36749999999999994,0.0,0.0,0.024617067833698027,0.037085001177301624,0.282969087080145,reference
C,50,O,23,0.1,300,3.137231106943054,3.0613010685765487,3.2125091373714127,11.086833333333331,1.0,0.5266666666666666,1.0,1.784936138241923,0.282969087080145,reference
C,50,H,23,0.1,300,2.4773000343576426,2.4218380932899346,2.5350811429015456,8.754666666666665,1.0,0.13333333333333333,0.7896453751446912,1.4094665664913597,0.282969087080145,hybrid (learned correction)
C,50,H_true,23,0.1,300,2.5251689715887005,2.4680481242479844,2.5839404719373835,8.923833333333333,1.0,0.15666666666666668,0.804903714616437,1.436701728024042,0.282969087080145,hybrid (learned correction)
C,50,P1x,23,0.1,300,3.0566792401542395,2.984372385140223,3.1299929935031163,10.802166666666666,1.0,0.48333333333333334,0.9743238977165106,1.739105935386927,0.282969087080145,reference
C,50,L_range,23,0.1,300,1.7576153228838074,1.715350352614799,1.8031733459037105,6.211333333333333,0.99,0.006666666666666667,0.560244133431548,1.0,0.282969087080145,learned
C,50,L0,23,0.1,300,0.5070806040476199,0.4942055105854732,0.5196255669081729,1.792,0.0033333333333333335,0.0,0.1616331684731138,0.2885048835462059,0.282969087080145,learned
C,50,P1,23,0.1,300,0.09903918047805073,0.09903918047805073,0.09903918047805073,0.3499999999999999,0.0,0.0,0.03156897821740503,0.056348610067618314,0.282969087080145,reference
C,50,persistence,23,0.1,300,0.09903918047805073,0.09903918047805073,0.09903918047805073,0.3499999999999999,0.0,0.0,0.03156897821740503,0.056348610067618314,0.282969087080145,reference
C,50,O,23,0.3,300,4.26594763379124,4.178438264573841,4.355099402751565,15.075666666666667,1.0,0.9633333333333334,1.0,1.5062361580603802,0.282969087080145,reference
C,50,H,23,0.3,300,3.6278051809109986,3.553517542287421,3.7067146479568858,12.820499999999997,1.0,0.8266666666666667,0.8504101532270545,1.2809185219722579,0.282969087080145,hybrid (learned correction)
C,50,H_true,23,0.3,300,3.6614785022735363,3.585210080040397,3.7390674469130487,12.9395,1.0,0.86,0.858303668162823,1.292808019582702,0.282969087080145,hybrid (learned correction)
C,50,P1x,23,0.3,300,4.1916682484327,4.10582603875335,4.27656133263247,14.813166666666662,1.0,0.96,0.9825878347005104,1.4800093250961648,0.282969087080145,reference
C,50,L_range,23,0.3,300,2.8321904310706576,2.77672023673791,2.8886510172081863,10.008833333333332,1.0,0.33,0.6639065160191919,1.0,0.282969087080145,learned
C,50,L0,23,0.3,300,1.4529047776130044,1.4205437253918012,1.4872466134437685,5.134499999999999,0.98,0.0,0.34058195325800955,0.5129968527800444,0.282969087080145,learned
C,50,P1,23,0.3,300,0.1993988833624755,0.19840849155769497,0.2007194057688495,0.7046666666666666,0.0,0.0,0.04674199040396223,0.07040447604615922,0.282969087080145,reference
C,50,persistence,23,0.3,300,0.10002957228283124,0.09903918047805073,0.10135009468920525,0.3534999999999999,0.0,0.0,0.023448382603312175,0.03531880172514279,0.282969087080145,reference
C,56,O,3,0.1,300,3.1259014147389,3.060885002981068,3.192378869457582,9.984333333333334,1.0,0.55,1.0,3.3183404420317952,0.3130806344678897,reference
C,56,H,3,0.1,300,2.7113304745976694,2.6452182806191997,2.7752602356533687,8.660166666666667,1.0,0.25666666666666665,0.8673755550362234,2.8782473827064754,0.3130806344678897,hybrid (learned correction)
C,56,H_true,3,0.1,300,2.715348342740007,2.6496014095017504,2.7803830175348496,8.673,1.0,0.25666666666666665,0.8686609020799252,2.882512601783637,0.3130806344678897,hybrid (learned correction)
C,56,P1x,3,0.1,300,3.1149435925325237,3.049927180774692,3.1806996572892863,9.949333333333334,1.0,0.5433333333333333,0.9964945080626314,3.3067080263668087,0.3130806344678897,reference
C,56,L_range,3,0.1,300,0.9420074490081354,0.9175349794138955,0.966114657862163,3.008833333333333,0.29,0.0,0.30135545688244914,1.0,0.3130806344678897,learned
C,56,L0,3,0.1,300,0.3594165683691373,0.35247661430509913,0.36599126169296303,1.148,0.0,0.0,0.11498013554568823,0.38154323381155486,0.3130806344678897,learned
C,56,P1,3,0.1,300,0.10957822206376136,0.10957822206376136,0.10957822206376136,0.34999999999999987,0.0,0.0,0.035054919373685434,0.11632415664986426,0.3130806344678897,reference
C,56,persistence,3,0.1,300,0.10957822206376136,0.10957822206376136,0.10957822206376136,0.34999999999999987,0.0,0.0,0.035054919373685434,0.11632415664986426,0.3130806344678897,reference
C,56,O,3,0.3,300,4.24140771534799,4.165798742123996,4.3184868630513416,13.54733333333333,1.0,0.9833333333333333,1.0,2.129470016504676,0.3130806344678897,reference
C,56,H,3,0.3,300,3.8443692907369615,3.76797500692151,3.924005263621802,12.279166666666665,1.0,0.89,0.9063899414398897,1.930130203557674,0.3130806344678897,hybrid (learned correction)
C,56,H_true,3,0.3,300,3.8483871588792997,3.7705500951400075,3.928753653244564,12.291999999999998,1.0,0.89,0.9073372373406821,1.9321474417751692,0.3130806344678897,hybrid (learned correction)
C,56,P1x,3,0.3,300,4.23702458646544,4.16286752468379,4.3163135616470765,13.53333333333333,1.0,0.98,0.9989665862900448,2.127269392994681,0.3130806344678897,reference
C,56,L_range,3,0.3,300,1.99176681637897,1.9519533956958028,2.032310758542561,6.361833333333334,1.0,0.006666666666666667,0.46960041336548414,1.0,0.3130806344678897,learned
C,56,L0,3,0.3,300,1.3204175758683248,1.2933791495740914,1.3492823058636205,4.2175,0.8666666666666667,0.0,0.3113158801240097,0.6629378323858426,0.3130806344678897,learned
C,56,P1,3,0.3,300,0.22828796263283616,0.22500061597092336,0.2319405700349616,0.7291666666666664,0.0,0.0,0.0538236307268343,0.11461580781221341,0.3130806344678897,reference
C,56,persistence,3,0.3,300,0.1194402620494999,0.11615291538758704,0.12309286945162526,0.38149999999999995,0.0,0.0,0.02816052359627971,0.05996699064735006,0.3130806344678897,reference
C,56,O,6,0.1,300,3.112752028091249,3.0495527885159737,3.176681789146948,9.942333333333334,1.0,0.5266666666666666,1.0,2.34636563876652,0.3130806344678897,reference
C,56,H,6,0.1,300,2.624398418427085,2.567034219176706,2.6843011798219414,8.3825,1.0,0.21666666666666667,0.8431119455526871,1.9782488986784141,0.3130806344678897,hybrid (learned correction)
C,56,H_true,6,0.1,300,2.627685765088998,2.5696001758766993,2.687588526483854,8.392999999999999,1.0,0.22,0.8441680356723773,1.980726872246696,0.3130806344678897,hybrid (learned correction)
C,56,P1x,6,0.1,300,3.10288998810551,3.0393163562715175,3.167185009901422,9.910833333333333,1.0,0.5233333333333333,0.9968317296409293,2.338931718061674,0.3130806344678897,reference
C,56,L_range,6,0.1,300,1.3266270084519378,1.2985019314555724,1.3558569991874463,4.237333333333333,0.8933333333333333,0.0,0.42619103496831723,1.0,0.3130806344678897,learned
C,56,L0,6,0.1,300,0.3685480868744508,0.36087761132998747,0.37621856241891405,1.1771666666666665,0.0,0.0,0.11839943675193615,0.27780837004405284,0.3130806344678897,learned
C,56,P1,6,0.1,300,0.10957822206376136,0.10957822206376136,0.10957822206376136,0.34999999999999987,0.0,0.0,0.03520300398967377,0.08259911894273125,0.3130806344678897,reference
C,56,persistence,6,0.1,300,0.10957822206376136,0.10957822206376136,0.10957822206376136,0.34999999999999987,0.0,0.0,0.03520300398967377,0.08259911894273125,0.3130806344678897,reference
C,56,O,6,0.3,300,4.247982408671817,4.170912392486971,4.325417685596875,13.568333333333333,1.0,0.98,1.0,1.8183239524702939,0.3130806344678897,reference
C,56,H,6,0.3,300,3.7804486611997676,3.7128662927419427,3.8469443789554605,12.075,1.0,0.9166666666666666,0.8899398108340497,1.618198874296435,0.3130806344678897,hybrid (learned correction)
C,56,H_true,6,0.3,300,3.782274964900831,3.7135968142223685,3.8498573333586554,12.080833333333334,1.0,0.92,0.8903697334479794,1.618980612883052,0.3130806344678897,hybrid (learned correction)
C,56,P1x,6,0.3,300,4.236294064985016,4.161041220982728,4.311912169727515,13.531,1.0,0.9766666666666667,0.9972484952708512,1.8133208255159474,0.3130806344678897,reference
C,56,L_range,6,0.3,300,2.336207694399393,2.2894451881336826,2.3818744184444656,7.462000000000001,1.0,0.07666666666666666,0.5499570077386071,1.0,0.3130806344678897,learned
C,56,L0,6,0.3,300,1.3226091403095999,1.2944840633132344,1.3529257817472407,4.2245,0.8866666666666667,0.0,0.31134995700773854,0.5661350844277673,0.3130806344678897,learned
C,56,P1,6,0.3,300,0.21952170486773526,0.21915644412752272,0.22025222634816036,0.7011666666666665,0.0,0.0,0.05167669819432501,0.09396497811131954,0.3130806344678897,reference
C,56,persistence,6,0.3,300,0.11250030798546168,0.11067400428439898,0.11433574320502964,0.3593333333333333,0.0,0.0,0.026483233018056745,0.04815509693558473,0.3130806344678897,reference
C,56,O,11,0.1,300,3.057597656319155,2.992215983821111,3.121527417374855,9.766166666666665,1.0,0.5366666666666666,1.0,2.17259278484298,0.3130806344678897,reference
C,56,H,11,0.1,300,2.515185457103536,2.457090736372732,2.5769145221994556,8.033666666666665,1.0,0.16666666666666666,0.8226018396846255,1.7871788216973787,0.3130806344678897,hybrid (learned correction)
C,56,H_true,11,0.1,300,2.5170117608045994,2.4596658245912306,2.578019435938598,8.0395,1.0,0.16666666666666666,0.8231991398877078,1.7884765118089805,0.3130806344678897,hybrid (learned correction)
C,56,P1x,11,0.1,300,3.044448269671504,2.9801532478755917,3.109839073688054,9.724166666666665,1.0,0.5266666666666666,0.9956994385378092,2.16324941603945,0.3130806344678897,reference
C,56,L_range,11,0.1,300,1.4073496320389085,1.3748414261599928,1.4405883593982496,4.495166666666665,0.93,0.0,0.4602795364950424,1.0,0.3130806344678897,learned
C,56,L0,11,0.1,300,0.3645302187321129,0.3572158724093568,0.37220069427657615,1.1643333333333332,0.0,0.0,0.119221120535181,0.25901894627562944,0.3130806344678897,learned
C,56,P1,11,0.1,300,0.10957822206376136,0.10957822206376136,0.10957822206376136,0.34999999999999987,0.0,0.0,0.03583801218492414,0.07786140669608096,0.3130806344678897,reference
C,56,persistence,11,0.1,300,0.10957822206376136,0.10957822206376136,0.10957822206376136,0.34999999999999987,0.0,0.0,0.03583801218492414,0.07786140669608096,0.3130806344678897,reference
C,56,O,11,0.3,300,4.174199739148884,4.094545503227035,4.248347669412029,13.332666666666666,1.0,0.9733333333333334,1.0,1.7247207968608513,0.3130806344678897,reference
C,56,H,11,0.3,300,3.6442064051004914,3.5678669103960705,3.7209202920636297,11.639833333333334,1.0,0.8433333333333334,0.8730311515575778,1.5057349833987324,0.3130806344678897,hybrid (learned correction)
C,56,H_true,11,0.3,300,3.661008399150268,3.58575555514798,3.7402882428133997,11.6935,1.0,0.8566666666666667,0.8770563528176408,1.5126773317235136,0.3130806344678897,hybrid (learned correction)
C,56,P1x,11,0.3,300,4.155206180657832,4.079962468174049,4.228267460218845,13.272000000000002,1.0,0.9666666666666667,0.9954497724886245,1.7168729248415335,0.3130806344678897,reference
C,56,L_range,11,0.3,300,2.4202176646482765,2.3752814620836293,2.465153867212924,7.730333333333332,1.0,0.09666666666666666,0.5798039901995099,1.0,0.3130806344678897,learned
C,56,L0,11,0.3,300,1.2510180352279425,1.222892958231577,1.2795083729645202,3.995833333333333,0.7866666666666666,0.0,0.2997024851242562,0.5169031089646846,0.3130806344678897,learned
C,56,P1,11,0.3,300,0.22134800856879797,0.2198869656079478,0.22317431226986068,0.7069999999999999,0.0,0.0,0.05302765138256912,0.09145789314820403,0.3130806344678897,reference
C,56,persistence,11,0.3,300,0.11140452576482406,0.1099434828039739,0.11323082946588675,0.3558333333333332,0.0,0.0,0.02668883444172208,0.04603078780561424,0.3130806344678897,reference
C,56,O,23,0.1,300,3.0400651407889536,2.971396121628996,3.1098390736880535,9.710166666666666,1.0,0.48333333333333334,1.0,2.2331634022001614,0.3130806344678897,reference
C,56,H,23,0.1,300,2.366159075096821,2.306612442923672,2.427157618712315,7.557666666666666,1.0,0.12333333333333334,0.7783251231527093,1.738127180037564,0.3130806344678897,hybrid (learned correction)
C,56,H_true,23,0.1,300,2.3957451950540363,2.33802486658195,2.458588305407604,7.652166666666665,1.0,0.11,0.7880571909167366,1.7598604775959217,0.3130806344678897,hybrid (learned correction)
C,56,P1x,23,0.1,300,2.996233851963449,2.9246244838447812,3.063094830459354,9.570166666666665,1.0,0.46,0.9855821218310704,2.2009659243359274,0.3130806344678897,reference
C,56,L_range,23,0.1,300,1.3613267787721288,1.3262434846747146,1.397131462831463,4.348166666666666,0.8766666666666667,0.0,0.44779526613000115,1.0,0.3130806344678897,learned
C,56,L0,23,0.1,300,0.34224931357914806,0.33494409877489734,0.35028504986382386,1.0931666666666666,0.0,0.0,0.11257959870239095,0.25140863965656024,0.3130806344678897,learned
C,56,P1,23,0.1,300,0.10957822206376136,0.10957822206376136,0.10957822206376136,0.34999999999999987,0.0,0.0,0.03604469542232367,0.08049369466058491,0.3130806344678897,reference
C,56,persistence,23,0.1,300,0.10957822206376136,0.10957822206376136,0.10957822206376136,0.34999999999999987,0.0,0.0,0.03604469542232367,0.08049369466058491,0.3130806344678897,reference
C,56,O,23,0.3,300,4.18661860431611,4.103339155547652,4.271002966823711,13.372333333333334,1.0,0.9533333333333334,1.0,1.7138157894736843,0.3130806344678897,reference
C,56,H,23,0.3,300,3.5112514956631276,3.4422172157629576,3.585052428223071,11.215166666666667,1.0,0.7666666666666667,0.8386843482812772,1.4373504784688995,0.3130806344678897,hybrid (learned correction)
C,56,H_true,23,0.3,300,3.547777569684381,3.474360160901661,3.624482325129014,11.331833333333332,1.0,0.78,0.847408829174664,1.4523026315789473,0.3130806344678897,hybrid (learned correction)
C,56,P1x,23,0.3,300,4.1420567940101805,4.056941910022155,4.225719766555862,13.229999999999999,1.0,0.9433333333333334,0.989356133310068,1.6955741626794258,0.3130806344678897,reference
C,56,L_range,23,0.3,300,2.442863830541454,2.3931883698725485,2.491808769729934,7.802666666666666,1.0,0.1,0.5834932821497121,1.0,0.3130806344678897,learned
C,56,L0,23,0.3,300,1.185636362729898,1.1564155035128951,1.2152224826871139,3.786999999999999,0.6833333333333333,0.0,0.2831966497993369,0.485346889952153,0.3130806344678897,learned
C,56,P1,23,0.3,300,0.22025222634816036,0.21915644412752272,0.2217132693090105,0.7034999999999999,0.0,0.0,0.052608619787122654,0.0901614832535885,0.3130806344678897,reference
C,56,persistence,23,0.3,300,0.11030874354418643,0.10957822206376136,0.11140452576482408,0.3523333333333332,0.0,0.0,0.02634793229802826,0.04515550239234448,0.3130806344678897,reference
